{"type": "FeatureCollection", "features": [{"type": "Feature", "properties": {"address": "San Andres, Diagonal 76 - Juan Martín Campos, Villa Parque San Lorenzo, San Andrés, Partido de General San Martín, Buenos Aires, B1651, Argentina", "address_2": null, "OBJECTID": null, "ADRESS": null, "UBIC": null, "UBC": null, "layer": "1A_TM_ES3", "path": "C:/Users/usuario/OneDrive/Escritorio/MAPEO MATRICULA/EES 3/1ATURNOMAÑANAFINALDEFFINAL.shp"}, "geometry": {"type": "Point", "coordinates": [-58.5415615, -34.56344839999999]}}, {"type": "Feature", "properties": {"address": "La Nueva, 114 - Alvear, Villa Gregoria Matorras, Villa Ballester, Partido de General San Martín, Buenos Aires, B1653, Argentina", "address_2": null, "OBJECTID": null, "ADRESS": null, "UBIC": null, "UBC": null, "layer": "1A_TM_ES3", "path": "C:/Users/usuario/OneDrive/Escritorio/MAPEO MATRICULA/EES 3/1ATURNOMAÑANAFINALDEFFINAL.shp"}, "geometry": {"type": "Point", "coordinates": [-58.550164800000005, -34.54642410000001]}}, {"type": "Feature", "properties": {"address": "35 - Mendoza, La Rana, Villa Marqués Alejandro María de Aguada, San Andrés, Partido de General San Martín, Buenos Aires, B1651DMR, Argentina", "address_2": null, "OBJECTID": null, "ADRESS": null, "UBIC": null, "UBC": null, "layer": "1A_TM_ES3", "path": "C:/Users/usuario/OneDrive/Escritorio/MAPEO MATRICULA/EES 3/1ATURNOMAÑANAFINALDEFFINAL.shp"}, "geometry": {"type": "Point", "coordinates": [-58.540603719979025, -34.547196152790235]}}, {"type": "Feature", "properties": {"address": "78 - Venezuela, Villa Zagala, Villa Granaderos de San Martín, San Andrés, Partido de General San Martín, Buenos Aires, B1651FHH, Argentina", "address_2": null, "OBJECTID": null, "ADRESS": null, "UBIC": null, "UBC": null, "layer": "1A_TM_ES3", "path": "C:/Users/usuario/OneDrive/Escritorio/MAPEO MATRICULA/EES 3/1ATURNOMAÑANAFINALDEFFINAL.shp"}, "geometry": {"type": "Point", "coordinates": [-58.52928267789071, -34.5513393640478]}}, {"type": "Feature", "properties": {"address": "4936, Italia, Florida Oeste, Vicente López, Partido de Vicente López, Buenos Aires, B1605CYC, Argentina", "address_2": null, "OBJECTID": null, "ADRESS": null, "UBIC": null, "UBC": null, "layer": "1A_TM_ES3", "path": "C:/Users/usuario/OneDrive/Escritorio/MAPEO MATRICULA/EES 3/1ATURNOMAÑANAFINALDEFFINAL.shp"}, "geometry": {"type": "Point", "coordinates": [-58.52716174744062, -34.53989045274166]}}, {"type": "Feature", "properties": {"address": "3603, 25 - General Güemes, Villa Concepción, Villa Granaderos de San Martín, San Andrés, Partido de General San Martín, Buenos Aires, 1651, Argentina", "address_2": null, "OBJECTID": null, "ADRESS": null, "UBIC": null, "UBC": null, "layer": "1A_TM_ES3", "path": "C:/Users/usuario/OneDrive/Escritorio/MAPEO MATRICULA/EES 3/1ATURNOMAÑANAFINALDEFFINAL.shp"}, "geometry": {"type": "Point", "coordinates": [-58.5319298196876, -34.547048809290146]}}, {"type": "Feature", "properties": {"address": "3464, 76 - Adelina Hue, Villa Yapeyú, San Andrés, Partido de General San Martín, Buenos Aires, B1650, Argentina", "address_2": null, "OBJECTID": null, "ADRESS": null, "UBIC": null, "UBC": null, "layer": "1A_TM_ES3", "path": "C:/Users/usuario/OneDrive/Escritorio/MAPEO MATRICULA/EES 3/1ATURNOMAÑANAFINALDEFFINAL.shp"}, "geometry": {"type": "Point", "coordinates": [-58.54654884409004, -34.56616344865618]}}, {"type": "Feature", "properties": {"address": "3963, 47 - Chaco, Villa La Rana, Villa Marqués Alejandro María de Aguada, San Andrés, Partido de General San Martín, Buenos Aires, 1651, Argentina", "address_2": null, "OBJECTID": null, "ADRESS": null, "UBIC": null, "UBC": null, "layer": "1A_TM_ES3", "path": "C:/Users/usuario/OneDrive/Escritorio/MAPEO MATRICULA/EES 3/1ATURNOMAÑANAFINALDEFFINAL.shp"}, "geometry": {"type": "Point", "coordinates": [-58.5425838760601, -34.5501820526939]}}, {"type": "Feature", "properties": {"address": "1304, Pasaje 70 - La Nueva, Villa Loyola, Villa Granaderos de San Martín, San Andrés, Partido de General San Martín, Buenos Aires, 1651, Argentina", "address_2": null, "OBJECTID": null, "ADRESS": null, "UBIC": null, "UBC": null, "layer": "1A_TM_ES3", "path": "C:/Users/usuario/OneDrive/Escritorio/MAPEO MATRICULA/EES 3/1ATURNOMAÑANAFINALDEFFINAL.shp"}, "geometry": {"type": "Point", "coordinates": [-58.52629394970313, -34.554245850543495]}}, {"type": "Feature", "properties": {"address": null, "address_2": "Diagonal 78 - Santa Rosalía, Villa Zagala, Villa Granaderos de San Martín, San Andrés, Partido de General San Martín, Buenos Aires, B1651FHH, Argentina", "OBJECTID": null, "ADRESS": null, "UBIC": null, "UBC": null, "layer": "1A_TM_ES3", "path": "C:/Users/usuario/OneDrive/Escritorio/MAPEO MATRICULA/EES 3/1ATURNOMAÑANAFINALDEFFINAL.shp"}, "geometry": {"type": "Point", "coordinates": [-58.531397098939806, -34.55007288787056]}}, {"type": "Feature", "properties": {"address": null, "address_2": "1498, 90 - Güemes, Villa La Rana, Villa Marqués Alejandro María de Aguada, San Andrés, Partido de General San Martín, Buenos Aires, 1651, Argentina", "OBJECTID": null, "ADRESS": null, "UBIC": null, "UBC": null, "layer": "1A_TM_ES3", "path": "C:/Users/usuario/OneDrive/Escritorio/MAPEO MATRICULA/EES 3/1ATURNOMAÑANAFINALDEFFINAL.shp"}, "geometry": {"type": "Point", "coordinates": [-58.53501394024991, -34.549312061808244]}}, {"type": "Feature", "properties": {"address": null, "address_2": "3104, 47 - Chaco, Villa La Rana, Villa Marqués Alejandro María de Aguada, San Andrés, Partido de General San Martín, Buenos Aires, 1651, Argentina", "OBJECTID": null, "ADRESS": null, "UBIC": null, "UBC": null, "layer": "1A_TM_ES3", "path": "C:/Users/usuario/OneDrive/Escritorio/MAPEO MATRICULA/EES 3/1ATURNOMAÑANAFINALDEFFINAL.shp"}, "geometry": {"type": "Point", "coordinates": [-58.53488525974586, -34.55723415345229]}}, {"type": "Feature", "properties": {"address": null, "address_2": "1304, Pasaje 70 - La Nueva, Villa Loyola, Villa Granaderos de San Martín, San Andrés, Partido de General San Martín, Buenos Aires, 1651, Argentina", "OBJECTID": null, "ADRESS": null, "UBIC": null, "UBC": null, "layer": "1A_TM_ES3", "path": "C:/Users/usuario/OneDrive/Escritorio/MAPEO MATRICULA/EES 3/1ATURNOMAÑANAFINALDEFFINAL.shp"}, "geometry": {"type": "Point", "coordinates": [-58.526298133967025, -34.55427055435098]}}, {"type": "Feature", "properties": {"address": null, "address_2": "1984, 86 - Pelagio Baltasar Luna, Villa La Rana, Villa Marqués Alejandro María de Aguada, San Andrés, Partido de General San Martín, Buenos Aires, 1651, Argentina", "OBJECTID": null, "ADRESS": null, "UBIC": null, "UBC": null, "layer": "1A_TM_ES3", "path": "C:/Users/usuario/OneDrive/Escritorio/MAPEO MATRICULA/EES 3/1ATURNOMAÑANAFINALDEFFINAL.shp"}, "geometry": {"type": "Point", "coordinates": [-58.5379827833075, -34.552398852763105]}}, {"type": "Feature", "properties": {"address": null, "address_2": "3104, Pasaje 61 - Camaño, Villa Marqués Alejandro María de Aguada, San Andrés, Partido de General San Martín, Buenos Aires, 1651, Argentina", "OBJECTID": null, "ADRESS": null, "UBIC": null, "UBC": null, "layer": "1A_TM_ES3", "path": "C:/Users/usuario/OneDrive/Escritorio/MAPEO MATRICULA/EES 3/1ATURNOMAÑANAFINALDEFFINAL.shp"}, "geometry": {"type": "Point", "coordinates": [-58.5390673761273, -34.56069533700463]}}, {"type": "Feature", "properties": {"address": null, "address_2": "3504, 1 - Avenida de los Constituyentes (GSM) / Avenida de los Constituyentes (VL), Barrio Las Flores, Florida Oeste, San Andrés, Partido de General San Martín, Buenos Aires, B1605CYC, Argentina", "OBJECTID": null, "ADRESS": null, "UBIC": null, "UBC": null, "layer": "1A_TM_ES3", "path": "C:/Users/usuario/OneDrive/Escritorio/MAPEO MATRICULA/EES 3/1ATURNOMAÑANAFINALDEFFINAL.shp"}, "geometry": {"type": "Point", "coordinates": [-58.52682434531391, -34.54502329522764]}}, {"type": "Feature", "properties": {"address": null, "address_2": "2441, 92 - Joaquín V. González, Villa La Rana, Villa Marqués Alejandro María de Aguada, San Andrés, Partido de General San Martín, Buenos Aires, 1651, Argentina", "OBJECTID": null, "ADRESS": null, "UBIC": null, "UBC": null, "layer": "1A_TM_ES3", "path": "C:/Users/usuario/OneDrive/Escritorio/MAPEO MATRICULA/EES 3/1ATURNOMAÑANAFINALDEFFINAL.shp"}, "geometry": {"type": "Point", "coordinates": [-58.54394344808416, -34.55403020675623]}}, {"type": "Feature", "properties": {"address": null, "address_2": "3255, 55 - San Juan, Villa La Rana, Villa Marqués Alejandro María de Aguada, San Andrés, Partido de General San Martín, Buenos Aires, 1651, Argentina", "OBJECTID": null, "ADRESS": null, "UBIC": null, "UBC": null, "layer": "1A_TM_ES3", "path": "C:/Users/usuario/OneDrive/Escritorio/MAPEO MATRICULA/EES 3/1ATURNOMAÑANAFINALDEFFINAL.shp"}, "geometry": {"type": "Point", "coordinates": [-58.53866948842927, -34.557800836677835]}}, {"type": "Feature", "properties": {"address": null, "address_2": "33 - Ecuador, Villa Zagala, Villa Granaderos de San Martín, San Andrés, Partido de General San Martín, Buenos Aires, B1651FHH, Argentina", "OBJECTID": null, "ADRESS": null, "UBIC": null, "UBC": null, "layer": "1A_TM_ES3", "path": "C:/Users/usuario/OneDrive/Escritorio/MAPEO MATRICULA/EES 3/1ATURNOMAÑANAFINALDEFFINAL.shp"}, "geometry": {"type": "Point", "coordinates": [-58.527378517383276, -34.556163028649905]}}, {"type": "Feature", "properties": {"address": null, "address_2": "33 - Ecuador, Villa Zagala, Villa Granaderos de San Martín, San Andrés, Partido de General San Martín, Buenos Aires, B1651FHH, Argentina", "OBJECTID": null, "ADRESS": null, "UBIC": null, "UBC": null, "layer": "1A_TM_ES3", "path": "C:/Users/usuario/OneDrive/Escritorio/MAPEO MATRICULA/EES 3/1ATURNOMAÑANAFINALDEFFINAL.shp"}, "geometry": {"type": "Point", "coordinates": [-58.527132494243936, -34.55633494628374]}}, {"type": "Feature", "properties": {"address": null, "address_2": "1973, Diagonal 76 - Juan Martín Campos, Villa Zagala, Villa Marqués Alejandro María de Aguada, San Andrés, Partido de General San Martín, Buenos Aires, 1651, Argentina", "OBJECTID": null, "ADRESS": null, "UBIC": null, "UBC": null, "layer": "1A_TM_ES3", "path": "C:/Users/usuario/OneDrive/Escritorio/MAPEO MATRICULA/EES 3/1ATURNOMAÑANAFINALDEFFINAL.shp"}, "geometry": {"type": "Point", "coordinates": [-58.53333339564208, -34.555928176308086]}}, {"type": "Feature", "properties": {"address": null, "address_2": "Los Abuelos, Diagonal 76 - Juan Martín Campos, Villa Marqués Alejandro María de Aguada, San Andrés, Partido de General San Martín, Buenos Aires, 1651, Argentina", "OBJECTID": null, "ADRESS": null, "UBIC": null, "UBC": null, "layer": "1A_TM_ES3", "path": "C:/Users/usuario/OneDrive/Escritorio/MAPEO MATRICULA/EES 3/1ATURNOMAÑANAFINALDEFFINAL.shp"}, "geometry": {"type": "Point", "coordinates": [-58.535573697259345, -34.55776399786392]}}, {"type": "Feature", "properties": {"address": null, "address_2": "3646, 88 - Independencia, Villa Concepción, Villa Granaderos de San Martín, San Andrés, Partido de General San Martín, Buenos Aires, B1605CYC, Argentina", "OBJECTID": null, "ADRESS": null, "UBIC": null, "UBC": null, "layer": "1A_TM_ES3", "path": "C:/Users/usuario/OneDrive/Escritorio/MAPEO MATRICULA/EES 3/1ATURNOMAÑANAFINALDEFFINAL.shp"}, "geometry": {"type": "Point", "coordinates": [-58.52839056711553, -34.54433209314917]}}, {"type": "Feature", "properties": {"address": null, "address_2": "Pasaje 90 - María Luisa Otegui, Villa Concepción, Villa Granaderos de San Martín, San Andrés, Partido de General San Martín, Buenos Aires, B1605CYC, Argentina", "OBJECTID": null, "ADRESS": null, "UBIC": null, "UBC": null, "layer": "1A_TM_ES3", "path": "C:/Users/usuario/OneDrive/Escritorio/MAPEO MATRICULA/EES 3/1ATURNOMAÑANAFINALDEFFINAL.shp"}, "geometry": {"type": "Point", "coordinates": [-58.53047803617654, -34.54477422920691]}}, {"type": "Feature", "properties": {"address": null, "address_2": "3157, Diagonal 186 - José Ingenieros, Independencia, Villa Godoy Cruz, José León Suárez, Partido de General San Martín, Buenos Aires, 1655, Argentina", "OBJECTID": null, "ADRESS": null, "UBIC": null, "UBC": null, "layer": "1A_TM_ES3", "path": "C:/Users/usuario/OneDrive/Escritorio/MAPEO MATRICULA/EES 3/1ATURNOMAÑANAFINALDEFFINAL.shp"}, "geometry": {"type": "Point", "coordinates": [-58.58358921328554, -34.532356681729176]}}, {"type": "Feature", "properties": {"address": null, "address_2": "2346, Pasaje 82 - Escribano J. F. Cagnín, Villa La Rana, Villa Marqués Alejandro María de Aguada, San Andrés, Partido de General San Martín, Buenos Aires, 1651, Argentina", "OBJECTID": null, "ADRESS": null, "UBIC": null, "UBC": null, "layer": "1A_TM_ES3", "path": "C:/Users/usuario/OneDrive/Escritorio/MAPEO MATRICULA/EES 3/1ATURNOMAÑANAFINALDEFFINAL.shp"}, "geometry": {"type": "Point", "coordinates": [-58.539764477780466, -34.55627508214799]}}, {"type": "Feature", "properties": {"address": null, "address_2": "2354, Pasaje 82 - Escribano J. F. Cagnín, Villa La Rana, Villa Marqués Alejandro María de Aguada, San Andrés, Partido de General San Martín, Buenos Aires, 1651, Argentina", "OBJECTID": null, "ADRESS": null, "UBIC": null, "UBC": null, "layer": "1A_TM_ES3", "path": "C:/Users/usuario/OneDrive/Escritorio/MAPEO MATRICULA/EES 3/1ATURNOMAÑANAFINALDEFFINAL.shp"}, "geometry": {"type": "Point", "coordinates": [-58.53981480069531, -34.55631806153187]}}, {"type": "Feature", "properties": {"address": null, "address_2": "2446, Pasaje 82 - Escribano J. F. Cagnín, Villa La Rana, Villa Marqués Alejandro María de Aguada, San Andrés, Partido de General San Martín, Buenos Aires, 1651, Argentina", "OBJECTID": null, "ADRESS": null, "UBIC": null, "UBC": null, "layer": "1A_TM_ES3", "path": "C:/Users/usuario/OneDrive/Escritorio/MAPEO MATRICULA/EES 3/1ATURNOMAÑANAFINALDEFFINAL.shp"}, "geometry": {"type": "Point", "coordinates": [-58.54053236818504, -34.55687525653429]}}, {"type": "Feature", "properties": {"address": null, "address_2": "33 - Ecuador, Villa Zagala, Villa Granaderos de San Martín, San Andrés, Partido de General San Martín, Buenos Aires, B1651FHH, Argentina", "OBJECTID": null, "ADRESS": null, "UBIC": null, "UBC": null, "layer": "1A_TM_ES3", "path": "C:/Users/usuario/OneDrive/Escritorio/MAPEO MATRICULA/EES 3/1ATURNOMAÑANAFINALDEFFINAL.shp"}, "geometry": {"type": "Point", "coordinates": [-58.5272583015312, -34.55629887430966]}}, {"type": "Feature", "properties": {"address": null, "address_2": "2952, 76 - Adelina Hue, Villa Marqués Alejandro María de Aguada, San Andrés, Partido de General San Martín, Buenos Aires, B1650, Argentina", "OBJECTID": null, "ADRESS": null, "UBIC": null, "UBC": null, "layer": "1A_TM_ES3", "path": "C:/Users/usuario/OneDrive/Escritorio/MAPEO MATRICULA/EES 3/1ATURNOMAÑANAFINALDEFFINAL.shp"}, "geometry": {"type": "Point", "coordinates": [-58.54249496186469, -34.56269641639959]}}, {"type": "Feature", "properties": {"address": "STA ROSALIA 1465", "address_2": null, "OBJECTID": null, "ADRESS": null, "UBIC": null, "UBC": null, "layer": "1A_TM_ES3", "path": "C:/Users/usuario/OneDrive/Escritorio/MAPEO MATRICULA/EES 3/1ATURNOMAÑANAFINALDEFFINAL.shp"}, "geometry": {"type": "Point", "coordinates": [-58.53131365618494, -34.55012915340579]}}, {"type": "Feature", "properties": {"address": "3096, 63 - Córdoba, Villa Parque San Lorenzo, San Andrés, Partido de General San Martín, Buenos Aires, B1653BRA, Argentina", "address_2": null, "OBJECTID": null, "ADRESS": null, "UBIC": null, "UBC": null, "layer": "1A_TURNOTARDE_ES3_FEB24", "path": "C:/Users/usuario/OneDrive/Escritorio/MAPEO MATRICULA/EES 3/1A_TURNOTARDE_ES3_FEB24.shp"}, "geometry": {"type": "Point", "coordinates": [-58.53936357142858, -34.5611782244898]}}, {"type": "Feature", "properties": {"address": "Mendoza y La Nueva, Diagonal 31 - Mendoza, Villa Zagala, Villa Granaderos de San Martín, San Andrés, Partido de General San Martín, Buenos Aires, B1651, Argentina", "address_2": null, "OBJECTID": null, "ADRESS": null, "UBIC": null, "UBC": null, "layer": "1A_TURNOTARDE_ES3_FEB24", "path": "C:/Users/usuario/OneDrive/Escritorio/MAPEO MATRICULA/EES 3/1A_TURNOTARDE_ES3_FEB24.shp"}, "geometry": {"type": "Point", "coordinates": [-58.5277011, -34.55433300000001]}}, {"type": "Feature", "properties": {"address": "BAHIA BLANCA 681", "address_2": null, "OBJECTID": null, "ADRESS": null, "UBIC": null, "UBC": null, "layer": "1A_TURNOTARDE_ES3_FEB24", "path": "C:/Users/usuario/OneDrive/Escritorio/MAPEO MATRICULA/EES 3/1A_TURNOTARDE_ES3_FEB24.shp"}, "geometry": {"type": "Point", "coordinates": [-58.53864604762878, -34.55091652696347]}}, {"type": "Feature", "properties": {"address": "CHACO 3528", "address_2": null, "OBJECTID": null, "ADRESS": null, "UBIC": null, "UBC": null, "layer": "1A_TURNOTARDE_ES3_FEB24", "path": "C:/Users/usuario/OneDrive/Escritorio/MAPEO MATRICULA/EES 3/1A_TURNOTARDE_ES3_FEB24.shp"}, "geometry": {"type": "Point", "coordinates": [-58.53884710603492, -34.5534972885795]}}, {"type": "Feature", "properties": {"address": "SAN JUAN 3825", "address_2": null, "OBJECTID": null, "ADRESS": null, "UBIC": null, "UBC": null, "layer": "1A_TURNOTARDE_ES3_FEB24", "path": "C:/Users/usuario/OneDrive/Escritorio/MAPEO MATRICULA/EES 3/1A_TURNOTARDE_ES3_FEB24.shp"}, "geometry": {"type": "Point", "coordinates": [-58.54387925652055, -34.55355196486643]}}, {"type": "Feature", "properties": {"address": "SARMIENTO 2135", "address_2": null, "OBJECTID": null, "ADRESS": null, "UBIC": null, "UBC": null, "layer": "1A_TURNOTARDE_ES3_FEB24", "path": "C:/Users/usuario/OneDrive/Escritorio/MAPEO MATRICULA/EES 3/1A_TURNOTARDE_ES3_FEB24.shp"}, "geometry": {"type": "Point", "coordinates": [-58.536889631741246, -34.555788975282084]}}, {"type": "Feature", "properties": {"address": "CASARES 2147", "address_2": null, "OBJECTID": null, "ADRESS": null, "UBIC": null, "UBC": null, "layer": "1A_TURNOTARDE_ES3_FEB24", "path": "C:/Users/usuario/OneDrive/Escritorio/MAPEO MATRICULA/EES 3/1A_TURNOTARDE_ES3_FEB24.shp"}, "geometry": {"type": "Point", "coordinates": [-58.53863846051915, -34.55437210485865]}}, {"type": "Feature", "properties": {"address": "MENDOZA 669", "address_2": null, "OBJECTID": null, "ADRESS": null, "UBIC": null, "UBC": null, "layer": "1A_TURNOTARDE_ES3_FEB24", "path": "C:/Users/usuario/OneDrive/Escritorio/MAPEO MATRICULA/EES 3/1A_TURNOTARDE_ES3_FEB24.shp"}, "geometry": {"type": "Point", "coordinates": [-58.53748711662745, -34.549783903523]}}, {"type": "Feature", "properties": {"address": "MENDOZA 644", "address_2": null, "OBJECTID": null, "ADRESS": null, "UBIC": null, "UBC": null, "layer": "1A_TURNOTARDE_ES3_FEB24", "path": "C:/Users/usuario/OneDrive/Escritorio/MAPEO MATRICULA/EES 3/1A_TURNOTARDE_ES3_FEB24.shp"}, "geometry": {"type": "Point", "coordinates": [-58.53759333616276, -34.549710477747155]}}, {"type": "Feature", "properties": {"address": "4 DE FEBRERO 3125", "address_2": null, "OBJECTID": null, "ADRESS": null, "UBIC": null, "UBC": null, "layer": "1A_TURNOTARDE_ES3_FEB24", "path": "C:/Users/usuario/OneDrive/Escritorio/MAPEO MATRICULA/EES 3/1A_TURNOTARDE_ES3_FEB24.shp"}, "geometry": {"type": "Point", "coordinates": [-58.52751026711182, -34.55110664921689]}}, {"type": "Feature", "properties": {"address": "ENTRE RIOS 1055", "address_2": null, "OBJECTID": null, "ADRESS": null, "UBIC": null, "UBC": null, "layer": "1A_TURNOTARDE_ES3_FEB24", "path": "C:/Users/usuario/OneDrive/Escritorio/MAPEO MATRICULA/EES 3/1A_TURNOTARDE_ES3_FEB24.shp"}, "geometry": {"type": "Point", "coordinates": [-58.53773894583841, -34.54400716487861]}}, {"type": "Feature", "properties": {"address": "A ALVAREZ 1960", "address_2": null, "OBJECTID": null, "ADRESS": null, "UBIC": null, "UBC": null, "layer": "1A_TURNOTARDE_ES3_FEB24", "path": "C:/Users/usuario/OneDrive/Escritorio/MAPEO MATRICULA/EES 3/1A_TURNOTARDE_ES3_FEB24.shp"}, "geometry": {"type": "Point", "coordinates": [-58.53859673141601, -34.551669517739455]}}, {"type": "Feature", "properties": {"address": "3 DE FEBRERO 2587", "address_2": null, "OBJECTID": null, "ADRESS": null, "UBIC": null, "UBC": null, "layer": "1A_TURNOTARDE_ES3_FEB24", "path": "C:/Users/usuario/OneDrive/Escritorio/MAPEO MATRICULA/EES 3/1A_TURNOTARDE_ES3_FEB24.shp"}, "geometry": {"type": "Point", "coordinates": [-58.534143098042414, -34.564698928152104]}}, {"type": "Feature", "properties": {"address": "A ALVAREZ 1100", "address_2": null, "OBJECTID": null, "ADRESS": null, "UBIC": null, "UBC": null, "layer": "1A_TURNOTARDE_ES3_FEB24", "path": "C:/Users/usuario/OneDrive/Escritorio/MAPEO MATRICULA/EES 3/1A_TURNOTARDE_ES3_FEB24.shp"}, "geometry": {"type": "Point", "coordinates": [-58.532257701290526, -34.54731082524446]}}, {"type": "Feature", "properties": {"address": "4 DE FEBRERO 3129", "address_2": null, "OBJECTID": null, "ADRESS": null, "UBIC": null, "UBC": null, "layer": "1A_TURNOTARDE_ES3_FEB24", "path": "C:/Users/usuario/OneDrive/Escritorio/MAPEO MATRICULA/EES 3/1A_TURNOTARDE_ES3_FEB24.shp"}, "geometry": {"type": "Point", "coordinates": [-58.52733556389508, -34.551075874127655]}}, {"type": "Feature", "properties": {"address": "4 DE FEBRERO 3129-1", "address_2": null, "OBJECTID": null, "ADRESS": null, "UBIC": null, "UBC": null, "layer": "1A_TURNOTARDE_ES3_FEB24", "path": "C:/Users/usuario/OneDrive/Escritorio/MAPEO MATRICULA/EES 3/1A_TURNOTARDE_ES3_FEB24.shp"}, "geometry": {"type": "Point", "coordinates": [-58.53201112022643, -34.546745272065706]}}, {"type": "Feature", "properties": {"address": "4 DE FEBRERO 3129-2", "address_2": null, "OBJECTID": null, "ADRESS": null, "UBIC": null, "UBC": null, "layer": "1A_TURNOTARDE_ES3_FEB24", "path": "C:/Users/usuario/OneDrive/Escritorio/MAPEO MATRICULA/EES 3/1A_TURNOTARDE_ES3_FEB24.shp"}, "geometry": {"type": "Point", "coordinates": [-58.53191248780077, -34.54679526587173]}}, {"type": "Feature", "properties": {"address": "BOUCHARD", "address_2": null, "OBJECTID": null, "ADRESS": null, "UBIC": null, "UBC": null, "layer": "1A_TURNOTARDE_ES3_FEB24", "path": "C:/Users/usuario/OneDrive/Escritorio/MAPEO MATRICULA/EES 3/1A_TURNOTARDE_ES3_FEB24.shp"}, "geometry": {"type": "Point", "coordinates": [-58.53464961379899, -34.548431885606]}}, {"type": "Feature", "properties": {"address": "PJE IRA 1351", "address_2": null, "OBJECTID": null, "ADRESS": null, "UBIC": null, "UBC": null, "layer": "1A_TURNOTARDE_ES3_FEB24", "path": "C:/Users/usuario/OneDrive/Escritorio/MAPEO MATRICULA/EES 3/1A_TURNOTARDE_ES3_FEB24.shp"}, "geometry": {"type": "Point", "coordinates": [-58.52820049439697, -34.55320672256608]}}, {"type": "Feature", "properties": {"address": "LA NUEVA 1250", "address_2": null, "OBJECTID": null, "ADRESS": null, "UBIC": null, "UBC": null, "layer": "1A_TURNOTARDE_ES3_FEB24", "path": "C:/Users/usuario/OneDrive/Escritorio/MAPEO MATRICULA/EES 3/1A_TURNOTARDE_ES3_FEB24.shp"}, "geometry": {"type": "Point", "coordinates": [-58.52616714900662, -34.553291080545485]}}, {"type": "Feature", "properties": {"address": "MARIA SILVA 629", "address_2": null, "OBJECTID": null, "ADRESS": null, "UBIC": null, "UBC": null, "layer": "1A_TURNOTARDE_ES3_FEB24", "path": "C:/Users/usuario/OneDrive/Escritorio/MAPEO MATRICULA/EES 3/1A_TURNOTARDE_ES3_FEB24.shp"}, "geometry": {"type": "Point", "coordinates": [-58.53836342779384, -34.550096352908554]}}, {"type": "Feature", "properties": {"address": "MARIA SILVA 699", "address_2": null, "OBJECTID": null, "ADRESS": null, "UBIC": null, "UBC": null, "layer": "1A_TURNOTARDE_ES3_FEB24", "path": "C:/Users/usuario/OneDrive/Escritorio/MAPEO MATRICULA/EES 3/1A_TURNOTARDE_ES3_FEB24.shp"}, "geometry": {"type": "Point", "coordinates": [-58.538264795368185, -34.55018383852625]}}, {"type": "Feature", "properties": {"address": "SARMIENTO 5470", "address_2": null, "OBJECTID": null, "ADRESS": null, "UBIC": null, "UBC": null, "layer": "1A_TURNOTARDE_ES3_FEB24", "path": "C:/Users/usuario/OneDrive/Escritorio/MAPEO MATRICULA/EES 3/1A_TURNOTARDE_ES3_FEB24.shp"}, "geometry": {"type": "Point", "coordinates": [-58.55416737722698, -34.53975365499421]}}, {"type": "Feature", "properties": {"address": "AV CONSTITUYENTES 1091", "address_2": null, "OBJECTID": null, "ADRESS": null, "UBIC": null, "UBC": null, "layer": "1A_TURNOTARDE_ES3_FEB24", "path": "C:/Users/usuario/OneDrive/Escritorio/MAPEO MATRICULA/EES 3/1A_TURNOTARDE_ES3_FEB24.shp"}, "geometry": {"type": "Point", "coordinates": [-58.52416035850014, -34.55107743635332]}}, {"type": "Feature", "properties": {"address": "LA NUEVA 1025", "address_2": null, "OBJECTID": null, "ADRESS": null, "UBIC": null, "UBC": null, "layer": "1A_TURNOTARDE_ES3_FEB24", "path": "C:/Users/usuario/OneDrive/Escritorio/MAPEO MATRICULA/EES 3/1A_TURNOTARDE_ES3_FEB24.shp"}, "geometry": {"type": "Point", "coordinates": [-58.52425519737095, -34.55231470980923]}}, {"type": "Feature", "properties": {"address": "MZA Y 4 DE FEBRERO", "address_2": null, "OBJECTID": null, "ADRESS": null, "UBIC": null, "UBC": null, "layer": "1A_TURNOTARDE_ES3_FEB24", "path": "C:/Users/usuario/OneDrive/Escritorio/MAPEO MATRICULA/EES 3/1A_TURNOTARDE_ES3_FEB24.shp"}, "geometry": {"type": "Point", "coordinates": [-58.52349648640443, -34.55586708210095]}}, {"type": "Feature", "properties": {"address": "BOUCHARD 3596", "address_2": null, "OBJECTID": null, "ADRESS": null, "UBIC": null, "UBC": null, "layer": "1A_TURNOTARDE_ES3_FEB24", "path": "C:/Users/usuario/OneDrive/Escritorio/MAPEO MATRICULA/EES 3/1A_TURNOTARDE_ES3_FEB24.shp"}, "geometry": {"type": "Point", "coordinates": [-58.533520180580275, -34.54848503540453]}}, {"type": "Feature", "properties": {"address": "SAN LUIS 3662", "address_2": null, "OBJECTID": null, "ADRESS": null, "UBIC": null, "UBC": null, "layer": "1A_TURNOTARDE_ES3_FEB24", "path": "C:/Users/usuario/OneDrive/Escritorio/MAPEO MATRICULA/EES 3/1A_TURNOTARDE_ES3_FEB24.shp"}, "geometry": {"type": "Point", "coordinates": [-58.54326659741519, -34.555140685855875]}}, {"type": "Feature", "properties": {"address": "INT ALVEAR 1947", "address_2": null, "OBJECTID": null, "ADRESS": null, "UBIC": null, "UBC": null, "layer": "1A_TURNOTARDE_ES3_FEB24", "path": "C:/Users/usuario/OneDrive/Escritorio/MAPEO MATRICULA/EES 3/1A_TURNOTARDE_ES3_FEB24.shp"}, "geometry": {"type": "Point", "coordinates": [-58.53585778482687, -34.5536722525713]}}, {"type": "Feature", "properties": {"address": "DORREGO 3740", "address_2": null, "OBJECTID": 2.0, "ADRESS": null, "UBIC": null, "UBC": null, "layer": "2A_TM_ES3", "path": "C:/Users/usuario/OneDrive/Escritorio/MAPEO MATRICULA/EES 3/2A_TM_ES3_DIC23_DEFINITIVA.gdb|layername=_2a_tm_es3_2"}, "geometry": {"type": "Point", "coordinates": [-58.537077076656296, -34.548905235161335]}}, {"type": "Feature", "properties": {"address": "JM CAMPOS 1820", "address_2": null, "OBJECTID": 4.0, "ADRESS": null, "UBIC": null, "UBC": null, "layer": "2A_TM_ES3", "path": "C:/Users/usuario/OneDrive/Escritorio/MAPEO MATRICULA/EES 3/2A_TM_ES3_DIC23_DEFINITIVA.gdb|layername=_2a_tm_es3_2"}, "geometry": {"type": "Point", "coordinates": [-58.532316901270576, -34.55491038623867]}}, {"type": "Feature", "properties": {"address": "MENDOZA 765", "address_2": null, "OBJECTID": 5.0, "ADRESS": null, "UBIC": null, "UBC": null, "layer": "2A_TM_ES3", "path": "C:/Users/usuario/OneDrive/Escritorio/MAPEO MATRICULA/EES 3/2A_TM_ES3_DIC23_DEFINITIVA.gdb|layername=_2a_tm_es3_2"}, "geometry": {"type": "Point", "coordinates": [-58.53689349065782, -34.55019241876973]}}, {"type": "Feature", "properties": {"address": "A ALVAREZ 1892", "address_2": null, "OBJECTID": 7.0, "ADRESS": null, "UBIC": null, "UBC": null, "layer": "2A_TM_ES3", "path": "C:/Users/usuario/OneDrive/Escritorio/MAPEO MATRICULA/EES 3/2A_TM_ES3_DIC23_DEFINITIVA.gdb|layername=_2a_tm_es3_2"}, "geometry": {"type": "Point", "coordinates": [-58.53793161385806, -34.55118238767977]}}, {"type": "Feature", "properties": {"address": "ROSARIO 3539", "address_2": null, "OBJECTID": 8.0, "ADRESS": null, "UBIC": null, "UBC": null, "layer": "2A_TM_ES3", "path": "C:/Users/usuario/OneDrive/Escritorio/MAPEO MATRICULA/EES 3/2A_TM_ES3_DIC23_DEFINITIVA.gdb|layername=_2a_tm_es3_2"}, "geometry": {"type": "Point", "coordinates": [-58.53798106569887, -34.552484270114235]}}, {"type": "Feature", "properties": {"address": "AV 4 DE FEB 2898", "address_2": null, "OBJECTID": 9.0, "ADRESS": null, "UBIC": null, "UBC": null, "layer": "2A_TM_ES3", "path": "C:/Users/usuario/OneDrive/Escritorio/MAPEO MATRICULA/EES 3/2A_TM_ES3_DIC23_DEFINITIVA.gdb|layername=_2a_tm_es3_2"}, "geometry": {"type": "Point", "coordinates": [-58.525560624408435, -34.55311977750584]}}, {"type": "Feature", "properties": {"address": "39 - María Silva, Villa Gregoria Matorras, Villa Ballester, Partido de General San Martín, Buenos Aires, B1653, Argentina", "address_2": null, "OBJECTID": 10.0, "ADRESS": null, "UBIC": null, "UBC": null, "layer": "2A_TM_ES3", "path": "C:/Users/usuario/OneDrive/Escritorio/MAPEO MATRICULA/EES 3/2A_TM_ES3_DIC23_DEFINITIVA.gdb|layername=_2a_tm_es3_2"}, "geometry": {"type": "Point", "coordinates": [-58.53859598047843, -34.54988342173289]}}, {"type": "Feature", "properties": {"address": "2108, 80 - Domingo F. Sarmiento, Villa La Rana, Villa Marqués Alejandro María de Aguado, San Andrés, Partido de General San Martín, Buenos Aires, 1651, Argentina", "address_2": null, "OBJECTID": 11.0, "ADRESS": null, "UBIC": null, "UBC": null, "layer": "2A_TM_ES3", "path": "C:/Users/usuario/OneDrive/Escritorio/MAPEO MATRICULA/EES 3/2A_TM_ES3_DIC23_DEFINITIVA.gdb|layername=_2a_tm_es3_2"}, "geometry": {"type": "Point", "coordinates": [-58.53659516284595, -34.55557810215359]}}, {"type": "Feature", "properties": {"address": "3138, 76 - Adelina Hue, Villa Yapeyú, San Andrés, Partido de General San Martín, Buenos Aires, B1653BRA, Argentina", "address_2": null, "OBJECTID": 12.0, "ADRESS": null, "UBIC": null, "UBC": null, "layer": "2A_TM_ES3", "path": "C:/Users/usuario/OneDrive/Escritorio/MAPEO MATRICULA/EES 3/2A_TM_ES3_DIC23_DEFINITIVA.gdb|layername=_2a_tm_es3_2"}, "geometry": {"type": "Point", "coordinates": [-58.544152734247604, -34.564219755211624]}}, {"type": "Feature", "properties": {"address": "88 - Agustín Álvarez, Villa La Rana, Villa Marqués Alejandro María de Aguado, San Andrés, Partido de General San Martín, Buenos Aires, 1651, Argentina", "address_2": null, "OBJECTID": 13.0, "ADRESS": null, "UBIC": null, "UBC": null, "layer": "2A_TM_ES3", "path": "C:/Users/usuario/OneDrive/Escritorio/MAPEO MATRICULA/EES 3/2A_TM_ES3_DIC23_DEFINITIVA.gdb|layername=_2a_tm_es3_2"}, "geometry": {"type": "Point", "coordinates": [-58.53177503838917, -34.54708686463876]}}, {"type": "Feature", "properties": {"address": "2949, 142 - Reconquista, Chilavert, Villa Ballester, Partido de General San Martín, Buenos Aires, B1653DUH, Argentina", "address_2": null, "OBJECTID": 14.0, "ADRESS": null, "UBIC": null, "UBC": null, "layer": "2A_TM_ES3", "path": "C:/Users/usuario/OneDrive/Escritorio/MAPEO MATRICULA/EES 3/2A_TM_ES3_DIC23_DEFINITIVA.gdb|layername=_2a_tm_es3_2"}, "geometry": {"type": "Point", "coordinates": [-58.56628018364891, -34.543757509933876]}}, {"type": "Feature", "properties": {"address": "M SILVA 559", "address_2": null, "OBJECTID": 15.0, "ADRESS": null, "UBIC": null, "UBC": null, "layer": "2A_TM_ES3", "path": "C:/Users/usuario/OneDrive/Escritorio/MAPEO MATRICULA/EES 3/2A_TM_ES3_DIC23_DEFINITIVA.gdb|layername=_2a_tm_es3_2"}, "geometry": {"type": "Point", "coordinates": [-58.53944875117824, -34.549116753332484]}}, {"type": "Feature", "properties": {"address": "39 - Santa Rosalía, La Rana, Villa Marqués Alejandro María de Aguado, San Andrés, Partido de General San Martín, Buenos Aires, 1651, Argentina", "address_2": null, "OBJECTID": 16.0, "ADRESS": null, "UBIC": null, "UBC": null, "layer": "2A_TM_ES3", "path": "C:/Users/usuario/OneDrive/Escritorio/MAPEO MATRICULA/EES 3/2A_TM_ES3_DIC23_DEFINITIVA.gdb|layername=_2a_tm_es3_2"}, "geometry": {"type": "Point", "coordinates": [-58.53093796125933, -34.54939375758232]}}, {"type": "Feature", "properties": {"address": "35 - Luis María Saavedra, Villa La Rana, Villa Granaderos de San Martín, San Andrés, Partido de General San Martín, Buenos Aires, B1651FHH, Argentina", "address_2": null, "OBJECTID": 17.0, "ADRESS": null, "UBIC": null, "UBC": null, "layer": "2A_TM_ES3", "path": "C:/Users/usuario/OneDrive/Escritorio/MAPEO MATRICULA/EES 3/2A_TM_ES3_DIC23_DEFINITIVA.gdb|layername=_2a_tm_es3_2"}, "geometry": {"type": "Point", "coordinates": [-58.53188895105598, -34.55287443445536]}}, {"type": "Feature", "properties": {"address": "2274, 88 - Agustín Álvarez, Villa La Rana, Villa Marqués Alejandro María de Aguado, San Andrés, Partido de General San Martín, Buenos Aires, 1651, Argentina", "address_2": null, "OBJECTID": 18.0, "ADRESS": null, "UBIC": null, "UBC": null, "layer": "2A_TM_ES3", "path": "C:/Users/usuario/OneDrive/Escritorio/MAPEO MATRICULA/EES 3/2A_TM_ES3_DIC23_DEFINITIVA.gdb|layername=_2a_tm_es3_2"}, "geometry": {"type": "Point", "coordinates": [-58.54124575544555, -34.5537138160228]}}, {"type": "Feature", "properties": {"address": "JOAQUIN V. GONZALEZ 1311", "address_2": null, "OBJECTID": 19.0, "ADRESS": null, "UBIC": null, "UBC": null, "layer": "2A_TM_ES3", "path": "C:/Users/usuario/OneDrive/Escritorio/MAPEO MATRICULA/EES 3/2A_TM_ES3_DIC23_DEFINITIVA.gdb|layername=_2a_tm_es3_2"}, "geometry": {"type": "Point", "coordinates": [-58.535590950563446, -34.54666468017553]}}, {"type": "Feature", "properties": {"address": "MENDOZA 3023", "address_2": null, "OBJECTID": 20.0, "ADRESS": null, "UBIC": null, "UBC": null, "layer": "2A_TM_ES3", "path": "C:/Users/usuario/OneDrive/Escritorio/MAPEO MATRICULA/EES 3/2A_TM_ES3_DIC23_DEFINITIVA.gdb|layername=_2a_tm_es3_2"}, "geometry": {"type": "Point", "coordinates": [-58.529231624850475, -34.553554173724685]}}, {"type": "Feature", "properties": {"address": "ECUADOR 2970", "address_2": null, "OBJECTID": 21.0, "ADRESS": null, "UBIC": null, "UBC": null, "layer": "2A_TM_ES3", "path": "C:/Users/usuario/OneDrive/Escritorio/MAPEO MATRICULA/EES 3/2A_TM_ES3_DIC23_DEFINITIVA.gdb|layername=_2a_tm_es3_2"}, "geometry": {"type": "Point", "coordinates": [-58.52854015115263, -34.555351672793755]}}, {"type": "Feature", "properties": {"address": "MENDOZA 667", "address_2": null, "OBJECTID": 22.0, "ADRESS": null, "UBIC": null, "UBC": null, "layer": "2A_TM_ES3", "path": "C:/Users/usuario/OneDrive/Escritorio/MAPEO MATRICULA/EES 3/2A_TM_ES3_DIC23_DEFINITIVA.gdb|layername=_2a_tm_es3_2"}, "geometry": {"type": "Point", "coordinates": [-58.52248649069181, -34.555486752180606]}}, {"type": "Feature", "properties": {"address": "HERMANOS QUINTEROS 3750", "address_2": null, "OBJECTID": 23.0, "ADRESS": null, "UBIC": null, "UBC": null, "layer": "2A_TM_ES3", "path": "C:/Users/usuario/OneDrive/Escritorio/MAPEO MATRICULA/EES 3/2A_TM_ES3_DIC23_DEFINITIVA.gdb|layername=_2a_tm_es3_2"}, "geometry": {"type": "Point", "coordinates": [-58.53060898203095, -34.544771811461146]}}, {"type": "Feature", "properties": {"address": "CALLE 21 3923", "address_2": null, "OBJECTID": 24.0, "ADRESS": null, "UBIC": null, "UBC": null, "layer": "2A_TM_ES3", "path": "C:/Users/usuario/OneDrive/Escritorio/MAPEO MATRICULA/EES 3/2A_TM_ES3_DIC23_DEFINITIVA.gdb|layername=_2a_tm_es3_2"}, "geometry": {"type": "Point", "coordinates": [-58.533594808661526, -34.544771811461146]}}, {"type": "Feature", "properties": {"address": "ECUADOR 2875", "address_2": null, "OBJECTID": 25.0, "ADRESS": null, "UBIC": null, "UBC": null, "layer": "2A_TM_ES3", "path": "C:/Users/usuario/OneDrive/Escritorio/MAPEO MATRICULA/EES 3/2A_TM_ES3_DIC23_DEFINITIVA.gdb|layername=_2a_tm_es3_2"}, "geometry": {"type": "Point", "coordinates": [-58.52723921005923, -34.55622047516899]}}, {"type": "Feature", "properties": {"address": "AGUSTIN ALVAREZ 1910", "address_2": null, "OBJECTID": 26.0, "ADRESS": null, "UBIC": null, "UBC": null, "layer": "2A_TM_ES3", "path": "C:/Users/usuario/OneDrive/Escritorio/MAPEO MATRICULA/EES 3/2A_TM_ES3_DIC23_DEFINITIVA.gdb|layername=_2a_tm_es3_2"}, "geometry": {"type": "Point", "coordinates": [-58.537426690772065, -34.55087544759327]}}, {"type": "Feature", "properties": {"address": "JM CAMPOS 2150", "address_2": null, "OBJECTID": 27.0, "ADRESS": null, "UBIC": null, "UBC": null, "layer": "2A_TM_ES3", "path": "C:/Users/usuario/OneDrive/Escritorio/MAPEO MATRICULA/EES 3/2A_TM_ES3_DIC23_DEFINITIVA.gdb|layername=_2a_tm_es3_2"}, "geometry": {"type": "Point", "coordinates": [-58.53502994278606, -34.55749142875885]}}, {"type": "Feature", "properties": {"address": "NECOCHEA 1080-FLORIDA", "address_2": null, "OBJECTID": 28.0, "ADRESS": null, "UBIC": null, "UBC": null, "layer": "2A_TM_ES3", "path": "C:/Users/usuario/OneDrive/Escritorio/MAPEO MATRICULA/EES 3/2A_TM_ES3_DIC23_DEFINITIVA.gdb|layername=_2a_tm_es3_2"}, "geometry": {"type": "Point", "coordinates": [-58.524792025851866, -34.54853371085446]}}, {"type": "Feature", "properties": {"address": "ENTRE RIOS 1867", "address_2": null, "OBJECTID": 29.0, "ADRESS": null, "UBIC": null, "UBC": null, "layer": "2A_TM_ES3", "path": "C:/Users/usuario/OneDrive/Escritorio/MAPEO MATRICULA/EES 3/2A_TM_ES3_DIC23_DEFINITIVA.gdb|layername=_2a_tm_es3_2"}, "geometry": {"type": "Point", "coordinates": [-58.54138740449285, -34.548059356872336]}}, {"type": "Feature", "properties": {"address": "86 - Pelagio Baltasar Luna, Villa La Rana, Villa Marqués Alejandro María de Aguado, San Andrés, Partido de General San Martín, Buenos Aires, B1651, Argentina", "address_2": null, "OBJECTID": 30.0, "ADRESS": null, "UBIC": null, "UBC": null, "layer": "2A_TM_ES3", "path": "C:/Users/usuario/OneDrive/Escritorio/MAPEO MATRICULA/EES 3/2A_TM_ES3_DIC23_DEFINITIVA.gdb|layername=_2a_tm_es3_2"}, "geometry": {"type": "Point", "coordinates": [-58.54266639525191, -34.554511078135924]}}, {"type": "Feature", "properties": {"address": "3456, 51 - Corrientes, Villa La Rana, Villa Marqués Alejandro María de Aguado, San Andrés, Partido de General San Martín, Buenos Aires, 1651, Argentina", "address_2": null, "OBJECTID": 31.0, "ADRESS": null, "UBIC": null, "UBC": null, "layer": "2A_TM_ES3", "path": "C:/Users/usuario/OneDrive/Escritorio/MAPEO MATRICULA/EES 3/2A_TM_ES3_DIC23_DEFINITIVA.gdb|layername=_2a_tm_es3_2"}, "geometry": {"type": "Point", "coordinates": [-58.53968483292591, -34.55588000010358]}}, {"type": "Feature", "properties": {"address": "3456, 51 - Corrientes, Villa La Rana, Villa Marqués Alejandro María de Aguado, San Andrés, Partido de General San Martín, Buenos Aires, 1651, Argentina", "address_2": null, "OBJECTID": 32.0, "ADRESS": null, "UBIC": null, "UBC": null, "layer": "2A_TM_ES3", "path": "C:/Users/usuario/OneDrive/Escritorio/MAPEO MATRICULA/EES 3/2A_TM_ES3_DIC23_DEFINITIVA.gdb|layername=_2a_tm_es3_2"}, "geometry": {"type": "Point", "coordinates": [-58.53968483292591, -34.55588000010358]}}, {"type": "Feature", "properties": {"address": "3456, 51 - Corrientes, Villa La Rana, Villa Marqués Alejandro María de Aguado, San Andrés, Partido de General San Martín, Buenos Aires, 1651, Argentina", "address_2": null, "OBJECTID": 33.0, "ADRESS": null, "UBIC": null, "UBC": null, "layer": "2A_TM_ES3", "path": "C:/Users/usuario/OneDrive/Escritorio/MAPEO MATRICULA/EES 3/2A_TM_ES3_DIC23_DEFINITIVA.gdb|layername=_2a_tm_es3_2"}, "geometry": {"type": "Point", "coordinates": [-58.53968483292591, -34.55588000010358]}}, {"type": "Feature", "properties": {"address": "88 - Agustín Álvarez, Villa La Rana, Villa Marqués Alejandro María de Aguado, San Andrés, Partido de General San Martín, Buenos Aires, 1651, Argentina", "address_2": null, "OBJECTID": 34.0, "ADRESS": null, "UBIC": null, "UBC": null, "layer": "2A_TM_ES3", "path": "C:/Users/usuario/OneDrive/Escritorio/MAPEO MATRICULA/EES 3/2A_TM_ES3_DIC23_DEFINITIVA.gdb|layername=_2a_tm_es3_2"}, "geometry": {"type": "Point", "coordinates": [-58.5390029002341, -34.551916300064384]}}, {"type": "Feature", "properties": {"address": "88 - Agustín Álvarez, Villa Concepción, Villa Granaderos de San Martín, San Andrés, Partido de General San Martín, Buenos Aires, B1651CYC, Argentina", "address_2": null, "OBJECTID": 35.0, "ADRESS": null, "UBIC": null, "UBC": null, "layer": "2A_TM_ES3", "path": "C:/Users/usuario/OneDrive/Escritorio/MAPEO MATRICULA/EES 3/2A_TM_ES3_DIC23_DEFINITIVA.gdb|layername=_2a_tm_es3_2"}, "geometry": {"type": "Point", "coordinates": [-58.53270167368296, -34.54769310340648]}}, {"type": "Feature", "properties": {"address": "681, San Andrés, Palihue, Bahía Blanca, Partido de Bahía Blanca, Buenos Aires, B8000, Argentina", "address_2": null, "OBJECTID": 36.0, "ADRESS": null, "UBIC": null, "UBC": null, "layer": "2A_TM_ES3", "path": "C:/Users/usuario/OneDrive/Escritorio/MAPEO MATRICULA/EES 3/2A_TM_ES3_DIC23_DEFINITIVA.gdb|layername=_2a_tm_es3_2"}, "geometry": {"type": "Point", "coordinates": [-58.52430443631532, -34.55324666820558]}}, {"type": "Feature", "properties": {"address": null, "address_2": null, "OBJECTID": null, "ADRESS": "STA ROSALIA 1465", "UBIC": null, "UBC": null, "layer": "2ATT_ES3_FEB24", "path": "C:\\Users\\usuario\\OneDrive\\Escritorio\\MAPEO MATRICULA\\EES 3\\2ATT_ES3_FEB24.shp"}, "geometry": {"type": "Point", "coordinates": [-58.53138573372676, -34.55014477583811]}}, {"type": "Feature", "properties": {"address": null, "address_2": null, "OBJECTID": null, "ADRESS": "STA ROSALIA 2855", "UBIC": null, "UBC": null, "layer": "2ATT_ES3_FEB24", "path": "C:\\Users\\usuario\\OneDrive\\Escritorio\\MAPEO MATRICULA\\EES 3\\2ATT_ES3_FEB24.shp"}, "geometry": {"type": "Point", "coordinates": [-58.54199630659391, -34.561220342076915]}}, {"type": "Feature", "properties": {"address": null, "address_2": null, "OBJECTID": null, "ADRESS": "ITALIA 3360", "UBIC": null, "UBC": null, "layer": "2ATT_ES3_FEB24", "path": "C:\\Users\\usuario\\OneDrive\\Escritorio\\MAPEO MATRICULA\\EES 3\\2ATT_ES3_FEB24.shp"}, "geometry": {"type": "Point", "coordinates": [-58.53409622865474, -34.553350436896864]}}, {"type": "Feature", "properties": {"address": null, "address_2": null, "OBJECTID": null, "ADRESS": "INT CASARES 2160", "UBIC": null, "UBC": null, "layer": "2ATT_ES3_FEB24", "path": "C:\\Users\\usuario\\OneDrive\\Escritorio\\MAPEO MATRICULA\\EES 3\\2ATT_ES3_FEB24.shp"}, "geometry": {"type": "Point", "coordinates": [-58.538592539520266, -34.55430804950192]}}, {"type": "Feature", "properties": {"address": null, "address_2": null, "OBJECTID": null, "ADRESS": "JOAQUIN V GONZALEZ 1680", "UBIC": null, "UBC": null, "layer": "2ATT_ES3_FEB24", "path": "C:\\Users\\usuario\\OneDrive\\Escritorio\\MAPEO MATRICULA\\EES 3\\2ATT_ES3_FEB24.shp"}, "geometry": {"type": "Point", "coordinates": [-58.5377636477893, -34.54886528891432]}}, {"type": "Feature", "properties": {"address": null, "address_2": null, "OBJECTID": null, "ADRESS": "BOLIVIA 3380", "UBIC": null, "UBC": null, "layer": "2ATT_ES3_FEB24", "path": "C:\\Users\\usuario\\OneDrive\\Escritorio\\MAPEO MATRICULA\\EES 3\\2ATT_ES3_FEB24.shp"}, "geometry": {"type": "Point", "coordinates": [-58.544891737320036, -34.560134720587165]}}, {"type": "Feature", "properties": {"address": null, "address_2": null, "OBJECTID": null, "ADRESS": "A ALVAREZ 1100", "UBIC": null, "UBC": null, "layer": "2ATT_ES3_FEB24", "path": "C:\\Users\\usuario\\OneDrive\\Escritorio\\MAPEO MATRICULA\\EES 3\\2ATT_ES3_FEB24.shp"}, "geometry": {"type": "Point", "coordinates": [-58.53187984424379, -34.547060850842236]}}, {"type": "Feature", "properties": {"address": null, "address_2": null, "OBJECTID": null, "ADRESS": "INST CASARES 1421", "UBIC": null, "UBC": null, "layer": "2ATT_ES3_FEB24", "path": "C:\\Users\\usuario\\OneDrive\\Escritorio\\MAPEO MATRICULA\\EES 3\\2ATT_ES3_FEB24.shp"}, "geometry": {"type": "Point", "coordinates": [-58.53387335730837, -34.54873093383466]}}, {"type": "Feature", "properties": {"address": null, "address_2": null, "OBJECTID": null, "ADRESS": "INT CASARES 2135", "UBIC": null, "UBC": null, "layer": "2ATT_ES3_FEB24", "path": "C:\\Users\\usuario\\OneDrive\\Escritorio\\MAPEO MATRICULA\\EES 3\\2ATT_ES3_FEB24.shp"}, "geometry": {"type": "Point", "coordinates": [-58.53838199722706, -34.554134649015474]}}, {"type": "Feature", "properties": {"address": null, "address_2": null, "OBJECTID": null, "ADRESS": "LA NUEVA 1562", "UBIC": null, "UBC": null, "layer": "2ATT_ES3_FEB24", "path": "C:\\Users\\usuario\\OneDrive\\Escritorio\\MAPEO MATRICULA\\EES 3\\2ATT_ES3_FEB24.shp"}, "geometry": {"type": "Point", "coordinates": [-58.52893794247097, -34.554829810948036]}}, {"type": "Feature", "properties": {"address": null, "address_2": null, "OBJECTID": null, "ADRESS": null, "UBIC": null, "UBC": null, "layer": "2ATT_ES3_FEB24", "path": "C:\\Users\\usuario\\OneDrive\\Escritorio\\MAPEO MATRICULA\\EES 3\\2ATT_ES3_FEB24.shp"}, "geometry": {"type": "Point", "coordinates": [-58.5340061317275, -34.54552040781607]}}, {"type": "Feature", "properties": {"address": null, "address_2": null, "OBJECTID": null, "ADRESS": "4 DE FEB 3129", "UBIC": null, "UBC": null, "layer": "2ATT_ES3_FEB24", "path": "C:\\Users\\usuario\\OneDrive\\Escritorio\\MAPEO MATRICULA\\EES 3\\2ATT_ES3_FEB24.shp"}, "geometry": {"type": "Point", "coordinates": [-58.52762852541354, -34.55098971966013]}}, {"type": "Feature", "properties": {"address": null, "address_2": null, "OBJECTID": null, "ADRESS": "ZIMMERMAN 3466", "UBIC": null, "UBC": null, "layer": "2ATT_ES3_FEB24", "path": "C:\\Users\\usuario\\OneDrive\\Escritorio\\MAPEO MATRICULA\\EES 3\\2ATT_ES3_FEB24.shp"}, "geometry": {"type": "Point", "coordinates": [-58.52956317807993, -34.54715629044137]}}, {"type": "Feature", "properties": {"address": null, "address_2": null, "OBJECTID": null, "ADRESS": "SANTA ROSALIA 1557", "UBIC": null, "UBC": null, "layer": "2ATT_ES3_FEB24", "path": "C:\\Users\\usuario\\OneDrive\\Escritorio\\MAPEO MATRICULA\\EES 3\\2ATT_ES3_FEB24.shp"}, "geometry": {"type": "Point", "coordinates": [-58.53196519922753, -34.55111179868874]}}, {"type": "Feature", "properties": {"address": null, "address_2": null, "OBJECTID": null, "ADRESS": "4 FEB Y LA NUEVA", "UBIC": null, "UBC": null, "layer": "2ATT_ES3_FEB24", "path": "C:\\Users\\usuario\\OneDrive\\Escritorio\\MAPEO MATRICULA\\EES 3\\2ATT_ES3_FEB24.shp"}, "geometry": {"type": "Point", "coordinates": [-58.523664901253525, -34.55200538655008]}}, {"type": "Feature", "properties": {"address": null, "address_2": null, "OBJECTID": null, "ADRESS": "W MORRIS 1150", "UBIC": null, "UBC": null, "layer": "2ATT_ES3_FEB24", "path": "C:\\Users\\usuario\\OneDrive\\Escritorio\\MAPEO MATRICULA\\EES 3\\2ATT_ES3_FEB24.shp"}, "geometry": {"type": "Point", "coordinates": [-58.5260510472433, -34.551244587701795]}}, {"type": "Feature", "properties": {"address": null, "address_2": null, "OBJECTID": null, "ADRESS": "CONSTITUYENTES Y CAMPOS", "UBIC": null, "UBC": null, "layer": "2ATT_ES3_FEB24", "path": "C:\\Users\\usuario\\OneDrive\\Escritorio\\MAPEO MATRICULA\\EES 3\\2ATT_ES3_FEB24.shp"}, "geometry": {"type": "Point", "coordinates": [-58.52649111972505, -34.545172474211334]}}, {"type": "Feature", "properties": {"address": null, "address_2": null, "OBJECTID": null, "ADRESS": "PELAGIO 1849", "UBIC": null, "UBC": null, "layer": "2ATT_ES3_FEB24", "path": "C:\\Users\\usuario\\OneDrive\\Escritorio\\MAPEO MATRICULA\\EES 3\\2ATT_ES3_FEB24.shp"}, "geometry": {"type": "Point", "coordinates": [-58.53716236934839, -34.55173512410084]}}, {"type": "Feature", "properties": {"address": null, "address_2": null, "OBJECTID": null, "ADRESS": "CALLE 90 1660", "UBIC": null, "UBC": null, "layer": "2ATT_ES3_FEB24", "path": "C:\\Users\\usuario\\OneDrive\\Escritorio\\MAPEO MATRICULA\\EES 3\\2ATT_ES3_FEB24.shp"}, "geometry": {"type": "Point", "coordinates": [-58.536959414164855, -34.549576117411966]}}, {"type": "Feature", "properties": {"address": null, "address_2": null, "OBJECTID": null, "ADRESS": "ROSARIO 4021", "UBIC": null, "UBC": null, "layer": "2ATT_ES3_FEB24", "path": "C:\\Users\\usuario\\OneDrive\\Escritorio\\MAPEO MATRICULA\\EES 3\\2ATT_ES3_FEB24.shp"}, "geometry": {"type": "Point", "coordinates": [-58.5425302494367, -34.54890434558284]}}, {"type": "Feature", "properties": {"address": null, "address_2": null, "OBJECTID": null, "ADRESS": "ROSARIO 4025", "UBIC": null, "UBC": null, "layer": "2ATT_ES3_FEB24", "path": "C:\\Users\\usuario\\OneDrive\\Escritorio\\MAPEO MATRICULA\\EES 3\\2ATT_ES3_FEB24.shp"}, "geometry": {"type": "Point", "coordinates": [-58.542575772094715, -34.54888247385074]}}, {"type": "Feature", "properties": {"address": null, "address_2": null, "OBJECTID": null, "ADRESS": "JM CAMPOS 2040", "UBIC": null, "UBC": null, "layer": "2ATT_ES3_FEB24", "path": "C:\\Users\\usuario\\OneDrive\\Escritorio\\MAPEO MATRICULA\\EES 3\\2ATT_ES3_FEB24.shp"}, "geometry": {"type": "Point", "coordinates": [-58.53396629940183, -34.55652785623383]}}, {"type": "Feature", "properties": {"address": null, "address_2": null, "OBJECTID": null, "ADRESS": "CORRIENTES 3293", "UBIC": null, "UBC": null, "layer": "2ATT_ES3_FEB24", "path": "C:\\Users\\usuario\\OneDrive\\Escritorio\\MAPEO MATRICULA\\EES 3\\2ATT_ES3_FEB24.shp"}, "geometry": {"type": "Point", "coordinates": [-58.53764035725731, -34.556554412324594]}}, {"type": "Feature", "properties": {"address": null, "address_2": null, "OBJECTID": null, "ADRESS": "MARIA SILVA 559", "UBIC": null, "UBC": null, "layer": "2ATT_ES3_FEB24", "path": "C:\\Users\\usuario\\OneDrive\\Escritorio\\MAPEO MATRICULA\\EES 3\\2ATT_ES3_FEB24.shp"}, "geometry": {"type": "Point", "coordinates": [-58.53953713467371, -34.54901526642145]}}, {"type": "Feature", "properties": {"address": null, "address_2": null, "OBJECTID": null, "ADRESS": "4 DE FEBRERO 3239", "UBIC": null, "UBC": null, "layer": "2ATT_ES3_FEB24", "path": "C:\\Users\\usuario\\OneDrive\\Escritorio\\MAPEO MATRICULA\\EES 3\\2ATT_ES3_FEB24.shp"}, "geometry": {"type": "Point", "coordinates": [-58.527485010970146, -34.55089621136918]}}, {"type": "Feature", "properties": {"address": null, "address_2": null, "OBJECTID": null, "ADRESS": "C FERNANDEZ 3434", "UBIC": null, "UBC": null, "layer": "2ATT_ES3_FEB24", "path": "C:\\Users\\usuario\\OneDrive\\Escritorio\\MAPEO MATRICULA\\EES 3\\2ATT_ES3_FEB24.shp"}, "geometry": {"type": "Point", "coordinates": [-58.52811094751753, -34.54674370313838]}}, {"type": "Feature", "properties": {"address": null, "address_2": null, "OBJECTID": null, "ADRESS": null, "UBIC": "CORRIENTES 3456-1", "UBC": null, "layer": "3A_TM_ES3_DIC23", "path": "C:/Users/usuario/Documents/3A_TM_ES3_DIC23.shp"}, "geometry": {"type": "Point", "coordinates": [-58.53967365046336, -34.55596902912192]}}, {"type": "Feature", "properties": {"address": null, "address_2": null, "OBJECTID": null, "ADRESS": null, "UBIC": "CORRIENTES 3456-2", "UBC": null, "layer": "3A_TM_ES3_DIC23", "path": "C:/Users/usuario/Documents/3A_TM_ES3_DIC23.shp"}, "geometry": {"type": "Point", "coordinates": [-58.5397295648132, -34.55600586873068]}}, {"type": "Feature", "properties": {"address": null, "address_2": null, "OBJECTID": null, "ADRESS": null, "UBIC": "AV 4 DE FEBRERO 3696", "UBC": null, "layer": "3A_TM_ES3_DIC23", "path": "C:/Users/usuario/Documents/3A_TM_ES3_DIC23.shp"}, "geometry": {"type": "Point", "coordinates": [-58.53303475332486, -34.54617832488667]}}, {"type": "Feature", "properties": {"address": null, "address_2": null, "OBJECTID": null, "ADRESS": null, "UBIC": "AGUSTIN ALVAREZ 1776", "UBC": null, "layer": "3A_TM_ES3_DIC23", "path": "C:/Users/usuario/Documents/3A_TM_ES3_DIC23.shp"}, "geometry": {"type": "Point", "coordinates": [-58.53711659166474, -34.550626856848936]}}, {"type": "Feature", "properties": {"address": null, "address_2": null, "OBJECTID": null, "ADRESS": null, "UBIC": "BAHIA BLANCA 681", "UBC": null, "layer": "3A_TM_ES3_DIC23", "path": "C:/Users/usuario/Documents/3A_TM_ES3_DIC23.shp"}, "geometry": {"type": "Point", "coordinates": [-58.53873789309351, -34.5508612209588]}}, {"type": "Feature", "properties": {"address": null, "address_2": null, "OBJECTID": null, "ADRESS": null, "UBIC": "SAN JOSE 1367", "UBC": null, "layer": "3A_TM_ES3_DIC23", "path": "C:/Users/usuario/Documents/3A_TM_ES3_DIC23.shp"}, "geometry": {"type": "Point", "coordinates": [-58.526484983743444, -34.55442272251929]}}, {"type": "Feature", "properties": {"address": null, "address_2": null, "OBJECTID": null, "ADRESS": null, "UBIC": "STA ROSALIA 1467", "UBC": null, "layer": "3A_TM_ES3_DIC23", "path": "C:/Users/usuario/Documents/3A_TM_ES3_DIC23.shp"}, "geometry": {"type": "Point", "coordinates": [-58.531561923672555, -34.55011424885955]}}, {"type": "Feature", "properties": {"address": null, "address_2": null, "OBJECTID": null, "ADRESS": null, "UBIC": "COLOMBIA 1573", "UBC": null, "layer": "3A_TM_ES3_DIC23", "path": "C:/Users/usuario/Documents/3A_TM_ES3_DIC23.shp"}, "geometry": {"type": "Point", "coordinates": [-58.52767240799941, -34.556390146116016]}}, {"type": "Feature", "properties": {"address": null, "address_2": null, "OBJECTID": null, "ADRESS": null, "UBIC": "MENDOZA 669", "UBC": null, "layer": "3A_TM_ES3_DIC23", "path": "C:/Users/usuario/Documents/3A_TM_ES3_DIC23.shp"}, "geometry": {"type": "Point", "coordinates": [-58.53646355490244, -34.54976578793192]}}, {"type": "Feature", "properties": {"address": null, "address_2": null, "OBJECTID": null, "ADRESS": null, "UBIC": "A ALVAREZ 2750", "UBC": null, "layer": "3A_TM_ES3_DIC23", "path": "C:/Users/usuario/Documents/3A_TM_ES3_DIC23.shp"}, "geometry": {"type": "Point", "coordinates": [-58.54641875156819, -34.556280418236405]}}, {"type": "Feature", "properties": {"address": null, "address_2": null, "OBJECTID": null, "ADRESS": null, "UBIC": "WILLIAMS MORRIS 1604", "UBC": null, "layer": "3A_TM_ES3_DIC23", "path": "C:/Users/usuario/Documents/3A_TM_ES3_DIC23.shp"}, "geometry": {"type": "Point", "coordinates": [-58.53058486985562, -34.554058878811205]}}, {"type": "Feature", "properties": {"address": null, "address_2": null, "OBJECTID": null, "ADRESS": null, "UBIC": "M SILVA 592", "UBC": null, "layer": "3A_TM_ES3_DIC23", "path": "C:/Users/usuario/Documents/3A_TM_ES3_DIC23.shp"}, "geometry": {"type": "Point", "coordinates": [-58.54108936711224, -34.547759702718594]}}, {"type": "Feature", "properties": {"address": null, "address_2": null, "OBJECTID": null, "ADRESS": null, "UBIC": "MENDOZA 3530", "UBC": null, "layer": "3A_TM_ES3_DIC23", "path": "C:/Users/usuario/Documents/3A_TM_ES3_DIC23.shp"}, "geometry": {"type": "Point", "coordinates": [-58.53513822113643, -34.55053586537904]}}, {"type": "Feature", "properties": {"address": null, "address_2": null, "OBJECTID": null, "ADRESS": null, "UBIC": "PELAGIO LUNA 1837", "UBC": null, "layer": "3A_TM_ES3_DIC23", "path": "C:/Users/usuario/Documents/3A_TM_ES3_DIC23.shp"}, "geometry": {"type": "Point", "coordinates": [-58.53761124251996, -34.55187963345532]}}, {"type": "Feature", "properties": {"address": null, "address_2": null, "OBJECTID": null, "ADRESS": null, "UBIC": "URIBURU 3437", "UBC": null, "layer": "3A_TM_ES3_DIC23", "path": "C:/Users/usuario/Documents/3A_TM_ES3_DIC23.shp"}, "geometry": {"type": "Point", "coordinates": [-58.527853560321944, -34.5460645037623]}}, {"type": "Feature", "properties": {"address": null, "address_2": null, "OBJECTID": null, "ADRESS": null, "UBIC": "AGUSTIN ALVAREZ 1107", "UBC": null, "layer": "3A_TM_ES3_DIC23", "path": "C:/Users/usuario/Documents/3A_TM_ES3_DIC23.shp"}, "geometry": {"type": "Point", "coordinates": [-58.53219186626509, -34.54696938427645]}}, {"type": "Feature", "properties": {"address": null, "address_2": null, "OBJECTID": null, "ADRESS": null, "UBIC": "D.F. SARMIENTO 1751", "UBC": null, "layer": "3A_TM_ES3_DIC23", "path": "C:/Users/usuario/Documents/3A_TM_ES3_DIC23.shp"}, "geometry": {"type": "Point", "coordinates": [-58.533220343967095, -34.55315311282796]}}, {"type": "Feature", "properties": {"address": null, "address_2": null, "OBJECTID": null, "ADRESS": null, "UBIC": "MELO Y HABANA", "UBC": null, "layer": "3A_TM_ES3_DIC23", "path": "C:/Users/usuario/Documents/3A_TM_ES3_DIC23.shp"}, "geometry": {"type": "Point", "coordinates": [-58.523066464108794, -34.55003435325093]}}, {"type": "Feature", "properties": {"address": null, "address_2": null, "OBJECTID": null, "ADRESS": null, "UBIC": "URIBURU 3437", "UBC": null, "layer": "3A_TM_ES3_DIC23", "path": "C:/Users/usuario/Documents/3A_TM_ES3_DIC23.shp"}, "geometry": {"type": "Point", "coordinates": [-58.528021856673114, -34.54592973348221]}}, {"type": "Feature", "properties": {"address": null, "address_2": null, "OBJECTID": null, "ADRESS": null, "UBIC": "JM CAMPOS 2445", "UBC": null, "layer": "3A_TM_ES3_DIC23", "path": "C:/Users/usuario/Documents/3A_TM_ES3_DIC23.shp"}, "geometry": {"type": "Point", "coordinates": [-58.53692753859299, -34.55878198542286]}}, {"type": "Feature", "properties": {"address": null, "address_2": null, "OBJECTID": null, "ADRESS": null, "UBIC": "ROCA 5150", "UBC": null, "layer": "3A_TM_ES3_DIC23", "path": "C:/Users/usuario/Documents/3A_TM_ES3_DIC23.shp"}, "geometry": {"type": "Point", "coordinates": [-58.5232067110681, -34.546534272746634]}}, {"type": "Feature", "properties": {"address": null, "address_2": null, "OBJECTID": null, "ADRESS": null, "UBIC": "STA. ROSALIA 2260", "UBC": null, "layer": "3A_TM_ES3_DIC23", "path": "C:/Users/usuario/Documents/3A_TM_ES3_DIC23.shp"}, "geometry": {"type": "Point", "coordinates": [-58.53744645234261, -34.557553830248274]}}, {"type": "Feature", "properties": {"address": null, "address_2": null, "OBJECTID": null, "ADRESS": null, "UBIC": "W MORRIS 1140", "UBC": null, "layer": "3A_TM_ES3_DIC23", "path": "C:/Users/usuario/Documents/3A_TM_ES3_DIC23.shp"}, "geometry": {"type": "Point", "coordinates": [-58.52522626728302, -34.55085833319296]}}, {"type": "Feature", "properties": {"address": null, "address_2": null, "OBJECTID": null, "ADRESS": null, "UBIC": "25 DE MAYO 912", "UBC": null, "layer": "3A_TM_ES3_DIC23", "path": "C:/Users/usuario/Documents/3A_TM_ES3_DIC23.shp"}, "geometry": {"type": "Point", "coordinates": [-58.580469544578115, -34.52523027894206]}}, {"type": "Feature", "properties": {"address": null, "address_2": null, "OBJECTID": null, "ADRESS": null, "UBIC": "WILLIAM MORRIS 1604", "UBC": null, "layer": "3A_TM_ES3_DIC23", "path": "C:/Users/usuario/Documents/3A_TM_ES3_DIC23.shp"}, "geometry": {"type": "Point", "coordinates": [-58.53066726494413, -34.55398716868633]}}, {"type": "Feature", "properties": {"address": null, "address_2": null, "OBJECTID": null, "ADRESS": "A ALVAREZ 1050", "UBIC": null, "UBC": null, "layer": "3A_TT_ES3_FEB24", "path": "C:\\Users\\usuario\\OneDrive\\Escritorio\\MAPEO MATRICULA\\EES 3\\2A_TT_ES3_FEB24.shp"}, "geometry": {"type": "Point", "coordinates": [-58.531855186137456, -34.547040540926986]}}, {"type": "Feature", "properties": {"address": null, "address_2": null, "OBJECTID": null, "ADRESS": "INT CASARES 2162", "UBIC": null, "UBC": null, "layer": "3A_TT_ES3_FEB24", "path": "C:\\Users\\usuario\\OneDrive\\Escritorio\\MAPEO MATRICULA\\EES 3\\2A_TT_ES3_FEB24.shp"}, "geometry": {"type": "Point", "coordinates": [-58.538882746465084, -34.5545954873501]}}, {"type": "Feature", "properties": {"address": null, "address_2": null, "OBJECTID": null, "ADRESS": "MENDOZA 346", "UBIC": null, "UBC": null, "layer": "3A_TT_ES3_FEB24", "path": "C:\\Users\\usuario\\OneDrive\\Escritorio\\MAPEO MATRICULA\\EES 3\\2A_TT_ES3_FEB24.shp"}, "geometry": {"type": "Point", "coordinates": [-58.5404589684981, -34.54730847517964]}}, {"type": "Feature", "properties": {"address": null, "address_2": null, "OBJECTID": null, "ADRESS": "BERMEJO 1969", "UBIC": null, "UBC": null, "layer": "3A_TT_ES3_FEB24", "path": "C:\\Users\\usuario\\OneDrive\\Escritorio\\MAPEO MATRICULA\\EES 3\\2A_TT_ES3_FEB24.shp"}, "geometry": {"type": "Point", "coordinates": [-58.54091798863284, -34.54977218002808]}}, {"type": "Feature", "properties": {"address": null, "address_2": null, "OBJECTID": null, "ADRESS": "BERUTTI 1770", "UBIC": null, "UBC": null, "layer": "3A_TT_ES3_FEB24", "path": "C:\\Users\\usuario\\OneDrive\\Escritorio\\MAPEO MATRICULA\\EES 3\\2A_TT_ES3_FEB24.shp"}, "geometry": {"type": "Point", "coordinates": [-58.52681734531962, -34.543080793918946]}}, {"type": "Feature", "properties": {"address": null, "address_2": null, "OBJECTID": null, "ADRESS": "BAHIA BLANCA 3320", "UBIC": null, "UBC": null, "layer": "3A_TT_ES3_FEB24", "path": "C:\\Users\\usuario\\OneDrive\\Escritorio\\MAPEO MATRICULA\\EES 3\\2A_TT_ES3_FEB24.shp"}, "geometry": {"type": "Point", "coordinates": [-58.534764842694194, -34.55394796970942]}}, {"type": "Feature", "properties": {"address": null, "address_2": null, "OBJECTID": null, "ADRESS": "D POMBO 3031", "UBIC": null, "UBC": null, "layer": "3A_TT_ES3_FEB24", "path": "C:\\Users\\usuario\\OneDrive\\Escritorio\\MAPEO MATRICULA\\EES 3\\2A_TT_ES3_FEB24.shp"}, "geometry": {"type": "Point", "coordinates": [-58.54236712657896, -34.56412020971453]}}, {"type": "Feature", "properties": {"address": null, "address_2": null, "OBJECTID": null, "ADRESS": "A ALVAREZ 1872", "UBIC": null, "UBC": null, "layer": "3A_TT_ES3_FEB24", "path": "C:\\Users\\usuario\\OneDrive\\Escritorio\\MAPEO MATRICULA\\EES 3\\2A_TT_ES3_FEB24.shp"}, "geometry": {"type": "Point", "coordinates": [-58.53784391669049, -34.55112790913629]}}, {"type": "Feature", "properties": {"address": null, "address_2": null, "OBJECTID": null, "ADRESS": "LA NUEVA 1025", "UBIC": null, "UBC": null, "layer": "3A_TT_ES3_FEB24", "path": "C:\\Users\\usuario\\OneDrive\\Escritorio\\MAPEO MATRICULA\\EES 3\\2A_TT_ES3_FEB24.shp"}, "geometry": {"type": "Point", "coordinates": [-58.52434774112354, -34.55234516612938]}}, {"type": "Feature", "properties": {"address": null, "address_2": null, "OBJECTID": null, "ADRESS": "MENDOZA 669", "UBIC": null, "UBC": null, "layer": "3A_TT_ES3_FEB24", "path": "C:\\Users\\usuario\\OneDrive\\Escritorio\\MAPEO MATRICULA\\EES 3\\2A_TT_ES3_FEB24.shp"}, "geometry": {"type": "Point", "coordinates": [-58.537435505296436, -34.549847167998166]}}, {"type": "Feature", "properties": {"address": null, "address_2": null, "OBJECTID": null, "ADRESS": "ROSARIO 3580", "UBIC": null, "UBC": null, "layer": "3A_TT_ES3_FEB24", "path": "C:\\Users\\usuario\\OneDrive\\Escritorio\\MAPEO MATRICULA\\EES 3\\2A_TT_ES3_FEB24.shp"}, "geometry": {"type": "Point", "coordinates": [-58.538308022907984, -34.55257637167044]}}, {"type": "Feature", "properties": {"address": null, "address_2": null, "OBJECTID": null, "ADRESS": "J INGENIEROS 3440", "UBIC": null, "UBC": null, "layer": "3A_TT_ES3_FEB24", "path": "C:\\Users\\usuario\\OneDrive\\Escritorio\\MAPEO MATRICULA\\EES 3\\2A_TT_ES3_FEB24.shp"}, "geometry": {"type": "Point", "coordinates": [-58.58405070708101, -34.53475291487634]}}, {"type": "Feature", "properties": {"address": null, "address_2": null, "OBJECTID": null, "ADRESS": "CORDOBA 3096", "UBIC": null, "UBC": null, "layer": "3A_TT_ES3_FEB24", "path": "C:\\Users\\usuario\\OneDrive\\Escritorio\\MAPEO MATRICULA\\EES 3\\2A_TT_ES3_FEB24.shp"}, "geometry": {"type": "Point", "coordinates": [-58.53932090204833, -34.561205502742034]}}, {"type": "Feature", "properties": {"address": null, "address_2": null, "OBJECTID": null, "ADRESS": "URQUIZA 430", "UBIC": null, "UBC": null, "layer": "3A_TT_ES3_FEB24", "path": "C:\\Users\\usuario\\OneDrive\\Escritorio\\MAPEO MATRICULA\\EES 3\\2A_TT_ES3_FEB24.shp"}, "geometry": {"type": "Point", "coordinates": [-58.52895311669053, -34.544021338774876]}}, {"type": "Feature", "properties": {"address": null, "address_2": null, "OBJECTID": null, "ADRESS": "MENDOZA 550", "UBIC": null, "UBC": null, "layer": "3A_TT_ES3_FEB24", "path": "C:\\Users\\usuario\\OneDrive\\Escritorio\\MAPEO MATRICULA\\EES 3\\2A_TT_ES3_FEB24.shp"}, "geometry": {"type": "Point", "coordinates": [-58.53871772682997, -34.54881451521789]}}, {"type": "Feature", "properties": {"address": null, "address_2": null, "OBJECTID": null, "ADRESS": "CALLE 90 1220", "UBIC": null, "UBC": null, "layer": "3A_TT_ES3_FEB24", "path": "C:\\Users\\usuario\\OneDrive\\Escritorio\\MAPEO MATRICULA\\EES 3\\2A_TT_ES3_FEB24.shp"}, "geometry": {"type": "Point", "coordinates": [-58.53402130594707, -34.546983516907694]}}, {"type": "Feature", "properties": {"address": null, "address_2": null, "OBJECTID": null, "ADRESS": "CAMPOS Y CONST -1", "UBIC": null, "UBC": null, "layer": "3A_TT_ES3_FEB24", "path": "C:\\Users\\usuario\\OneDrive\\Escritorio\\MAPEO MATRICULA\\EES 3\\2A_TT_ES3_FEB24.shp"}, "geometry": {"type": "Point", "coordinates": [-58.52643265494668, -34.545306677452615]}}, {"type": "Feature", "properties": {"address": null, "address_2": null, "OBJECTID": null, "ADRESS": "CAMPOS Y CONSTITUYENTES S/N", "UBIC": null, "UBC": null, "layer": "3A_TT_ES3_FEB24", "path": "C:\\Users\\usuario\\OneDrive\\Escritorio\\MAPEO MATRICULA\\EES 3\\2A_TT_ES3_FEB24.shp"}, "geometry": {"type": "Point", "coordinates": [-58.52641139502726, -34.545428921989235]}}, {"type": "Feature", "properties": {"address": null, "address_2": null, "OBJECTID": null, "ADRESS": "M SILVA 626", "UBIC": null, "UBC": null, "layer": "3A_TT_ES3_FEB24", "path": "C:\\Users\\usuario\\OneDrive\\Escritorio\\MAPEO MATRICULA\\EES 3\\2A_TT_ES3_FEB24.shp"}, "geometry": {"type": "Point", "coordinates": [-58.53840665533373, -34.550048697832935]}}, {"type": "Feature", "properties": {"address": null, "address_2": null, "OBJECTID": null, "ADRESS": "MARIA SILVA 689", "UBIC": null, "UBC": null, "layer": "3A_TT_ES3_FEB24", "path": "C:\\Users\\usuario\\OneDrive\\Escritorio\\MAPEO MATRICULA\\EES 3\\2A_TT_ES3_FEB24.shp"}, "geometry": {"type": "Point", "coordinates": [-58.538152487159934, -34.55032052799964]}}, {"type": "Feature", "properties": {"address": null, "address_2": null, "OBJECTID": null, "ADRESS": "SAN JUAN 3143", "UBIC": null, "UBC": null, "layer": "3A_TT_ES3_FEB24", "path": "C:\\Users\\usuario\\OneDrive\\Escritorio\\MAPEO MATRICULA\\EES 3\\2A_TT_ES3_FEB24.shp"}, "geometry": {"type": "Point", "coordinates": [-58.53776080262345, -34.55864216316336]}}, {"type": "Feature", "properties": {"address": null, "address_2": null, "OBJECTID": null, "ADRESS": "CORRIENTES 3456", "UBIC": null, "UBC": null, "layer": "3A_TT_ES3_FEB24", "path": "C:\\Users\\usuario\\OneDrive\\Escritorio\\MAPEO MATRICULA\\EES 3\\2A_TT_ES3_FEB24.shp"}, "geometry": {"type": "Point", "coordinates": [-58.53962723160116, -34.55588660217448]}}, {"type": "Feature", "properties": {"address": null, "address_2": null, "OBJECTID": null, "ADRESS": "CATAMARCA 3404", "UBIC": null, "UBC": null, "layer": "3A_TT_ES3_FEB24", "path": "C:\\Users\\usuario\\OneDrive\\Escritorio\\MAPEO MATRICULA\\EES 3\\2A_TT_ES3_FEB24.shp"}, "geometry": {"type": "Point", "coordinates": [-58.53807187411973, -34.55546170029427]}}, {"type": "Feature", "properties": {"address": null, "address_2": null, "OBJECTID": null, "ADRESS": "CALLE 13 3577", "UBIC": null, "UBC": null, "layer": "3A_TT_ES3_FEB24", "path": "C:\\Users\\usuario\\OneDrive\\Escritorio\\MAPEO MATRICULA\\EES 3\\2A_TT_ES3_FEB24.shp"}, "geometry": {"type": "Point", "coordinates": [-58.529221510694995, -34.545578995166785]}}, {"type": "Feature", "properties": {"address": null, "address_2": null, "OBJECTID": null, "ADRESS": "STA ROSALIA 1465", "UBIC": null, "UBC": null, "layer": "4A_TT_ES3_FEB24", "path": "C:\\Users\\usuario\\OneDrive\\Escritorio\\MAPEO MATRICULA\\EES 3\\4A_TT_ES3_FEB24.shp"}, "geometry": {"type": "Point", "coordinates": [-58.53133072718202, -34.550087753945995]}}, {"type": "Feature", "properties": {"address": null, "address_2": null, "OBJECTID": null, "ADRESS": "STA ROSALIA 1465", "UBIC": null, "UBC": null, "layer": "4A_TT_ES3_FEB24", "path": "C:\\Users\\usuario\\OneDrive\\Escritorio\\MAPEO MATRICULA\\EES 3\\4A_TT_ES3_FEB24.shp"}, "geometry": {"type": "Point", "coordinates": [-58.53136866273034, -34.55013774574395]}}, {"type": "Feature", "properties": {"address": null, "address_2": null, "OBJECTID": null, "ADRESS": "MARIA SILVA 452", "UBIC": null, "UBC": null, "layer": "4A_TT_ES3_FEB24", "path": "C:\\Users\\usuario\\OneDrive\\Escritorio\\MAPEO MATRICULA\\EES 3\\4A_TT_ES3_FEB24.shp"}, "geometry": {"type": "Point", "coordinates": [-58.54034800701939, -34.548456755063036]}}, {"type": "Feature", "properties": {"address": null, "address_2": null, "OBJECTID": null, "ADRESS": "PELAGIO LUNA 2035", "UBIC": null, "UBC": null, "layer": "4A_TT_ES3_FEB24", "path": "C:\\Users\\usuario\\OneDrive\\Escritorio\\MAPEO MATRICULA\\EES 3\\4A_TT_ES3_FEB24.shp"}, "geometry": {"type": "Point", "coordinates": [-58.538637113789825, -34.55245920678063]}}, {"type": "Feature", "properties": {"address": null, "address_2": null, "OBJECTID": null, "ADRESS": "MENDOZA Y LA NUEVA", "UBIC": null, "UBC": null, "layer": "4A_TT_ES3_FEB24", "path": "C:\\Users\\usuario\\OneDrive\\Escritorio\\MAPEO MATRICULA\\EES 3\\4A_TT_ES3_FEB24.shp"}, "geometry": {"type": "Point", "coordinates": [-58.52785203740035, -34.55429320893393]}}, {"type": "Feature", "properties": {"address": null, "address_2": null, "OBJECTID": null, "ADRESS": "BAHIA BLANCA 3753", "UBIC": null, "UBC": null, "layer": "4A_TT_ES3_FEB24", "path": "C:\\Users\\usuario\\OneDrive\\Escritorio\\MAPEO MATRICULA\\EES 3\\4A_TT_ES3_FEB24.shp"}, "geometry": {"type": "Point", "coordinates": [-58.53865987511877, -34.55084543891197]}}, {"type": "Feature", "properties": {"address": null, "address_2": null, "OBJECTID": null, "ADRESS": "ITALIA 3360", "UBIC": null, "UBC": null, "layer": "4A_TT_ES3_FEB24", "path": "C:\\Users\\usuario\\OneDrive\\Escritorio\\MAPEO MATRICULA\\EES 3\\4A_TT_ES3_FEB24.shp"}, "geometry": {"type": "Point", "coordinates": [-58.53407726088085, -34.55346994380274]}}, {"type": "Feature", "properties": {"address": null, "address_2": null, "OBJECTID": null, "ADRESS": "SAAVEDRA 3638", "UBIC": null, "UBC": null, "layer": "4A_TT_ES3_FEB24", "path": "C:\\Users\\usuario\\OneDrive\\Escritorio\\MAPEO MATRICULA\\EES 3\\4A_TT_ES3_FEB24.shp"}, "geometry": {"type": "Point", "coordinates": [-58.53723160172428, -34.550878245734026]}}, {"type": "Feature", "properties": {"address": null, "address_2": null, "OBJECTID": null, "ADRESS": "CASARES 2162", "UBIC": null, "UBC": null, "layer": "4A_TT_ES3_FEB24", "path": "C:\\Users\\usuario\\OneDrive\\Escritorio\\MAPEO MATRICULA\\EES 3\\4A_TT_ES3_FEB24.shp"}, "geometry": {"type": "Point", "coordinates": [-58.538841965750755, -34.554475982061035]}}, {"type": "Feature", "properties": {"address": null, "address_2": null, "OBJECTID": null, "ADRESS": "SANTA ROSALIA 1465", "UBIC": null, "UBC": null, "layer": "4A_TT_ES3_FEB24", "path": "C:\\Users\\usuario\\OneDrive\\Escritorio\\MAPEO MATRICULA\\EES 3\\4A_TT_ES3_FEB24.shp"}, "geometry": {"type": "Point", "coordinates": [-58.531383836949615, -34.55009244067835]}}, {"type": "Feature", "properties": {"address": null, "address_2": null, "OBJECTID": null, "ADRESS": "LA NUEVA 1025", "UBIC": null, "UBC": null, "layer": "4A_TT_ES3_FEB24", "path": "C:\\Users\\usuario\\OneDrive\\Escritorio\\MAPEO MATRICULA\\EES 3\\4A_TT_ES3_FEB24.shp"}, "geometry": {"type": "Point", "coordinates": [-58.524346792734896, -34.552351414936254]}}, {"type": "Feature", "properties": {"address": null, "address_2": null, "OBJECTID": null, "ADRESS": "D POMBO 3031", "UBIC": null, "UBC": null, "layer": "4A_TT_ES3_FEB24", "path": "C:\\Users\\usuario\\OneDrive\\Escritorio\\MAPEO MATRICULA\\EES 3\\4A_TT_ES3_FEB24.shp"}, "geometry": {"type": "Point", "coordinates": [-58.54241928795801, -34.56414207744085]}}, {"type": "Feature", "properties": {"address": null, "address_2": null, "OBJECTID": null, "ADRESS": "BAHIA BLANCA 3969", "UBIC": null, "UBC": null, "layer": "4A_TT_ES3_FEB24", "path": "C:\\Users\\usuario\\OneDrive\\Escritorio\\MAPEO MATRICULA\\EES 3\\4A_TT_ES3_FEB24.shp"}, "geometry": {"type": "Point", "coordinates": [-58.5413608861597, -34.54859579740205]}}, {"type": "Feature", "properties": {"address": null, "address_2": null, "OBJECTID": null, "ADRESS": "BOULOGNE 2589", "UBIC": null, "UBC": null, "layer": "4A_TT_ES3_FEB24", "path": "C:\\Users\\usuario\\OneDrive\\Escritorio\\MAPEO MATRICULA\\EES 3\\4A_TT_ES3_FEB24.shp"}, "geometry": {"type": "Point", "coordinates": [-58.52188287887107, -34.556998835055985]}}, {"type": "Feature", "properties": {"address": null, "address_2": null, "OBJECTID": null, "ADRESS": "ALBERDI 3481", "UBIC": null, "UBC": null, "layer": "4A_TT_ES3_FEB24", "path": "C:\\Users\\usuario\\OneDrive\\Escritorio\\MAPEO MATRICULA\\EES 3\\4A_TT_ES3_FEB24.shp"}, "geometry": {"type": "Point", "coordinates": [-58.54200341950949, -34.55731203840176]}}, {"type": "Feature", "properties": {"address": null, "address_2": null, "OBJECTID": null, "ADRESS": "4 DE FEBRERO 3129", "UBIC": null, "UBC": null, "layer": "4A_TT_ES3_FEB24", "path": "C:\\Users\\usuario\\OneDrive\\Escritorio\\MAPEO MATRICULA\\EES 3\\4A_TT_ES3_FEB24.shp"}, "geometry": {"type": "Point", "coordinates": [-58.52737167851967, -34.55095245159343]}}, {"type": "Feature", "properties": {"address": null, "address_2": null, "OBJECTID": null, "ADRESS": "MORRIS 1150", "UBIC": null, "UBC": null, "layer": "4A_TT_ES3_FEB24", "path": "C:\\Users\\usuario\\OneDrive\\Escritorio\\MAPEO MATRICULA\\EES 3\\4A_TT_ES3_FEB24.shp"}, "geometry": {"type": "Point", "coordinates": [-58.52614256675388, -34.551243025479415]}}, {"type": "Feature", "properties": {"address": null, "address_2": null, "OBJECTID": null, "ADRESS": "MENDOZA 629", "UBIC": null, "UBC": null, "layer": "4A_TT_ES3_FEB24", "path": "C:\\Users\\usuario\\OneDrive\\Escritorio\\MAPEO MATRICULA\\EES 3\\4A_TT_ES3_FEB24.shp"}, "geometry": {"type": "Point", "coordinates": [-58.53750805703276, -34.549777647903255]}}, {"type": "Feature", "properties": {"address": null, "address_2": null, "OBJECTID": null, "ADRESS": "AV CONSTITUYENTES 1091", "UBIC": null, "UBC": null, "layer": "4A_TT_ES3_FEB24", "path": "C:\\Users\\usuario\\OneDrive\\Escritorio\\MAPEO MATRICULA\\EES 3\\4A_TT_ES3_FEB24.shp"}, "geometry": {"type": "Point", "coordinates": [-58.52412329620075, -34.55112658039132]}}, {"type": "Feature", "properties": {"address": null, "address_2": null, "OBJECTID": null, "ADRESS": "ZIMMERMAN 3615", "UBIC": null, "UBC": null, "layer": "4A_TT_ES3_FEB24", "path": "C:\\Users\\usuario\\OneDrive\\Escritorio\\MAPEO MATRICULA\\EES 3\\4A_TT_ES3_FEB24.shp"}, "geometry": {"type": "Point", "coordinates": [-58.530643619562966, -34.546198456231274]}}, {"type": "Feature", "properties": {"address": null, "address_2": null, "OBJECTID": null, "ADRESS": "ECUADOR 2882", "UBIC": null, "UBC": null, "layer": "4A_TT_ES3_FEB24", "path": "C:\\Users\\usuario\\OneDrive\\Escritorio\\MAPEO MATRICULA\\EES 3\\4A_TT_ES3_FEB24.shp"}, "geometry": {"type": "Point", "coordinates": [-58.52739633662612, -34.55615607007324]}}, {"type": "Feature", "properties": {"address": null, "address_2": null, "OBJECTID": null, "ADRESS": "SAN LUIS 2502", "UBIC": null, "UBC": null, "layer": "4A_TT_ES3_FEB24", "path": "C:\\Users\\usuario\\OneDrive\\Escritorio\\MAPEO MATRICULA\\EES 3\\4A_TT_ES3_FEB24.shp"}, "geometry": {"type": "Point", "coordinates": [-58.540840694953346, -34.557187069627126]}}, {"type": "Feature", "properties": {"address": null, "address_2": null, "OBJECTID": null, "ADRESS": "ECUADOR 521", "UBIC": null, "UBC": null, "layer": "4A_TT_ES3_FEB24", "path": "C:\\Users\\usuario\\OneDrive\\Escritorio\\MAPEO MATRICULA\\EES 3\\4A_TT_ES3_FEB24.shp"}, "geometry": {"type": "Point", "coordinates": [-58.52715165233946, -34.55632634209254]}}, {"type": "Feature", "properties": {"address": null, "address_2": null, "OBJECTID": null, "ADRESS": "INT CASARES 1948", "UBIC": null, "UBC": null, "layer": "4A_TT_ES3_FEB24", "path": "C:\\Users\\usuario\\OneDrive\\Escritorio\\MAPEO MATRICULA\\EES 3\\4A_TT_ES3_FEB24.shp"}, "geometry": {"type": "Point", "coordinates": [-58.536774004172685, -34.55277242721718]}}, {"type": "Feature", "properties": {"address": null, "address_2": null, "OBJECTID": null, "ADRESS": null, "UBIC": "CATAMARCA 3180", "UBC": null, "layer": "4TO_TM_ES3", "path": "C:/Users/usuario/OneDrive/Escritorio/MAPEO MATRICULA/EES 3/4TO_TM_ES3.shp"}, "geometry": {"type": "Point", "coordinates": [-58.53591887485747, -34.556968357245715]}}, {"type": "Feature", "properties": {"address": null, "address_2": null, "OBJECTID": null, "ADRESS": null, "UBIC": "CATAMARCA 3180-2", "UBC": null, "layer": "4TO_TM_ES3", "path": "C:/Users/usuario/OneDrive/Escritorio/MAPEO MATRICULA/EES 3/4TO_TM_ES3.shp"}, "geometry": {"type": "Point", "coordinates": [-58.53584875137778, -34.557026108301756]}}, {"type": "Feature", "properties": {"address": null, "address_2": null, "OBJECTID": null, "ADRESS": null, "UBIC": "INT CASARES 2152", "UBC": null, "layer": "4TO_TM_ES3", "path": "C:/Users/usuario/OneDrive/Escritorio/MAPEO MATRICULA/EES 3/4TO_TM_ES3.shp"}, "geometry": {"type": "Point", "coordinates": [-58.538560192592215, -34.55427326337338]}}, {"type": "Feature", "properties": {"address": null, "address_2": null, "OBJECTID": null, "ADRESS": null, "UBIC": "A AGUSTIN ALVAREZ 1892", "UBC": null, "layer": "4TO_TM_ES3", "path": "C:/Users/usuario/OneDrive/Escritorio/MAPEO MATRICULA/EES 3/4TO_TM_ES3.shp"}, "geometry": {"type": "Point", "coordinates": [-58.53796648046424, -34.551185348504646]}}, {"type": "Feature", "properties": {"address": null, "address_2": null, "OBJECTID": null, "ADRESS": null, "UBIC": "SARMIENTO 2155", "UBC": null, "layer": "4TO_TM_ES3", "path": "C:/Users/usuario/OneDrive/Escritorio/MAPEO MATRICULA/EES 3/4TO_TM_ES3.shp"}, "geometry": {"type": "Point", "coordinates": [-58.53743821691727, -34.55625609092481]}}, {"type": "Feature", "properties": {"address": null, "address_2": null, "OBJECTID": null, "ADRESS": null, "UBIC": "ALVEAR 1980", "UBC": null, "layer": "4TO_TM_ES3", "path": "C:/Users/usuario/OneDrive/Escritorio/MAPEO MATRICULA/EES 3/4TO_TM_ES3.shp"}, "geometry": {"type": "Point", "coordinates": [-58.53573655381027, -34.55379006231358]}}, {"type": "Feature", "properties": {"address": null, "address_2": null, "OBJECTID": null, "ADRESS": null, "UBIC": "AV CONSTITUYENTES 2160", "UBC": null, "layer": "4TO_TM_ES3", "path": "C:/Users/usuario/OneDrive/Escritorio/MAPEO MATRICULA/EES 3/4TO_TM_ES3.shp"}, "geometry": {"type": "Point", "coordinates": [-58.517803642605706, -34.55997905886223]}}, {"type": "Feature", "properties": {"address": null, "address_2": null, "OBJECTID": null, "ADRESS": null, "UBIC": "ROSARIO 3845", "UBC": null, "layer": "4TO_TM_ES3", "path": "C:/Users/usuario/OneDrive/Escritorio/MAPEO MATRICULA/EES 3/4TO_TM_ES3.shp"}, "geometry": {"type": "Point", "coordinates": [-58.54092569130687, -34.55024586039595]}}, {"type": "Feature", "properties": {"address": null, "address_2": null, "OBJECTID": null, "ADRESS": null, "UBIC": "AGUSTIN ALVAREZ 1026", "UBC": null, "layer": "4TO_TM_ES3", "path": "C:/Users/usuario/OneDrive/Escritorio/MAPEO MATRICULA/EES 3/4TO_TM_ES3.shp"}, "geometry": {"type": "Point", "coordinates": [-58.53808685910432, -34.551310484439874]}}, {"type": "Feature", "properties": {"address": null, "address_2": null, "OBJECTID": null, "ADRESS": null, "UBIC": "FLORIDA 3876", "UBC": null, "layer": "4TO_TM_ES3", "path": "C:/Users/usuario/OneDrive/Escritorio/MAPEO MATRICULA/EES 3/4TO_TM_ES3.shp"}, "geometry": {"type": "Point", "coordinates": [-58.53180379532462, -34.54612007290709]}}, {"type": "Feature", "properties": {"address": null, "address_2": null, "OBJECTID": null, "ADRESS": null, "UBIC": "STA ROSALIA 1356", "UBC": null, "layer": "4TO_TM_ES3", "path": "C:/Users/usuario/OneDrive/Escritorio/MAPEO MATRICULA/EES 3/4TO_TM_ES3.shp"}, "geometry": {"type": "Point", "coordinates": [-58.530569622082176, -34.54893094426747]}}, {"type": "Feature", "properties": {"address": null, "address_2": null, "OBJECTID": null, "ADRESS": null, "UBIC": "J.V. GONZALEZ 2433", "UBC": null, "layer": "4TO_TM_ES3", "path": "C:/Users/usuario/OneDrive/Escritorio/MAPEO MATRICULA/EES 3/4TO_TM_ES3.shp"}, "geometry": {"type": "Point", "coordinates": [-58.54382295974247, -34.554128880880555]}}, {"type": "Feature", "properties": {"address": null, "address_2": null, "OBJECTID": null, "ADRESS": null, "UBIC": "MENDOZA 3553", "UBC": null, "layer": "4TO_TM_ES3", "path": "C:/Users/usuario/OneDrive/Escritorio/MAPEO MATRICULA/EES 3/4TO_TM_ES3.shp"}, "geometry": {"type": "Point", "coordinates": [-58.53560916282215, -34.5502015809815]}}, {"type": "Feature", "properties": {"address": null, "address_2": null, "OBJECTID": null, "ADRESS": null, "UBIC": "M SILVA 563", "UBC": null, "layer": "4TO_TM_ES3", "path": "C:/Users/usuario/OneDrive/Escritorio/MAPEO MATRICULA/EES 3/4TO_TM_ES3.shp"}, "geometry": {"type": "Point", "coordinates": [-58.53914338619823, -34.549366043266104]}}, {"type": "Feature", "properties": {"address": null, "address_2": null, "OBJECTID": null, "ADRESS": null, "UBIC": "CATAMARCA 3180", "UBC": null, "layer": "4TO_TM_ES3", "path": "C:/Users/usuario/OneDrive/Escritorio/MAPEO MATRICULA/EES 3/4TO_TM_ES3.shp"}, "geometry": {"type": "Point", "coordinates": [-58.53599250451106, -34.55689713088801]}}, {"type": "Feature", "properties": {"address": null, "address_2": null, "OBJECTID": null, "ADRESS": null, "UBIC": "ITUZAINGO 2195", "UBC": null, "layer": "4TO_TM_ES3", "path": "C:/Users/usuario/OneDrive/Escritorio/MAPEO MATRICULA/EES 3/4TO_TM_ES3.shp"}, "geometry": {"type": "Point", "coordinates": [-58.53257398487644, -34.57034002525922]}}, {"type": "Feature", "properties": {"address": null, "address_2": null, "OBJECTID": null, "ADRESS": null, "UBIC": "MENDOZA 3477", "UBC": null, "layer": "4TO_TM_ES3", "path": "C:/Users/usuario/OneDrive/Escritorio/MAPEO MATRICULA/EES 3/4TO_TM_ES3.shp"}, "geometry": {"type": "Point", "coordinates": [-58.53415760679263, -34.5507536280834]}}, {"type": "Feature", "properties": {"address": null, "address_2": null, "OBJECTID": null, "ADRESS": null, "UBIC": "SARMIENTO 1657", "UBC": null, "layer": "4TO_TM_ES3", "path": "C:/Users/usuario/OneDrive/Escritorio/MAPEO MATRICULA/EES 3/4TO_TM_ES3.shp"}, "geometry": {"type": "Point", "coordinates": [-58.53377192765437, -34.551547760908]}}, {"type": "Feature", "properties": {"address": null, "address_2": null, "OBJECTID": null, "ADRESS": null, "UBIC": "CASTELLI 1957", "UBC": null, "layer": "4TO_TM_ES3", "path": "C:/Users/usuario/OneDrive/Escritorio/MAPEO MATRICULA/EES 3/4TO_TM_ES3.shp"}, "geometry": {"type": "Point", "coordinates": [-58.56325300723827, -34.5629391229602]}}, {"type": "Feature", "properties": {"address": null, "address_2": null, "OBJECTID": null, "ADRESS": null, "UBIC": "JM CAMPOS 2234", "UBC": null, "layer": "4TO_TM_ES3", "path": "C:/Users/usuario/OneDrive/Escritorio/MAPEO MATRICULA/EES 3/4TO_TM_ES3.shp"}, "geometry": {"type": "Point", "coordinates": [-58.5354329775794, -34.557623829376844]}}, {"type": "Feature", "properties": {"address": null, "address_2": null, "OBJECTID": null, "ADRESS": null, "UBIC": "JM CAMPOS 2654", "UBC": null, "layer": "4TO_TM_ES3", "path": "C:/Users/usuario/OneDrive/Escritorio/MAPEO MATRICULA/EES 3/4TO_TM_ES3.shp"}, "geometry": {"type": "Point", "coordinates": [-58.53648190796297, -34.558417896626146]}}, {"type": "Feature", "properties": {"address": null, "address_2": null, "OBJECTID": null, "ADRESS": null, "UBIC": "ECUADOR Y COLOMBIA", "UBC": null, "layer": "4TO_TM_ES3", "path": "C:/Users/usuario/OneDrive/Escritorio/MAPEO MATRICULA/EES 3/4TO_TM_ES3.shp"}, "geometry": {"type": "Point", "coordinates": [-58.52730741937097, -34.556182457639736]}}, {"type": "Feature", "properties": {"address": null, "address_2": null, "OBJECTID": null, "ADRESS": null, "UBIC": "MZA Y S JOSE", "UBC": null, "layer": "4TO_TM_ES3", "path": "C:/Users/usuario/OneDrive/Escritorio/MAPEO MATRICULA/EES 3/4TO_TM_ES3.shp"}, "geometry": {"type": "Point", "coordinates": [-58.52698748099491, -34.554919131323665]}}, {"type": "Feature", "properties": {"address": null, "address_2": null, "OBJECTID": null, "ADRESS": null, "UBIC": "NECOCHEA 1180", "UBC": null, "layer": "4TO_TM_ES3", "path": "C:/Users/usuario/OneDrive/Escritorio/MAPEO MATRICULA/EES 3/4TO_TM_ES3.shp"}, "geometry": {"type": "Point", "coordinates": [-58.52535272737478, -34.547749090317055]}}, {"type": "Feature", "properties": {"address": null, "address_2": null, "OBJECTID": null, "ADRESS": null, "UBIC": "MERCEDES", "UBC": null, "layer": "4TO_TM_ES3", "path": "C:/Users/usuario/OneDrive/Escritorio/MAPEO MATRICULA/EES 3/4TO_TM_ES3.shp"}, "geometry": {"type": "Point", "coordinates": [-58.527780752858845, -34.552506726352746]}}, {"type": "Feature", "properties": {"address": null, "address_2": null, "OBJECTID": null, "ADRESS": null, "UBIC": "A ALVAREZ 1102", "UBC": null, "layer": "4TO_TM_ES3", "path": "C:/Users/usuario/OneDrive/Escritorio/MAPEO MATRICULA/EES 3/4TO_TM_ES3.shp"}, "geometry": {"type": "Point", "coordinates": [-58.537060426670344, -34.550538248328984]}}, {"type": "Feature", "properties": {"address": null, "address_2": null, "OBJECTID": null, "ADRESS": null, "UBIC": null, "UBC": "DORREGO 3740", "layer": "5TO_TM_ES3_DIC23", "path": "C:/Users/usuario/OneDrive/Escritorio/MAPEO MATRICULA/EES 3/5TO_TM_ES3_DIC23.shp"}, "geometry": {"type": "Point", "coordinates": [-58.537092566598496, -34.54898364719868]}}, {"type": "Feature", "properties": {"address": null, "address_2": null, "OBJECTID": null, "ADRESS": null, "UBIC": null, "UBC": "SAAVEDRA 3261", "layer": "5TO_TM_ES3_DIC23", "path": "C:/Users/usuario/OneDrive/Escritorio/MAPEO MATRICULA/EES 3/5TO_TM_ES3_DIC23.shp"}, "geometry": {"type": "Point", "coordinates": [-58.53172812040267, -34.55293025587866]}}, {"type": "Feature", "properties": {"address": null, "address_2": null, "OBJECTID": null, "ADRESS": null, "UBIC": null, "UBC": "MELOL Y HABANA-5TO TM", "layer": "5TO_TM_ES3_DIC23", "path": "C:/Users/usuario/OneDrive/Escritorio/MAPEO MATRICULA/EES 3/5TO_TM_ES3_DIC23.shp"}, "geometry": {"type": "Point", "coordinates": [-58.52301527805192, -34.550124332598834]}}, {"type": "Feature", "properties": {"address": null, "address_2": null, "OBJECTID": null, "ADRESS": null, "UBIC": null, "UBC": "BALCARCE 1161", "layer": "5TO_TM_ES3_DIC23", "path": "C:/Users/usuario/OneDrive/Escritorio/MAPEO MATRICULA/EES 3/5TO_TM_ES3_DIC23.shp"}, "geometry": {"type": "Point", "coordinates": [-58.52057848713294, -34.55744937419283]}}, {"type": "Feature", "properties": {"address": null, "address_2": null, "OBJECTID": null, "ADRESS": null, "UBIC": null, "UBC": "BOUCHARD 3644", "layer": "5TO_TM_ES3_DIC23", "path": "C:/Users/usuario/OneDrive/Escritorio/MAPEO MATRICULA/EES 3/5TO_TM_ES3_DIC23.shp"}, "geometry": {"type": "Point", "coordinates": [-58.534793100827216, -34.548331476157344]}}, {"type": "Feature", "properties": {"address": null, "address_2": null, "OBJECTID": null, "ADRESS": null, "UBIC": null, "UBC": "SAN LUIS 3126", "layer": "5TO_TM_ES3_DIC23", "path": "C:/Users/usuario/OneDrive/Escritorio/MAPEO MATRICULA/EES 3/5TO_TM_ES3_DIC23.shp"}, "geometry": {"type": "Point", "coordinates": [-58.53812688792385, -34.559400845130966]}}, {"type": "Feature", "properties": {"address": null, "address_2": null, "OBJECTID": null, "ADRESS": null, "UBIC": null, "UBC": "DIEGO POMBO 3051", "layer": "5TO_TM_ES3_DIC23", "path": "C:/Users/usuario/OneDrive/Escritorio/MAPEO MATRICULA/EES 3/5TO_TM_ES3_DIC23.shp"}, "geometry": {"type": "Point", "coordinates": [-58.54246285641765, -34.564314210380914]}}, {"type": "Feature", "properties": {"address": null, "address_2": null, "OBJECTID": null, "ADRESS": null, "UBIC": null, "UBC": "PALACIOS 3361", "layer": "5TO_TM_ES3_DIC23", "path": "C:/Users/usuario/OneDrive/Escritorio/MAPEO MATRICULA/EES 3/5TO_TM_ES3_DIC23.shp"}, "geometry": {"type": "Point", "coordinates": [-58.539003431419886, -34.562418195890935]}}, {"type": "Feature", "properties": {"address": null, "address_2": null, "OBJECTID": null, "ADRESS": null, "UBIC": null, "UBC": "COCHABAMBA 3451", "layer": "5TO_TM_ES3_DIC23", "path": "C:/Users/usuario/OneDrive/Escritorio/MAPEO MATRICULA/EES 3/5TO_TM_ES3_DIC23.shp"}, "geometry": {"type": "Point", "coordinates": [-58.539073554899566, -34.57155620285105]}}, {"type": "Feature", "properties": {"address": null, "address_2": null, "OBJECTID": null, "ADRESS": null, "UBIC": null, "UBC": "CALLE 21 3804", "layer": "5TO_TM_ES3_DIC23", "path": "C:/Users/usuario/OneDrive/Escritorio/MAPEO MATRICULA/EES 3/5TO_TM_ES3_DIC23.shp"}, "geometry": {"type": "Point", "coordinates": [-58.53164630967638, -34.54623775598382]}}, {"type": "Feature", "properties": {"address": null, "address_2": null, "OBJECTID": null, "ADRESS": null, "UBIC": null, "UBC": "STA ROSA 4954", "layer": "5TO_TM_ES3_DIC23", "path": "C:/Users/usuario/OneDrive/Escritorio/MAPEO MATRICULA/EES 3/5TO_TM_ES3_DIC23.shp"}, "geometry": {"type": "Point", "coordinates": [-58.52158140708617, -34.54673906452291]}}, {"type": "Feature", "properties": {"address": null, "address_2": null, "OBJECTID": null, "ADRESS": null, "UBIC": null, "UBC": "JM CAMPOS 2150", "layer": "5TO_TM_ES3_DIC23", "path": "C:/Users/usuario/OneDrive/Escritorio/MAPEO MATRICULA/EES 3/5TO_TM_ES3_DIC23.shp"}, "geometry": {"type": "Point", "coordinates": [-58.53547388294245, -34.55772609603869]}}, {"type": "Feature", "properties": {"address": null, "address_2": null, "OBJECTID": null, "ADRESS": null, "UBIC": null, "UBC": "SAAVEDRA 3567", "layer": "5TO_TM_ES3_DIC23", "path": "C:/Users/usuario/OneDrive/Escritorio/MAPEO MATRICULA/EES 3/5TO_TM_ES3_DIC23.shp"}, "geometry": {"type": "Point", "coordinates": [-58.53621017947913, -34.551166337451775]}}, {"type": "Feature", "properties": {"address": null, "address_2": null, "OBJECTID": null, "ADRESS": null, "UBIC": null, "UBC": "BOLIVIA 3108", "layer": "5TO_TM_ES3_DIC23", "path": "C:/Users/usuario/OneDrive/Escritorio/MAPEO MATRICULA/EES 3/5TO_TM_ES3_DIC23.shp"}, "geometry": {"type": "Point", "coordinates": [-58.54228754771841, -34.56226901525166]}}, {"type": "Feature", "properties": {"address": null, "address_2": null, "OBJECTID": null, "ADRESS": null, "UBIC": null, "UBC": "JM CAMPOS 2654", "layer": "5TO_TM_ES3_DIC23", "path": "C:/Users/usuario/OneDrive/Escritorio/MAPEO MATRICULA/EES 3/5TO_TM_ES3_DIC23.shp"}, "geometry": {"type": "Point", "coordinates": [-58.535427133956, -34.557793471653106]}}, {"type": "Feature", "properties": {"address": null, "address_2": null, "OBJECTID": null, "ADRESS": null, "UBIC": null, "UBC": "BAHIA BLANCA 3247", "layer": "5TO_TM_ES3_DIC23", "path": "C:/Users/usuario/OneDrive/Escritorio/MAPEO MATRICULA/EES 3/5TO_TM_ES3_DIC23.shp"}, "geometry": {"type": "Point", "coordinates": [-58.53431684552767, -34.55405885528127]}}, {"type": "Feature", "properties": {"address": null, "address_2": null, "OBJECTID": null, "ADRESS": null, "UBIC": null, "UBC": "STA ROSALIA 2282", "layer": "5TO_TM_ES3_DIC23", "path": "C:/Users/usuario/OneDrive/Escritorio/MAPEO MATRICULA/EES 3/5TO_TM_ES3_DIC23.shp"}, "geometry": {"type": "Point", "coordinates": [-58.53758343095629, -34.55759976661456]}}, {"type": "Feature", "properties": {"address": null, "address_2": null, "OBJECTID": null, "ADRESS": null, "UBIC": null, "UBC": "INT CASARES 1725", "layer": "5TO_TM_ES3_DIC23", "path": "C:/Users/usuario/OneDrive/Escritorio/MAPEO MATRICULA/EES 3/5TO_TM_ES3_DIC23.shp"}, "geometry": {"type": "Point", "coordinates": [-58.53583618758748, -34.55177637349791]}}, {"type": "Feature", "properties": {"address": null, "address_2": null, "OBJECTID": null, "ADRESS": null, "UBIC": null, "UBC": "INT CASARES 2155", "layer": "5TO_TM_ES3_DIC23", "path": "C:/Users/usuario/OneDrive/Escritorio/MAPEO MATRICULA/EES 3/5TO_TM_ES3_DIC23.shp"}, "geometry": {"type": "Point", "coordinates": [-58.53889532438868, -34.5543752935171]}}, {"type": "Feature", "properties": {"address": null, "address_2": null, "OBJECTID": null, "ADRESS": null, "UBIC": null, "UBC": "CAGNIN 1951", "layer": "5TO_TM_ES3_DIC23", "path": "C:/Users/usuario/OneDrive/Escritorio/MAPEO MATRICULA/EES 3/5TO_TM_ES3_DIC23.shp"}, "geometry": {"type": "Point", "coordinates": [-58.53636211368509, -34.55317450630117]}}, {"type": "Feature", "properties": {"address": null, "address_2": null, "OBJECTID": null, "ADRESS": null, "UBIC": null, "UBC": "CANESE 3748", "layer": "5TO_TM_ES3_DIC23", "path": "C:/Users/usuario/OneDrive/Escritorio/MAPEO MATRICULA/EES 3/5TO_TM_ES3_DIC23.shp"}, "geometry": {"type": "Point", "coordinates": [-58.529294251295276, -34.54348094408452]}}, {"type": "Feature", "properties": {"address": null, "address_2": null, "OBJECTID": null, "ADRESS": "CAGNIN 2222", "UBIC": null, "UBC": null, "layer": "5to_TT_ES3_FEB24", "path": "C:\\Users\\usuario\\OneDrive\\Escritorio\\MAPEO MATRICULA\\EES 3\\5to_TT_ES3_FEB24.shp"}, "geometry": {"type": "Point", "coordinates": [-58.538549387834415, -34.555271899672405]}}, {"type": "Feature", "properties": {"address": null, "address_2": null, "OBJECTID": null, "ADRESS": "SAN LUIS 3181", "UBIC": null, "UBC": null, "layer": "5to_TT_ES3_FEB24", "path": "C:\\Users\\usuario\\OneDrive\\Escritorio\\MAPEO MATRICULA\\EES 3\\5to_TT_ES3_FEB24.shp"}, "geometry": {"type": "Point", "coordinates": [-58.53874665268572, -34.55893661538797]}}, {"type": "Feature", "properties": {"address": null, "address_2": null, "OBJECTID": null, "ADRESS": "ENTRE RIOS 1574", "UBIC": null, "UBC": null, "layer": "5to_TT_ES3_FEB24", "path": "C:\\Users\\usuario\\OneDrive\\Escritorio\\MAPEO MATRICULA\\EES 3\\5to_TT_ES3_FEB24.shp"}, "geometry": {"type": "Point", "coordinates": [-58.539602099300495, -34.5462054866583]}}, {"type": "Feature", "properties": {"address": null, "address_2": null, "OBJECTID": null, "ADRESS": "MORRIS Y CONSTITUYENTES", "UBIC": null, "UBC": null, "layer": "5to_TT_ES3_FEB24", "path": "C:\\Users\\usuario\\OneDrive\\Escritorio\\MAPEO MATRICULA\\EES 3\\5to_TT_ES3_FEB24.shp"}, "geometry": {"type": "Point", "coordinates": [-58.52479206123354, -34.55064781659114]}}, {"type": "Feature", "properties": {"address": null, "address_2": null, "OBJECTID": null, "ADRESS": "ROSARIO 564", "UBIC": null, "UBC": null, "layer": "5to_TT_ES3_FEB24", "path": "C:\\Users\\usuario\\OneDrive\\Escritorio\\MAPEO MATRICULA\\EES 3\\5to_TT_ES3_FEB24.shp"}, "geometry": {"type": "Point", "coordinates": [-58.54074016575033, -34.550435352544746]}}, {"type": "Feature", "properties": {"address": null, "address_2": null, "OBJECTID": null, "ADRESS": "MARIA SILVA 689", "UBIC": null, "UBC": null, "layer": "5to_TT_ES3_FEB24", "path": "C:\\Users\\usuario\\OneDrive\\Escritorio\\MAPEO MATRICULA\\EES 3\\5to_TT_ES3_FEB24.shp"}, "geometry": {"type": "Point", "coordinates": [-58.53802777404494, -34.55038223644838]}}, {"type": "Feature", "properties": {"address": null, "address_2": null, "OBJECTID": null, "ADRESS": "INDEPENDENCIA 336", "UBIC": null, "UBC": null, "layer": "5to_TT_ES3_FEB24", "path": "C:\\Users\\usuario\\OneDrive\\Escritorio\\MAPEO MATRICULA\\EES 3\\5to_TT_ES3_FEB24.shp"}, "geometry": {"type": "Point", "coordinates": [-58.52769033712575, -34.54429553215974]}}, {"type": "Feature", "properties": {"address": null, "address_2": null, "OBJECTID": null, "ADRESS": "MORRIS 1604", "UBIC": null, "UBC": null, "layer": "5to_TT_ES3_FEB24", "path": "C:\\Users\\usuario\\OneDrive\\Escritorio\\MAPEO MATRICULA\\EES 3\\5to_TT_ES3_FEB24.shp"}, "geometry": {"type": "Point", "coordinates": [-58.53078398109188, -34.55394250210847]}}, {"type": "Feature", "properties": {"address": null, "address_2": null, "OBJECTID": null, "ADRESS": "4 DE FEB Y LA NUIEVA", "UBIC": null, "UBC": null, "layer": "5to_TT_ES3_FEB24", "path": "C:\\Users\\usuario\\OneDrive\\Escritorio\\MAPEO MATRICULA\\EES 3\\5to_TT_ES3_FEB24.shp"}, "geometry": {"type": "Point", "coordinates": [-58.52582276239569, -34.55322866725039]}}, {"type": "Feature", "properties": {"address": null, "address_2": null, "OBJECTID": null, "ADRESS": "JM CAMPOS 2084", "UBIC": null, "UBC": null, "layer": "5to_TT_ES3_FEB24", "path": "C:\\Users\\usuario\\OneDrive\\Escritorio\\MAPEO MATRICULA\\EES 3\\5to_TT_ES3_FEB24.shp"}, "geometry": {"type": "Point", "coordinates": [-58.53405842446429, -34.55660260968112]}}, {"type": "Feature", "properties": {"address": null, "address_2": null, "OBJECTID": null, "ADRESS": "PASAJE 88", "UBIC": null, "UBC": null, "layer": "5to_TT_ES3_FEB24", "path": "C:\\Users\\usuario\\OneDrive\\Escritorio\\MAPEO MATRICULA\\EES 3\\5to_TT_ES3_FEB24.shp"}, "geometry": {"type": "Point", "coordinates": [-58.52885455416552, -34.55591334957453]}}, {"type": "Feature", "properties": {"address": null, "address_2": null, "OBJECTID": null, "ADRESS": "LA NUEVA 1562", "UBIC": null, "UBC": null, "layer": "5to_TT_ES3_FEB24", "path": "C:\\Users\\usuario\\OneDrive\\Escritorio\\MAPEO MATRICULA\\EES 3\\5to_TT_ES3_FEB24.shp"}, "geometry": {"type": "Point", "coordinates": [-58.52898522080868, -34.55485464029241]}}, {"type": "Feature", "properties": {"address": null, "address_2": null, "OBJECTID": null, "ADRESS": "MARIA SILVA 615", "UBIC": null, "UBC": null, "layer": "5to_TT_ES3_FEB24", "path": "C:\\Users\\usuario\\OneDrive\\Escritorio\\MAPEO MATRICULA\\EES 3\\5to_TT_ES3_FEB24.shp"}, "geometry": {"type": "Point", "coordinates": [-58.538500683270044, -34.54999741248414]}}, {"type": "Feature", "properties": {"address": null, "address_2": null, "OBJECTID": null, "ADRESS": "SAAVEDRA 3608", "UBIC": null, "UBC": null, "layer": "5to_TT_ES3_FEB24", "path": "C:\\Users\\usuario\\OneDrive\\Escritorio\\MAPEO MATRICULA\\EES 3\\5to_TT_ES3_FEB24.shp"}, "geometry": {"type": "Point", "coordinates": [-58.53726321724152, -34.55086642381902]}}, {"type": "Feature", "properties": {"address": null, "address_2": null, "OBJECTID": null, "ADRESS": "IRA 1345", "UBIC": null, "UBC": null, "layer": "5to_TT_ES3_FEB24", "path": "C:\\Users\\usuario\\OneDrive\\Escritorio\\MAPEO MATRICULA\\EES 3\\5to_TT_ES3_FEB24.shp"}, "geometry": {"type": "Point", "coordinates": [-58.528115738099174, -34.55336880391029]}}, {"type": "Feature", "properties": {"address": null, "address_2": null, "OBJECTID": null, "ADRESS": "RIVADAVIA 3190", "UBIC": null, "UBC": null, "layer": "5to_TT_ES3_FEB24", "path": "C:\\Users\\usuario\\OneDrive\\Escritorio\\MAPEO MATRICULA\\EES 3\\5to_TT_ES3_FEB24.shp"}, "geometry": {"type": "Point", "coordinates": [-58.53665425369599, -34.570277341681276]}}, {"type": "Feature", "properties": {"address": null, "address_2": null, "OBJECTID": null, "ADRESS": "CAMPOS 2654", "UBIC": null, "UBC": null, "layer": "5to_TT_ES3_FEB24", "path": "C:\\Users\\usuario\\OneDrive\\Escritorio\\MAPEO MATRICULA\\EES 3\\5to_TT_ES3_FEB24.shp"}, "geometry": {"type": "Point", "coordinates": [-58.53899892617105, -34.560659607662224]}}, {"type": "Feature", "properties": {"address": null, "address_2": null, "OBJECTID": null, "ADRESS": "CATAMARCA 3404", "UBIC": null, "UBC": null, "layer": "5to_TT_ES3_FEB24", "path": "C:\\Users\\usuario\\OneDrive\\Escritorio\\MAPEO MATRICULA\\EES 3\\5to_TT_ES3_FEB24.shp"}, "geometry": {"type": "Point", "coordinates": [-58.5384762595985, -34.55526096096407]}}, {"type": "Feature", "properties": {"address": null, "address_2": null, "OBJECTID": null, "ADRESS": null, "UBIC": "INT CASARES 1721", "UBC": null, "layer": "6TO_TM_ES3_DIC23", "path": "C:/Users/usuario/Documents/6TO_TM_ES3_DIC23.shp"}, "geometry": {"type": "Point", "coordinates": [-58.535681331569826, -34.551658457608895]}}, {"type": "Feature", "properties": {"address": null, "address_2": null, "OBJECTID": null, "ADRESS": null, "UBIC": "AGUSTIN ALVAREZ 1776", "UBC": null, "layer": "6TO_TM_ES3_DIC23", "path": "C:/Users/usuario/Documents/6TO_TM_ES3_DIC23.shp"}, "geometry": {"type": "Point", "coordinates": [-58.53691113772633, -34.55047815284928]}}, {"type": "Feature", "properties": {"address": null, "address_2": null, "OBJECTID": null, "ADRESS": null, "UBIC": "BERUTTI 491", "UBC": null, "layer": "6TO_TM_ES3_DIC23", "path": "C:/Users/usuario/Documents/6TO_TM_ES3_DIC23.shp"}, "geometry": {"type": "Point", "coordinates": [-58.51941268428315, -34.55271728817626]}}, {"type": "Feature", "properties": {"address": null, "address_2": null, "OBJECTID": null, "ADRESS": null, "UBIC": "SAN LUIS 3126", "UBC": null, "layer": "6TO_TM_ES3_DIC23", "path": "C:/Users/usuario/Documents/6TO_TM_ES3_DIC23.shp"}, "geometry": {"type": "Point", "coordinates": [-58.53832849292789, -34.55929617430052]}}, {"type": "Feature", "properties": {"address": null, "address_2": null, "OBJECTID": null, "ADRESS": null, "UBIC": "CALLE 21 3636", "UBC": null, "layer": "6TO_TM_ES3_DIC23", "path": "C:/Users/usuario/Documents/6TO_TM_ES3_DIC23.shp"}, "geometry": {"type": "Point", "coordinates": [-58.53122264698656, -34.54663845478261]}}, {"type": "Feature", "properties": {"address": null, "address_2": null, "OBJECTID": null, "ADRESS": null, "UBIC": "DF SARMIENTO 2135", "UBC": null, "layer": "6TO_TM_ES3_DIC23", "path": "C:/Users/usuario/Documents/6TO_TM_ES3_DIC23.shp"}, "geometry": {"type": "Point", "coordinates": [-58.53681499449136, -34.55576856998818]}}, {"type": "Feature", "properties": {"address": null, "address_2": null, "OBJECTID": null, "ADRESS": null, "UBIC": "INT ALVEAR 1980", "UBC": null, "layer": "6TO_TM_ES3_DIC23", "path": "C:/Users/usuario/Documents/6TO_TM_ES3_DIC23.shp"}, "geometry": {"type": "Point", "coordinates": [-58.53566964432318, -34.55378332443028]}}, {"type": "Feature", "properties": {"address": null, "address_2": null, "OBJECTID": null, "ADRESS": null, "UBIC": "M SILVA 672", "UBC": null, "layer": "6TO_TM_ES3_DIC23", "path": "C:/Users/usuario/Documents/6TO_TM_ES3_DIC23.shp"}, "geometry": {"type": "Point", "coordinates": [-58.54253882352056, -34.546773223914975]}}, {"type": "Feature", "properties": {"address": null, "address_2": null, "OBJECTID": null, "ADRESS": null, "UBIC": "M SILVA 672-2", "UBC": null, "layer": "6TO_TM_ES3_DIC23", "path": "C:/Users/usuario/Documents/6TO_TM_ES3_DIC23.shp"}, "geometry": {"type": "Point", "coordinates": [-58.542375202067966, -34.546840608399336]}}, {"type": "Feature", "properties": {"address": null, "address_2": null, "OBJECTID": null, "ADRESS": null, "UBIC": "M SILVA 672-3", "UBC": null, "layer": "6TO_TM_ES3_DIC23", "path": "C:/Users/usuario/Documents/6TO_TM_ES3_DIC23.shp"}, "geometry": {"type": "Point", "coordinates": [-58.54262647787017, -34.54667696027126]}}, {"type": "Feature", "properties": {"address": null, "address_2": null, "OBJECTID": null, "ADRESS": null, "UBIC": "4 DE FEBRERO Y VENEZUELA", "UBC": null, "layer": "6TO_TM_ES3_DIC23", "path": "C:/Users/usuario/Documents/6TO_TM_ES3_DIC23.shp"}, "geometry": {"type": "Point", "coordinates": [-58.526724517945986, -34.55178178799898]}}, {"type": "Feature", "properties": {"address": null, "address_2": null, "OBJECTID": null, "ADRESS": null, "UBIC": "A ALVAREZ 1535", "UBC": null, "layer": "6TO_TM_ES3_DIC23", "path": "C:/Users/usuario/Documents/6TO_TM_ES3_DIC23.shp"}, "geometry": {"type": "Point", "coordinates": [-58.536208718573256, -34.54993361782674]}}, {"type": "Feature", "properties": {"address": null, "address_2": null, "OBJECTID": null, "ADRESS": null, "UBIC": "A ALVAREZ 1102", "UBC": null, "layer": "6TO_TM_ES3_DIC23", "path": "C:/Users/usuario/Documents/6TO_TM_ES3_DIC23.shp"}, "geometry": {"type": "Point", "coordinates": [-58.537214552234964, -34.550597808707835]}}, {"type": "Feature", "properties": {"address": null, "address_2": null, "OBJECTID": null, "ADRESS": null, "UBIC": "JV GONZALEZ 2433", "UBC": null, "layer": "6TO_TM_ES3_DIC23", "path": "C:/Users/usuario/Documents/6TO_TM_ES3_DIC23.shp"}, "geometry": {"type": "Point", "coordinates": [-58.544069122374076, -34.55407750471633]}}, {"type": "Feature", "properties": {"address": null, "address_2": null, "OBJECTID": null, "ADRESS": null, "UBIC": "DORREGO 3809", "UBC": null, "layer": "6TO_TM_ES3_DIC23", "path": "C:/Users/usuario/Documents/6TO_TM_ES3_DIC23.shp"}, "geometry": {"type": "Point", "coordinates": [-58.53761776224314, -34.54859078093805]}}, {"type": "Feature", "properties": {"address": null, "address_2": null, "OBJECTID": null, "ADRESS": null, "UBIC": "A ALVAREZ 1535", "UBC": null, "layer": "6TO_TM_ES3_DIC23", "path": "C:/Users/usuario/Documents/6TO_TM_ES3_DIC23.shp"}, "geometry": {"type": "Point", "coordinates": [-58.53538695904568, -34.54934161713803]}}, {"type": "Feature", "properties": {"address": null, "address_2": null, "OBJECTID": null, "ADRESS": null, "UBIC": "CANESE 3646", "UBC": null, "layer": "6TO_TM_ES3_DIC23", "path": "C:/Users/usuario/Documents/6TO_TM_ES3_DIC23.shp"}, "geometry": {"type": "Point", "coordinates": [-58.528536771624054, -34.544172261452154]}}, {"type": "Feature", "properties": {"address": null, "address_2": null, "OBJECTID": null, "ADRESS": null, "UBIC": "PASAJE IRA 1351", "UBC": null, "layer": "6TO_TM_ES3_DIC23", "path": "C:/Users/usuario/Documents/6TO_TM_ES3_DIC23.shp"}, "geometry": {"type": "Point", "coordinates": [-58.52811603074595, -34.55347109513597]}}, {"type": "Feature", "properties": {"address": null, "address_2": null, "OBJECTID": null, "ADRESS": null, "UBIC": "COLOMBIA 1481", "UBC": null, "layer": "6TO_TM_ES3_DIC23", "path": "C:/Users/usuario/Documents/6TO_TM_ES3_DIC23.shp"}, "geometry": {"type": "Point", "coordinates": [-58.527322758882015, -34.555853393061234]}}, {"type": "Feature", "properties": {"address": null, "address_2": null, "OBJECTID": null, "ADRESS": null, "UBIC": "COLOMBIA 1380", "UBC": null, "layer": "6TO_TM_ES3_DIC23", "path": "C:/Users/usuario/Documents/6TO_TM_ES3_DIC23.shp"}, "geometry": {"type": "Point", "coordinates": [-58.52639800549368, -34.555373329422146]}}, {"type": "Feature", "properties": {"address": null, "address_2": null, "OBJECTID": null, "ADRESS": null, "UBIC": "AV CONSTITUYENTES 1046", "UBC": null, "layer": "6TO_TM_ES3_DIC23", "path": "C:/Users/usuario/Documents/6TO_TM_ES3_DIC23.shp"}, "geometry": {"type": "Point", "coordinates": [-58.5108863388776, -34.56777442603498]}}, {"type": "Feature", "properties": {"address": null, "address_2": null, "OBJECTID": null, "ADRESS": null, "UBIC": "CAGNIN 2512", "UBC": null, "layer": "6TO_TM_ES3_DIC23", "path": "C:/Users/usuario/Documents/6TO_TM_ES3_DIC23.shp"}, "geometry": {"type": "Point", "coordinates": [-58.540628689152, -34.5569145765386]}}, {"type": "Feature", "properties": {"address": null, "address_2": null, "OBJECTID": null, "ADRESS": null, "UBIC": "CAGNIN 2534", "UBC": null, "layer": "6TO_TM_ES3_DIC23", "path": "C:/Users/usuario/Documents/6TO_TM_ES3_DIC23.shp"}, "geometry": {"type": "Point", "coordinates": [-58.540427084147915, -34.556813512028704]}}, {"type": "Feature", "properties": {"address": null, "address_2": null, "OBJECTID": null, "ADRESS": "HABANA 1036", "UBIC": null, "UBC": null, "layer": "6TO_TT_ES3_FEB24", "path": "C:\\Users\\usuario\\OneDrive\\Escritorio\\MAPEO MATRICULA\\EES 3\\6TO_TT_ES3_FEB24.shp"}, "geometry": {"type": "Point", "coordinates": [-58.523699938271136, -34.54875154552506]}}, {"type": "Feature", "properties": {"address": null, "address_2": null, "OBJECTID": null, "ADRESS": "BAHIA BLANCA 684", "UBIC": null, "UBC": null, "layer": "6TO_TT_ES3_FEB24", "path": "C:\\Users\\usuario\\OneDrive\\Escritorio\\MAPEO MATRICULA\\EES 3\\6TO_TT_ES3_FEB24.shp"}, "geometry": {"type": "Point", "coordinates": [-58.538832845204084, -34.55075511577522]}}, {"type": "Feature", "properties": {"address": null, "address_2": null, "OBJECTID": null, "ADRESS": "SAN JUAN 3404", "UBIC": null, "UBC": null, "layer": "6TO_TT_ES3_FEB24", "path": "C:\\Users\\usuario\\OneDrive\\Escritorio\\MAPEO MATRICULA\\EES 3\\6TO_TT_ES3_FEB24.shp"}, "geometry": {"type": "Point", "coordinates": [-58.53988550545071, -34.557012944698116]}}, {"type": "Feature", "properties": {"address": null, "address_2": null, "OBJECTID": null, "ADRESS": "SAN LUIS 2515", "UBIC": null, "UBC": null, "layer": "6TO_TT_ES3_FEB24", "path": "C:\\Users\\usuario\\OneDrive\\Escritorio\\MAPEO MATRICULA\\EES 3\\6TO_TT_ES3_FEB24.shp"}, "geometry": {"type": "Point", "coordinates": [-58.538127001094416, -34.55969616398464]}}, {"type": "Feature", "properties": {"address": null, "address_2": null, "OBJECTID": null, "ADRESS": "BAHIA BLANCA 3753", "UBIC": null, "UBC": null, "layer": "6TO_TT_ES3_FEB24", "path": "C:\\Users\\usuario\\OneDrive\\Escritorio\\MAPEO MATRICULA\\EES 3\\6TO_TT_ES3_FEB24.shp"}, "geometry": {"type": "Point", "coordinates": [-58.53871561158039, -34.550867764878916]}}, {"type": "Feature", "properties": {"address": null, "address_2": null, "OBJECTID": null, "ADRESS": "AV CONSTITUYENTES 2998", "UBIC": null, "UBC": null, "layer": "6TO_TT_ES3_FEB24", "path": "C:\\Users\\usuario\\OneDrive\\Escritorio\\MAPEO MATRICULA\\EES 3\\6TO_TT_ES3_FEB24.shp"}, "geometry": {"type": "Point", "coordinates": [-58.52406483142238, -34.55121693504881]}}, {"type": "Feature", "properties": {"address": null, "address_2": null, "OBJECTID": null, "ADRESS": "VENEZUELA 1364", "UBIC": null, "UBC": null, "layer": "6TO_TT_ES3_FEB24", "path": "C:\\Users\\usuario\\OneDrive\\Escritorio\\MAPEO MATRICULA\\EES 3\\6TO_TT_ES3_FEB24.shp"}, "geometry": {"type": "Point", "coordinates": [-58.52934669114871, -34.551298243977335]}}, {"type": "Feature", "properties": {"address": null, "address_2": null, "OBJECTID": null, "ADRESS": "CORDOBA 3264", "UBIC": null, "UBC": null, "layer": "6TO_TT_ES3_FEB24", "path": "C:\\Users\\usuario\\OneDrive\\Escritorio\\MAPEO MATRICULA\\EES 3\\6TO_TT_ES3_FEB24.shp"}, "geometry": {"type": "Point", "coordinates": [-58.540879548885556, -34.56002804041542]}}, {"type": "Feature", "properties": {"address": null, "address_2": null, "OBJECTID": null, "ADRESS": "JM CAMPOS 2864", "UBIC": null, "UBC": null, "layer": "6TO_TT_ES3_FEB24", "path": "C:\\Users\\usuario\\OneDrive\\Escritorio\\MAPEO MATRICULA\\EES 3\\6TO_TT_ES3_FEB24.shp"}, "geometry": {"type": "Point", "coordinates": [-58.54063042743508, -34.56206754286185]}}, {"type": "Feature", "properties": {"address": null, "address_2": null, "OBJECTID": null, "ADRESS": "A ALVAREZ 1302", "UBIC": null, "UBC": null, "layer": "6TO_TT_ES3_FEB24", "path": "C:\\Users\\usuario\\OneDrive\\Escritorio\\MAPEO MATRICULA\\EES 3\\6TO_TT_ES3_FEB24.shp"}, "geometry": {"type": "Point", "coordinates": [-58.53812455872734, -34.55120973443806]}}, {"type": "Feature", "properties": {"address": null, "address_2": null, "OBJECTID": null, "ADRESS": "INT CASARES 2787", "UBIC": null, "UBC": null, "layer": "6TO_TT_ES3_FEB24", "path": "C:\\Users\\usuario\\OneDrive\\Escritorio\\MAPEO MATRICULA\\EES 3\\6TO_TT_ES3_FEB24.shp"}, "geometry": {"type": "Point", "coordinates": [-58.54385435208833, -34.558587888249264]}}, {"type": "Feature", "properties": {"address": null, "address_2": null, "OBJECTID": null, "ADRESS": "B BLANCA 684", "UBIC": null, "UBC": null, "layer": "6TO_TT_ES3_FEB24", "path": "C:\\Users\\usuario\\OneDrive\\Escritorio\\MAPEO MATRICULA\\EES 3\\6TO_TT_ES3_FEB24.shp"}, "geometry": {"type": "Point", "coordinates": [-58.53851045273885, -34.551012599216726]}}, {"type": "Feature", "properties": {"address": null, "address_2": null, "OBJECTID": null, "ADRESS": "MENDOZA 695", "UBIC": null, "UBC": null, "layer": "6TO_TT_ES3_FEB24", "path": "C:\\Users\\usuario\\OneDrive\\Escritorio\\MAPEO MATRICULA\\EES 3\\6TO_TT_ES3_FEB24.shp"}, "geometry": {"type": "Point", "coordinates": [-58.538021979306535, -34.549407337885796]}}, {"type": "Feature", "properties": {"address": null, "address_2": null, "OBJECTID": null, "ADRESS": "AV CONSTITUYENTES 1183", "UBIC": null, "UBC": null, "layer": "6TO_TT_ES3_FEB24", "path": "C:\\Users\\usuario\\OneDrive\\Escritorio\\MAPEO MATRICULA\\EES 3\\6TO_TT_ES3_FEB24.shp"}, "geometry": {"type": "Point", "coordinates": [-58.52681400475108, -34.54473265962852]}}, {"type": "Feature", "properties": {"address": null, "address_2": null, "OBJECTID": null, "ADRESS": "JM CAMPOS 2040", "UBIC": null, "UBC": null, "layer": "6TO_TT_ES3_FEB24", "path": "C:\\Users\\usuario\\OneDrive\\Escritorio\\MAPEO MATRICULA\\EES 3\\6TO_TT_ES3_FEB24.shp"}, "geometry": {"type": "Point", "coordinates": [-58.53389193643639, -34.55653220886213]}}, {"type": "Feature", "properties": {"address": null, "address_2": null, "OBJECTID": null, "ADRESS": "JM CAMPOS 2746", "UBIC": null, "UBC": null, "layer": "6TO_TT_ES3_FEB24", "path": "C:\\Users\\usuario\\OneDrive\\Escritorio\\MAPEO MATRICULA\\EES 3\\6TO_TT_ES3_FEB24.shp"}, "geometry": {"type": "Point", "coordinates": [-58.53960707559445, -34.561295192789046]}}, {"type": "Feature", "properties": {"address": null, "address_2": null, "OBJECTID": null, "ADRESS": "MENDOZA Y SAN JOSE", "UBIC": null, "UBC": null, "layer": "6TO_TT_ES3_FEB24", "path": "C:\\Users\\usuario\\OneDrive\\Escritorio\\MAPEO MATRICULA\\EES 3\\6TO_TT_ES3_FEB24.shp"}, "geometry": {"type": "Point", "coordinates": [-58.52707528968855, -34.55472389311967]}}, {"type": "Feature", "properties": {"address": null, "address_2": null, "OBJECTID": null, "ADRESS": "JM CAMPOS 2040", "UBIC": null, "UBC": null, "layer": "6TO_TT_ES3_FEB24", "path": "C:\\Users\\usuario\\OneDrive\\Escritorio\\MAPEO MATRICULA\\EES 3\\6TO_TT_ES3_FEB24.shp"}, "geometry": {"type": "Point", "coordinates": [-58.533970092185584, -34.556634792892936]}}, {"type": "Feature", "properties": {"address": null, "address_2": null, "OBJECTID": null, "ADRESS": "SAN JOSE 1367", "UBIC": null, "UBC": null, "layer": "6TO_TT_ES3_FEB24", "path": "C:\\Users\\usuario\\OneDrive\\Escritorio\\MAPEO MATRICULA\\EES 3\\6TO_TT_ES3_FEB24.shp"}, "geometry": {"type": "Point", "coordinates": [-58.52895102766865, -34.556007218018436]}}]}