{
"type": "FeatureCollection",
"name": "NBI2026",
"crs": { "type": "name", "properties": { "name": "urn:ogc:def:crs:OGC:1.3:CRS84" } },
"features": [
{ "type": "Feature", "properties": { "NOMPROV": "BUENOS AIRES", "PROV": "06", "NOMDEPTO": "GENERAL SAN MARTIN", "DEPTO": "371", "FRAC": "40", "RADIO": "01", "TIPO": "U", "LINK": "063714001", "IDRADIO_9": "063714001", "hog_tot": 312, "hog_nbi": 24, "pob_tot": 937, "pct_nbi": 7.6923076923076943 }, "geometry": { "type": "MultiPolygon", "coordinates": [ [ [ [ -58.526953101787669, -34.55162897070889 ], [ -58.526210992769926, -34.552546526215274 ], [ -58.525826090610941, -34.553006040315914 ], [ -58.526152127922707, -34.553175923367895 ], [ -58.52665455004469, -34.553437710994999 ], [ -58.526811160696823, -34.553519312246053 ], [ -58.526745049217098, -34.553605951812912 ], [ -58.527897454300195, -34.554260547851854 ], [ -58.52894019294618, -34.55484825608017 ], [ -58.529782395771932, -34.553840712589846 ], [ -58.52993477186331, -34.553636133858973 ], [ -58.529968874336468, -34.553555423670012 ], [ -58.530209604142655, -34.55349522928811 ], [ -58.530376627479939, -34.553289931295993 ], [ -58.530432513049654, -34.553209483210608 ], [ -58.530608050124016, -34.553139489746528 ], [ -58.531293916480273, -34.553165770531137 ], [ -58.530728168930381, -34.55213351323939 ], [ -58.530170343547034, -34.551135836836146 ], [ -58.529607429712321, -34.550094376956238 ], [ -58.529016377289125, -34.54912445759183 ], [ -58.527872704150745, -34.550516818329996 ], [ -58.527807080502974, -34.550596994601158 ], [ -58.527557537189551, -34.550902192884095 ], [ -58.527336913882856, -34.551171738060624 ], [ -58.526953101787669, -34.55162897070889 ] ] ] ] } },
{ "type": "Feature", "properties": { "NOMPROV": "BUENOS AIRES", "PROV": "06", "NOMDEPTO": "GENERAL SAN MARTIN", "DEPTO": "371", "FRAC": "44", "RADIO": "06", "TIPO": "U", "LINK": "063714406", "IDRADIO_9": "063714406", "hog_tot": 403, "hog_nbi": 7, "pob_tot": 1000, "pct_nbi": 1.7369727047146399 }, "geometry": { "type": "MultiPolygon", "coordinates": [ [ [ [ -58.563048778994087, -34.538049546547391 ], [ -58.561724517598179, -34.539076720269357 ], [ -58.560469786399786, -34.540107674186274 ], [ -58.559153360830386, -34.541157024011035 ], [ -58.557841741849032, -34.542166139942985 ], [ -58.558760113379947, -34.542938379836578 ], [ -58.559640566344171, -34.543678861765798 ], [ -58.560921730743416, -34.542657420411579 ], [ -58.562214219292578, -34.541609058810963 ], [ -58.563495630261301, -34.540569565183397 ], [ -58.564787899581603, -34.539530186052893 ], [ -58.56389655081675, -34.538789612613314 ], [ -58.563048778994087, -34.538049546547391 ] ] ] ] } },
{ "type": "Feature", "properties": { "NOMPROV": "BUENOS AIRES", "PROV": "06", "NOMDEPTO": "GENERAL SAN MARTIN", "DEPTO": "371", "FRAC": "28", "RADIO": "03", "TIPO": "U", "LINK": "063712803", "IDRADIO_9": "063712803", "hog_tot": 336, "hog_nbi": 15, "pob_tot": 935, "pct_nbi": 4.4642857142857153 }, "geometry": { "type": "MultiPolygon", "coordinates": [ [ [ [ -58.553823243185576, -34.585313842031269 ], [ -58.554825215413842, -34.586004887087192 ], [ -58.555823849844906, -34.586772064184075 ], [ -58.556792830611734, -34.587459534662834 ], [ -58.557977120540009, -34.586409954299263 ], [ -58.559018018978634, -34.585457816309216 ], [ -58.558140397063816, -34.584734272459421 ], [ -58.55728155236401, -34.584003366835091 ], [ -58.556397768943405, -34.583261763255855 ], [ -58.555267940309399, -34.584149333917559 ], [ -58.553823243185576, -34.585313842031269 ] ] ] ] } },
{ "type": "Feature", "properties": { "NOMPROV": "BUENOS AIRES", "PROV": "06", "NOMDEPTO": "GENERAL SAN MARTIN", "DEPTO": "371", "FRAC": "12", "RADIO": "01", "TIPO": "U", "LINK": "063711201", "IDRADIO_9": "063711201", "hog_tot": 428, "hog_nbi": 13, "pob_tot": 1132, "pct_nbi": 3.037383177570093 }, "geometry": { "type": "MultiPolygon", "coordinates": [ [ [ [ -58.553768166462582, -34.538706113887073 ], [ -58.552465043322854, -34.539736233535145 ], [ -58.551183668755876, -34.540766595857519 ], [ -58.549901793661213, -34.541823979521936 ], [ -58.550637267296722, -34.542463871397437 ], [ -58.551527955053899, -34.543202376382389 ], [ -58.552868955134542, -34.542201697257447 ], [ -58.554161377387558, -34.541162433925621 ], [ -58.555254786306698, -34.54029205774745 ], [ -58.555911626383754, -34.540854084778886 ], [ -58.556112433082461, -34.540699068939979 ], [ -58.556675456330822, -34.540220435408465 ], [ -58.557374754814639, -34.539651597117953 ], [ -58.556696238976201, -34.539083779230353 ], [ -58.555828454335213, -34.538328278290535 ], [ -58.555049789122371, -34.537657699214961 ], [ -58.553768166462582, -34.538706113887073 ] ] ] ] } },
{ "type": "Feature", "properties": { "NOMPROV": "BUENOS AIRES", "PROV": "06", "NOMDEPTO": "GENERAL SAN MARTIN", "DEPTO": "371", "FRAC": "05", "RADIO": "08", "TIPO": "U", "LINK": "063710508", "IDRADIO_9": "063710508", "hog_tot": 256, "hog_nbi": 21, "pob_tot": 717, "pct_nbi": 8.203125 }, "geometry": { "type": "MultiPolygon", "coordinates": [ [ [ [ -58.537784125953046, -34.544179629865418 ], [ -58.538154681629585, -34.544588827397398 ], [ -58.538753784189439, -34.545215315802416 ], [ -58.540256023123767, -34.544025486424566 ], [ -58.54138259594626, -34.543137606968862 ], [ -58.540673801241311, -34.542541921555554 ], [ -58.540244249328921, -34.542204630461711 ], [ -58.540132937370174, -34.542108028143588 ], [ -58.54012280171731, -34.542099232393632 ], [ -58.540122706564546, -34.542099316883721 ], [ -58.540121192926819, -34.542100663422538 ], [ -58.537786198489712, -34.544177784396148 ], [ -58.537784125953046, -34.544179629865418 ] ] ] ] } },
{ "type": "Feature", "properties": { "NOMPROV": "BUENOS AIRES", "PROV": "06", "NOMDEPTO": "GENERAL SAN MARTIN", "DEPTO": "371", "FRAC": "06", "RADIO": "07", "TIPO": "U", "LINK": "063710607", "IDRADIO_9": "063710607", "hog_tot": 360, "hog_nbi": 29, "pob_tot": 991, "pct_nbi": 8.0555555555555554 }, "geometry": { "type": "MultiPolygon", "coordinates": [ [ [ [ -58.538753784189439, -34.545215315802416 ], [ -58.537983420343444, -34.545810610671346 ], [ -58.537032104497996, -34.546492630947327 ], [ -58.535981707169611, -34.547325928649599 ], [ -58.535150867434822, -34.547979310416039 ], [ -58.53418411782949, -34.548650564977649 ], [ -58.535064240355403, -34.549222048740518 ], [ -58.535898233473503, -34.549825745915577 ], [ -58.536598902819208, -34.549246169512429 ], [ -58.537380254590026, -34.548589262067786 ], [ -58.538382778615244, -34.547743650153258 ], [ -58.539277717870419, -34.547024273749301 ], [ -58.539951832282277, -34.54647350448402 ], [ -58.539342069772324, -34.545835269651022 ], [ -58.538753784189439, -34.545215315802416 ] ] ] ] } },
{ "type": "Feature", "properties": { "NOMPROV": "BUENOS AIRES", "PROV": "06", "NOMDEPTO": "GENERAL SAN MARTIN", "DEPTO": "371", "FRAC": "24", "RADIO": "02", "TIPO": "U", "LINK": "063712402", "IDRADIO_9": "063712402", "hog_tot": 277, "hog_nbi": 23, "pob_tot": 783, "pct_nbi": 8.3032490974729267 }, "geometry": { "type": "MultiPolygon", "coordinates": [ [ [ [ -58.532016602537411, -34.580279510742017 ], [ -58.531708577227036, -34.580671586645316 ], [ -58.531137749696818, -34.581282365074514 ], [ -58.530234895715999, -34.582292328951375 ], [ -58.530079380204441, -34.582484900668852 ], [ -58.529443836892099, -34.583164234679238 ], [ -58.529315072332977, -34.58329658120244 ], [ -58.528776988159386, -34.583907303545566 ], [ -58.529548254410386, -34.584413938242974 ], [ -58.530449313480474, -34.58499836660188 ], [ -58.530929350449945, -34.584607926531362 ], [ -58.531967314331297, -34.583769278768017 ], [ -58.533031628809105, -34.582909019799956 ], [ -58.534118694574808, -34.58204435370488 ], [ -58.533297902232519, -34.581385539843758 ], [ -58.532522167468564, -34.580709989153767 ], [ -58.532016602537411, -34.580279510742017 ] ] ] ] } },
{ "type": "Feature", "properties": { "NOMPROV": "BUENOS AIRES", "PROV": "06", "NOMDEPTO": "GENERAL SAN MARTIN", "DEPTO": "371", "FRAC": "33", "RADIO": "05", "TIPO": "U", "LINK": "063713305", "IDRADIO_9": "063713305", "hog_tot": 482, "hog_nbi": 15, "pob_tot": 1274, "pct_nbi": 3.1120331950207469 }, "geometry": { "type": "MultiPolygon", "coordinates": [ [ [ [ -58.566451728609948, -34.565566397395841 ], [ -58.567130290939097, -34.566183477435466 ], [ -58.567874867906809, -34.566881696962831 ], [ -58.568654697360827, -34.567673691449784 ], [ -58.569491208365498, -34.56850588118062 ], [ -58.57034564143283, -34.569303783394744 ], [ -58.570848874023071, -34.569823443875613 ], [ -58.57140658417422, -34.570343740014614 ], [ -58.571964301251313, -34.570864033733365 ], [ -58.572660193389012, -34.570313340241164 ], [ -58.572836656730573, -34.570189215319708 ], [ -58.573377863656958, -34.569762898083496 ], [ -58.572777493257782, -34.569188031123488 ], [ -58.572739660929074, -34.569164653933434 ], [ -58.572241361898783, -34.568676466248391 ], [ -58.571676978869895, -34.568140057211295 ], [ -58.570891435869278, -34.567336229660768 ], [ -58.570098624864393, -34.566528207266671 ], [ -58.569294342284998, -34.565794246033178 ], [ -58.568594913017748, -34.565086395513852 ], [ -58.567543335412594, -34.565322148750816 ], [ -58.566451728609948, -34.565566397395841 ] ] ] ] } },
{ "type": "Feature", "properties": { "NOMPROV": "BUENOS AIRES", "PROV": "06", "NOMDEPTO": "GENERAL SAN MARTIN", "DEPTO": "371", "FRAC": "50", "RADIO": "05", "TIPO": "U", "LINK": "063715005", "IDRADIO_9": "063715005", "hog_tot": 242, "hog_nbi": 4, "pob_tot": 553, "pct_nbi": 1.6528925619834709 }, "geometry": { "type": "MultiPolygon", "coordinates": [ [ [ [ -58.538115102875501, -34.574870818764502 ], [ -58.537065109000352, -34.575714508525436 ], [ -58.537859959825255, -34.576372999063537 ], [ -58.53890995553845, -34.57552930256972 ], [ -58.538115102875501, -34.574870818764502 ] ] ] ] } },
{ "type": "Feature", "properties": { "NOMPROV": "BUENOS AIRES", "PROV": "06", "NOMDEPTO": "GENERAL SAN MARTIN", "DEPTO": "371", "FRAC": "29", "RADIO": "03", "TIPO": "U", "LINK": "063712903", "IDRADIO_9": "063712903", "hog_tot": 215, "hog_nbi": 6, "pob_tot": 542, "pct_nbi": 2.7906976744186052 }, "geometry": { "type": "MultiPolygon", "coordinates": [ [ [ [ -58.544685571545926, -34.578644845164085 ], [ -58.543614115798057, -34.579470308293175 ], [ -58.542574854280673, -34.580323186366066 ], [ -58.543369006216217, -34.581026699502949 ], [ -58.544144315563997, -34.58170392589512 ], [ -58.545199206229285, -34.580837114979587 ], [ -58.546240907984917, -34.579951358858317 ], [ -58.547292424038318, -34.579135589499423 ], [ -58.546519260343452, -34.578477418591753 ], [ -58.545703000394596, -34.57779168813596 ], [ -58.544685571545926, -34.578644845164085 ] ] ] ] } },
{ "type": "Feature", "properties": { "NOMPROV": "BUENOS AIRES", "PROV": "06", "NOMDEPTO": "GENERAL SAN MARTIN", "DEPTO": "371", "FRAC": "29", "RADIO": "06", "TIPO": "U", "LINK": "063712906", "IDRADIO_9": "063712906", "hog_tot": 228, "hog_nbi": 12, "pob_tot": 604, "pct_nbi": 5.2631578947368416 }, "geometry": { "type": "MultiPolygon", "coordinates": [ [ [ [ -58.544144315563997, -34.58170392589512 ], [ -58.544900274671491, -34.582352473990532 ], [ -58.545668526868404, -34.582985361691208 ], [ -58.546426454680748, -34.583638659619531 ], [ -58.547478538579021, -34.582784762518038 ], [ -58.548583501859717, -34.581972147148434 ], [ -58.547863839574319, -34.581368700517956 ], [ -58.54776719021325, -34.58128643048633 ], [ -58.546695103401788, -34.582109173618193 ], [ -58.545965657173682, -34.581481298372175 ], [ -58.545199206229285, -34.580837114979587 ], [ -58.544144315563997, -34.58170392589512 ] ] ] ] } },
{ "type": "Feature", "properties": { "NOMPROV": "BUENOS AIRES", "PROV": "06", "NOMDEPTO": "GENERAL SAN MARTIN", "DEPTO": "371", "FRAC": "50", "RADIO": "08", "TIPO": "U", "LINK": "063715008", "IDRADIO_9": "063715008", "hog_tot": 308, "hog_nbi": 3, "pob_tot": 711, "pct_nbi": 0.97402597402597402 }, "geometry": { "type": "MultiPolygon", "coordinates": [ [ [ [ -58.542819032303406, -34.578820865210794 ], [ -58.543614115798057, -34.579470308293175 ], [ -58.544685571545926, -34.578644845164085 ], [ -58.543847376999715, -34.577967854313975 ], [ -58.543095885666105, -34.577318934105925 ], [ -58.542301424235156, -34.576666317957645 ], [ -58.541231209758848, -34.577495563590247 ], [ -58.542056645541074, -34.578171807684008 ], [ -58.542271244126901, -34.578363653039986 ], [ -58.542819032303406, -34.578820865210794 ] ] ] ] } },
{ "type": "Feature", "properties": { "NOMPROV": "BUENOS AIRES", "PROV": "06", "NOMDEPTO": "GENERAL SAN MARTIN", "DEPTO": "371", "FRAC": "23", "RADIO": "03", "TIPO": "U", "LINK": "063712303", "IDRADIO_9": "063712303", "hog_tot": 249, "hog_nbi": 13, "pob_tot": 628, "pct_nbi": 5.2208835341365463 }, "geometry": { "type": "MultiPolygon", "coordinates": [ [ [ [ -58.529373495853527, -34.578091725343278 ], [ -58.529437913892885, -34.578146582012636 ], [ -58.530565706264007, -34.577222775911878 ], [ -58.531626996209418, -34.576361253456312 ], [ -58.531498001417617, -34.576260553856301 ], [ -58.530759034702839, -34.575623002544987 ], [ -58.530118403795605, -34.575085724625488 ], [ -58.529026684098596, -34.575938767001986 ], [ -58.527869644693517, -34.576836617215079 ], [ -58.527923559432132, -34.576888984651255 ], [ -58.528567854487697, -34.577402810293698 ], [ -58.528949334219874, -34.577735091451032 ], [ -58.529319815308199, -34.578046011440577 ], [ -58.529373495853527, -34.578091725343278 ] ] ] ] } },
{ "type": "Feature", "properties": { "NOMPROV": "BUENOS AIRES", "PROV": "06", "NOMDEPTO": "GENERAL SAN MARTIN", "DEPTO": "371", "FRAC": "27", "RADIO": "07", "TIPO": "U", "LINK": "063712707", "IDRADIO_9": "063712707", "hog_tot": 207, "hog_nbi": 0, "pob_tot": 545, "pct_nbi": 0.0 }, "geometry": { "type": "MultiPolygon", "coordinates": [ [ [ [ -58.545560166213967, -34.593802479945936 ], [ -58.545750816231767, -34.593961392749421 ], [ -58.548200005139996, -34.593583372585165 ], [ -58.548869625654092, -34.593480409908317 ], [ -58.551349451273737, -34.593108067857294 ], [ -58.551106599419171, -34.592944394897643 ], [ -58.550481455899082, -34.592540379664953 ], [ -58.54969458738281, -34.592035292441743 ], [ -58.548940104734079, -34.591548612202551 ], [ -58.548465970928824, -34.591236517612721 ], [ -58.547991683902843, -34.590933431890683 ], [ -58.547592893689767, -34.590676310999051 ], [ -58.547323454239503, -34.590501848675096 ], [ -58.546709087390639, -34.590106957044114 ], [ -58.54613429444143, -34.590568805383533 ], [ -58.545692141947235, -34.590924071156977 ], [ -58.545183504647447, -34.591341636332807 ], [ -58.545956928896423, -34.5919908064552 ], [ -58.546730052372673, -34.592657994082579 ], [ -58.546099970715993, -34.59316425027037 ], [ -58.545447615744706, -34.59369727771481 ], [ -58.545560166213967, -34.593802479945936 ] ] ] ] } },
{ "type": "Feature", "properties": { "NOMPROV": "BUENOS AIRES", "PROV": "06", "NOMDEPTO": "GENERAL SAN MARTIN", "DEPTO": "371", "FRAC": "46", "RADIO": "07", "TIPO": "U", "LINK": "063714607", "IDRADIO_9": "063714607", "hog_tot": 225, "hog_nbi": 9, "pob_tot": 688, "pct_nbi": 4.0 }, "geometry": { "type": "MultiPolygon", "coordinates": [ [ [ [ -58.585050404973096, -34.543147513985261 ], [ -58.585890283636587, -34.543814472175534 ], [ -58.586684475718833, -34.54451770795113 ], [ -58.58690518861853, -34.544349006723195 ], [ -58.587785820580031, -34.54487094369717 ], [ -58.588454917661601, -34.545466582330505 ], [ -58.589448680895757, -34.544709846084118 ], [ -58.588764803334342, -34.544146501482125 ], [ -58.587966414638409, -34.543494044246593 ], [ -58.588319165494518, -34.543184595164028 ], [ -58.587513320604344, -34.542526301793217 ], [ -58.586765081444163, -34.541877748431212 ], [ -58.587161159375853, -34.541536613182423 ], [ -58.58729230391809, -34.541424096043713 ], [ -58.587129554524736, -34.541386158686471 ], [ -58.585926498196926, -34.541729295412956 ], [ -58.586156563800678, -34.542153868556383 ], [ -58.586230363111206, -34.542290060333812 ], [ -58.585806334503147, -34.54265816342847 ], [ -58.585249274872083, -34.543090682683157 ], [ -58.585050404973096, -34.543147513985261 ] ] ] ] } },
{ "type": "Feature", "properties": { "NOMPROV": "BUENOS AIRES", "PROV": "06", "NOMDEPTO": "GENERAL SAN MARTIN", "DEPTO": "371", "FRAC": "47", "RADIO": "08", "TIPO": "U", "LINK": "063714708", "IDRADIO_9": "063714708", "hog_tot": 236, "hog_nbi": 14, "pob_tot": 682, "pct_nbi": 5.9322033898305104 }, "geometry": { "type": "MultiPolygon", "coordinates": [ [ [ [ -58.579035701085225, -34.545907136703917 ], [ -58.579605764424201, -34.546344143029934 ], [ -58.580438511114316, -34.546049645282757 ], [ -58.580571403321166, -34.546003747808996 ], [ -58.581570826112277, -34.545665486864678 ], [ -58.581275423037845, -34.544883578790838 ], [ -58.580981759057927, -34.544248638442781 ], [ -58.580598746793548, -34.543397484392841 ], [ -58.580219851011726, -34.542553374193872 ], [ -58.578966609280975, -34.542922866130247 ], [ -58.577915429505381, -34.543244125773853 ], [ -58.57830367344593, -34.544113942798838 ], [ -58.578524105664236, -34.54460323825041 ], [ -58.578566596752893, -34.544666827553854 ], [ -58.578878451040055, -34.544904808413456 ], [ -58.578046291560526, -34.545156510840613 ], [ -58.579035701085225, -34.545907136703917 ] ] ] ] } },
{ "type": "Feature", "properties": { "NOMPROV": "BUENOS AIRES", "PROV": "06", "NOMDEPTO": "GENERAL SAN MARTIN", "DEPTO": "371", "FRAC": "46", "RADIO": "08", "TIPO": "U", "LINK": "063714608", "IDRADIO_9": "063714608", "hog_tot": 331, "hog_nbi": 20, "pob_tot": 1126, "pct_nbi": 6.0422960725075541 }, "geometry": { "type": "MultiPolygon", "coordinates": [ [ [ [ -58.58729230391809, -34.541424096043713 ], [ -58.587161159375853, -34.541536613182423 ], [ -58.586765081444163, -34.541877748431212 ], [ -58.587513320604344, -34.542526301793217 ], [ -58.588319165494518, -34.543184595164028 ], [ -58.587966414638409, -34.543494044246593 ], [ -58.588764803334342, -34.544146501482125 ], [ -58.589448680895757, -34.544709846084118 ], [ -58.590387205953625, -34.543990382682956 ], [ -58.591115848430547, -34.543397954921659 ], [ -58.590564707914574, -34.542869790452933 ], [ -58.590051148947914, -34.542410611763337 ], [ -58.589688752058166, -34.542083886871495 ], [ -58.590075272072013, -34.541753711961441 ], [ -58.589291359475837, -34.541086669926528 ], [ -58.588474786931457, -34.540419246274894 ], [ -58.588154703861392, -34.540667923362811 ], [ -58.587359170111164, -34.541334735333628 ], [ -58.58729230391809, -34.541424096043713 ] ] ] ] } },
{ "type": "Feature", "properties": { "NOMPROV": "BUENOS AIRES", "PROV": "06", "NOMDEPTO": "GENERAL SAN MARTIN", "DEPTO": "371", "FRAC": "35", "RADIO": "10", "TIPO": "U", "LINK": "063713510", "IDRADIO_9": "063713510", "hog_tot": 510, "hog_nbi": 53, "pob_tot": 1480, "pct_nbi": 10.392156862745098 }, "geometry": { "type": "MultiPolygon", "coordinates": [ [ [ [ -58.584986126631939, -34.555230510068156 ], [ -58.584611271704588, -34.55539060574835 ], [ -58.584217130772146, -34.555690427455296 ], [ -58.583548384054069, -34.556223228103569 ], [ -58.582875728818735, -34.556736736633084 ], [ -58.58217760631802, -34.557255193162746 ], [ -58.581517381348611, -34.557782833540834 ], [ -58.580831749150228, -34.558311923423368 ], [ -58.581419850957346, -34.558794590947976 ], [ -58.581600720320701, -34.558655208844065 ], [ -58.582015515926805, -34.558333854852378 ], [ -58.582084046155757, -34.55828274218802 ], [ -58.582493176794358, -34.557969174162849 ], [ -58.582765323221082, -34.557760591773636 ], [ -58.583164655016027, -34.557454819687536 ], [ -58.583530002229615, -34.557247874314477 ], [ -58.584451014104523, -34.558096925731192 ], [ -58.585362644628944, -34.557844641476187 ], [ -58.586304270776864, -34.557530480201891 ], [ -58.585981829024661, -34.556651009559907 ], [ -58.585898079009489, -34.5564225763612 ], [ -58.585583986166547, -34.555591188351592 ], [ -58.585422099197658, -34.555134641456952 ], [ -58.584986126631939, -34.555230510068156 ] ] ] ] } },
{ "type": "Feature", "properties": { "NOMPROV": "BUENOS AIRES", "PROV": "06", "NOMDEPTO": "GENERAL SAN MARTIN", "DEPTO": "371", "FRAC": "14", "RADIO": "10", "TIPO": "U", "LINK": "063711410", "IDRADIO_9": "063711410", "hog_tot": 248, "hog_nbi": 16, "pob_tot": 757, "pct_nbi": 6.4516129032258061 }, "geometry": { "type": "MultiPolygon", "coordinates": [ [ [ [ -58.579442787292308, -34.524488178208237 ], [ -58.578638466432267, -34.525135339387411 ], [ -58.579373528893974, -34.525763821406294 ], [ -58.580183151336279, -34.525131451524643 ], [ -58.58029989956615, -34.525232887994598 ], [ -58.580982782865277, -34.525826204051434 ], [ -58.58164541020971, -34.525299950580674 ], [ -58.58226158645882, -34.524809171321643 ], [ -58.581932013026638, -34.524445993632391 ], [ -58.581804581254502, -34.524201377059299 ], [ -58.581683885356156, -34.524000473155169 ], [ -58.581345135656086, -34.523667297083158 ], [ -58.580937552502512, -34.523352319009419 ], [ -58.58050962634649, -34.523638898724855 ], [ -58.579442787292308, -34.524488178208237 ] ] ] ] } },
{ "type": "Feature", "properties": { "NOMPROV": "BUENOS AIRES", "PROV": "06", "NOMDEPTO": "GENERAL SAN MARTIN", "DEPTO": "371", "FRAC": "33", "RADIO": "03", "TIPO": "U", "LINK": "063713303", "IDRADIO_9": "063713303", "hog_tot": 226, "hog_nbi": 6, "pob_tot": 717, "pct_nbi": 2.6548672566371678 }, "geometry": { "type": "MultiPolygon", "coordinates": [ [ [ [ -58.573399675926211, -34.566572390309297 ], [ -58.573968429133721, -34.567083790521579 ], [ -58.574774444142164, -34.566462262860597 ], [ -58.575591929733427, -34.565748825996714 ], [ -58.575031196707364, -34.565238448051083 ], [ -58.574812217516026, -34.565041896006527 ], [ -58.574543541521848, -34.564798556490864 ], [ -58.574084896735599, -34.564399963687741 ], [ -58.573629112047527, -34.563974763282111 ], [ -58.572510363083822, -34.564222499074511 ], [ -58.572239096568936, -34.564286221511374 ], [ -58.571019526805863, -34.564540409326881 ], [ -58.571775396112834, -34.565179835512509 ], [ -58.572408583060835, -34.565715730197766 ], [ -58.572909826223778, -34.56614628342227 ], [ -58.573399675926211, -34.566572390309297 ] ] ] ] } },
{ "type": "Feature", "properties": { "NOMPROV": "BUENOS AIRES", "PROV": "06", "NOMDEPTO": "GENERAL SAN MARTIN", "DEPTO": "371", "FRAC": "39", "RADIO": "03", "TIPO": "U", "LINK": "063713903", "IDRADIO_9": "063713903", "hog_tot": 185, "hog_nbi": 5, "pob_tot": 534, "pct_nbi": 2.7027027027027031 }, "geometry": { "type": "MultiPolygon", "coordinates": [ [ [ [ -58.557875135679375, -34.530627154777648 ], [ -58.558709410975467, -34.531346451303733 ], [ -58.559626418170645, -34.530599493766651 ], [ -58.560366357364863, -34.529995947541558 ], [ -58.559483422062087, -34.529265679367455 ], [ -58.558678483051246, -34.52861349739392 ], [ -58.557953348859947, -34.52925253407529 ], [ -58.557102394901648, -34.52994583168833 ], [ -58.557875135679375, -34.530627154777648 ] ] ] ] } },
{ "type": "Feature", "properties": { "NOMPROV": "BUENOS AIRES", "PROV": "06", "NOMDEPTO": "GENERAL SAN MARTIN", "DEPTO": "371", "FRAC": "28", "RADIO": "05", "TIPO": "U", "LINK": "063712805", "IDRADIO_9": "063712805", "hog_tot": 333, "hog_nbi": 8, "pob_tot": 885, "pct_nbi": 2.402402402402402 }, "geometry": { "type": "MultiPolygon", "coordinates": [ [ [ [ -58.559018018978634, -34.585457816309216 ], [ -58.557977120540009, -34.586409954299263 ], [ -58.556792830611734, -34.587459534662834 ], [ -58.557955472348404, -34.588293500357921 ], [ -58.558913437339967, -34.588989837518653 ], [ -58.559986270724721, -34.588083136215943 ], [ -58.56106951106711, -34.587203588053363 ], [ -58.56218619375813, -34.586279356766312 ], [ -58.561208459027668, -34.585465638269149 ], [ -58.560123492636713, -34.584551499047315 ], [ -58.559018018978634, -34.585457816309216 ] ] ] ] } },
{ "type": "Feature", "properties": { "NOMPROV": "BUENOS AIRES", "PROV": "06", "NOMDEPTO": "GENERAL SAN MARTIN", "DEPTO": "371", "FRAC": "28", "RADIO": "08", "TIPO": "U", "LINK": "063712808", "IDRADIO_9": "063712808", "hog_tot": 406, "hog_nbi": 15, "pob_tot": 1054, "pct_nbi": 3.694581280788177 }, "geometry": { "type": "MultiPolygon", "coordinates": [ [ [ [ -58.561812586271174, -34.589618929322327 ], [ -58.563007533842189, -34.590699340915059 ], [ -58.56366775770978, -34.590024582083167 ], [ -58.563677617401034, -34.59001695741815 ], [ -58.564072493402108, -34.589713146729387 ], [ -58.565213226788444, -34.588828948293504 ], [ -58.564012513810717, -34.58781511741595 ], [ -58.563153051125347, -34.587092940385531 ], [ -58.56218619375813, -34.586279356766312 ], [ -58.56106951106711, -34.587203588053363 ], [ -58.559986270724721, -34.588083136215943 ], [ -58.560899264702456, -34.588860047166563 ], [ -58.561812586271174, -34.589618929322327 ] ] ] ] } },
{ "type": "Feature", "properties": { "NOMPROV": "BUENOS AIRES", "PROV": "06", "NOMDEPTO": "GENERAL SAN MARTIN", "DEPTO": "371", "FRAC": "26", "RADIO": "03", "TIPO": "U", "LINK": "063712603", "IDRADIO_9": "063712603", "hog_tot": 335, "hog_nbi": 17, "pob_tot": 835, "pct_nbi": 5.0746268656716422 }, "geometry": { "type": "MultiPolygon", "coordinates": [ [ [ [ -58.534310787779994, -34.591015160731907 ], [ -58.533493836377147, -34.591944800927216 ], [ -58.534977867389891, -34.591738744111439 ], [ -58.535405451193036, -34.591694646424223 ], [ -58.536491572032496, -34.591580720304698 ], [ -58.537439198749937, -34.591442802736751 ], [ -58.538069949769714, -34.591357333034644 ], [ -58.539511047864075, -34.591152782091484 ], [ -58.539736011368625, -34.591104556273926 ], [ -58.539589687290722, -34.590447945918513 ], [ -58.539355877512101, -34.589901976638068 ], [ -58.539284490845567, -34.589621707735844 ], [ -58.539144412235899, -34.58952989673287 ], [ -58.538604790424003, -34.589225993636859 ], [ -58.538248835164786, -34.58901442170955 ], [ -58.537709535837742, -34.588692491793296 ], [ -58.537321214968301, -34.588435761593999 ], [ -58.536855871372829, -34.588170300091342 ], [ -58.536277636691409, -34.588810810241228 ], [ -58.536005937153114, -34.589111500086226 ], [ -58.53571344837836, -34.589428887670813 ], [ -58.535150282029647, -34.590066183919767 ], [ -58.534310787779994, -34.591015160731907 ] ] ] ] } },
{ "type": "Feature", "properties": { "NOMPROV": "BUENOS AIRES", "PROV": "06", "NOMDEPTO": "GENERAL SAN MARTIN", "DEPTO": "371", "FRAC": "26", "RADIO": "05", "TIPO": "U", "LINK": "063712605", "IDRADIO_9": "063712605", "hog_tot": 216, "hog_nbi": 4, "pob_tot": 554, "pct_nbi": 1.8518518518518521 }, "geometry": { "type": "MultiPolygon", "coordinates": [ [ [ [ -58.540852705465028, -34.590938398116776 ], [ -58.54146342660777, -34.591540583406314 ], [ -58.542278364125202, -34.592307445963279 ], [ -58.542342644103371, -34.592371307699914 ], [ -58.543083048857312, -34.593038128076145 ], [ -58.543978450026366, -34.592318733623706 ], [ -58.544542370003946, -34.591856766185899 ], [ -58.545183504647447, -34.591341636332807 ], [ -58.544410091340154, -34.590692461529656 ], [ -58.543712024481167, -34.590098262535648 ], [ -58.543497078728237, -34.589924442270544 ], [ -58.543275999823081, -34.590102070068134 ], [ -58.542922899260653, -34.590350228997188 ], [ -58.542254263621373, -34.590567576308658 ], [ -58.54213377052335, -34.590602190236609 ], [ -58.54147587021275, -34.590828675785026 ], [ -58.540852705465028, -34.590938398116776 ] ] ] ] } },
{ "type": "Feature", "properties": { "NOMPROV": "BUENOS AIRES", "PROV": "06", "NOMDEPTO": "GENERAL SAN MARTIN", "DEPTO": "371", "FRAC": "35", "RADIO": "07", "TIPO": "U", "LINK": "063713507", "IDRADIO_9": "063713507", "hog_tot": 84, "hog_nbi": 8, "pob_tot": 247, "pct_nbi": 9.5238095238095237 }, "geometry": { "type": "MultiPolygon", "coordinates": [ [ [ [ -58.582511019816216, -34.560977526838585 ], [ -58.582671248489802, -34.561113416325128 ], [ -58.583687230881658, -34.560271419380094 ], [ -58.583152060015941, -34.559731200283238 ], [ -58.582814109282054, -34.559390056889278 ], [ -58.583020168653739, -34.559223917434323 ], [ -58.582015515926805, -34.558333854852378 ], [ -58.581600720320701, -34.558655208844065 ], [ -58.581419850957346, -34.558794590947976 ], [ -58.580712859649246, -34.559335677467949 ], [ -58.581662172063517, -34.560214402259504 ], [ -58.582511019816216, -34.560977526838585 ] ] ] ] } },
{ "type": "Feature", "properties": { "NOMPROV": "BUENOS AIRES", "PROV": "06", "NOMDEPTO": "GENERAL SAN MARTIN", "DEPTO": "371", "FRAC": "35", "RADIO": "09", "TIPO": "U", "LINK": "063713509", "IDRADIO_9": "063713509", "hog_tot": 51, "hog_nbi": 8, "pob_tot": 153, "pct_nbi": 15.686274509803919 }, "geometry": { "type": "MultiPolygon", "coordinates": [ [ [ [ -58.583166054758941, -34.558112836757303 ], [ -58.583761936008969, -34.558622235476882 ], [ -58.584165717424476, -34.558291227114047 ], [ -58.584339831936077, -34.558148492416983 ], [ -58.584451014104523, -34.558096925731192 ], [ -58.583530002229615, -34.557247874314477 ], [ -58.583164655016027, -34.557454819687536 ], [ -58.582765323221082, -34.557760591773636 ], [ -58.583166054758941, -34.558112836757303 ] ] ] ] } },
{ "type": "Feature", "properties": { "NOMPROV": "BUENOS AIRES", "PROV": "06", "NOMDEPTO": "GENERAL SAN MARTIN", "DEPTO": "371", "FRAC": "35", "RADIO": "08", "TIPO": "U", "LINK": "063713508", "IDRADIO_9": "063713508", "hog_tot": 114, "hog_nbi": 19, "pob_tot": 417, "pct_nbi": 16.666666666666664 }, "geometry": { "type": "MultiPolygon", "coordinates": [ [ [ [ -58.582015515926805, -34.558333854852378 ], [ -58.583020168653739, -34.559223917434323 ], [ -58.583494151259259, -34.558841755374416 ], [ -58.583761936008969, -34.558622235476882 ], [ -58.583166054758941, -34.558112836757303 ], [ -58.582765323221082, -34.557760591773636 ], [ -58.582493176794358, -34.557969174162849 ], [ -58.582084046155757, -34.55828274218802 ], [ -58.582015515926805, -34.558333854852378 ] ] ] ] } },
{ "type": "Feature", "properties": { "NOMPROV": "BUENOS AIRES", "PROV": "06", "NOMDEPTO": "GENERAL SAN MARTIN", "DEPTO": "371", "FRAC": "30", "RADIO": "11", "TIPO": "U", "LINK": "063713011", "IDRADIO_9": "063713011", "hog_tot": 328, "hog_nbi": 8, "pob_tot": 898, "pct_nbi": 2.4390243902439019 }, "geometry": { "type": "MultiPolygon", "coordinates": [ [ [ [ -58.557522189951101, -34.578680083313365 ], [ -58.556781770034085, -34.579275228056886 ], [ -58.556052545678142, -34.579852472822644 ], [ -58.555246106900441, -34.580482880368386 ], [ -58.554152157359418, -34.58135323773508 ], [ -58.55492806529773, -34.582000371986283 ], [ -58.555709411257972, -34.582678623323929 ], [ -58.555967479639712, -34.582879972942536 ], [ -58.556397768943405, -34.583261763255855 ], [ -58.55753383443372, -34.582420788147161 ], [ -58.558318795626846, -34.58177208507179 ], [ -58.559059228798773, -34.581176932429713 ], [ -58.559777393910217, -34.580608551690794 ], [ -58.559057970772699, -34.579987146034824 ], [ -58.558273809639978, -34.579328918549969 ], [ -58.557522189951101, -34.578680083313365 ] ] ] ] } },
{ "type": "Feature", "properties": { "NOMPROV": "BUENOS AIRES", "PROV": "06", "NOMDEPTO": "GENERAL SAN MARTIN", "DEPTO": "371", "FRAC": "27", "RADIO": "06", "TIPO": "U", "LINK": "063712706", "IDRADIO_9": "063712706", "hog_tot": 194, "hog_nbi": 2, "pob_tot": 526, "pct_nbi": 1.0309278350515461 }, "geometry": { "type": "MultiPolygon", "coordinates": [ [ [ [ -58.543497078728237, -34.589924442270544 ], [ -58.543712024481167, -34.590098262535648 ], [ -58.544410091340154, -34.590692461529656 ], [ -58.545183504647447, -34.591341636332807 ], [ -58.545692141947235, -34.590924071156977 ], [ -58.54613429444143, -34.590568805383533 ], [ -58.546709087390639, -34.590106957044114 ], [ -58.546547521078409, -34.589996871685891 ], [ -58.545836190986513, -34.589537726817746 ], [ -58.545674782903674, -34.589418628806015 ], [ -58.544791161444778, -34.588840249989545 ], [ -58.543497078728237, -34.589924442270544 ] ] ] ] } },
{ "type": "Feature", "properties": { "NOMPROV": "BUENOS AIRES", "PROV": "06", "NOMDEPTO": "GENERAL SAN MARTIN", "DEPTO": "371", "FRAC": "13", "RADIO": "03", "TIPO": "U", "LINK": "063711303", "IDRADIO_9": "063711303", "hog_tot": 214, "hog_nbi": 7, "pob_tot": 531, "pct_nbi": 3.2710280373831768 }, "geometry": { "type": "MultiPolygon", "coordinates": [ [ [ [ -58.570743269728361, -34.53395759880663 ], [ -58.571194161669943, -34.534341442529531 ], [ -58.57199291943224, -34.53365406338775 ], [ -58.572958544059055, -34.532876853382454 ], [ -58.573872199545065, -34.532141788607476 ], [ -58.574752851851336, -34.531433454989674 ], [ -58.575220564296529, -34.531062877041229 ], [ -58.574987354812713, -34.530588518459545 ], [ -58.574953176377022, -34.530544765435216 ], [ -58.574686216977263, -34.53000169708784 ], [ -58.574258021864225, -34.530350097932661 ], [ -58.57399030455818, -34.5305965851609 ], [ -58.573622419179785, -34.53087993520117 ], [ -58.572955301801031, -34.531379263098813 ], [ -58.572331267503401, -34.531903140812581 ], [ -58.571585108475787, -34.53253071400124 ], [ -58.570324588134739, -34.533601171137583 ], [ -58.570743269728361, -34.53395759880663 ] ] ] ] } },
{ "type": "Feature", "properties": { "NOMPROV": "BUENOS AIRES", "PROV": "06", "NOMDEPTO": "GENERAL SAN MARTIN", "DEPTO": "371", "FRAC": "48", "RADIO": "02", "TIPO": "U", "LINK": "063714802", "IDRADIO_9": "063714802", "hog_tot": 310, "hog_nbi": 10, "pob_tot": 743, "pct_nbi": 3.225806451612903 }, "geometry": { "type": "MultiPolygon", "coordinates": [ [ [ [ -58.557443799681657, -34.551674904166525 ], [ -58.558431538523557, -34.552515809940552 ], [ -58.55942563317177, -34.55172534772408 ], [ -58.560010971392146, -34.551263553875117 ], [ -58.560397769335367, -34.550943631594293 ], [ -58.559399136575585, -34.550102612064222 ], [ -58.558420956532274, -34.549263706246265 ], [ -58.557438970221646, -34.550061438082835 ], [ -58.556466816713296, -34.550843130306397 ], [ -58.557443799681657, -34.551674904166525 ] ] ] ] } },
{ "type": "Feature", "properties": { "NOMPROV": "BUENOS AIRES", "PROV": "06", "NOMDEPTO": "GENERAL SAN MARTIN", "DEPTO": "371", "FRAC": "48", "RADIO": "09", "TIPO": "U", "LINK": "063714809", "IDRADIO_9": "063714809", "hog_tot": 399, "hog_nbi": 30, "pob_tot": 1232, "pct_nbi": 7.5187969924812039 }, "geometry": { "type": "MultiPolygon", "coordinates": [ [ [ [ -58.568566006657868, -34.554693247627249 ], [ -58.568101821625049, -34.555194506435235 ], [ -58.56772933055872, -34.555574797635629 ], [ -58.568630091165801, -34.556371534400782 ], [ -58.569452132534394, -34.557082502730076 ], [ -58.57036315987304, -34.557791391902278 ], [ -58.571326895540182, -34.557022539427948 ], [ -58.572269705388926, -34.556226532614438 ], [ -58.571413239062736, -34.555536373513192 ], [ -58.570569523960884, -34.554809249302892 ], [ -58.569380699928153, -34.553753275286724 ], [ -58.568566006657868, -34.554693247627249 ] ] ] ] } },
{ "type": "Feature", "properties": { "NOMPROV": "BUENOS AIRES", "PROV": "06", "NOMDEPTO": "GENERAL SAN MARTIN", "DEPTO": "371", "FRAC": "18", "RADIO": "06", "TIPO": "U", "LINK": "063711806", "IDRADIO_9": "063711806", "hog_tot": 472, "hog_nbi": 14, "pob_tot": 1320, "pct_nbi": 2.9661016949152539 }, "geometry": { "type": "MultiPolygon", "coordinates": [ [ [ [ -58.572893785257548, -34.550901071152708 ], [ -58.572020859598837, -34.551602347052345 ], [ -58.573225395298849, -34.552572679018176 ], [ -58.574116687737266, -34.55329989288623 ], [ -58.575121334297876, -34.553917434074421 ], [ -58.575459010621366, -34.553634687387792 ], [ -58.575889174666422, -34.553279124282469 ], [ -58.57609057071339, -34.553124029458935 ], [ -58.576802600496876, -34.552574273746515 ], [ -58.577143630422079, -34.552279649050696 ], [ -58.577295270728051, -34.552160253349456 ], [ -58.576511001773305, -34.551610718087332 ], [ -58.577194639532216, -34.551032394792962 ], [ -58.576250442437285, -34.550183132811412 ], [ -58.5755929650377, -34.549769856538887 ], [ -58.574422009323449, -34.550720630810105 ], [ -58.57382145501817, -34.550163793841456 ], [ -58.572893785257548, -34.550901071152708 ] ] ] ] } },
{ "type": "Feature", "properties": { "NOMPROV": "BUENOS AIRES", "PROV": "06", "NOMDEPTO": "GENERAL SAN MARTIN", "DEPTO": "371", "FRAC": "20", "RADIO": "04", "TIPO": "U", "LINK": "063712004", "IDRADIO_9": "063712004", "hog_tot": 243, "hog_nbi": 4, "pob_tot": 657, "pct_nbi": 1.6460905349794239 }, "geometry": { "type": "MultiPolygon", "coordinates": [ [ [ [ -58.558566890646745, -34.561720139231703 ], [ -58.559774329255966, -34.562464480818434 ], [ -58.56043599492596, -34.562003587257003 ], [ -58.559392179620943, -34.561121185457523 ], [ -58.560532255053594, -34.560211046884007 ], [ -58.559833635849174, -34.559470072737533 ], [ -58.559140716458664, -34.558724082862867 ], [ -58.557817050925848, -34.559790401716498 ], [ -58.55671970301276, -34.560603407735286 ], [ -58.557596318562723, -34.561140826576157 ], [ -58.558566890646745, -34.561720139231703 ] ] ] ] } },
{ "type": "Feature", "properties": { "NOMPROV": "BUENOS AIRES", "PROV": "06", "NOMDEPTO": "GENERAL SAN MARTIN", "DEPTO": "371", "FRAC": "30", "RADIO": "06", "TIPO": "U", "LINK": "063713006", "IDRADIO_9": "063713006", "hog_tot": 350, "hog_nbi": 10, "pob_tot": 936, "pct_nbi": 2.8571428571428572 }, "geometry": { "type": "MultiPolygon", "coordinates": [ [ [ [ -58.553664134905688, -34.571181562357005 ], [ -58.552951825656777, -34.571764784247321 ], [ -58.552813242529304, -34.571870295452747 ], [ -58.552054753729628, -34.572447767126192 ], [ -58.553554089846898, -34.573729815419618 ], [ -58.554692597390911, -34.57467258756899 ], [ -58.555434066100815, -34.575313597009355 ], [ -58.556237370460451, -34.574651866119012 ], [ -58.556982934509087, -34.574033329819379 ], [ -58.557810883339826, -34.573422263749897 ], [ -58.558607668834526, -34.57279456803851 ], [ -58.557868132909945, -34.572155226482394 ], [ -58.556940006684108, -34.571381342404194 ], [ -58.556145358502008, -34.570704949857465 ], [ -58.555269708287241, -34.569916835289291 ], [ -58.554224574560671, -34.57074020597215 ], [ -58.553664134905688, -34.571181562357005 ] ] ] ] } },
{ "type": "Feature", "properties": { "NOMPROV": "BUENOS AIRES", "PROV": "06", "NOMDEPTO": "GENERAL SAN MARTIN", "DEPTO": "371", "FRAC": "30", "RADIO": "05", "TIPO": "U", "LINK": "063713005", "IDRADIO_9": "063713005", "hog_tot": 342, "hog_nbi": 8, "pob_tot": 921, "pct_nbi": 2.339181286549707 }, "geometry": { "type": "MultiPolygon", "coordinates": [ [ [ [ -58.557810883339826, -34.573422263749897 ], [ -58.556982934509087, -34.574033329819379 ], [ -58.556237370460451, -34.574651866119012 ], [ -58.555434066100815, -34.575313597009355 ], [ -58.554434261892318, -34.576088388499578 ], [ -58.555177611964837, -34.576720133440979 ], [ -58.555862359101752, -34.577262076341604 ], [ -58.5566412427996, -34.577948593953586 ], [ -58.557624613603821, -34.5771670394168 ], [ -58.55840890079569, -34.576554381269858 ], [ -58.559160180659269, -34.5759593541488 ], [ -58.559568889417491, -34.57563969594996 ], [ -58.559977906988216, -34.575302013082549 ], [ -58.559236737059848, -34.574680351946483 ], [ -58.55922599778588, -34.574671211717018 ], [ -58.55851783535968, -34.574031909089953 ], [ -58.557810883339826, -34.573422263749897 ] ] ] ] } },
{ "type": "Feature", "properties": { "NOMPROV": "BUENOS AIRES", "PROV": "06", "NOMDEPTO": "GENERAL SAN MARTIN", "DEPTO": "371", "FRAC": "30", "RADIO": "10", "TIPO": "U", "LINK": "063713010", "IDRADIO_9": "063713010", "hog_tot": 123, "hog_nbi": 14, "pob_tot": 406, "pct_nbi": 11.38211382113821 }, "geometry": { "type": "MultiPolygon", "coordinates": [ [ [ [ -58.553314353862419, -34.580631870289338 ], [ -58.554152157359418, -34.58135323773508 ], [ -58.555246106900441, -34.580482880368386 ], [ -58.556052545678142, -34.579852472822644 ], [ -58.555182650005065, -34.57911209040153 ], [ -58.554415696910389, -34.579746689790838 ], [ -58.554091239952648, -34.580001453670825 ], [ -58.553314353862419, -34.580631870289338 ] ] ] ] } },
{ "type": "Feature", "properties": { "NOMPROV": "BUENOS AIRES", "PROV": "06", "NOMDEPTO": "GENERAL SAN MARTIN", "DEPTO": "371", "FRAC": "01", "RADIO": "08", "TIPO": "U", "LINK": "063710108", "IDRADIO_9": "063710108", "hog_tot": 188, "hog_nbi": 34, "pob_tot": 637, "pct_nbi": 18.085106382978726 }, "geometry": { "type": "MultiPolygon", "coordinates": [ [ [ [ -58.585011754675065, -34.51072777864858 ], [ -58.585749522640413, -34.511296414703317 ], [ -58.586257964122701, -34.510792642930014 ], [ -58.586303271832243, -34.510737988968216 ], [ -58.586584203204808, -34.510381835790838 ], [ -58.587202030291223, -34.509535412753515 ], [ -58.586863404837153, -34.509286486806303 ], [ -58.586020827487729, -34.50866269165499 ], [ -58.585369596236376, -34.509180520664238 ], [ -58.585837430098479, -34.509527134130408 ], [ -58.58598774263352, -34.509582533014466 ], [ -58.586250039001349, -34.509780320949552 ], [ -58.585794659689562, -34.51012814963277 ], [ -58.585625920104583, -34.510257388313732 ], [ -58.585545496594889, -34.510318985944878 ], [ -58.585011754675065, -34.51072777864858 ] ] ] ] } },
{ "type": "Feature", "properties": { "NOMPROV": "BUENOS AIRES", "PROV": "06", "NOMDEPTO": "GENERAL SAN MARTIN", "DEPTO": "371", "FRAC": "34", "RADIO": "02", "TIPO": "U", "LINK": "063713402", "IDRADIO_9": "063713402", "hog_tot": 435, "hog_nbi": 22, "pob_tot": 1253, "pct_nbi": 5.0574712643678161 }, "geometry": { "type": "MultiPolygon", "coordinates": [ [ [ [ -58.575808333482378, -34.556285363929859 ], [ -58.57534932888494, -34.556620878182677 ], [ -58.574973681269931, -34.556316537993112 ], [ -58.574624270015249, -34.55661745513121 ], [ -58.573641553251342, -34.557367421097943 ], [ -58.572687327270437, -34.558177782347379 ], [ -58.573359436791499, -34.558721194651646 ], [ -58.573956403212122, -34.55923768370203 ], [ -58.574930945235593, -34.558464881902673 ], [ -58.575976686868671, -34.559317718305032 ], [ -58.57651476350734, -34.559748625293189 ], [ -58.576867738528449, -34.559951968077968 ], [ -58.577398189930726, -34.559552503906239 ], [ -58.577983181549619, -34.559108646738594 ], [ -58.578700413402942, -34.558576191582141 ], [ -58.577857991971797, -34.557857461325554 ], [ -58.576807859788602, -34.556942542579485 ], [ -58.576692079457757, -34.557028501824298 ], [ -58.575808333482378, -34.556285363929859 ] ] ] ] } },
{ "type": "Feature", "properties": { "NOMPROV": "BUENOS AIRES", "PROV": "06", "NOMDEPTO": "GENERAL SAN MARTIN", "DEPTO": "371", "FRAC": "35", "RADIO": "06", "TIPO": "U", "LINK": "063713506", "IDRADIO_9": "063713506", "hog_tot": 363, "hog_nbi": 20, "pob_tot": 1066, "pct_nbi": 5.5096418732782384 }, "geometry": { "type": "MultiPolygon", "coordinates": [ [ [ [ -58.581809421402752, -34.561505406037995 ], [ -58.58274022811058, -34.562332849765028 ], [ -58.58344188581632, -34.561774439978294 ], [ -58.582671248489802, -34.561113416325128 ], [ -58.582511019816216, -34.560977526838585 ], [ -58.581662172063517, -34.560214402259504 ], [ -58.580712859649246, -34.559335677467949 ], [ -58.581419850957346, -34.558794590947976 ], [ -58.580831749150228, -34.558311923423368 ], [ -58.581517381348611, -34.557782833540834 ], [ -58.580655375659489, -34.557012567361674 ], [ -58.579817487021984, -34.556279593326224 ], [ -58.579170058880116, -34.556800371790615 ], [ -58.578500438609744, -34.557382116906467 ], [ -58.577857991971797, -34.557857461325554 ], [ -58.578700413402942, -34.558576191582141 ], [ -58.57871099955748, -34.558594341830144 ], [ -58.579515983798004, -34.559337497971804 ], [ -58.580051915932387, -34.559826767565944 ], [ -58.579985640353868, -34.559880076623784 ], [ -58.580972941353878, -34.560765866331401 ], [ -58.581809421402752, -34.561505406037995 ] ] ] ] } },
{ "type": "Feature", "properties": { "NOMPROV": "BUENOS AIRES", "PROV": "06", "NOMDEPTO": "GENERAL SAN MARTIN", "DEPTO": "371", "FRAC": "08", "RADIO": "02", "TIPO": "U", "LINK": "063710802", "IDRADIO_9": "063710802", "hog_tot": 578, "hog_nbi": 87, "pob_tot": 1654, "pct_nbi": 15.051903114186851 }, "geometry": { "type": "MultiPolygon", "coordinates": [ [ [ [ -58.519480003761061, -34.561423538717939 ], [ -58.520417943809825, -34.561984728782065 ], [ -58.520507002503827, -34.561877647465522 ], [ -58.521295871795694, -34.56101290839608 ], [ -58.521396140087283, -34.560887936271619 ], [ -58.522163523026265, -34.560004904107963 ], [ -58.52227468146134, -34.559880062157504 ], [ -58.523020968270224, -34.55897244341616 ], [ -58.522061467666262, -34.558414498664511 ], [ -58.52114818744208, -34.557865679132995 ], [ -58.519790868303765, -34.557068168296354 ], [ -58.519149282041127, -34.557953879396209 ], [ -58.51858253434483, -34.558693826272751 ], [ -58.517761683444576, -34.559765503096422 ], [ -58.517424956612714, -34.56019120240142 ], [ -58.518574405228854, -34.560873356391767 ], [ -58.519480003761061, -34.561423538717939 ] ] ] ] } },
{ "type": "Feature", "properties": { "NOMPROV": "BUENOS AIRES", "PROV": "06", "NOMDEPTO": "GENERAL SAN MARTIN", "DEPTO": "371", "FRAC": "38", "RADIO": "03", "TIPO": "U", "LINK": "063713803", "IDRADIO_9": "063713803", "hog_tot": 444, "hog_nbi": 9, "pob_tot": 1159, "pct_nbi": 2.0270270270270272 }, "geometry": { "type": "MultiPolygon", "coordinates": [ [ [ [ -58.571636855641195, -34.51639406391913 ], [ -58.572565521118797, -34.517168715315108 ], [ -58.573259746435731, -34.516587599312182 ], [ -58.573981231916619, -34.515975513259981 ], [ -58.57547045321661, -34.514801308341617 ], [ -58.576200726955484, -34.514182829444323 ], [ -58.576876553783556, -34.513623549855559 ], [ -58.57592473132781, -34.512855379535239 ], [ -58.574938936877508, -34.512052984018062 ], [ -58.574594252567152, -34.512342780279717 ], [ -58.573568005887736, -34.513223656266298 ], [ -58.57258099336125, -34.514070849265529 ], [ -58.571560574388577, -34.514941896849791 ], [ -58.570779626291213, -34.515606446337642 ], [ -58.571636855641195, -34.51639406391913 ] ] ] ] } },
{ "type": "Feature", "properties": { "NOMPROV": "BUENOS AIRES", "PROV": "06", "NOMDEPTO": "GENERAL SAN MARTIN", "DEPTO": "371", "FRAC": "36", "RADIO": "08", "TIPO": "U", "LINK": "063713608", "IDRADIO_9": "063713608", "hog_tot": 174, "hog_nbi": 10, "pob_tot": 569, "pct_nbi": 5.7471264367816097 }, "geometry": { "type": "MultiPolygon", "coordinates": [ [ [ [ -58.589970321346478, -34.551219551467774 ], [ -58.590546119157501, -34.551722694232623 ], [ -58.591338640642569, -34.551100970254403 ], [ -58.591422618223199, -34.5510350904731 ], [ -58.591808018986185, -34.550732741731387 ], [ -58.593156584583298, -34.54972377790186 ], [ -58.592617539560337, -34.54921817944188 ], [ -58.592112237419805, -34.548705024165912 ], [ -58.591447289899996, -34.548146584308185 ], [ -58.590061432277707, -34.549196228462186 ], [ -58.588808090599358, -34.550142908873696 ], [ -58.589379403186612, -34.550677035133191 ], [ -58.589970321346478, -34.551219551467774 ] ] ] ] } },
{ "type": "Feature", "properties": { "NOMPROV": "BUENOS AIRES", "PROV": "06", "NOMDEPTO": "GENERAL SAN MARTIN", "DEPTO": "371", "FRAC": "19", "RADIO": "06", "TIPO": "U", "LINK": "063711906", "IDRADIO_9": "063711906", "hog_tot": 255, "hog_nbi": 4, "pob_tot": 705, "pct_nbi": 1.5686274509803919 }, "geometry": { "type": "MultiPolygon", "coordinates": [ [ [ [ -58.551681769051179, -34.559465224665665 ], [ -58.550174047783649, -34.560665311372837 ], [ -58.550496299344736, -34.560930528669715 ], [ -58.550819159538598, -34.561154184131006 ], [ -58.551158276194414, -34.56090222250338 ], [ -58.551876950231751, -34.560396861644932 ], [ -58.552361130995919, -34.56002989418193 ], [ -58.55279840623367, -34.561315629736768 ], [ -58.553095076475593, -34.562086919914442 ], [ -58.553774734337352, -34.561571377947949 ], [ -58.55449398410704, -34.561032125030856 ], [ -58.555075968372833, -34.560614968785075 ], [ -58.555780650900616, -34.560048434774423 ], [ -58.554626325576287, -34.559332147252881 ], [ -58.554534074065778, -34.559273735566109 ], [ -58.553970861343984, -34.558916723357115 ], [ -58.553658291646201, -34.55869392368021 ], [ -58.553186174712181, -34.558307053094666 ], [ -58.552405485716072, -34.558898123059841 ], [ -58.551681769051179, -34.559465224665665 ] ] ] ] } },
{ "type": "Feature", "properties": { "NOMPROV": "BUENOS AIRES", "PROV": "06", "NOMDEPTO": "GENERAL SAN MARTIN", "DEPTO": "371", "FRAC": "14", "RADIO": "14", "TIPO": "U", "LINK": "063711414", "IDRADIO_9": "063711414", "hog_tot": 234, "hog_nbi": 67, "pob_tot": 729, "pct_nbi": 28.63247863247863 }, "geometry": { "type": "MultiPolygon", "coordinates": [ [ [ [ -58.582602416793144, -34.529520863578611 ], [ -58.58274801997706, -34.529670392719453 ], [ -58.584025931008981, -34.528654755468459 ], [ -58.584099976130659, -34.528597224317842 ], [ -58.584501549747266, -34.528257386793683 ], [ -58.584668856026106, -34.528107802959589 ], [ -58.585085342856594, -34.527719706499894 ], [ -58.586333897627021, -34.526774846005061 ], [ -58.587151696198589, -34.526104321956765 ], [ -58.587254527774412, -34.52598003580696 ], [ -58.587599466895405, -34.52570156277919 ], [ -58.587956551528883, -34.525454548560191 ], [ -58.588621336284994, -34.524886892185229 ], [ -58.58872479159389, -34.524720830507583 ], [ -58.588827620178357, -34.524596543820266 ], [ -58.589043221373046, -34.523684796466341 ], [ -58.58942641251474, -34.522297146856197 ], [ -58.589257155981684, -34.522202389976684 ], [ -58.5890879009103, -34.522107633784245 ], [ -58.588728117586243, -34.521858816242293 ], [ -58.588408638611718, -34.52150524105685 ], [ -58.588114983864699, -34.521085577850663 ], [ -58.58777393698098, -34.520596533896565 ], [ -58.587421920299207, -34.520445728388005 ], [ -58.586580504916206, -34.520180966392061 ], [ -58.585739095037511, -34.519916198717461 ], [ -58.585705802195442, -34.519989269150621 ], [ -58.58553530463697, -34.520434682414702 ], [ -58.584544125370705, -34.523023973408819 ], [ -58.584465743291943, -34.523200273094155 ], [ -58.583472835300192, -34.525433475824414 ], [ -58.582956498860909, -34.526594743863782 ], [ -58.582386724730895, -34.527795315364564 ], [ -58.582054502898337, -34.528466651629095 ], [ -58.581848810904908, -34.528839662484408 ], [ -58.582008486133709, -34.528953729904195 ], [ -58.582265892302779, -34.529137612279229 ], [ -58.582511493886685, -34.529313061031836 ], [ -58.582619044241468, -34.529389890663822 ], [ -58.582602416793144, -34.529520863578611 ] ] ] ] } },
{ "type": "Feature", "properties": { "NOMPROV": "BUENOS AIRES", "PROV": "06", "NOMDEPTO": "GENERAL SAN MARTIN", "DEPTO": "371", "FRAC": "39", "RADIO": "07", "TIPO": "U", "LINK": "063713907", "IDRADIO_9": "063713907", "hog_tot": 275, "hog_nbi": 12, "pob_tot": 749, "pct_nbi": 4.3636363636363642 }, "geometry": { "type": "MultiPolygon", "coordinates": [ [ [ [ -58.565715539518315, -34.531828930007897 ], [ -58.566383926337231, -34.532389102778041 ], [ -58.567140238464134, -34.531783396372496 ], [ -58.56764067423336, -34.531362970785061 ], [ -58.568691440008706, -34.530499382752836 ], [ -58.568052246848232, -34.529955186127907 ], [ -58.567380014876882, -34.529396313086444 ], [ -58.566413899786347, -34.528552828883711 ], [ -58.565685040705709, -34.529139161140002 ], [ -58.565353583770985, -34.52941468547484 ], [ -58.564867668173385, -34.52980556933268 ], [ -58.565843353769111, -34.530632476865243 ], [ -58.566473867139806, -34.531209374146066 ], [ -58.565715539518315, -34.531828930007897 ] ] ] ] } },
{ "type": "Feature", "properties": { "NOMPROV": "BUENOS AIRES", "PROV": "06", "NOMDEPTO": "GENERAL SAN MARTIN", "DEPTO": "371", "FRAC": "04", "RADIO": "03", "TIPO": "U", "LINK": "063710403", "IDRADIO_9": "063710403", "hog_tot": 179, "hog_nbi": 7, "pob_tot": 508, "pct_nbi": 3.9106145251396649 }, "geometry": { "type": "MultiPolygon", "coordinates": [ [ [ [ -58.555693887996469, -34.533789526673658 ], [ -58.554279426922442, -34.5348735602144 ], [ -58.553021228758354, -34.535921116791997 ], [ -58.553686567662226, -34.536496847680695 ], [ -58.554373696492441, -34.537072833904205 ], [ -58.555654663350985, -34.536060458383915 ], [ -58.55633091286726, -34.536636305061805 ], [ -58.557603914537673, -34.535555560643623 ], [ -58.556924680200076, -34.534963874176363 ], [ -58.556336984749876, -34.53439202070679 ], [ -58.555693887996469, -34.533789526673658 ] ] ] ] } },
{ "type": "Feature", "properties": { "NOMPROV": "BUENOS AIRES", "PROV": "06", "NOMDEPTO": "GENERAL SAN MARTIN", "DEPTO": "371", "FRAC": "08", "RADIO": "05", "TIPO": "U", "LINK": "063710805", "IDRADIO_9": "063710805", "hog_tot": 340, "hog_nbi": 22, "pob_tot": 912, "pct_nbi": 6.4705882352941204 }, "geometry": { "type": "MultiPolygon", "coordinates": [ [ [ [ -58.521881779114366, -34.564228771222517 ], [ -58.520930731720036, -34.565282511425387 ], [ -58.520040473692191, -34.566269120783538 ], [ -58.51919098410513, -34.567278730615634 ], [ -58.519541352618802, -34.5674902892166 ], [ -58.519945551428336, -34.567738552312989 ], [ -58.520252906732566, -34.567918040397672 ], [ -58.520689711157701, -34.568171203986203 ], [ -58.521401198393477, -34.568603454469013 ], [ -58.522106735112523, -34.569023874444142 ], [ -58.522991474760524, -34.568018813493843 ], [ -58.523838118950032, -34.567010001349693 ], [ -58.524720257233042, -34.56590742455203 ], [ -58.524070809129448, -34.565517136627591 ], [ -58.523348121210397, -34.565102792979872 ], [ -58.522614867126343, -34.564670290415208 ], [ -58.521881779114366, -34.564228771222517 ] ] ] ] } },
{ "type": "Feature", "properties": { "NOMPROV": "BUENOS AIRES", "PROV": "06", "NOMDEPTO": "GENERAL SAN MARTIN", "DEPTO": "371", "FRAC": "42", "RADIO": "09", "TIPO": "U", "LINK": "063714209", "IDRADIO_9": "063714209", "hog_tot": 271, "hog_nbi": 6, "pob_tot": 704, "pct_nbi": 2.214022140221402 }, "geometry": { "type": "MultiPolygon", "coordinates": [ [ [ [ -58.528903921077791, -34.575824632340087 ], [ -58.529026684098596, -34.575938767001986 ], [ -58.530118403795605, -34.575085724625488 ], [ -58.531136828651462, -34.57432717964803 ], [ -58.530916666954511, -34.574207194877246 ], [ -58.530815970360585, -34.57414771912056 ], [ -58.530329424534827, -34.573838008141706 ], [ -58.530060287757131, -34.57366668749458 ], [ -58.529122592288907, -34.573158382414967 ], [ -58.528227728264312, -34.572615804066913 ], [ -58.527706003153249, -34.57305959883702 ], [ -58.528472408917224, -34.573692407471377 ], [ -58.527397795429245, -34.574570709793591 ], [ -58.527956211325588, -34.57503712921126 ], [ -58.528160190734134, -34.575210843160875 ], [ -58.528675830143108, -34.575631677341114 ], [ -58.528788557739858, -34.575727676167183 ], [ -58.528903921077791, -34.575824632340087 ] ] ] ] } },
{ "type": "Feature", "properties": { "NOMPROV": "BUENOS AIRES", "PROV": "06", "NOMDEPTO": "GENERAL SAN MARTIN", "DEPTO": "371", "FRAC": "32", "RADIO": "04", "TIPO": "U", "LINK": "063713204", "IDRADIO_9": "063713204", "hog_tot": 455, "hog_nbi": 34, "pob_tot": 1319, "pct_nbi": 7.4725274725274744 }, "geometry": { "type": "MultiPolygon", "coordinates": [ [ [ [ -58.573377863656958, -34.569762898083496 ], [ -58.572836656730573, -34.570189215319708 ], [ -58.573931710357542, -34.571148428951204 ], [ -58.575037529854065, -34.572116771206076 ], [ -58.576154423273223, -34.573076219354114 ], [ -58.576971529042666, -34.572445794210672 ], [ -58.57778908401707, -34.571788329088569 ], [ -58.576672648759093, -34.57080186062413 ], [ -58.575555471273383, -34.569860440833494 ], [ -58.574438473883156, -34.56890999963246 ], [ -58.574206467016481, -34.569096571502293 ], [ -58.573621076254817, -34.569558430978717 ], [ -58.573377863656958, -34.569762898083496 ] ] ] ] } },
{ "type": "Feature", "properties": { "NOMPROV": "BUENOS AIRES", "PROV": "06", "NOMDEPTO": "GENERAL SAN MARTIN", "DEPTO": "371", "FRAC": "30", "RADIO": "01", "TIPO": "U", "LINK": "063713001", "IDRADIO_9": "063713001", "hog_tot": 305, "hog_nbi": 12, "pob_tot": 799, "pct_nbi": 3.9344262295081971 }, "geometry": { "type": "MultiPolygon", "coordinates": [ [ [ [ -58.5582612176879, -34.567553106466555 ], [ -58.557961868913885, -34.567801375142402 ], [ -58.556875071882487, -34.568661352245904 ], [ -58.556048640932786, -34.569317119564055 ], [ -58.555269708287241, -34.569916835289291 ], [ -58.556145358502008, -34.570704949857465 ], [ -58.556940006684108, -34.571381342404194 ], [ -58.557868132909945, -34.572155226482394 ], [ -58.558607668834526, -34.57279456803851 ], [ -58.559420269697853, -34.572160554893237 ], [ -58.560189529278986, -34.571532527098789 ], [ -58.560958902192574, -34.570860950695 ], [ -58.560969951769181, -34.570852067530858 ], [ -58.561754463510184, -34.570221361013331 ], [ -58.562560442513004, -34.569608929882477 ], [ -58.561830507289201, -34.568969389785458 ], [ -58.560971252141186, -34.568247200522627 ], [ -58.559486639566991, -34.567099495534485 ], [ -58.55930689243457, -34.56712672532646 ], [ -58.559141789661801, -34.567171120799145 ], [ -58.559006772881922, -34.567203512916343 ], [ -58.558856605216583, -34.567248084329805 ], [ -58.55874735475723, -34.567302408176289 ], [ -58.5582612176879, -34.567553106466555 ] ] ] ] } },
{ "type": "Feature", "properties": { "NOMPROV": "BUENOS AIRES", "PROV": "06", "NOMDEPTO": "GENERAL SAN MARTIN", "DEPTO": "371", "FRAC": "38", "RADIO": "01", "TIPO": "U", "LINK": "063713801", "IDRADIO_9": "063713801", "hog_tot": 402, "hog_nbi": 18, "pob_tot": 1143, "pct_nbi": 4.4776119402985071 }, "geometry": { "type": "MultiPolygon", "coordinates": [ [ [ [ -58.577121717266465, -34.518564629763858 ], [ -58.577974064254491, -34.519288236225925 ], [ -58.578694434107419, -34.518707904721161 ], [ -58.579434372370763, -34.518111796442774 ], [ -58.580171538907663, -34.517517905552943 ], [ -58.580875530824407, -34.516950731910278 ], [ -58.581296253892809, -34.51661176803686 ], [ -58.580708733216703, -34.516139467583585 ], [ -58.580221579578044, -34.515747844205286 ], [ -58.58051797042468, -34.515511014083295 ], [ -58.579818877678328, -34.514935198949203 ], [ -58.579126451113311, -34.515490362797493 ], [ -58.578423751745532, -34.516053749528609 ], [ -58.577687255274519, -34.516644222572189 ], [ -58.576951856850897, -34.517233801520128 ], [ -58.576232986316491, -34.517810116711324 ], [ -58.576915412305034, -34.518389483215572 ], [ -58.577121717266465, -34.518564629763858 ] ] ] ] } },
{ "type": "Feature", "properties": { "NOMPROV": "BUENOS AIRES", "PROV": "06", "NOMDEPTO": "GENERAL SAN MARTIN", "DEPTO": "371", "FRAC": "39", "RADIO": "06", "TIPO": "U", "LINK": "063713906", "IDRADIO_9": "063713906", "hog_tot": 389, "hog_nbi": 17, "pob_tot": 1106, "pct_nbi": 4.3701799485861192 }, "geometry": { "type": "MultiPolygon", "coordinates": [ [ [ [ -58.563382724428742, -34.52979002266364 ], [ -58.564056183436755, -34.530425604340877 ], [ -58.564867668173385, -34.52980556933268 ], [ -58.565353583770985, -34.52941468547484 ], [ -58.565685040705709, -34.529139161140002 ], [ -58.565297834519676, -34.528855193480538 ], [ -58.564943606577003, -34.528553586047572 ], [ -58.564599959558237, -34.528270128109909 ], [ -58.56417013441348, -34.527931575772762 ], [ -58.56351474620503, -34.527410098473382 ], [ -58.563407408701565, -34.527318700626907 ], [ -58.562536272272631, -34.526677505073437 ], [ -58.561741524445459, -34.526028188707663 ], [ -58.560970207237119, -34.526673126864708 ], [ -58.560214233188958, -34.527320015589275 ], [ -58.561035468897771, -34.527946147576095 ], [ -58.56194594304668, -34.528707603855928 ], [ -58.562622799032937, -34.52924736920226 ], [ -58.563382724428742, -34.52979002266364 ] ] ] ] } },
{ "type": "Feature", "properties": { "NOMPROV": "BUENOS AIRES", "PROV": "06", "NOMDEPTO": "GENERAL SAN MARTIN", "DEPTO": "371", "FRAC": "02", "RADIO": "06", "TIPO": "U", "LINK": "063710206", "IDRADIO_9": "063710206", "hog_tot": 391, "hog_nbi": 14, "pob_tot": 1043, "pct_nbi": 3.5805626598465472 }, "geometry": { "type": "MultiPolygon", "coordinates": [ [ [ [ -58.578373632172479, -34.514852622311622 ], [ -58.579126451113311, -34.515490362797493 ], [ -58.579818877678328, -34.514935198949203 ], [ -58.580581539190405, -34.514323711232976 ], [ -58.579805136526986, -34.513665832284396 ], [ -58.579078749906067, -34.513049797136581 ], [ -58.578383987346839, -34.512477435970681 ], [ -58.577344780751865, -34.511663655886174 ], [ -58.57634932018982, -34.510828420895706 ], [ -58.575570414973228, -34.511503823605864 ], [ -58.574938936877508, -34.512052984018062 ], [ -58.57592473132781, -34.512855379535239 ], [ -58.576876553783556, -34.513623549855559 ], [ -58.577630365970947, -34.514229344404399 ], [ -58.578373632172479, -34.514852622311622 ] ] ] ] } },
{ "type": "Feature", "properties": { "NOMPROV": "BUENOS AIRES", "PROV": "06", "NOMDEPTO": "GENERAL SAN MARTIN", "DEPTO": "371", "FRAC": "30", "RADIO": "04", "TIPO": "U", "LINK": "063713004", "IDRADIO_9": "063713004", "hog_tot": 298, "hog_nbi": 12, "pob_tot": 838, "pct_nbi": 4.0268456375838921 }, "geometry": { "type": "MultiPolygon", "coordinates": [ [ [ [ -58.558607668834526, -34.57279456803851 ], [ -58.557810883339826, -34.573422263749897 ], [ -58.55851783535968, -34.574031909089953 ], [ -58.55922599778588, -34.574671211717018 ], [ -58.559236737059848, -34.574680351946483 ], [ -58.559977906988216, -34.575302013082549 ], [ -58.560773519135196, -34.574662432392159 ], [ -58.560795619360135, -34.574644666133217 ], [ -58.561557759767148, -34.574049751696002 ], [ -58.562353193833523, -34.573419171611782 ], [ -58.561590853756009, -34.572761221407866 ], [ -58.560895990321129, -34.572153587517633 ], [ -58.560189529278986, -34.571532527098789 ], [ -58.559420269697853, -34.572160554893237 ], [ -58.558607668834526, -34.57279456803851 ] ] ] ] } },
{ "type": "Feature", "properties": { "NOMPROV": "BUENOS AIRES", "PROV": "06", "NOMDEPTO": "GENERAL SAN MARTIN", "DEPTO": "371", "FRAC": "33", "RADIO": "06", "TIPO": "U", "LINK": "063713306", "IDRADIO_9": "063713306", "hog_tot": 302, "hog_nbi": 9, "pob_tot": 763, "pct_nbi": 2.9801324503311259 }, "geometry": { "type": "MultiPolygon", "coordinates": [ [ [ [ -58.569707107997637, -34.571594730673461 ], [ -58.570351205706572, -34.572161111266475 ], [ -58.571168654165859, -34.571512702450853 ], [ -58.571964301251313, -34.570864033733365 ], [ -58.57140658417422, -34.570343740014614 ], [ -58.570848874023071, -34.569823443875613 ], [ -58.57034564143283, -34.569303783394744 ], [ -58.569491208365498, -34.56850588118062 ], [ -58.568648143799827, -34.569175782418263 ], [ -58.567720703184179, -34.569876906932706 ], [ -58.568300491183635, -34.5703794491926 ], [ -58.569052277996484, -34.571019207448238 ], [ -58.569707107997637, -34.571594730673461 ] ] ] ] } },
{ "type": "Feature", "properties": { "NOMPROV": "BUENOS AIRES", "PROV": "06", "NOMDEPTO": "GENERAL SAN MARTIN", "DEPTO": "371", "FRAC": "34", "RADIO": "01", "TIPO": "U", "LINK": "063713401", "IDRADIO_9": "063713401", "hog_tot": 292, "hog_nbi": 10, "pob_tot": 800, "pct_nbi": 3.4246575342465748 }, "geometry": { "type": "MultiPolygon", "coordinates": [ [ [ [ -58.572269705388926, -34.556226532614438 ], [ -58.57299142895323, -34.556805269642716 ], [ -58.572017861595619, -34.557600347998189 ], [ -58.572687327270437, -34.558177782347379 ], [ -58.573641553251342, -34.557367421097943 ], [ -58.574624270015249, -34.55661745513121 ], [ -58.574973681269931, -34.556316537993112 ], [ -58.57534932888494, -34.556620878182677 ], [ -58.575808333482378, -34.556285363929859 ], [ -58.576526505999496, -34.555720628703639 ], [ -58.577211493738773, -34.555152900097667 ], [ -58.576350007818469, -34.55439548679032 ], [ -58.575459010621366, -34.553634687387792 ], [ -58.575121334297876, -34.553917434074421 ], [ -58.574782281922225, -34.554209121328078 ], [ -58.5740492343337, -34.554790101563889 ], [ -58.573573174196383, -34.555179899244543 ], [ -58.573221605280992, -34.555460938596212 ], [ -58.572269705388926, -34.556226532614438 ] ] ] ] } },
{ "type": "Feature", "properties": { "NOMPROV": "BUENOS AIRES", "PROV": "06", "NOMDEPTO": "GENERAL SAN MARTIN", "DEPTO": "371", "FRAC": "07", "RADIO": "02", "TIPO": "U", "LINK": "063710702", "IDRADIO_9": "063710702", "hog_tot": 451, "hog_nbi": 10, "pob_tot": 1444, "pct_nbi": 2.217294900221729 }, "geometry": { "type": "MultiPolygon", "coordinates": [ [ [ [ -58.525118409134031, -34.549071331852439 ], [ -58.52465488213155, -34.550336622394092 ], [ -58.5246039147628, -34.550439599535139 ], [ -58.524603556569623, -34.550440327997627 ], [ -58.525686978740744, -34.550997157743389 ], [ -58.525781014294552, -34.551045950078731 ], [ -58.526313997609776, -34.551322492599574 ], [ -58.526953101787669, -34.55162897070889 ], [ -58.527336913882856, -34.551171738060624 ], [ -58.527557537189551, -34.550902192884095 ], [ -58.527807080502974, -34.550596994601158 ], [ -58.527872704150745, -34.550516818329996 ], [ -58.529016377289125, -34.54912445759183 ], [ -58.528778282504284, -34.548698998051421 ], [ -58.528618929858077, -34.548423994780933 ], [ -58.528347544964319, -34.547926108611854 ], [ -58.528049863968931, -34.547433442646003 ], [ -58.527770561214147, -34.546935459740304 ], [ -58.52768616025476, -34.546783923816548 ], [ -58.527473232421471, -34.546423123005987 ], [ -58.527024827888241, -34.545669251429295 ], [ -58.526644275029064, -34.545011187008122 ], [ -58.526258232879165, -34.546046448172575 ], [ -58.525700807303842, -34.547550593708159 ], [ -58.525318863710723, -34.548514922618729 ], [ -58.525118409134031, -34.549071331852439 ] ] ] ] } },
{ "type": "Feature", "properties": { "NOMPROV": "BUENOS AIRES", "PROV": "06", "NOMDEPTO": "GENERAL SAN MARTIN", "DEPTO": "371", "FRAC": "40", "RADIO": "06", "TIPO": "U", "LINK": "063714006", "IDRADIO_9": "063714006", "hog_tot": 379, "hog_nbi": 77, "pob_tot": 1121, "pct_nbi": 20.316622691292874 }, "geometry": { "type": "MultiPolygon", "coordinates": [ [ [ [ -58.52407500958256, -34.555068076563437 ], [ -58.523469533301544, -34.555788934797285 ], [ -58.521986187655834, -34.555447671062815 ], [ -58.521114647392771, -34.555265775616164 ], [ -58.520294400314818, -34.55634986268587 ], [ -58.519790868303765, -34.557068168296354 ], [ -58.52114818744208, -34.557865679132995 ], [ -58.522061467666262, -34.558414498664511 ], [ -58.523020968270224, -34.55897244341616 ], [ -58.523924895550962, -34.557894262571843 ], [ -58.524243545561468, -34.558186770108406 ], [ -58.525302217759965, -34.557483060452839 ], [ -58.527408706159619, -34.556030293769737 ], [ -58.526535022781538, -34.555533025922315 ], [ -58.525555005183421, -34.554971197860525 ], [ -58.524589752510742, -34.554421784345053 ], [ -58.524471773326823, -34.554566117048282 ], [ -58.52407500958256, -34.555068076563437 ] ] ] ] } },
{ "type": "Feature", "properties": { "NOMPROV": "BUENOS AIRES", "PROV": "06", "NOMDEPTO": "GENERAL SAN MARTIN", "DEPTO": "371", "FRAC": "52", "RADIO": "01", "TIPO": "U", "LINK": "063715201", "IDRADIO_9": "063715201", "hog_tot": 481, "hog_nbi": 25, "pob_tot": 1320, "pct_nbi": 5.1975051975051976 }, "geometry": { "type": "MultiPolygon", "coordinates": [ [ [ [ -58.568705068242451, -34.573475805955468 ], [ -58.569822058760678, -34.574426298861667 ], [ -58.570938611968913, -34.575403816984988 ], [ -58.572055652573887, -34.57635429040711 ], [ -58.572884025419924, -34.575705998700229 ], [ -58.573679854668072, -34.575048308224318 ], [ -58.574508200867406, -34.574400005612361 ], [ -58.573402205536333, -34.573440669092754 ], [ -58.572285802171038, -34.572454161482938 ], [ -58.571168654165859, -34.571512702450853 ], [ -58.570351205706572, -34.572161111266475 ], [ -58.569544485873671, -34.572818652682805 ], [ -58.568705068242451, -34.573475805955468 ] ] ] ] } },
{ "type": "Feature", "properties": { "NOMPROV": "BUENOS AIRES", "PROV": "06", "NOMDEPTO": "GENERAL SAN MARTIN", "DEPTO": "371", "FRAC": "40", "RADIO": "07", "TIPO": "U", "LINK": "063714007", "IDRADIO_9": "063714007", "hog_tot": 352, "hog_nbi": 6, "pob_tot": 1055, "pct_nbi": 1.7045454545454539 }, "geometry": { "type": "MultiPolygon", "coordinates": [ [ [ [ -58.521986187655834, -34.555447671062815 ], [ -58.523469533301544, -34.555788934797285 ], [ -58.52407500958256, -34.555068076563437 ], [ -58.524471773326823, -34.554566117048282 ], [ -58.523936825523464, -34.554304828523968 ], [ -58.523739392837662, -34.554208394088519 ], [ -58.523480395695628, -34.554068703796361 ], [ -58.523255610190581, -34.553947465399801 ], [ -58.52303084693952, -34.553826237680923 ], [ -58.522806062773071, -34.553704997583928 ], [ -58.52245838633344, -34.553516667288307 ], [ -58.522146095270998, -34.553907130249712 ], [ -58.521553057137311, -34.554692198738017 ], [ -58.521114647392771, -34.555265775616164 ], [ -58.521986187655834, -34.555447671062815 ] ] ] ] } },
{ "type": "Feature", "properties": { "NOMPROV": "BUENOS AIRES", "PROV": "06", "NOMDEPTO": "GENERAL SAN MARTIN", "DEPTO": "371", "FRAC": "35", "RADIO": "05", "TIPO": "U", "LINK": "063713505", "IDRADIO_9": "063713505", "hog_tot": 263, "hog_nbi": 5, "pob_tot": 747, "pct_nbi": 1.901140684410646 }, "geometry": { "type": "MultiPolygon", "coordinates": [ [ [ [ -58.583342188908134, -34.5549157971939 ], [ -58.582694168844881, -34.555473324355944 ], [ -58.58223530190152, -34.555075001668449 ], [ -58.581805879845312, -34.554700460790158 ], [ -58.581341673276334, -34.555091660028268 ], [ -58.581176146090371, -34.555215925232844 ], [ -58.580502223642618, -34.555766926434579 ], [ -58.579817487021984, -34.556279593326224 ], [ -58.580655375659489, -34.557012567361674 ], [ -58.581517381348611, -34.557782833540834 ], [ -58.58217760631802, -34.557255193162746 ], [ -58.582875728818735, -34.556736736633084 ], [ -58.583548384054069, -34.556223228103569 ], [ -58.584217130772146, -34.555690427455296 ], [ -58.584611271704588, -34.55539060574835 ], [ -58.584986126631939, -34.555230510068156 ], [ -58.584014796663404, -34.554404034691885 ], [ -58.583342188908134, -34.5549157971939 ] ] ] ] } },
{ "type": "Feature", "properties": { "NOMPROV": "BUENOS AIRES", "PROV": "06", "NOMDEPTO": "GENERAL SAN MARTIN", "DEPTO": "371", "FRAC": "24", "RADIO": "06", "TIPO": "U", "LINK": "063712406", "IDRADIO_9": "063712406", "hog_tot": 196, "hog_nbi": 6, "pob_tot": 531, "pct_nbi": 3.0612244897959182 }, "geometry": { "type": "MultiPolygon", "coordinates": [ [ [ [ -58.525149227063132, -34.58342172508047 ], [ -58.524471683828203, -34.584143615959661 ], [ -58.523837553126974, -34.584875041412225 ], [ -58.523159189239209, -34.585641982379144 ], [ -58.524496433864684, -34.586442322197279 ], [ -58.525825822380099, -34.58724654470636 ], [ -58.526511581595599, -34.586502727258988 ], [ -58.527143601441033, -34.585772378311063 ], [ -58.527779402353929, -34.585042972815394 ], [ -58.528323937055845, -34.584417030050439 ], [ -58.528776988159386, -34.583907303545566 ], [ -58.528119369235696, -34.583447798624611 ], [ -58.527483692360541, -34.583028364429687 ], [ -58.527009217569805, -34.583624459686398 ], [ -58.526464824173459, -34.584212768328783 ], [ -58.525149227063132, -34.58342172508047 ] ] ] ] } },
{ "type": "Feature", "properties": { "NOMPROV": "BUENOS AIRES", "PROV": "06", "NOMDEPTO": "GENERAL SAN MARTIN", "DEPTO": "371", "FRAC": "54", "RADIO": "11", "TIPO": "U", "LINK": "063715411", "IDRADIO_9": "063715411", "hog_tot": 266, "hog_nbi": 26, "pob_tot": 875, "pct_nbi": 9.7744360902255636 }, "geometry": { "type": "MultiPolygon", "coordinates": [ [ [ [ -58.597564029381864, -34.558956624122821 ], [ -58.598197939827131, -34.559486687936285 ], [ -58.599089732081403, -34.558807863265109 ], [ -58.600002975988367, -34.558072992907874 ], [ -58.60090774645964, -34.557372517573782 ], [ -58.601703999582384, -34.55689386712428 ], [ -58.60063950008761, -34.556552951638416 ], [ -58.600276599456329, -34.556410942562202 ], [ -58.599784684921588, -34.556229571470219 ], [ -58.599770650329681, -34.55622385634922 ], [ -58.599510189454321, -34.556118245797855 ], [ -58.599423369670291, -34.556083042464927 ], [ -58.599666268641641, -34.556311159163464 ], [ -58.598751123912862, -34.55700050622724 ], [ -58.597870180214585, -34.557751210074592 ], [ -58.596973546995976, -34.558436068863038 ], [ -58.597564029381864, -34.558956624122821 ] ] ] ] } },
{ "type": "Feature", "properties": { "NOMPROV": "BUENOS AIRES", "PROV": "06", "NOMDEPTO": "GENERAL SAN MARTIN", "DEPTO": "371", "FRAC": "48", "RADIO": "10", "TIPO": "U", "LINK": "063714810", "IDRADIO_9": "063714810", "hog_tot": 359, "hog_nbi": 20, "pob_tot": 1035, "pct_nbi": 5.5710306406685239 }, "geometry": { "type": "MultiPolygon", "coordinates": [ [ [ [ -58.566818278215699, -34.556436931215359 ], [ -58.56620323833053, -34.55702292068144 ], [ -58.565691653184274, -34.557455640585189 ], [ -58.56652908363062, -34.558042600726431 ], [ -58.567456169482305, -34.558702548510645 ], [ -58.568407705355753, -34.559358994078316 ], [ -58.568896547419939, -34.558975260303598 ], [ -58.569624540590532, -34.558401554944709 ], [ -58.57036315987304, -34.557791391902278 ], [ -58.569452132534394, -34.557082502730076 ], [ -58.568630091165801, -34.556371534400782 ], [ -58.56772933055872, -34.555574797635629 ], [ -58.566818278215699, -34.556436931215359 ] ] ] ] } },
{ "type": "Feature", "properties": { "NOMPROV": "BUENOS AIRES", "PROV": "06", "NOMDEPTO": "GENERAL SAN MARTIN", "DEPTO": "371", "FRAC": "35", "RADIO": "02", "TIPO": "U", "LINK": "063713502", "IDRADIO_9": "063713502", "hog_tot": 250, "hog_nbi": 9, "pob_tot": 699, "pct_nbi": 3.6 }, "geometry": { "type": "MultiPolygon", "coordinates": [ [ [ [ -58.577211493738773, -34.555152900097667 ], [ -58.578103292303012, -34.555892235143141 ], [ -58.57878797129365, -34.555350386154984 ], [ -58.579428919084123, -34.554817037758809 ], [ -58.578548249946849, -34.554074596113011 ], [ -58.577634916155837, -34.55332694991796 ], [ -58.576802600496876, -34.552574273746515 ], [ -58.57609057071339, -34.553124029458935 ], [ -58.575889174666422, -34.553279124282469 ], [ -58.575459010621366, -34.553634687387792 ], [ -58.576350007818469, -34.55439548679032 ], [ -58.577211493738773, -34.555152900097667 ] ] ] ] } },
{ "type": "Feature", "properties": { "NOMPROV": "BUENOS AIRES", "PROV": "06", "NOMDEPTO": "GENERAL SAN MARTIN", "DEPTO": "371", "FRAC": "34", "RADIO": "08", "TIPO": "U", "LINK": "063713408", "IDRADIO_9": "063713408", "hog_tot": 219, "hog_nbi": 3, "pob_tot": 555, "pct_nbi": 1.3698630136986301 }, "geometry": { "type": "MultiPolygon", "coordinates": [ [ [ [ -58.563388980655411, -34.564517077389269 ], [ -58.564076555632326, -34.56508400219213 ], [ -58.564662274972854, -34.564604165420391 ], [ -58.565247832793695, -34.564133337279756 ], [ -58.565733642685288, -34.563760482262921 ], [ -58.566473704493113, -34.563174289274343 ], [ -58.565786128004376, -34.56260737779256 ], [ -58.565099488529249, -34.561986392711027 ], [ -58.564955865080243, -34.562101879306681 ], [ -58.564359272225651, -34.562581590031762 ], [ -58.56386226140021, -34.562972334792342 ], [ -58.563541863597912, -34.56322995412183 ], [ -58.563265656058313, -34.563452039793368 ], [ -58.562680247391377, -34.563913846677565 ], [ -58.563388980655411, -34.564517077389269 ] ] ] ] } },
{ "type": "Feature", "properties": { "NOMPROV": "BUENOS AIRES", "PROV": "06", "NOMDEPTO": "GENERAL SAN MARTIN", "DEPTO": "371", "FRAC": "34", "RADIO": "03", "TIPO": "U", "LINK": "063713403", "IDRADIO_9": "063713403", "hog_tot": 186, "hog_nbi": 8, "pob_tot": 498, "pct_nbi": 4.3010752688172049 }, "geometry": { "type": "MultiPolygon", "coordinates": [ [ [ [ -58.570993828779514, -34.559573304077269 ], [ -58.571607004662908, -34.560111142541771 ], [ -58.572232701142163, -34.560618785062303 ], [ -58.57199232680307, -34.560825897991087 ], [ -58.573164731444514, -34.561828564014441 ], [ -58.573378900064569, -34.562047390921428 ], [ -58.57343182709598, -34.56213814342123 ], [ -58.573898665559703, -34.562873689736001 ], [ -58.574443135257944, -34.563796749776081 ], [ -58.575364267930702, -34.563593083880001 ], [ -58.575618988457045, -34.563536762407097 ], [ -58.575289665539962, -34.562645297292391 ], [ -58.574916233772178, -34.561479351461834 ], [ -58.575370227962473, -34.561145270910146 ], [ -58.576271760087067, -34.560440717506467 ], [ -58.576867738528449, -34.559951968077968 ], [ -58.57651476350734, -34.559748625293189 ], [ -58.575976686868671, -34.559317718305032 ], [ -58.574930945235593, -34.558464881902673 ], [ -58.573956403212122, -34.55923768370203 ], [ -58.573359436791499, -34.558721194651646 ], [ -58.572687327270437, -34.558177782347379 ], [ -58.572228748212702, -34.558581785603344 ], [ -58.571389035908147, -34.559265997027744 ], [ -58.570993828779514, -34.559573304077269 ] ] ] ] } },
{ "type": "Feature", "properties": { "NOMPROV": "BUENOS AIRES", "PROV": "06", "NOMDEPTO": "GENERAL SAN MARTIN", "DEPTO": "371", "FRAC": "53", "RADIO": "01", "TIPO": "U", "LINK": "063715301", "IDRADIO_9": "063715301", "hog_tot": 503, "hog_nbi": 33, "pob_tot": 1609, "pct_nbi": 6.5606361829025861 }, "geometry": { "type": "MultiPolygon", "coordinates": [ [ [ [ -58.587931053132358, -34.553742409709564 ], [ -58.587469938567118, -34.554117162088431 ], [ -58.58837163883674, -34.55491176718678 ], [ -58.588554220739503, -34.555067108118756 ], [ -58.589225071332194, -34.555666047516546 ], [ -58.590121845601722, -34.556428234397451 ], [ -58.590973134510087, -34.555749860341336 ], [ -58.592518245260948, -34.554565226449895 ], [ -58.593197698937303, -34.554027171083902 ], [ -58.593224262195314, -34.554006231437768 ], [ -58.592879272079081, -34.553709324902542 ], [ -58.592403879190009, -34.553300186366542 ], [ -58.591715646640409, -34.553853637552827 ], [ -58.591549325464989, -34.553716975619146 ], [ -58.591086784990388, -34.553334626982249 ], [ -58.59046245230401, -34.552782864433134 ], [ -58.589830079693996, -34.552277878866782 ], [ -58.589221926303821, -34.552755912735577 ], [ -58.58832355268526, -34.55345799678939 ], [ -58.587931053132358, -34.553742409709564 ] ] ] ] } },
{ "type": "Feature", "properties": { "NOMPROV": "BUENOS AIRES", "PROV": "06", "NOMDEPTO": "GENERAL SAN MARTIN", "DEPTO": "371", "FRAC": "33", "RADIO": "02", "TIPO": "U", "LINK": "063713302", "IDRADIO_9": "063713302", "hog_tot": 232, "hog_nbi": 40, "pob_tot": 743, "pct_nbi": 17.241379310344829 }, "geometry": { "type": "MultiPolygon", "coordinates": [ [ [ [ -58.574812217516026, -34.565041896006527 ], [ -58.575031196707364, -34.565238448051083 ], [ -58.575591929733427, -34.565748825996714 ], [ -58.575897830556428, -34.565523007965375 ], [ -58.57636648088355, -34.565141173182411 ], [ -58.576462978444646, -34.565193713381532 ], [ -58.57698618125103, -34.56479954738797 ], [ -58.576852632496191, -34.564685958127484 ], [ -58.576716235829807, -34.564569946941468 ], [ -58.576350471165505, -34.56336958946612 ], [ -58.575799737039212, -34.563495107519103 ], [ -58.575618988457045, -34.563536762407097 ], [ -58.575364267930702, -34.563593083880001 ], [ -58.574443135257944, -34.563796749776081 ], [ -58.573629112047527, -34.563974763282111 ], [ -58.574084896735599, -34.564399963687741 ], [ -58.574543541521848, -34.564798556490864 ], [ -58.574812217516026, -34.565041896006527 ] ] ] ] } },
{ "type": "Feature", "properties": { "NOMPROV": "BUENOS AIRES", "PROV": "06", "NOMDEPTO": "GENERAL SAN MARTIN", "DEPTO": "371", "FRAC": "03", "RADIO": "01", "TIPO": "U", "LINK": "063710301", "IDRADIO_9": "063710301", "hog_tot": 527, "hog_nbi": 30, "pob_tot": 1581, "pct_nbi": 5.6925996204933584 }, "geometry": { "type": "MultiPolygon", "coordinates": [ [ [ [ -58.569143825838353, -34.523249676325499 ], [ -58.569692152271585, -34.523746588832516 ], [ -58.570426399018764, -34.523139605483735 ], [ -58.570882011770465, -34.522777892690456 ], [ -58.570576405113655, -34.522041873730117 ], [ -58.570297849989103, -34.521352256876014 ], [ -58.570034221933348, -34.52072042144669 ], [ -58.569569594131544, -34.519602972562978 ], [ -58.569520707405495, -34.519489729887965 ], [ -58.569181739823634, -34.518654074902301 ], [ -58.569077464191913, -34.518383460284745 ], [ -58.568682451508707, -34.517411804489868 ], [ -58.567527401403467, -34.518421950994529 ], [ -58.566443052126495, -34.519361628858846 ], [ -58.56544367050229, -34.520227267938601 ], [ -58.565490530565171, -34.520266091610203 ], [ -58.566361249780122, -34.520958929471902 ], [ -58.567151261981351, -34.521550835400866 ], [ -58.567879407367933, -34.522184669146185 ], [ -58.568582083823948, -34.522773566017733 ], [ -58.569143825838353, -34.523249676325499 ] ] ] ] } },
{ "type": "Feature", "properties": { "NOMPROV": "BUENOS AIRES", "PROV": "06", "NOMDEPTO": "GENERAL SAN MARTIN", "DEPTO": "371", "FRAC": "23", "RADIO": "05", "TIPO": "U", "LINK": "063712305", "IDRADIO_9": "063712305", "hog_tot": 312, "hog_nbi": 3, "pob_tot": 598, "pct_nbi": 0.96153846153846201 }, "geometry": { "type": "MultiPolygon", "coordinates": [ [ [ [ -58.534788627202772, -34.57379438534565 ], [ -58.533738455370724, -34.574647057606093 ], [ -58.532699316308637, -34.575490839674238 ], [ -58.531626996209418, -34.576361253456312 ], [ -58.532400335722023, -34.577001492480761 ], [ -58.533472339904264, -34.576149094997774 ], [ -58.53450074436337, -34.575296164118186 ], [ -58.535540179384945, -34.574434344033769 ], [ -58.534788627202772, -34.57379438534565 ] ] ] ] } },
{ "type": "Feature", "properties": { "NOMPROV": "BUENOS AIRES", "PROV": "06", "NOMDEPTO": "GENERAL SAN MARTIN", "DEPTO": "371", "FRAC": "53", "RADIO": "04", "TIPO": "U", "LINK": "063715304", "IDRADIO_9": "063715304", "hog_tot": 226, "hog_nbi": 13, "pob_tot": 675, "pct_nbi": 5.7522123893805324 }, "geometry": { "type": "MultiPolygon", "coordinates": [ [ [ [ -58.591498976885518, -34.557627082848683 ], [ -58.591862849711468, -34.558494394104123 ], [ -58.593132029810413, -34.558175528681922 ], [ -58.594762630682297, -34.557743637240712 ], [ -58.595469460362509, -34.557174908023562 ], [ -58.59481323672447, -34.55661326678338 ], [ -58.594223351734314, -34.556124011082964 ], [ -58.594115942836332, -34.556032638915497 ], [ -58.593322560625481, -34.555323646158023 ], [ -58.592518245260948, -34.554565226449895 ], [ -58.590973134510087, -34.555749860341336 ], [ -58.590121845601722, -34.556428234397451 ], [ -58.591498976885518, -34.557627082848683 ] ] ] ] } },
{ "type": "Feature", "properties": { "NOMPROV": "BUENOS AIRES", "PROV": "06", "NOMDEPTO": "GENERAL SAN MARTIN", "DEPTO": "371", "FRAC": "03", "RADIO": "05", "TIPO": "U", "LINK": "063710305", "IDRADIO_9": "063710305", "hog_tot": 271, "hog_nbi": 17, "pob_tot": 752, "pct_nbi": 6.2730627306273057 }, "geometry": { "type": "MultiPolygon", "coordinates": [ [ [ [ -58.56417013441348, -34.527931575772762 ], [ -58.564599959558237, -34.528270128109909 ], [ -58.565705522553976, -34.527309661489276 ], [ -58.566847399071953, -34.52632388867189 ], [ -58.566700172860401, -34.526206703855628 ], [ -58.566424263920894, -34.525981304419972 ], [ -58.566130021410338, -34.525744127463099 ], [ -58.565791642533561, -34.525462905170222 ], [ -58.565095008597204, -34.526076652598164 ], [ -58.565050681753959, -34.526121199330163 ], [ -58.564995157183944, -34.526183641496644 ], [ -58.564276888915003, -34.526788117184189 ], [ -58.56362518010674, -34.527321262356963 ], [ -58.56351474620503, -34.527410098473382 ], [ -58.56417013441348, -34.527931575772762 ] ] ] ] } },
{ "type": "Feature", "properties": { "NOMPROV": "BUENOS AIRES", "PROV": "06", "NOMDEPTO": "GENERAL SAN MARTIN", "DEPTO": "371", "FRAC": "31", "RADIO": "03", "TIPO": "U", "LINK": "063713103", "IDRADIO_9": "063713103", "hog_tot": 428, "hog_nbi": 10, "pob_tot": 1186, "pct_nbi": 2.3364485981308412 }, "geometry": { "type": "MultiPolygon", "coordinates": [ [ [ [ -58.559777393910217, -34.580608551690794 ], [ -58.559059228798773, -34.581176932429713 ], [ -58.559896803408101, -34.581898879396384 ], [ -58.559929024167324, -34.581926299948464 ], [ -58.560767236402363, -34.582612195741241 ], [ -58.561078708979096, -34.582877257707715 ], [ -58.561626631984005, -34.583334389320285 ], [ -58.56231164607928, -34.58279264339518 ], [ -58.563029804041008, -34.582224243451208 ], [ -58.563969585993412, -34.581442125740651 ], [ -58.563121239109122, -34.580711066012007 ], [ -58.562283646273968, -34.579989139734074 ], [ -58.561424433506922, -34.579257940407608 ], [ -58.560506755506594, -34.580022272648471 ], [ -58.559777393910217, -34.580608551690794 ] ] ] ] } },
{ "type": "Feature", "properties": { "NOMPROV": "BUENOS AIRES", "PROV": "06", "NOMDEPTO": "GENERAL SAN MARTIN", "DEPTO": "371", "FRAC": "28", "RADIO": "04", "TIPO": "U", "LINK": "063712804", "IDRADIO_9": "063712804", "hog_tot": 312, "hog_nbi": 9, "pob_tot": 830, "pct_nbi": 2.884615384615385 }, "geometry": { "type": "MultiPolygon", "coordinates": [ [ [ [ -58.556397768943405, -34.583261763255855 ], [ -58.55728155236401, -34.584003366835091 ], [ -58.558140397063816, -34.584734272459421 ], [ -58.559018018978634, -34.585457816309216 ], [ -58.560123492636713, -34.584551499047315 ], [ -58.560896937466914, -34.583938697423697 ], [ -58.561626631984005, -34.583334389320285 ], [ -58.561078708979096, -34.582877257707715 ], [ -58.560767236402363, -34.582612195741241 ], [ -58.559929024167324, -34.581926299948464 ], [ -58.559896803408101, -34.581898879396384 ], [ -58.559059228798773, -34.581176932429713 ], [ -58.558318795626846, -34.58177208507179 ], [ -58.55753383443372, -34.582420788147161 ], [ -58.556397768943405, -34.583261763255855 ] ] ] ] } },
{ "type": "Feature", "properties": { "NOMPROV": "BUENOS AIRES", "PROV": "06", "NOMDEPTO": "GENERAL SAN MARTIN", "DEPTO": "371", "FRAC": "31", "RADIO": "04", "TIPO": "U", "LINK": "063713104", "IDRADIO_9": "063713104", "hog_tot": 299, "hog_nbi": 14, "pob_tot": 765, "pct_nbi": 4.6822742474916383 }, "geometry": { "type": "MultiPolygon", "coordinates": [ [ [ [ -58.561626631984005, -34.583334389320285 ], [ -58.560896937466914, -34.583938697423697 ], [ -58.560123492636713, -34.584551499047315 ], [ -58.561208459027668, -34.585465638269149 ], [ -58.56218619375813, -34.586279356766312 ], [ -58.563280749083937, -34.585372881131995 ], [ -58.564320026291362, -34.584510812044954 ], [ -58.563310532987764, -34.583642655901045 ], [ -58.562419207733519, -34.582875031552021 ], [ -58.56231164607928, -34.58279264339518 ], [ -58.561626631984005, -34.583334389320285 ] ] ] ] } },
{ "type": "Feature", "properties": { "NOMPROV": "BUENOS AIRES", "PROV": "06", "NOMDEPTO": "GENERAL SAN MARTIN", "DEPTO": "371", "FRAC": "01", "RADIO": "03", "TIPO": "U", "LINK": "063710103", "IDRADIO_9": "063710103", "hog_tot": 281, "hog_nbi": 24, "pob_tot": 978, "pct_nbi": 8.5409252669039155 }, "geometry": { "type": "MultiPolygon", "coordinates": [ [ [ [ -58.5867935340126, -34.506598520113002 ], [ -58.585576870140954, -34.506656752849864 ], [ -58.585320797815413, -34.506645089296342 ], [ -58.58510852007489, -34.506642630599742 ], [ -58.584781635361416, -34.506656870898411 ], [ -58.583457154490368, -34.506749680235721 ], [ -58.580868665677947, -34.506902657649604 ], [ -58.580854759149247, -34.506914739210167 ], [ -58.580534979693482, -34.507192553272787 ], [ -58.58174615548235, -34.508126926353505 ], [ -58.582804631779439, -34.50894169788581 ], [ -58.583224302486748, -34.508540808022531 ], [ -58.583296863338035, -34.508471494329058 ], [ -58.583757375077298, -34.508106044369612 ], [ -58.584188626535088, -34.507766627155192 ], [ -58.584533597422507, -34.507496656826561 ], [ -58.58527753084082, -34.508057374716124 ], [ -58.585624528065644, -34.50780299480148 ], [ -58.586111121483597, -34.507446274452448 ], [ -58.586325175352002, -34.507253814512211 ], [ -58.586517082893167, -34.507081265780506 ], [ -58.586899370995646, -34.506737536891613 ], [ -58.5867935340126, -34.506598520113002 ] ] ] ] } },
{ "type": "Feature", "properties": { "NOMPROV": "BUENOS AIRES", "PROV": "06", "NOMDEPTO": "GENERAL SAN MARTIN", "DEPTO": "371", "FRAC": "38", "RADIO": "04", "TIPO": "U", "LINK": "063713804", "IDRADIO_9": "063713804", "hog_tot": 329, "hog_nbi": 7, "pob_tot": 922, "pct_nbi": 2.1276595744680851 }, "geometry": { "type": "MultiPolygon", "coordinates": [ [ [ [ -58.574762089374524, -34.517806903568861 ], [ -58.575475828941457, -34.518417112794062 ], [ -58.576232986316491, -34.517810116711324 ], [ -58.576951856850897, -34.517233801520128 ], [ -58.576228109108627, -34.516621521886364 ], [ -58.576957794455424, -34.516031493992706 ], [ -58.576193157526198, -34.515424213480571 ], [ -58.57547045321661, -34.514801308341617 ], [ -58.573981231916619, -34.515975513259981 ], [ -58.573259746435731, -34.516587599312182 ], [ -58.574035144515676, -34.517185389921451 ], [ -58.574762089374524, -34.517806903568861 ] ] ] ] } },
{ "type": "Feature", "properties": { "NOMPROV": "BUENOS AIRES", "PROV": "06", "NOMDEPTO": "GENERAL SAN MARTIN", "DEPTO": "371", "FRAC": "07", "RADIO": "06", "TIPO": "U", "LINK": "063710706", "IDRADIO_9": "063710706", "hog_tot": 245, "hog_nbi": 9, "pob_tot": 646, "pct_nbi": 3.673469387755103 }, "geometry": { "type": "MultiPolygon", "coordinates": [ [ [ [ -58.532466823826461, -34.555234934888752 ], [ -58.532649140036781, -34.555399368363105 ], [ -58.533057369931903, -34.5551068325437 ], [ -58.533775475636723, -34.554538601291718 ], [ -58.534938819684861, -34.553691555174552 ], [ -58.534912678912427, -34.553677953829087 ], [ -58.534584827624428, -34.553115186354162 ], [ -58.533992435142991, -34.552107583806077 ], [ -58.533421838653013, -34.551100241171525 ], [ -58.532113466712794, -34.55161720892086 ], [ -58.530728168930381, -34.55213351323939 ], [ -58.531293916480273, -34.553165770531137 ], [ -58.531304491540787, -34.553183924629465 ], [ -58.531886284062118, -34.554173384483057 ], [ -58.53209763281528, -34.554545476862266 ], [ -58.532466823826461, -34.555234934888752 ] ] ] ] } },
{ "type": "Feature", "properties": { "NOMPROV": "BUENOS AIRES", "PROV": "06", "NOMDEPTO": "GENERAL SAN MARTIN", "DEPTO": "371", "FRAC": "46", "RADIO": "04", "TIPO": "U", "LINK": "063714604", "IDRADIO_9": "063714604", "hog_tot": 332, "hog_nbi": 10, "pob_tot": 932, "pct_nbi": 3.012048192771084 }, "geometry": { "type": "MultiPolygon", "coordinates": [ [ [ [ -58.580219851011726, -34.542553374193872 ], [ -58.580598746793548, -34.543397484392841 ], [ -58.581545109173632, -34.543106080432011 ], [ -58.582573621185993, -34.542770419985224 ], [ -58.582170186249044, -34.541916414123776 ], [ -58.581808213333957, -34.541081098555608 ], [ -58.581389566996265, -34.540205081757797 ], [ -58.581020956590606, -34.539367014202298 ], [ -58.58046345652059, -34.538204776621008 ], [ -58.579932326125089, -34.537320034282132 ], [ -58.579429429377477, -34.536506756482453 ], [ -58.578670644697915, -34.53684136204803 ], [ -58.577970044027026, -34.53715163604307 ], [ -58.578260520937057, -34.538007939400615 ], [ -58.578328720661453, -34.538199788604125 ], [ -58.578628965312866, -34.538969780444489 ], [ -58.579062793228204, -34.53996649926529 ], [ -58.579441657561368, -34.540822928794391 ], [ -58.57982423108021, -34.541698572933988 ], [ -58.580219851011726, -34.542553374193872 ] ] ] ] } },
{ "type": "Feature", "properties": { "NOMPROV": "BUENOS AIRES", "PROV": "06", "NOMDEPTO": "GENERAL SAN MARTIN", "DEPTO": "371", "FRAC": "38", "RADIO": "02", "TIPO": "U", "LINK": "063713802", "IDRADIO_9": "063713802", "hog_tot": 265, "hog_nbi": 11, "pob_tot": 760, "pct_nbi": 4.1509433962264151 }, "geometry": { "type": "MultiPolygon", "coordinates": [ [ [ [ -58.576228109108627, -34.516621521886364 ], [ -58.576951856850897, -34.517233801520128 ], [ -58.577687255274519, -34.516644222572189 ], [ -58.578423751745532, -34.516053749528609 ], [ -58.579126451113311, -34.515490362797493 ], [ -58.578373632172479, -34.514852622311622 ], [ -58.577630365970947, -34.514229344404399 ], [ -58.576876553783556, -34.513623549855559 ], [ -58.576200726955484, -34.514182829444323 ], [ -58.57547045321661, -34.514801308341617 ], [ -58.576193157526198, -34.515424213480571 ], [ -58.576957794455424, -34.516031493992706 ], [ -58.576228109108627, -34.516621521886364 ] ] ] ] } },
{ "type": "Feature", "properties": { "NOMPROV": "BUENOS AIRES", "PROV": "06", "NOMDEPTO": "GENERAL SAN MARTIN", "DEPTO": "371", "FRAC": "01", "RADIO": "07", "TIPO": "U", "LINK": "063710107", "IDRADIO_9": "063710107", "hog_tot": 152, "hog_nbi": 17, "pob_tot": 513, "pct_nbi": 11.184210526315789 }, "geometry": { "type": "MultiPolygon", "coordinates": [ [ [ [ -58.58425432345593, -34.51013363085125 ], [ -58.584665232015823, -34.510455958969786 ], [ -58.585011754675065, -34.51072777864858 ], [ -58.585545496594889, -34.510318985944878 ], [ -58.585625920104583, -34.510257388313732 ], [ -58.585794659689562, -34.51012814963277 ], [ -58.586250039001349, -34.509780320949552 ], [ -58.58598774263352, -34.509582533014466 ], [ -58.585837430098479, -34.509527134130408 ], [ -58.585369596236376, -34.509180520664238 ], [ -58.585321089203291, -34.509234112398225 ], [ -58.585241471942297, -34.509322074865914 ], [ -58.585224176227094, -34.509362230992174 ], [ -58.585207311116427, -34.509401389794192 ], [ -58.585086042659078, -34.509533607655712 ], [ -58.584943288851349, -34.509718552832155 ], [ -58.584839353342581, -34.509784678237793 ], [ -58.584724784106669, -34.509830891951147 ], [ -58.58461194655878, -34.509919958099225 ], [ -58.584371260739395, -34.510109938394478 ], [ -58.58425432345593, -34.51013363085125 ] ] ] ] } },
{ "type": "Feature", "properties": { "NOMPROV": "BUENOS AIRES", "PROV": "06", "NOMDEPTO": "GENERAL SAN MARTIN", "DEPTO": "371", "FRAC": "24", "RADIO": "05", "TIPO": "U", "LINK": "063712405", "IDRADIO_9": "063712405", "hog_tot": 262, "hog_nbi": 22, "pob_tot": 737, "pct_nbi": 8.3969465648854964 }, "geometry": { "type": "MultiPolygon", "coordinates": [ [ [ [ -58.525825822380099, -34.58724654470636 ], [ -58.525966190156737, -34.587336289494097 ], [ -58.526902502533353, -34.587905240423467 ], [ -58.527796154234316, -34.588438079330992 ], [ -58.528680443564021, -34.588971520873223 ], [ -58.529596958742843, -34.589532384613172 ], [ -58.530502747315083, -34.590084099011342 ], [ -58.530632237652306, -34.59015776554714 ], [ -58.531365275926134, -34.589310108957619 ], [ -58.531449950259301, -34.589212193627205 ], [ -58.531538179649395, -34.589115327814632 ], [ -58.53224537691122, -34.588293387912948 ], [ -58.531587356089076, -34.587906909376308 ], [ -58.530681583146702, -34.587355203259619 ], [ -58.529786401012011, -34.586821644906991 ], [ -58.529711080042553, -34.586766657024228 ], [ -58.528995587536059, -34.586173318090317 ], [ -58.5282469409063, -34.585456092701193 ], [ -58.527779402353929, -34.585042972815394 ], [ -58.527143601441033, -34.585772378311063 ], [ -58.526511581595599, -34.586502727258988 ], [ -58.525825822380099, -34.58724654470636 ] ] ] ] } },
{ "type": "Feature", "properties": { "NOMPROV": "BUENOS AIRES", "PROV": "06", "NOMDEPTO": "GENERAL SAN MARTIN", "DEPTO": "371", "FRAC": "29", "RADIO": "04", "TIPO": "U", "LINK": "063712904", "IDRADIO_9": "063712904", "hog_tot": 426, "hog_nbi": 12, "pob_tot": 1032, "pct_nbi": 2.816901408450704 }, "geometry": { "type": "MultiPolygon", "coordinates": [ [ [ [ -58.545703000394596, -34.57779168813596 ], [ -58.546519260343452, -34.578477418591753 ], [ -58.547292424038318, -34.579135589499423 ], [ -58.548087076122471, -34.579812039012971 ], [ -58.548935591911146, -34.580525177644695 ], [ -58.549985532954331, -34.579681384885049 ], [ -58.551101761781595, -34.578784289207064 ], [ -58.550285303663792, -34.578107599988776 ], [ -58.549415165139159, -34.577385200208056 ], [ -58.54864200100765, -34.576727042569281 ], [ -58.547997392710812, -34.576196596819798 ], [ -58.547975916321207, -34.57617831443779 ], [ -58.547857796346257, -34.576077761272501 ], [ -58.547808799279608, -34.576044628950839 ], [ -58.546753093464829, -34.576938911219138 ], [ -58.545703000394596, -34.57779168813596 ] ] ] ] } },
{ "type": "Feature", "properties": { "NOMPROV": "BUENOS AIRES", "PROV": "06", "NOMDEPTO": "GENERAL SAN MARTIN", "DEPTO": "371", "FRAC": "29", "RADIO": "02", "TIPO": "U", "LINK": "063712902", "IDRADIO_9": "063712902", "hog_tot": 306, "hog_nbi": 11, "pob_tot": 619, "pct_nbi": 3.594771241830065 }, "geometry": { "type": "MultiPolygon", "coordinates": [ [ [ [ -58.542301424235156, -34.576666317957645 ], [ -58.543095885666105, -34.577318934105925 ], [ -58.543847376999715, -34.577967854313975 ], [ -58.544685571545926, -34.578644845164085 ], [ -58.545703000394596, -34.57779168813596 ], [ -58.544886753851529, -34.577105952482199 ], [ -58.544135103484692, -34.576466050110383 ], [ -58.543372570889083, -34.575826012404086 ], [ -58.542301424235156, -34.576666317957645 ] ] ] ] } },
{ "type": "Feature", "properties": { "NOMPROV": "BUENOS AIRES", "PROV": "06", "NOMDEPTO": "GENERAL SAN MARTIN", "DEPTO": "371", "FRAC": "23", "RADIO": "01", "TIPO": "U", "LINK": "063712301", "IDRADIO_9": "063712301", "hog_tot": 222, "hog_nbi": 12, "pob_tot": 470, "pct_nbi": 5.4054054054054061 }, "geometry": { "type": "MultiPolygon", "coordinates": [ [ [ [ -58.532099407780215, -34.573272322527707 ], [ -58.530916666954511, -34.574207194877246 ], [ -58.531136828651462, -34.57432717964803 ], [ -58.531215849671462, -34.574380950174174 ], [ -58.531656790939913, -34.574667095052092 ], [ -58.531753733442407, -34.574731355243117 ], [ -58.531818150581593, -34.574786210658829 ], [ -58.532868500469732, -34.573924543972971 ], [ -58.533620514508073, -34.574537479630408 ], [ -58.533738455370724, -34.574647057606093 ], [ -58.534788627202772, -34.57379438534565 ], [ -58.534659632324534, -34.573693689051154 ], [ -58.53389703979623, -34.573062605821583 ], [ -58.53341407177102, -34.572642186935624 ], [ -58.533155183451754, -34.572437517707463 ], [ -58.53244410140082, -34.572999861016697 ], [ -58.532099407780215, -34.573272322527707 ] ] ] ] } },
{ "type": "Feature", "properties": { "NOMPROV": "BUENOS AIRES", "PROV": "06", "NOMDEPTO": "GENERAL SAN MARTIN", "DEPTO": "371", "FRAC": "31", "RADIO": "01", "TIPO": "U", "LINK": "063713101", "IDRADIO_9": "063713101", "hog_tot": 410, "hog_nbi": 20, "pob_tot": 1166, "pct_nbi": 4.8780487804878057 }, "geometry": { "type": "MultiPolygon", "coordinates": [ [ [ [ -58.563003878067562, -34.578032696364396 ], [ -58.563852507559126, -34.578745734180401 ], [ -58.564400419924297, -34.579202852437803 ], [ -58.56469025611856, -34.579458638223059 ], [ -58.564958614095389, -34.579696142967464 ], [ -58.56553875966285, -34.580180675588295 ], [ -58.566440983263931, -34.580948406386362 ], [ -58.567482547130432, -34.581852967245538 ], [ -58.567504029332866, -34.58187124631997 ], [ -58.568255912795813, -34.581240116729184 ], [ -58.569062727357476, -34.580582586994339 ], [ -58.567956870530963, -34.579614190830597 ], [ -58.567135303331845, -34.578929857870001 ], [ -58.566807458006089, -34.578645273302314 ], [ -58.566538789528131, -34.578425794910579 ], [ -58.565980284395927, -34.577950534747721 ], [ -58.565690604011863, -34.577685741270678 ], [ -58.565432680788177, -34.577475400228742 ], [ -58.564628172452082, -34.576731346055681 ], [ -58.563813118344363, -34.577366874270773 ], [ -58.563003878067562, -34.578032696364396 ] ] ] ] } },
{ "type": "Feature", "properties": { "NOMPROV": "BUENOS AIRES", "PROV": "06", "NOMDEPTO": "GENERAL SAN MARTIN", "DEPTO": "371", "FRAC": "28", "RADIO": "01", "TIPO": "U", "LINK": "063712801", "IDRADIO_9": "063712801", "hog_tot": 196, "hog_nbi": 35, "pob_tot": 595, "pct_nbi": 17.857142857142858 }, "geometry": { "type": "MultiPolygon", "coordinates": [ [ [ [ -58.553030764998937, -34.582206590034602 ], [ -58.551931813990862, -34.583075509019871 ], [ -58.55086005725898, -34.583919058712311 ], [ -58.550285330452304, -34.584380928711205 ], [ -58.549810227559014, -34.584753845772113 ], [ -58.549246541945799, -34.585206828470511 ], [ -58.549332770971965, -34.585261934134863 ], [ -58.549266767770078, -34.585297203081488 ], [ -58.551942576918798, -34.586852251767574 ], [ -58.55287989754558, -34.586075389155077 ], [ -58.553823243185576, -34.585313842031269 ], [ -58.555267940309399, -34.584149333917559 ], [ -58.556397768943405, -34.583261763255855 ], [ -58.555967479639712, -34.582879972942536 ], [ -58.555709411257972, -34.582678623323929 ], [ -58.55492806529773, -34.582000371986283 ], [ -58.554152157359418, -34.58135323773508 ], [ -58.553030764998937, -34.582206590034602 ] ] ] ] } },
{ "type": "Feature", "properties": { "NOMPROV": "BUENOS AIRES", "PROV": "06", "NOMDEPTO": "GENERAL SAN MARTIN", "DEPTO": "371", "FRAC": "02", "RADIO": "05", "TIPO": "U", "LINK": "063710205", "IDRADIO_9": "063710205", "hog_tot": 482, "hog_nbi": 30, "pob_tot": 1495, "pct_nbi": 6.2240663900414939 }, "geometry": { "type": "MultiPolygon", "coordinates": [ [ [ [ -58.579805136526986, -34.513665832284396 ], [ -58.580581539190405, -34.514323711232976 ], [ -58.581236740193695, -34.513673952537999 ], [ -58.582101969760238, -34.513104598518481 ], [ -58.581243232317583, -34.512482387630975 ], [ -58.580525945953674, -34.511894013927467 ], [ -58.57983513235547, -34.511310338005565 ], [ -58.578808687001619, -34.510485464288287 ], [ -58.577736389089033, -34.509623763209412 ], [ -58.577626688896586, -34.509719057966016 ], [ -58.576624155111674, -34.510589931783215 ], [ -58.57634932018982, -34.510828420895706 ], [ -58.577344780751865, -34.511663655886174 ], [ -58.578383987346839, -34.512477435970681 ], [ -58.579078749906067, -34.513049797136581 ], [ -58.579805136526986, -34.513665832284396 ] ] ] ] } },
{ "type": "Feature", "properties": { "NOMPROV": "BUENOS AIRES", "PROV": "06", "NOMDEPTO": "GENERAL SAN MARTIN", "DEPTO": "371", "FRAC": "38", "RADIO": "05", "TIPO": "U", "LINK": "063713805", "IDRADIO_9": "063713805", "hog_tot": 273, "hog_nbi": 7, "pob_tot": 808, "pct_nbi": 2.5641025641025639 }, "geometry": { "type": "MultiPolygon", "coordinates": [ [ [ [ -58.575475828941457, -34.518417112794062 ], [ -58.574773911784824, -34.518979811624526 ], [ -58.574620008808971, -34.518848781137706 ], [ -58.573909792140022, -34.519353960819849 ], [ -58.574545889134306, -34.519814781501054 ], [ -58.575040122665854, -34.520208130492257 ], [ -58.575908667230408, -34.520808279795844 ], [ -58.576629786427553, -34.520371156147071 ], [ -58.577007813246745, -34.519929683052297 ], [ -58.57721245020538, -34.519901780843611 ], [ -58.577974064254491, -34.519288236225925 ], [ -58.577121717266465, -34.518564629763858 ], [ -58.576915412305034, -34.518389483215572 ], [ -58.576232986316491, -34.517810116711324 ], [ -58.575475828941457, -34.518417112794062 ] ] ] ] } },
{ "type": "Feature", "properties": { "NOMPROV": "BUENOS AIRES", "PROV": "06", "NOMDEPTO": "GENERAL SAN MARTIN", "DEPTO": "371", "FRAC": "14", "RADIO": "02", "TIPO": "U", "LINK": "063711402", "IDRADIO_9": "063711402", "hog_tot": 332, "hog_nbi": 5, "pob_tot": 895, "pct_nbi": 1.506024096385542 }, "geometry": { "type": "MultiPolygon", "coordinates": [ [ [ [ -58.573071422841835, -34.526953324193741 ], [ -58.573610772630722, -34.527969429877587 ], [ -58.574141196081456, -34.529008706395707 ], [ -58.575438691965239, -34.528518964212132 ], [ -58.57571171289144, -34.528733738855159 ], [ -58.576431231719802, -34.528154399876804 ], [ -58.577107987266949, -34.527594075204462 ], [ -58.577761622694766, -34.527075039654392 ], [ -58.576980744568985, -34.526400498535359 ], [ -58.576202470990559, -34.525743356469519 ], [ -58.575449413315511, -34.525082711693166 ], [ -58.574754600225042, -34.525615870799285 ], [ -58.574069099846206, -34.526160960285381 ], [ -58.573071422841835, -34.526953324193741 ] ] ] ] } },
{ "type": "Feature", "properties": { "NOMPROV": "BUENOS AIRES", "PROV": "06", "NOMDEPTO": "GENERAL SAN MARTIN", "DEPTO": "371", "FRAC": "52", "RADIO": "06", "TIPO": "U", "LINK": "063715206", "IDRADIO_9": "063715206", "hog_tot": 274, "hog_nbi": 14, "pob_tot": 760, "pct_nbi": 5.1094890510948918 }, "geometry": { "type": "MultiPolygon", "coordinates": [ [ [ [ -58.574508200867406, -34.574400005612361 ], [ -58.573679854668072, -34.575048308224318 ], [ -58.572884025419924, -34.575705998700229 ], [ -58.572055652573887, -34.57635429040711 ], [ -58.573172411662455, -34.577322777416626 ], [ -58.574278916902593, -34.578255080760165 ], [ -58.575096243368591, -34.577615659545003 ], [ -58.575913863686537, -34.576958208227929 ], [ -58.576720423516484, -34.576309636566769 ], [ -58.575624963894001, -34.575368470531657 ], [ -58.575614222687634, -34.57535933169909 ], [ -58.574508200867406, -34.574400005612361 ] ] ] ] } },
{ "type": "Feature", "properties": { "NOMPROV": "BUENOS AIRES", "PROV": "06", "NOMDEPTO": "GENERAL SAN MARTIN", "DEPTO": "371", "FRAC": "25", "RADIO": "02", "TIPO": "U", "LINK": "063712502", "IDRADIO_9": "063712502", "hog_tot": 294, "hog_nbi": 10, "pob_tot": 758, "pct_nbi": 3.4013605442176869 }, "geometry": { "type": "MultiPolygon", "coordinates": [ [ [ [ -58.522686152335687, -34.591431842079096 ], [ -58.52395842041269, -34.592213374767212 ], [ -58.525241610624946, -34.592995027328648 ], [ -58.526516757478767, -34.593770488153652 ], [ -58.527797165593213, -34.594558161094987 ], [ -58.528206807756405, -34.594815476926989 ], [ -58.528636953185931, -34.593910316447761 ], [ -58.529031698235563, -34.593157954765161 ], [ -58.529313971088065, -34.592602529294773 ], [ -58.528623718252867, -34.592188606095952 ], [ -58.527718078206867, -34.591627866195296 ], [ -58.526812292439104, -34.59107613129693 ], [ -58.525927993752845, -34.59054267612612 ], [ -58.525010080637152, -34.589995243168794 ], [ -58.524140395874795, -34.58946243052705 ], [ -58.523654069185262, -34.589968861591998 ], [ -58.523159322111091, -34.590536711231152 ], [ -58.523343111914762, -34.59065521538129 ], [ -58.522686152335687, -34.591431842079096 ] ] ] ] } },
{ "type": "Feature", "properties": { "NOMPROV": "BUENOS AIRES", "PROV": "06", "NOMDEPTO": "GENERAL SAN MARTIN", "DEPTO": "371", "FRAC": "19", "RADIO": "03", "TIPO": "U", "LINK": "063711903", "IDRADIO_9": "063711903", "hog_tot": 343, "hog_nbi": 6, "pob_tot": 834, "pct_nbi": 1.749271137026239 }, "geometry": { "type": "MultiPolygon", "coordinates": [ [ [ [ -58.553396358030326, -34.553267454832735 ], [ -58.553219591439294, -34.553409575377358 ], [ -58.551717200315856, -34.554608574536125 ], [ -58.552253686266631, -34.555083637445968 ], [ -58.552704913422268, -34.555449525689312 ], [ -58.553670861680672, -34.556290212020329 ], [ -58.554648033619017, -34.557112995925429 ], [ -58.556160544052531, -34.555959148186965 ], [ -58.557662275094536, -34.554796140105665 ], [ -58.557640957415408, -34.554768847817215 ], [ -58.556653200971482, -34.553927934577288 ], [ -58.555663463265098, -34.553104402268509 ], [ -58.554684583576204, -34.55225761961951 ], [ -58.553396358030326, -34.553267454832735 ] ] ] ] } },
{ "type": "Feature", "properties": { "NOMPROV": "BUENOS AIRES", "PROV": "06", "NOMDEPTO": "GENERAL SAN MARTIN", "DEPTO": "371", "FRAC": "02", "RADIO": "04", "TIPO": "U", "LINK": "063710204", "IDRADIO_9": "063710204", "hog_tot": 403, "hog_nbi": 26, "pob_tot": 1199, "pct_nbi": 6.4516129032258061 }, "geometry": { "type": "MultiPolygon", "coordinates": [ [ [ [ -58.577736389089033, -34.509623763209412 ], [ -58.578808687001619, -34.510485464288287 ], [ -58.57983513235547, -34.511310338005565 ], [ -58.580525945953674, -34.511894013927467 ], [ -58.581243232317583, -34.512482387630975 ], [ -58.582101969760238, -34.513104598518481 ], [ -58.582816675996028, -34.512531535790131 ], [ -58.583529823981102, -34.511959695400904 ], [ -58.583529143774157, -34.511959160218993 ], [ -58.582724133390293, -34.511325690218598 ], [ -58.582082933767452, -34.510729109207702 ], [ -58.581265184919253, -34.510124075613462 ], [ -58.580240334855361, -34.509315359387038 ], [ -58.579167434306243, -34.508380601584335 ], [ -58.578608219440945, -34.508866403507419 ], [ -58.577736389089033, -34.509623763209412 ] ] ] ] } },
{ "type": "Feature", "properties": { "NOMPROV": "BUENOS AIRES", "PROV": "06", "NOMDEPTO": "GENERAL SAN MARTIN", "DEPTO": "371", "FRAC": "14", "RADIO": "01", "TIPO": "U", "LINK": "063711401", "IDRADIO_9": "063711401", "hog_tot": 393, "hog_nbi": 21, "pob_tot": 1103, "pct_nbi": 5.3435114503816799 }, "geometry": { "type": "MultiPolygon", "coordinates": [ [ [ [ -58.578423565642595, -34.519673200060396 ], [ -58.577147727662066, -34.520022529380043 ], [ -58.577007813246745, -34.519929683052297 ], [ -58.576629786427553, -34.520371156147071 ], [ -58.575908667230408, -34.520808279795844 ], [ -58.574937133704324, -34.521603932785617 ], [ -58.574419230148564, -34.52205768327623 ], [ -58.573208351341954, -34.52302023009193 ], [ -58.571659655991368, -34.524292233983267 ], [ -58.57155343379624, -34.52437769989708 ], [ -58.572034050330217, -34.525234632461057 ], [ -58.572190555617347, -34.525458253837598 ], [ -58.5725625340988, -34.526077672192315 ], [ -58.572648853168673, -34.526228449051409 ], [ -58.573071422841835, -34.526953324193741 ], [ -58.574069099846206, -34.526160960285381 ], [ -58.574754600225042, -34.525615870799285 ], [ -58.575449413315511, -34.525082711693166 ], [ -58.576213018776485, -34.524424230431364 ], [ -58.577034746013382, -34.523755380738507 ], [ -58.576881269772358, -34.523623327763048 ], [ -58.57773407304434, -34.523002082416113 ], [ -58.579590483187054, -34.521697924158595 ], [ -58.58028854899058, -34.521132457013685 ], [ -58.581449488905847, -34.520176939548932 ], [ -58.581586246680544, -34.52002926627955 ], [ -58.581793239823874, -34.519764704122416 ], [ -58.58204571749561, -34.519551799058966 ], [ -58.582335360423606, -34.51930755299874 ], [ -58.582540543812755, -34.519134527251595 ], [ -58.582701913597781, -34.518989334914814 ], [ -58.582416506361589, -34.518912104105269 ], [ -58.581734105870446, -34.518873117094067 ], [ -58.58151611599223, -34.518886725984466 ], [ -58.581230660093603, -34.518904546963938 ], [ -58.57948247926992, -34.519383251982262 ], [ -58.579419154610505, -34.519400591182837 ], [ -58.578423565642595, -34.519673200060396 ] ] ] ] } },
{ "type": "Feature", "properties": { "NOMPROV": "BUENOS AIRES", "PROV": "06", "NOMDEPTO": "GENERAL SAN MARTIN", "DEPTO": "371", "FRAC": "53", "RADIO": "08", "TIPO": "U", "LINK": "063715308", "IDRADIO_9": "063715308", "hog_tot": 170, "hog_nbi": 7, "pob_tot": 433, "pct_nbi": 4.117647058823529 }, "geometry": { "type": "MultiPolygon", "coordinates": [ [ [ [ -58.587526142473017, -34.56239219418643 ], [ -58.587526758213635, -34.562579115153468 ], [ -58.587568926308052, -34.562705514494588 ], [ -58.587649561300054, -34.562829644966726 ], [ -58.587747203074898, -34.562926594558981 ], [ -58.587862197538513, -34.562975835383192 ], [ -58.587984042926671, -34.563019422769166 ], [ -58.588103717914265, -34.563029820658478 ], [ -58.588223697548216, -34.563022194954904 ], [ -58.588297755607499, -34.563011937875054 ], [ -58.588628617622859, -34.563929178661454 ], [ -58.588704250193381, -34.564113262480127 ], [ -58.588971206433861, -34.564762999855311 ], [ -58.589362401965523, -34.56574415764608 ], [ -58.589492769275047, -34.566087583215705 ], [ -58.589714202671693, -34.566704237881986 ], [ -58.589992173673359, -34.567419244387189 ], [ -58.590270149224317, -34.568134251195261 ], [ -58.590545458574077, -34.568861465085625 ], [ -58.591598924433669, -34.568026240390132 ], [ -58.592079043252994, -34.567645576623761 ], [ -58.592708656332867, -34.567139070234937 ], [ -58.593315954840733, -34.56666766324706 ], [ -58.593013456096976, -34.565862669765771 ], [ -58.59260827712032, -34.564881820690893 ], [ -58.592233647425992, -34.563866404279324 ], [ -58.592231054498306, -34.56379857299175 ], [ -58.592201757121394, -34.562950967430332 ], [ -58.59219592108844, -34.562618303563291 ], [ -58.590946481425505, -34.562607127611095 ], [ -58.590050953514293, -34.562565601380911 ], [ -58.589876660055999, -34.56256358792433 ], [ -58.588722577508612, -34.562514195554066 ], [ -58.58871634421817, -34.562399789022244 ], [ -58.588671612704843, -34.562306296647002 ], [ -58.588612765368048, -34.562242521691672 ], [ -58.588596729951782, -34.56222430926821 ], [ -58.588532437177413, -34.562160471307728 ], [ -58.588435463592489, -34.56209625537911 ], [ -58.588266583937568, -34.562056532067892 ], [ -58.58808483779795, -34.562040741063811 ], [ -58.587967815651233, -34.562045778836023 ], [ -58.587793337665552, -34.562115655567766 ], [ -58.587700084402911, -34.562175431255085 ], [ -58.587636048954728, -34.562233613362501 ], [ -58.587584888190122, -34.562290011921135 ], [ -58.587548919133297, -34.562345620908467 ], [ -58.587526142473017, -34.56239219418643 ] ] ] ] } },
{ "type": "Feature", "properties": { "NOMPROV": "BUENOS AIRES", "PROV": "06", "NOMDEPTO": "GENERAL SAN MARTIN", "DEPTO": "371", "FRAC": "27", "RADIO": "04", "TIPO": "U", "LINK": "063712704", "IDRADIO_9": "063712704", "hog_tot": 465, "hog_nbi": 18, "pob_tot": 1259, "pct_nbi": 3.870967741935484 }, "geometry": { "type": "MultiPolygon", "coordinates": [ [ [ [ -58.547991683902843, -34.590933431890683 ], [ -58.548465970928824, -34.591236517612721 ], [ -58.548940104734079, -34.591548612202551 ], [ -58.54969458738281, -34.592035292441743 ], [ -58.550481455899082, -34.592540379664953 ], [ -58.551106599419171, -34.592944394897643 ], [ -58.551349451273737, -34.593108067857294 ], [ -58.552690418193031, -34.592909336993444 ], [ -58.552658677378531, -34.592692414233504 ], [ -58.552488748340878, -34.591807086048313 ], [ -58.552244888675659, -34.590785680081432 ], [ -58.552157870286514, -34.590775634108127 ], [ -58.551957818748171, -34.590998594405022 ], [ -58.551703270864728, -34.590812853309274 ], [ -58.551204426751902, -34.590448847126112 ], [ -58.550580240124781, -34.58999076429329 ], [ -58.549848347579065, -34.589459291000686 ], [ -58.549224175856338, -34.589001201529591 ], [ -58.548572343976545, -34.589507212725948 ], [ -58.548008618791307, -34.589960188386833 ], [ -58.547323454239503, -34.590501848675096 ], [ -58.547592893689767, -34.590676310999051 ], [ -58.547991683902843, -34.590933431890683 ] ] ] ] } },
{ "type": "Feature", "properties": { "NOMPROV": "BUENOS AIRES", "PROV": "06", "NOMDEPTO": "GENERAL SAN MARTIN", "DEPTO": "371", "FRAC": "23", "RADIO": "10", "TIPO": "U", "LINK": "063712310", "IDRADIO_9": "063712310", "hog_tot": 322, "hog_nbi": 3, "pob_tot": 702, "pct_nbi": 0.93167701863354002 }, "geometry": { "type": "MultiPolygon", "coordinates": [ [ [ [ -58.534670699527652, -34.578942889443852 ], [ -58.53364776482173, -34.579810636856557 ], [ -58.534442468550694, -34.58047816104817 ], [ -58.535226288393893, -34.581145549515917 ], [ -58.535999858472536, -34.5817767555736 ], [ -58.536774376194423, -34.582396653661334 ], [ -58.537770584882182, -34.581579345218366 ], [ -58.537042195200456, -34.580924371022263 ], [ -58.536285815683975, -34.580289073794702 ], [ -58.535460668020967, -34.579632930601633 ], [ -58.534670699527652, -34.578942889443852 ] ] ] ] } },
{ "type": "Feature", "properties": { "NOMPROV": "BUENOS AIRES", "PROV": "06", "NOMDEPTO": "GENERAL SAN MARTIN", "DEPTO": "371", "FRAC": "23", "RADIO": "07", "TIPO": "U", "LINK": "063712307", "IDRADIO_9": "063712307", "hog_tot": 382, "hog_nbi": 2, "pob_tot": 751, "pct_nbi": 0.52356020942408399 }, "geometry": { "type": "MultiPolygon", "coordinates": [ [ [ [ -58.537859959825255, -34.576372999063537 ], [ -58.536809154317311, -34.577261743451317 ], [ -58.535759432794244, -34.578087397540003 ], [ -58.534670699527652, -34.578942889443852 ], [ -58.535460668020967, -34.579632930601633 ], [ -58.536285815683975, -34.580289073794702 ], [ -58.537348854886908, -34.579422412963034 ], [ -58.538377261423548, -34.578569449855898 ], [ -58.539438489820789, -34.57770785711071 ], [ -58.538665403810739, -34.577049637292752 ], [ -58.537859959825255, -34.576372999063537 ] ] ] ] } },
{ "type": "Feature", "properties": { "NOMPROV": "BUENOS AIRES", "PROV": "06", "NOMDEPTO": "GENERAL SAN MARTIN", "DEPTO": "371", "FRAC": "11", "RADIO": "05", "TIPO": "U", "LINK": "063711105", "IDRADIO_9": "063711105", "hog_tot": 292, "hog_nbi": 3, "pob_tot": 571, "pct_nbi": 1.027397260273972 }, "geometry": { "type": "MultiPolygon", "coordinates": [ [ [ [ -58.555373343289133, -34.5485588048479 ], [ -58.554102755655016, -34.549589323663106 ], [ -58.552798993726711, -34.550646474895387 ], [ -58.551517294710074, -34.551685846448358 ], [ -58.55238703517913, -34.552417239524168 ], [ -58.553635904164388, -34.55138648345347 ], [ -58.553646951843717, -34.551377600879917 ], [ -58.554961139256804, -34.550347603631302 ], [ -58.556210101259822, -34.549307807678701 ], [ -58.555373343289133, -34.5485588048479 ] ] ] ] } },
{ "type": "Feature", "properties": { "NOMPROV": "BUENOS AIRES", "PROV": "06", "NOMDEPTO": "GENERAL SAN MARTIN", "DEPTO": "371", "FRAC": "05", "RADIO": "05", "TIPO": "U", "LINK": "063710505", "IDRADIO_9": "063710505", "hog_tot": 295, "hog_nbi": 6, "pob_tot": 647, "pct_nbi": 2.0338983050847461 }, "geometry": { "type": "MultiPolygon", "coordinates": [ [ [ [ -58.545268904424589, -34.542177053337056 ], [ -58.545948566790308, -34.542742576918513 ], [ -58.546608485305327, -34.54330458264986 ], [ -58.547312164911865, -34.543857269193396 ], [ -58.548589693818528, -34.542855978321398 ], [ -58.549901793661213, -34.541823979521936 ], [ -58.549236595838856, -34.541239215549503 ], [ -58.547910239933515, -34.542277355288093 ], [ -58.547256831774298, -34.541711414859606 ], [ -58.546602387528154, -34.541135778198679 ], [ -58.545268904424589, -34.542177053337056 ] ] ] ] } },
{ "type": "Feature", "properties": { "NOMPROV": "BUENOS AIRES", "PROV": "06", "NOMDEPTO": "GENERAL SAN MARTIN", "DEPTO": "371", "FRAC": "06", "RADIO": "09", "TIPO": "U", "LINK": "063710609", "IDRADIO_9": "063710609", "hog_tot": 347, "hog_nbi": 36, "pob_tot": 1138, "pct_nbi": 10.37463976945245 }, "geometry": { "type": "MultiPolygon", "coordinates": [ [ [ [ -58.536669996365283, -34.550380138837667 ], [ -58.537217944484809, -34.55076367785702 ], [ -58.537280712704018, -34.550807612476007 ], [ -58.538103935271543, -34.551322374351543 ], [ -58.539382821324097, -34.55029737773895 ], [ -58.538721387723143, -34.549768268468192 ], [ -58.538067359601641, -34.549230481489971 ], [ -58.537686411785238, -34.549565037234373 ], [ -58.537609698950064, -34.549591158643139 ], [ -58.537278402972383, -34.549875572945176 ], [ -58.536669996365283, -34.550380138837667 ] ] ] ] } },
{ "type": "Feature", "properties": { "NOMPROV": "BUENOS AIRES", "PROV": "06", "NOMDEPTO": "GENERAL SAN MARTIN", "DEPTO": "371", "FRAC": "39", "RADIO": "01", "TIPO": "U", "LINK": "063713901", "IDRADIO_9": "063713901", "hog_tot": 266, "hog_nbi": 8, "pob_tot": 661, "pct_nbi": 3.007518796992481 }, "geometry": { "type": "MultiPolygon", "coordinates": [ [ [ [ -58.558685009851423, -34.527315091347141 ], [ -58.559474318506879, -34.527953972402265 ], [ -58.560214233188958, -34.527320015589275 ], [ -58.560970207237119, -34.526673126864708 ], [ -58.561741524445459, -34.526028188707663 ], [ -58.5625648692792, -34.525363216925356 ], [ -58.563262499609294, -34.524693368586696 ], [ -58.562441108733296, -34.524077086100085 ], [ -58.561665758772186, -34.523467463345099 ], [ -58.561120798422223, -34.523935180703063 ], [ -58.560911702792154, -34.524114483409427 ], [ -58.560172073727387, -34.52474871807992 ], [ -58.559401660769183, -34.525409334307902 ], [ -58.559037493113408, -34.525722981226231 ], [ -58.558653849454238, -34.526053548038128 ], [ -58.558264164606747, -34.52638931516568 ], [ -58.55788973247941, -34.526711935547091 ], [ -58.558685009851423, -34.527315091347141 ] ] ] ] } },
{ "type": "Feature", "properties": { "NOMPROV": "BUENOS AIRES", "PROV": "06", "NOMDEPTO": "GENERAL SAN MARTIN", "DEPTO": "371", "FRAC": "23", "RADIO": "06", "TIPO": "U", "LINK": "063712306", "IDRADIO_9": "063712306", "hog_tot": 483, "hog_nbi": 35, "pob_tot": 1242, "pct_nbi": 7.246376811594204 }, "geometry": { "type": "MultiPolygon", "coordinates": [ [ [ [ -58.533472339904264, -34.576149094997774 ], [ -58.532400335722023, -34.577001492480761 ], [ -58.533162951467368, -34.577632585297209 ], [ -58.534224061526466, -34.576780050346017 ], [ -58.534975635284518, -34.577420012780678 ], [ -58.535759432794244, -34.578087397540003 ], [ -58.536809154317311, -34.577261743451317 ], [ -58.537859959825255, -34.576372999063537 ], [ -58.537065109000352, -34.575714508525436 ], [ -58.536313691593485, -34.575065547257267 ], [ -58.535540179384945, -34.574434344033769 ], [ -58.53450074436337, -34.575296164118186 ], [ -58.533472339904264, -34.576149094997774 ] ] ] ] } },
{ "type": "Feature", "properties": { "NOMPROV": "BUENOS AIRES", "PROV": "06", "NOMDEPTO": "GENERAL SAN MARTIN", "DEPTO": "371", "FRAC": "06", "RADIO": "10", "TIPO": "U", "LINK": "063710610", "IDRADIO_9": "063710610", "hog_tot": 403, "hog_nbi": 49, "pob_tot": 1352, "pct_nbi": 12.158808933002481 }, "geometry": { "type": "MultiPolygon", "coordinates": [ [ [ [ -58.538067359601641, -34.549230481489971 ], [ -58.538721387723143, -34.549768268468192 ], [ -58.539382821324097, -34.55029737773895 ], [ -58.538103935271543, -34.551322374351543 ], [ -58.538985568553379, -34.551928974716148 ], [ -58.540181980245187, -34.550986436428147 ], [ -58.541189530072167, -34.550108194413831 ], [ -58.540383132226495, -34.549449561706211 ], [ -58.539701003314057, -34.548865447219448 ], [ -58.539098394037438, -34.548387432426708 ], [ -58.538067359601641, -34.549230481489971 ] ] ] ] } },
{ "type": "Feature", "properties": { "NOMPROV": "BUENOS AIRES", "PROV": "06", "NOMDEPTO": "GENERAL SAN MARTIN", "DEPTO": "371", "FRAC": "08", "RADIO": "03", "TIPO": "U", "LINK": "063710803", "IDRADIO_9": "063710803", "hog_tot": 275, "hog_nbi": 60, "pob_tot": 811, "pct_nbi": 21.818181818181817 }, "geometry": { "type": "MultiPolygon", "coordinates": [ [ [ [ -58.518596168147397, -34.562406041336786 ], [ -58.519561622689331, -34.562965817906132 ], [ -58.51964735190375, -34.562877356423606 ], [ -58.520417943809825, -34.561984728782065 ], [ -58.519480003761061, -34.561423538717939 ], [ -58.518574405228854, -34.560873356391767 ], [ -58.517424956612714, -34.56019120240142 ], [ -58.516622538754831, -34.561242863329703 ], [ -58.517693302612756, -34.561879404322937 ], [ -58.518596168147397, -34.562406041336786 ] ] ] ] } },
{ "type": "Feature", "properties": { "NOMPROV": "BUENOS AIRES", "PROV": "06", "NOMDEPTO": "GENERAL SAN MARTIN", "DEPTO": "371", "FRAC": "08", "RADIO": "07", "TIPO": "U", "LINK": "063710807", "IDRADIO_9": "063710807", "hog_tot": 243, "hog_nbi": 16, "pob_tot": 655, "pct_nbi": 6.5843621399176957 }, "geometry": { "type": "MultiPolygon", "coordinates": [ [ [ [ -58.51600383341389, -34.565408861446009 ], [ -58.516906725148836, -34.565935511372302 ], [ -58.517782171369795, -34.564930323834879 ], [ -58.518088801844002, -34.564595589629789 ], [ -58.518667122867583, -34.563950160676363 ], [ -58.519561622689331, -34.562965817906132 ], [ -58.518596168147397, -34.562406041336786 ], [ -58.517693302612756, -34.561879404322937 ], [ -58.516622538754831, -34.561242863329703 ], [ -58.515054782006821, -34.563307181026957 ], [ -58.514243168270461, -34.5643758115136 ], [ -58.515116041907206, -34.564888677301617 ], [ -58.51600383341389, -34.565408861446009 ] ] ] ] } },
{ "type": "Feature", "properties": { "NOMPROV": "BUENOS AIRES", "PROV": "06", "NOMDEPTO": "GENERAL SAN MARTIN", "DEPTO": "371", "FRAC": "04", "RADIO": "06", "TIPO": "U", "LINK": "063710406", "IDRADIO_9": "063710406", "hog_tot": 246, "hog_nbi": 14, "pob_tot": 700, "pct_nbi": 5.691056910569106 }, "geometry": { "type": "MultiPolygon", "coordinates": [ [ [ [ -58.552753211357228, -34.531055012459241 ], [ -58.551271314223371, -34.532350412496591 ], [ -58.551768133700037, -34.532768199082078 ], [ -58.552255984914147, -34.533196973859489 ], [ -58.553775387617648, -34.531991163226216 ], [ -58.554398553935656, -34.532566560187874 ], [ -58.555507861457464, -34.53165501156149 ], [ -58.554823917443898, -34.531109162787125 ], [ -58.55429277433948, -34.530663490029013 ], [ -58.5537896832748, -34.530148945219644 ], [ -58.552753211357228, -34.531055012459241 ] ] ] ] } },
{ "type": "Feature", "properties": { "NOMPROV": "BUENOS AIRES", "PROV": "06", "NOMDEPTO": "GENERAL SAN MARTIN", "DEPTO": "371", "FRAC": "07", "RADIO": "08", "TIPO": "U", "LINK": "063710708", "IDRADIO_9": "063710708", "hog_tot": 410, "hog_nbi": 21, "pob_tot": 1211, "pct_nbi": 5.1219512195121961 }, "geometry": { "type": "MultiPolygon", "coordinates": [ [ [ [ -58.535380006041905, -34.553383446719138 ], [ -58.53616903477598, -34.554098629872122 ], [ -58.537114116878335, -34.554876100762648 ], [ -58.537404259745784, -34.555104912577619 ], [ -58.537876731187531, -34.555498150564809 ], [ -58.538439166652182, -34.555108295615469 ], [ -58.538461266151963, -34.555090533335601 ], [ -58.539056845072643, -34.5546740319378 ], [ -58.539112093190795, -34.554629625931781 ], [ -58.540008991753147, -34.553802107943405 ], [ -58.539189153156805, -34.553095648026556 ], [ -58.538345017909457, -34.552394127702719 ], [ -58.537521430485803, -34.551695112899409 ], [ -58.537249531948618, -34.551908185937414 ], [ -58.536756559427481, -34.552275949972298 ], [ -58.536474723614447, -34.552509064264363 ], [ -58.535944124768299, -34.552946457781644 ], [ -58.535380006041905, -34.553383446719138 ] ] ] ] } },
{ "type": "Feature", "properties": { "NOMPROV": "BUENOS AIRES", "PROV": "06", "NOMDEPTO": "GENERAL SAN MARTIN", "DEPTO": "371", "FRAC": "13", "RADIO": "08", "TIPO": "U", "LINK": "063711308", "IDRADIO_9": "063711308", "hog_tot": 202, "hog_nbi": 10, "pob_tot": 550, "pct_nbi": 4.9504950495049496 }, "geometry": { "type": "MultiPolygon", "coordinates": [ [ [ [ -58.567768536683538, -34.539953190954506 ], [ -58.56855466059676, -34.540639525192574 ], [ -58.569852327863032, -34.53958737916485 ], [ -58.569078857678576, -34.538931579684316 ], [ -58.568209257163915, -34.538191292142429 ], [ -58.56951216651337, -34.537160999623254 ], [ -58.568609910397853, -34.536420332339446 ], [ -58.567350560895846, -34.5374511273683 ], [ -58.566069091072762, -34.538499675148536 ], [ -58.566927940551146, -34.53923083801071 ], [ -58.567768536683538, -34.539953190954506 ] ] ] ] } },
{ "type": "Feature", "properties": { "NOMPROV": "BUENOS AIRES", "PROV": "06", "NOMDEPTO": "GENERAL SAN MARTIN", "DEPTO": "371", "FRAC": "51", "RADIO": "03", "TIPO": "U", "LINK": "063715103", "IDRADIO_9": "063715103", "hog_tot": 210, "hog_nbi": 5, "pob_tot": 446, "pct_nbi": 2.3809523809523809 }, "geometry": { "type": "MultiPolygon", "coordinates": [ [ [ [ -58.539636283959751, -34.581351633944251 ], [ -58.540436031321661, -34.582046060793843 ], [ -58.541480464022733, -34.58121144991248 ], [ -58.542574854280673, -34.580323186366066 ], [ -58.542262979369369, -34.580085112461326 ], [ -58.541725766787522, -34.579646051014223 ], [ -58.54097411923258, -34.579006128559421 ], [ -58.539901993832359, -34.579867604103683 ], [ -58.538873743649582, -34.580711568360464 ], [ -58.539636283959751, -34.581351633944251 ] ] ] ] } },
{ "type": "Feature", "properties": { "NOMPROV": "BUENOS AIRES", "PROV": "06", "NOMDEPTO": "GENERAL SAN MARTIN", "DEPTO": "371", "FRAC": "11", "RADIO": "09", "TIPO": "U", "LINK": "063711109", "IDRADIO_9": "063711109", "hog_tot": 381, "hog_nbi": 9, "pob_tot": 743, "pct_nbi": 2.3622047244094491 }, "geometry": { "type": "MultiPolygon", "coordinates": [ [ [ [ -58.546890745374121, -34.549611851243277 ], [ -58.545840693893751, -34.550482664916593 ], [ -58.54740037673821, -34.550375046127094 ], [ -58.547481316371716, -34.55010560540746 ], [ -58.548080035582849, -34.55013075462896 ], [ -58.548186288364491, -34.550285247130724 ], [ -58.549595361967874, -34.550067647403459 ], [ -58.551059867671334, -34.549165666712113 ], [ -58.550179593307305, -34.548416112379797 ], [ -58.549287974252245, -34.547693458308565 ], [ -58.548017640579317, -34.548705888256414 ], [ -58.546890745374121, -34.549611851243277 ] ] ] ] } },
{ "type": "Feature", "properties": { "NOMPROV": "BUENOS AIRES", "PROV": "06", "NOMDEPTO": "GENERAL SAN MARTIN", "DEPTO": "371", "FRAC": "30", "RADIO": "09", "TIPO": "U", "LINK": "063713009", "IDRADIO_9": "063713009", "hog_tot": 294, "hog_nbi": 12, "pob_tot": 875, "pct_nbi": 4.0816326530612246 }, "geometry": { "type": "MultiPolygon", "coordinates": [ [ [ [ -58.551101761781595, -34.578784289207064 ], [ -58.551853329945217, -34.579433161845969 ], [ -58.552541256959579, -34.579982128291554 ], [ -58.553034078023302, -34.580386588097625 ], [ -58.553314353862419, -34.580631870289338 ], [ -58.554091239952648, -34.580001453670825 ], [ -58.554415696910389, -34.579746689790838 ], [ -58.555182650005065, -34.57911209040153 ], [ -58.556052545678142, -34.579852472822644 ], [ -58.556781770034085, -34.579275228056886 ], [ -58.557522189951101, -34.578680083313365 ], [ -58.5566412427996, -34.577948593953586 ], [ -58.555862359101752, -34.577262076341604 ], [ -58.555177611964837, -34.576720133440979 ], [ -58.554434261892318, -34.576088388499578 ], [ -58.553828186887984, -34.57658831702917 ], [ -58.552969803844924, -34.577283210177498 ], [ -58.552210119147489, -34.577903724668538 ], [ -58.551101761781595, -34.578784289207064 ] ] ] ] } },
{ "type": "Feature", "properties": { "NOMPROV": "BUENOS AIRES", "PROV": "06", "NOMDEPTO": "GENERAL SAN MARTIN", "DEPTO": "371", "FRAC": "14", "RADIO": "12", "TIPO": "U", "LINK": "063711412", "IDRADIO_9": "063711412", "hog_tot": 328, "hog_nbi": 11, "pob_tot": 897, "pct_nbi": 3.3536585365853662 }, "geometry": { "type": "MultiPolygon", "coordinates": [ [ [ [ -58.576986786498196, -34.529965429125376 ], [ -58.577314370547967, -34.530412020510852 ], [ -58.577859957290485, -34.530113457097109 ], [ -58.577920127763548, -34.530136208548683 ], [ -58.577965836043546, -34.530154783235801 ], [ -58.578001958587357, -34.53016723154969 ], [ -58.578045516688043, -34.530169744293531 ], [ -58.578093986426957, -34.530168303193669 ], [ -58.57812813131001, -34.53015466852019 ], [ -58.57815521327332, -34.530128923039676 ], [ -58.578545308819713, -34.530465769224598 ], [ -58.579212944815509, -34.530919701810191 ], [ -58.579688214184856, -34.530083383955173 ], [ -58.580164007386436, -34.529385390018597 ], [ -58.580581443429473, -34.528729643600762 ], [ -58.57950906555898, -34.528305349851429 ], [ -58.578515492072569, -34.527736753394116 ], [ -58.577761622694766, -34.527075039654392 ], [ -58.577107987266949, -34.527594075204462 ], [ -58.576431231719802, -34.528154399876804 ], [ -58.57571171289144, -34.528733738855159 ], [ -58.576515761640728, -34.529398492701176 ], [ -58.576986786498196, -34.529965429125376 ] ] ] ] } },
{ "type": "Feature", "properties": { "NOMPROV": "BUENOS AIRES", "PROV": "06", "NOMDEPTO": "GENERAL SAN MARTIN", "DEPTO": "371", "FRAC": "45", "RADIO": "05", "TIPO": "U", "LINK": "063714505", "IDRADIO_9": "063714505", "hog_tot": 494, "hog_nbi": 47, "pob_tot": 1758, "pct_nbi": 9.5141700404858298 }, "geometry": { "type": "MultiPolygon", "coordinates": [ [ [ [ -58.592663933151897, -34.538385661230365 ], [ -58.593473476573081, -34.539035974017352 ], [ -58.593596617435814, -34.5389364435568 ], [ -58.594351343076532, -34.538326419031755 ], [ -58.59490771840818, -34.537876706151927 ], [ -58.595265005554822, -34.537587911276816 ], [ -58.596178882679823, -34.536849209572061 ], [ -58.597056002362571, -34.536100911615229 ], [ -58.597523154479674, -34.535667328289023 ], [ -58.597605591230945, -34.535596227118731 ], [ -58.597146506972472, -34.534827148806976 ], [ -58.596168030843693, -34.53308715360123 ], [ -58.595737108894248, -34.533420932404361 ], [ -58.596168318359574, -34.534312299568114 ], [ -58.595654389712635, -34.534861078306577 ], [ -58.59468478674102, -34.535553748362624 ], [ -58.593793412477538, -34.536277718588906 ], [ -58.592890811614268, -34.536997080126923 ], [ -58.59188217074373, -34.537691507128955 ], [ -58.592663933151897, -34.538385661230365 ] ] ] ] } },
{ "type": "Feature", "properties": { "NOMPROV": "BUENOS AIRES", "PROV": "06", "NOMDEPTO": "GENERAL SAN MARTIN", "DEPTO": "371", "FRAC": "43", "RADIO": "07", "TIPO": "U", "LINK": "063714307", "IDRADIO_9": "063714307", "hog_tot": 368, "hog_nbi": 9, "pob_tot": 917, "pct_nbi": 2.445652173913043 }, "geometry": { "type": "MultiPolygon", "coordinates": [ [ [ [ -58.530541206746292, -34.563929386015957 ], [ -58.530814508704594, -34.564162154079817 ], [ -58.531524951333068, -34.564813871436726 ], [ -58.532275767144256, -34.565489894512979 ], [ -58.532850456539407, -34.565028107191608 ], [ -58.533911562893948, -34.564166557743519 ], [ -58.534442186921012, -34.563731273544555 ], [ -58.534790065800031, -34.563465048363184 ], [ -58.534021404566765, -34.562874453710961 ], [ -58.533973018182358, -34.562837818856075 ], [ -58.533559488053974, -34.562499354577618 ], [ -58.533280067015895, -34.562279675937937 ], [ -58.533049269259784, -34.562083113715417 ], [ -58.533027799756269, -34.562064828836426 ], [ -58.532718839589066, -34.562286450701713 ], [ -58.53217243091553, -34.562689990708314 ], [ -58.531167534453836, -34.563453054086786 ], [ -58.530541206746292, -34.563929386015957 ] ] ] ] } },
{ "type": "Feature", "properties": { "NOMPROV": "BUENOS AIRES", "PROV": "06", "NOMDEPTO": "GENERAL SAN MARTIN", "DEPTO": "371", "FRAC": "38", "RADIO": "07", "TIPO": "U", "LINK": "063713807", "IDRADIO_9": "063713807", "hog_tot": 294, "hog_nbi": 12, "pob_tot": 810, "pct_nbi": 4.0816326530612246 }, "geometry": { "type": "MultiPolygon", "coordinates": [ [ [ [ -58.573909792140022, -34.519353960819849 ], [ -58.573076513733049, -34.520019844780734 ], [ -58.572352023082232, -34.520621308439104 ], [ -58.572243176877258, -34.520743315017199 ], [ -58.571669319447473, -34.521187280617418 ], [ -58.570576405113655, -34.522041873730117 ], [ -58.570882011770465, -34.522777892690456 ], [ -58.570989136721693, -34.523026037694329 ], [ -58.57155343379624, -34.52437769989708 ], [ -58.571659655991368, -34.524292233983267 ], [ -58.573208351341954, -34.52302023009193 ], [ -58.574419230148564, -34.52205768327623 ], [ -58.574937133704324, -34.521603932785617 ], [ -58.575908667230408, -34.520808279795844 ], [ -58.575040122665854, -34.520208130492257 ], [ -58.574545889134306, -34.519814781501054 ], [ -58.573909792140022, -34.519353960819849 ] ] ] ] } },
{ "type": "Feature", "properties": { "NOMPROV": "BUENOS AIRES", "PROV": "06", "NOMDEPTO": "GENERAL SAN MARTIN", "DEPTO": "371", "FRAC": "03", "RADIO": "03", "TIPO": "U", "LINK": "063710303", "IDRADIO_9": "063710303", "hog_tot": 284, "hog_nbi": 8, "pob_tot": 800, "pct_nbi": 2.816901408450704 }, "geometry": { "type": "MultiPolygon", "coordinates": [ [ [ [ -58.562441108733296, -34.524077086100085 ], [ -58.563262499609294, -34.524693368586696 ], [ -58.564050736770042, -34.524019192294027 ], [ -58.564913196064936, -34.523343424916511 ], [ -58.56499018577869, -34.523299262012571 ], [ -58.56565274191896, -34.52276623609729 ], [ -58.564944334859007, -34.522163022036658 ], [ -58.565629584847791, -34.521576180653817 ], [ -58.564720529150456, -34.520847626178146 ], [ -58.564539620283725, -34.521002819268809 ], [ -58.56326290926156, -34.522098025970138 ], [ -58.5624233571342, -34.522804624421184 ], [ -58.561972846033491, -34.523198788652692 ], [ -58.561665758772186, -34.523467463345099 ], [ -58.562441108733296, -34.524077086100085 ] ] ] ] } },
{ "type": "Feature", "properties": { "NOMPROV": "BUENOS AIRES", "PROV": "06", "NOMDEPTO": "GENERAL SAN MARTIN", "DEPTO": "371", "FRAC": "07", "RADIO": "05", "TIPO": "U", "LINK": "063710705", "IDRADIO_9": "063710705", "hog_tot": 286, "hog_nbi": 21, "pob_tot": 850, "pct_nbi": 7.3426573426573416 }, "geometry": { "type": "MultiPolygon", "coordinates": [ [ [ [ -58.534912678912427, -34.553677953829087 ], [ -58.534938819684861, -34.553691555174552 ], [ -58.535380006041905, -34.553383446719138 ], [ -58.535944124768299, -34.552946457781644 ], [ -58.536474723614447, -34.552509064264363 ], [ -58.536756559427481, -34.552275949972298 ], [ -58.537249531948618, -34.551908185937414 ], [ -58.537521430485803, -34.551695112899409 ], [ -58.538103935271543, -34.551322374351543 ], [ -58.537280712704018, -34.550807612476007 ], [ -58.537217944484809, -34.55076367785702 ], [ -58.536669996365283, -34.550380138837667 ], [ -58.5361751220237, -34.550022849126726 ], [ -58.534781872384478, -34.550575767115866 ], [ -58.533421838653013, -34.551100241171525 ], [ -58.533992435142991, -34.552107583806077 ], [ -58.534584827624428, -34.553115186354162 ], [ -58.534912678912427, -34.553677953829087 ] ] ] ] } },
{ "type": "Feature", "properties": { "NOMPROV": "BUENOS AIRES", "PROV": "06", "NOMDEPTO": "GENERAL SAN MARTIN", "DEPTO": "371", "FRAC": "42", "RADIO": "06", "TIPO": "U", "LINK": "063714206", "IDRADIO_9": "063714206", "hog_tot": 264, "hog_nbi": 3, "pob_tot": 726, "pct_nbi": 1.136363636363636 }, "geometry": { "type": "MultiPolygon", "coordinates": [ [ [ [ -58.526635092710627, -34.573948593935867 ], [ -58.527397795429245, -34.574570709793591 ], [ -58.528472408917224, -34.573692407471377 ], [ -58.527706003153249, -34.57305959883702 ], [ -58.528227728264312, -34.572615804066913 ], [ -58.527332557040445, -34.572091242358226 ], [ -58.526739415400741, -34.571741575194508 ], [ -58.526157489979468, -34.571374013847446 ], [ -58.52556326157594, -34.572024430335844 ], [ -58.524967619441185, -34.572729671366659 ], [ -58.525582389872476, -34.573088622696865 ], [ -58.52577610265412, -34.573226162931668 ], [ -58.52586198529805, -34.573299307531144 ], [ -58.526635092710627, -34.573948593935867 ] ] ] ] } },
{ "type": "Feature", "properties": { "NOMPROV": "BUENOS AIRES", "PROV": "06", "NOMDEPTO": "GENERAL SAN MARTIN", "DEPTO": "371", "FRAC": "52", "RADIO": "04", "TIPO": "U", "LINK": "063715204", "IDRADIO_9": "063715204", "hog_tot": 427, "hog_nbi": 22, "pob_tot": 1340, "pct_nbi": 5.1522248243559723 }, "geometry": { "type": "MultiPolygon", "coordinates": [ [ [ [ -58.570464549359336, -34.577633597404137 ], [ -58.569625243365003, -34.578281742939616 ], [ -58.568774412093852, -34.578965801094412 ], [ -58.567956870530963, -34.579614190830597 ], [ -58.569062727357476, -34.580582586994339 ], [ -58.570158485885258, -34.581505787751574 ], [ -58.570989855232042, -34.580854436654541 ], [ -58.571395615142308, -34.580537812989263 ], [ -58.571837296601018, -34.580200472682044 ], [ -58.57264241750832, -34.579541869502435 ], [ -58.571548620001714, -34.578601716144384 ], [ -58.570464549359336, -34.577633597404137 ] ] ] ] } },
{ "type": "Feature", "properties": { "NOMPROV": "BUENOS AIRES", "PROV": "06", "NOMDEPTO": "GENERAL SAN MARTIN", "DEPTO": "371", "FRAC": "32", "RADIO": "08", "TIPO": "U", "LINK": "063713208", "IDRADIO_9": "063713208", "hog_tot": 271, "hog_nbi": 19, "pob_tot": 780, "pct_nbi": 7.0110701107011062 }, "geometry": { "type": "MultiPolygon", "coordinates": [ [ [ [ -58.579712959883402, -34.572072124234744 ], [ -58.580829754834966, -34.573040542594207 ], [ -58.581658180944437, -34.572383176791512 ], [ -58.582486746983228, -34.571716794173362 ], [ -58.58136994942253, -34.570748390738792 ], [ -58.580873796136984, -34.570314287596268 ], [ -58.580274659801155, -34.569798254423716 ], [ -58.579446249531657, -34.570455610565261 ], [ -58.578606779530894, -34.57112184551287 ], [ -58.579712959883402, -34.572072124234744 ] ] ] ] } },
{ "type": "Feature", "properties": { "NOMPROV": "BUENOS AIRES", "PROV": "06", "NOMDEPTO": "GENERAL SAN MARTIN", "DEPTO": "371", "FRAC": "12", "RADIO": "09", "TIPO": "U", "LINK": "063711209", "IDRADIO_9": "063711209", "hog_tot": 354, "hog_nbi": 2, "pob_tot": 754, "pct_nbi": 0.56497175141242895 }, "geometry": { "type": "MultiPolygon", "coordinates": [ [ [ [ -58.55314375799594, -34.544575493352006 ], [ -58.551851268056296, -34.545614743689129 ], [ -58.550613670215846, -34.546627590130761 ], [ -58.549287974252245, -34.547693458308565 ], [ -58.550179593307305, -34.548416112379797 ], [ -58.551483039157738, -34.547377011944967 ], [ -58.552102154660098, -34.546852562376984 ], [ -58.552742732409961, -34.546346390896652 ], [ -58.554046270054158, -34.545298249507873 ], [ -58.55314375799594, -34.544575493352006 ] ] ] ] } },
{ "type": "Feature", "properties": { "NOMPROV": "BUENOS AIRES", "PROV": "06", "NOMDEPTO": "GENERAL SAN MARTIN", "DEPTO": "371", "FRAC": "20", "RADIO": "01", "TIPO": "U", "LINK": "063712001", "IDRADIO_9": "063712001", "hog_tot": 441, "hog_nbi": 9, "pob_tot": 1087, "pct_nbi": 2.0408163265306118 }, "geometry": { "type": "MultiPolygon", "coordinates": [ [ [ [ -58.565305304777297, -34.555161669032287 ], [ -58.564494945234379, -34.555813327536697 ], [ -58.56398007541209, -34.556219739134264 ], [ -58.563304247355916, -34.556773526280331 ], [ -58.56207978569882, -34.557706660536532 ], [ -58.561349780776723, -34.558243381058119 ], [ -58.562057695478686, -34.558990148212409 ], [ -58.562731593181368, -34.559761227531496 ], [ -58.563624787302366, -34.559073481491183 ], [ -58.564848645162442, -34.558140064370981 ], [ -58.565691653184274, -34.557455640585189 ], [ -58.56620323833053, -34.55702292068144 ], [ -58.566818278215699, -34.556436931215359 ], [ -58.566156334729612, -34.55583903438874 ], [ -58.565305304777297, -34.555161669032287 ] ] ] ] } },
{ "type": "Feature", "properties": { "NOMPROV": "BUENOS AIRES", "PROV": "06", "NOMDEPTO": "GENERAL SAN MARTIN", "DEPTO": "371", "FRAC": "01", "RADIO": "10", "TIPO": "U", "LINK": "063710110", "IDRADIO_9": "063710110", "hog_tot": 320, "hog_nbi": 64, "pob_tot": 1159, "pct_nbi": 20.0 }, "geometry": { "type": "MultiPolygon", "coordinates": [ [ [ [ -58.585985857834878, -34.506296001079306 ], [ -58.585576870140954, -34.506656752849864 ], [ -58.5867935340126, -34.506598520113002 ], [ -58.586899370995646, -34.506737536891613 ], [ -58.587379996725431, -34.507028105436476 ], [ -58.587751288228795, -34.507304271683736 ], [ -58.587697210293321, -34.507436005395164 ], [ -58.588129710031481, -34.507718367470908 ], [ -58.588481972318647, -34.507942150014344 ], [ -58.58849107936215, -34.507948023943058 ], [ -58.588544777048376, -34.507982656282245 ], [ -58.588279617481824, -34.508258907374874 ], [ -58.588253860237849, -34.5082871006923 ], [ -58.588120692015167, -34.508432858634144 ], [ -58.587809735017771, -34.508803719353011 ], [ -58.58780871473148, -34.508804947824778 ], [ -58.587202030291223, -34.509535412753515 ], [ -58.58812438639665, -34.510264304579984 ], [ -58.588771383797386, -34.509774109744598 ], [ -58.589355148431771, -34.510228522167722 ], [ -58.590030681888237, -34.509389922051518 ], [ -58.59009467343558, -34.510087998759417 ], [ -58.591136103696776, -34.507719404955452 ], [ -58.591943497794944, -34.505882992646072 ], [ -58.59192716883905, -34.505882804417432 ], [ -58.591150263545977, -34.505936852128031 ], [ -58.589732000634321, -34.506035504734498 ], [ -58.585985857834878, -34.506296001079306 ] ] ] ] } },
{ "type": "Feature", "properties": { "NOMPROV": "BUENOS AIRES", "PROV": "06", "NOMDEPTO": "GENERAL SAN MARTIN", "DEPTO": "371", "FRAC": "25", "RADIO": "06", "TIPO": "U", "LINK": "063712506", "IDRADIO_9": "063712506", "hog_tot": 344, "hog_nbi": 6, "pob_tot": 952, "pct_nbi": 1.7441860465116279 }, "geometry": { "type": "MultiPolygon", "coordinates": [ [ [ [ -58.532023511108505, -34.595780721218091 ], [ -58.532036185178647, -34.596037494402559 ], [ -58.534413207656129, -34.595671015709208 ], [ -58.534120465508899, -34.595470351834066 ], [ -58.533981825908938, -34.595249351750546 ], [ -58.533857284199676, -34.594559030256612 ], [ -58.532956226950752, -34.594014241862638 ], [ -58.532088848154899, -34.593474189361174 ], [ -58.530870173582109, -34.592738451713593 ], [ -58.531181316441881, -34.592399690405401 ], [ -58.531149101493433, -34.59237226244263 ], [ -58.53112762487288, -34.592353977129605 ], [ -58.531106306901883, -34.59232668034479 ], [ -58.531084988944635, -34.592299383556515 ], [ -58.529541620859071, -34.592587085980071 ], [ -58.529313971088065, -34.592602529294773 ], [ -58.529031698235563, -34.593157954765161 ], [ -58.529991530668333, -34.593737364821486 ], [ -58.531210212521344, -34.594473111317797 ], [ -58.532083238721775, -34.594993382432143 ], [ -58.532036929536858, -34.595615149242136 ], [ -58.532023511108505, -34.595780721218091 ] ] ] ] } },
{ "type": "Feature", "properties": { "NOMPROV": "BUENOS AIRES", "PROV": "06", "NOMDEPTO": "GENERAL SAN MARTIN", "DEPTO": "371", "FRAC": "26", "RADIO": "01", "TIPO": "U", "LINK": "063712601", "IDRADIO_9": "063712601", "hog_tot": 373, "hog_nbi": 12, "pob_tot": 958, "pct_nbi": 3.2171581769437001 }, "geometry": { "type": "MultiPolygon", "coordinates": [ [ [ [ -58.536788562512591, -34.584272469691221 ], [ -58.535965537507678, -34.584976093615012 ], [ -58.535722559178794, -34.58520063558575 ], [ -58.535019567152133, -34.585855596727583 ], [ -58.5347254114332, -34.586087880276203 ], [ -58.53433787554637, -34.586434747259219 ], [ -58.533696239890126, -34.586976854230791 ], [ -58.533523353686085, -34.587117472875086 ], [ -58.535082872563187, -34.58807511389351 ], [ -58.536277636691409, -34.588810810241228 ], [ -58.536855871372829, -34.588170300091342 ], [ -58.537321214968301, -34.588435761593999 ], [ -58.537709535837742, -34.588692491793296 ], [ -58.538248835164786, -34.58901442170955 ], [ -58.53868902646073, -34.588660059157938 ], [ -58.539277039160126, -34.588179478086822 ], [ -58.540368299047053, -34.587298870649228 ], [ -58.539566398770411, -34.586644254902374 ], [ -58.538786829665533, -34.585987598484131 ], [ -58.538023941604628, -34.585333439965957 ], [ -58.537259247416429, -34.584653173048828 ], [ -58.536788562512591, -34.584272469691221 ] ] ] ] } },
{ "type": "Feature", "properties": { "NOMPROV": "BUENOS AIRES", "PROV": "06", "NOMDEPTO": "GENERAL SAN MARTIN", "DEPTO": "371", "FRAC": "21", "RADIO": "02", "TIPO": "U", "LINK": "063712102", "IDRADIO_9": "063712102", "hog_tot": 329, "hog_nbi": 2, "pob_tot": 770, "pct_nbi": 0.60790273556231 }, "geometry": { "type": "MultiPolygon", "coordinates": [ [ [ [ -58.548103930666102, -34.56066774543622 ], [ -58.547109310363005, -34.561476132109142 ], [ -58.547076161172328, -34.561502777855104 ], [ -58.546091751847385, -34.56230820653029 ], [ -58.545009980202785, -34.563154661837082 ], [ -58.545611212012759, -34.563666579115022 ], [ -58.546325193490084, -34.564246354669464 ], [ -58.547367511348391, -34.563400175432371 ], [ -58.548419931709198, -34.562546296894098 ], [ -58.54923607129453, -34.563232007660908 ], [ -58.549944385010576, -34.563853337100049 ], [ -58.550191646673738, -34.564045556738037 ], [ -58.550139369825025, -34.563918747539773 ], [ -58.549733619330006, -34.562814289480848 ], [ -58.549410798299206, -34.561954176875076 ], [ -58.549326940131664, -34.561763898767971 ], [ -58.549317142554372, -34.561700688196382 ], [ -58.5490916757308, -34.56150872591099 ], [ -58.548715901066309, -34.561188788801992 ], [ -58.548103930666102, -34.56066774543622 ] ] ] ] } },
{ "type": "Feature", "properties": { "NOMPROV": "BUENOS AIRES", "PROV": "06", "NOMDEPTO": "GENERAL SAN MARTIN", "DEPTO": "371", "FRAC": "49", "RADIO": "06", "TIPO": "U", "LINK": "063714906", "IDRADIO_9": "063714906", "hog_tot": 360, "hog_nbi": 3, "pob_tot": 933, "pct_nbi": 0.83333333333333304 }, "geometry": { "type": "MultiPolygon", "coordinates": [ [ [ [ -58.546146444644648, -34.571100011092078 ], [ -58.546865850435822, -34.571712477846575 ], [ -58.547617637634104, -34.572343351763969 ], [ -58.548380016261468, -34.572992374878531 ], [ -58.549396867824946, -34.572166218309839 ], [ -58.55042475109245, -34.571331170487106 ], [ -58.549630000110042, -34.570663748401806 ], [ -58.548910895355519, -34.570033275315623 ], [ -58.548245017293162, -34.569475537796016 ], [ -58.547195819543234, -34.570283273482218 ], [ -58.546146444644648, -34.571100011092078 ] ] ] ] } },
{ "type": "Feature", "properties": { "NOMPROV": "BUENOS AIRES", "PROV": "06", "NOMDEPTO": "GENERAL SAN MARTIN", "DEPTO": "371", "FRAC": "31", "RADIO": "06", "TIPO": "U", "LINK": "063713106", "IDRADIO_9": "063713106", "hog_tot": 239, "hog_nbi": 5, "pob_tot": 664, "pct_nbi": 2.0920502092050208 }, "geometry": { "type": "MultiPolygon", "coordinates": [ [ [ [ -58.566752288152927, -34.582493358392377 ], [ -58.567819192215268, -34.583407538496452 ], [ -58.568600374910496, -34.582791606914292 ], [ -58.56942237360397, -34.583540741077982 ], [ -58.570223655688267, -34.582904606531464 ], [ -58.571019359304266, -34.582305172438652 ], [ -58.570158485885258, -34.581505787751574 ], [ -58.569062727357476, -34.580582586994339 ], [ -58.568255912795813, -34.581240116729184 ], [ -58.567504029332866, -34.58187124631997 ], [ -58.566752288152927, -34.582493358392377 ] ] ] ] } },
{ "type": "Feature", "properties": { "NOMPROV": "BUENOS AIRES", "PROV": "06", "NOMDEPTO": "GENERAL SAN MARTIN", "DEPTO": "371", "FRAC": "21", "RADIO": "06", "TIPO": "U", "LINK": "063712106", "IDRADIO_9": "063712106", "hog_tot": 240, "hog_nbi": 3, "pob_tot": 631, "pct_nbi": 1.25 }, "geometry": { "type": "MultiPolygon", "coordinates": [ [ [ [ -58.543720024194137, -34.569025037672191 ], [ -58.544514083175024, -34.569728542163766 ], [ -58.545596451526158, -34.56889418562767 ], [ -58.546701056452918, -34.568033042673648 ], [ -58.545831523477965, -34.567283584918236 ], [ -58.545090844986611, -34.566643818372036 ], [ -58.544018138691897, -34.567550394643348 ], [ -58.542967825735566, -34.568421174670064 ], [ -58.543720024194137, -34.569025037672191 ] ] ] ] } },
{ "type": "Feature", "properties": { "NOMPROV": "BUENOS AIRES", "PROV": "06", "NOMDEPTO": "GENERAL SAN MARTIN", "DEPTO": "371", "FRAC": "29", "RADIO": "01", "TIPO": "U", "LINK": "063712901", "IDRADIO_9": "063712901", "hog_tot": 400, "hog_nbi": 9, "pob_tot": 913, "pct_nbi": 2.25 }, "geometry": { "type": "MultiPolygon", "coordinates": [ [ [ [ -58.545506356569419, -34.574066808635401 ], [ -58.544964512008015, -34.574520033238983 ], [ -58.544422661560844, -34.574973255255372 ], [ -58.543372570889083, -34.575826012404086 ], [ -58.544135103484692, -34.576466050110383 ], [ -58.544886753851529, -34.577105952482199 ], [ -58.545703000394596, -34.57779168813596 ], [ -58.546753093464829, -34.576938911219138 ], [ -58.547808799279608, -34.576044628950839 ], [ -58.547739834493605, -34.575968196452095 ], [ -58.54756802454412, -34.575821937851792 ], [ -58.547514334063187, -34.575776231710357 ], [ -58.54750359597405, -34.575767090479346 ], [ -58.546998909508872, -34.575337452523058 ], [ -58.546257996816493, -34.574706703425058 ], [ -58.545506356569419, -34.574066808635401 ] ] ] ] } },
{ "type": "Feature", "properties": { "NOMPROV": "BUENOS AIRES", "PROV": "06", "NOMDEPTO": "GENERAL SAN MARTIN", "DEPTO": "371", "FRAC": "35", "RADIO": "01", "TIPO": "U", "LINK": "063713501", "IDRADIO_9": "063713501", "hog_tot": 455, "hog_nbi": 10, "pob_tot": 1232, "pct_nbi": 2.197802197802198 }, "geometry": { "type": "MultiPolygon", "coordinates": [ [ [ [ -58.582466650406005, -34.547944841846366 ], [ -58.581000286519512, -34.549134880542439 ], [ -58.579968631136673, -34.549983076142581 ], [ -58.579186099385318, -34.550633991349784 ], [ -58.578841747463485, -34.550907365550806 ], [ -58.57878652234362, -34.550951790153505 ], [ -58.57793197399436, -34.551660749152497 ], [ -58.577295270728051, -34.552160253349456 ], [ -58.577143630422079, -34.552279649050696 ], [ -58.576802600496876, -34.552574273746515 ], [ -58.577634916155837, -34.55332694991796 ], [ -58.578548249946849, -34.554074596113011 ], [ -58.579428919084123, -34.554817037758809 ], [ -58.579837599481415, -34.554488294408095 ], [ -58.580113580665774, -34.554275181713486 ], [ -58.580581140600884, -34.553895322728692 ], [ -58.580732268268591, -34.553768607749575 ], [ -58.58140632563638, -34.553208592942489 ], [ -58.581494686079971, -34.553137512599157 ], [ -58.582056855220898, -34.552658166245138 ], [ -58.582652813733667, -34.552177009298461 ], [ -58.583179761573355, -34.551775520997666 ], [ -58.583788541264667, -34.551285760363761 ], [ -58.583735416600774, -34.551176682686169 ], [ -58.583516441283834, -34.550683711579687 ], [ -58.583147017178767, -34.549716118228631 ], [ -58.582916798521836, -34.549078419884523 ], [ -58.582466650406005, -34.547944841846366 ] ] ] ] } },
{ "type": "Feature", "properties": { "NOMPROV": "BUENOS AIRES", "PROV": "06", "NOMDEPTO": "GENERAL SAN MARTIN", "DEPTO": "371", "FRAC": "52", "RADIO": "09", "TIPO": "U", "LINK": "063715209", "IDRADIO_9": "063715209", "hog_tot": 335, "hog_nbi": 14, "pob_tot": 966, "pct_nbi": 4.1791044776119408 }, "geometry": { "type": "MultiPolygon", "coordinates": [ [ [ [ -58.571292297940168, -34.582520819864584 ], [ -58.57224281153389, -34.583251759089976 ], [ -58.573038256539697, -34.582621109523998 ], [ -58.573640826262825, -34.582174301870801 ], [ -58.574241961934895, -34.581717217960623 ], [ -58.574714376860996, -34.581340511220446 ], [ -58.573756418186875, -34.580547697866557 ], [ -58.57264241750832, -34.579541869502435 ], [ -58.571837296601018, -34.580200472682044 ], [ -58.571395615142308, -34.580537812989263 ], [ -58.570989855232042, -34.580854436654541 ], [ -58.570158485885258, -34.581505787751574 ], [ -58.571019359304266, -34.582305172438652 ], [ -58.571292297940168, -34.582520819864584 ] ] ] ] } },
{ "type": "Feature", "properties": { "NOMPROV": "BUENOS AIRES", "PROV": "06", "NOMDEPTO": "GENERAL SAN MARTIN", "DEPTO": "371", "FRAC": "46", "RADIO": "02", "TIPO": "U", "LINK": "063714602", "IDRADIO_9": "063714602", "hog_tot": 249, "hog_nbi": 4, "pob_tot": 696, "pct_nbi": 1.606425702811245 }, "geometry": { "type": "MultiPolygon", "coordinates": [ [ [ [ -58.584430216845348, -34.538311406954442 ], [ -58.583240635770878, -34.538678265123863 ], [ -58.582047868779412, -34.539045409843581 ], [ -58.581020956590606, -34.539367014202298 ], [ -58.581389566996265, -34.540205081757797 ], [ -58.581808213333957, -34.541081098555608 ], [ -58.582837723676761, -34.540750539677283 ], [ -58.583998521800595, -34.540385440582938 ], [ -58.58516920300076, -34.54002604131756 ], [ -58.586324397341812, -34.539655036623422 ], [ -58.586044332432643, -34.538987646980196 ], [ -58.585959779222826, -34.538786514223069 ], [ -58.585591523212088, -34.537951639349252 ], [ -58.584430216845348, -34.538311406954442 ] ] ] ] } },
{ "type": "Feature", "properties": { "NOMPROV": "BUENOS AIRES", "PROV": "06", "NOMDEPTO": "GENERAL SAN MARTIN", "DEPTO": "371", "FRAC": "35", "RADIO": "11", "TIPO": "U", "LINK": "063713511", "IDRADIO_9": "063713511", "hog_tot": 432, "hog_nbi": 37, "pob_tot": 1314, "pct_nbi": 8.5648148148148167 }, "geometry": { "type": "MultiPolygon", "coordinates": [ [ [ [ -58.582671248489802, -34.561113416325128 ], [ -58.58344188581632, -34.561774439978294 ], [ -58.583786728458094, -34.561499993934241 ], [ -58.584072382178121, -34.561267728475272 ], [ -58.58441163938312, -34.561002646619443 ], [ -58.584468532437285, -34.560957366422727 ], [ -58.584697737430346, -34.560774947419453 ], [ -58.585017897173117, -34.560520135885419 ], [ -58.585254455097029, -34.560331861133804 ], [ -58.586059639748022, -34.559691009180696 ], [ -58.586558961982817, -34.559219204505141 ], [ -58.586867933891789, -34.558989901771866 ], [ -58.586304270776864, -34.557530480201891 ], [ -58.585362644628944, -34.557844641476187 ], [ -58.584451014104523, -34.558096925731192 ], [ -58.584339831936077, -34.558148492416983 ], [ -58.584165717424476, -34.558291227114047 ], [ -58.583761936008969, -34.558622235476882 ], [ -58.583494151259259, -34.558841755374416 ], [ -58.583020168653739, -34.559223917434323 ], [ -58.582814109282054, -34.559390056889278 ], [ -58.583152060015941, -34.559731200283238 ], [ -58.583687230881658, -34.560271419380094 ], [ -58.582671248489802, -34.561113416325128 ] ] ] ] } },
{ "type": "Feature", "properties": { "NOMPROV": "BUENOS AIRES", "PROV": "06", "NOMDEPTO": "GENERAL SAN MARTIN", "DEPTO": "371", "FRAC": "14", "RADIO": "06", "TIPO": "U", "LINK": "063711406", "IDRADIO_9": "063711406", "hog_tot": 398, "hog_nbi": 50, "pob_tot": 1263, "pct_nbi": 12.562814070351758 }, "geometry": { "type": "MultiPolygon", "coordinates": [ [ [ [ -58.580833374499186, -34.523336202711967 ], [ -58.580937552502512, -34.523352319009419 ], [ -58.581947098689824, -34.522610784632008 ], [ -58.582613720961461, -34.522135380092834 ], [ -58.582503065579218, -34.521925025597199 ], [ -58.581872313239543, -34.521242864754413 ], [ -58.582591529581045, -34.520693754987327 ], [ -58.58213149298858, -34.520163529710516 ], [ -58.581793239823874, -34.519764704122416 ], [ -58.581586246680544, -34.52002926627955 ], [ -58.581449488905847, -34.520176939548932 ], [ -58.58028854899058, -34.521132457013685 ], [ -58.579590483187054, -34.521697924158595 ], [ -58.579773255243268, -34.521927653547174 ], [ -58.580290567905109, -34.522486025744605 ], [ -58.580101671199756, -34.522649087564062 ], [ -58.58061964163953, -34.52308486110276 ], [ -58.580833374499186, -34.523336202711967 ] ] ] ] } },
{ "type": "Feature", "properties": { "NOMPROV": "BUENOS AIRES", "PROV": "06", "NOMDEPTO": "GENERAL SAN MARTIN", "DEPTO": "371", "FRAC": "43", "RADIO": "03", "TIPO": "U", "LINK": "063714303", "IDRADIO_9": "063714303", "hog_tot": 327, "hog_nbi": 3, "pob_tot": 839, "pct_nbi": 0.91743119266055095 }, "geometry": { "type": "MultiPolygon", "coordinates": [ [ [ [ -58.532961022520325, -34.555656254744349 ], [ -58.532362100386678, -34.556152439153323 ], [ -58.5332911738248, -34.556889737960852 ], [ -58.534012110929751, -34.557488710528084 ], [ -58.534443422007286, -34.557847047707327 ], [ -58.534723931880052, -34.558080096451263 ], [ -58.534992664690755, -34.558306013299507 ], [ -58.535260860376361, -34.558526171651749 ], [ -58.535925017095842, -34.559087352485804 ], [ -58.536585004016629, -34.559626229226225 ], [ -58.537303757906734, -34.560223329522564 ], [ -58.53789006436368, -34.559716589271375 ], [ -58.537847124361569, -34.559680021176462 ], [ -58.53720302991124, -34.559131498942655 ], [ -58.536549652703343, -34.55858975735763 ], [ -58.536515532577859, -34.558573440470049 ], [ -58.535871139549606, -34.558042934626556 ], [ -58.535591651013789, -34.557812289290801 ], [ -58.535323522659283, -34.55758569417403 ], [ -58.535049857562555, -34.557359681899577 ], [ -58.534614740081537, -34.557000328592018 ], [ -58.53387583556249, -34.5564051934725 ], [ -58.533626405991008, -34.556204292144777 ], [ -58.532961022520325, -34.555656254744349 ] ] ] ] } },
{ "type": "Feature", "properties": { "NOMPROV": "BUENOS AIRES", "PROV": "06", "NOMDEPTO": "GENERAL SAN MARTIN", "DEPTO": "371", "FRAC": "43", "RADIO": "09", "TIPO": "U", "LINK": "063714309", "IDRADIO_9": "063714309", "hog_tot": 219, "hog_nbi": 3, "pob_tot": 546, "pct_nbi": 1.3698630136986301 }, "geometry": { "type": "MultiPolygon", "coordinates": [ [ [ [ -58.536519473565839, -34.564567405038353 ], [ -58.536220616577559, -34.564834223948317 ], [ -58.537160131810495, -34.565314185076666 ], [ -58.53624255428894, -34.566069323251568 ], [ -58.536109936457144, -34.566175893755968 ], [ -58.535137080366958, -34.566975427321474 ], [ -58.534484868409649, -34.567508401772535 ], [ -58.535224838483124, -34.568184275926512 ], [ -58.535964662506807, -34.568869158248184 ], [ -58.536179064545706, -34.569070024251147 ], [ -58.536669765384943, -34.568426944368611 ], [ -58.537483163560793, -34.567400152555955 ], [ -58.537561313145289, -34.567292928836252 ], [ -58.538353217268906, -34.566247846351381 ], [ -58.538626258050485, -34.565899593216884 ], [ -58.538297791471663, -34.565679337704324 ], [ -58.537672122813625, -34.565320320386974 ], [ -58.537403574880187, -34.565100780387638 ], [ -58.536961207642157, -34.564852117005671 ], [ -58.536519473565839, -34.564567405038353 ] ] ] ] } },
{ "type": "Feature", "properties": { "NOMPROV": "BUENOS AIRES", "PROV": "06", "NOMDEPTO": "GENERAL SAN MARTIN", "DEPTO": "371", "FRAC": "43", "RADIO": "01", "TIPO": "U", "LINK": "063714301", "IDRADIO_9": "063714301", "hog_tot": 135, "hog_nbi": 15, "pob_tot": 427, "pct_nbi": 11.111111111111111 }, "geometry": { "type": "MultiPolygon", "coordinates": [ [ [ [ -58.52894019294618, -34.55484825608017 ], [ -58.528720754340014, -34.555085603808095 ], [ -58.528268929865291, -34.555436769748361 ], [ -58.527960928475892, -34.55564928163917 ], [ -58.527408706159619, -34.556030293769737 ], [ -58.525302217759965, -34.557483060452839 ], [ -58.524243545561468, -34.558186770108406 ], [ -58.524656659018866, -34.558553996934116 ], [ -58.52491207889134, -34.558811779553182 ], [ -58.52524405282135, -34.559125198933479 ], [ -58.525868164955924, -34.55968363425734 ], [ -58.526119497125592, -34.559914951218417 ], [ -58.527848385917217, -34.558716871115706 ], [ -58.528440002584851, -34.558305803838785 ], [ -58.528754104890716, -34.558087555324853 ], [ -58.529059419318152, -34.557875411223868 ], [ -58.529699666165996, -34.557443570829697 ], [ -58.530730508301453, -34.55674826160093 ], [ -58.531858323990768, -34.555984369218237 ], [ -58.532649140036781, -34.555399368363105 ], [ -58.532466823826461, -34.555234934888752 ], [ -58.53209763281528, -34.554545476862266 ], [ -58.531886284062118, -34.554173384483057 ], [ -58.531304491540787, -34.553183924629465 ], [ -58.531293916480273, -34.553165770531137 ], [ -58.530608050124016, -34.553139489746528 ], [ -58.530432513049654, -34.553209483210608 ], [ -58.530376627479939, -34.553289931295993 ], [ -58.530209604142655, -34.55349522928811 ], [ -58.529968874336468, -34.553555423670012 ], [ -58.52993477186331, -34.553636133858973 ], [ -58.529782395771932, -34.553840712589846 ], [ -58.52894019294618, -34.55484825608017 ] ] ] ] } },
{ "type": "Feature", "properties": { "NOMPROV": "BUENOS AIRES", "PROV": "06", "NOMDEPTO": "GENERAL SAN MARTIN", "DEPTO": "371", "FRAC": "10", "RADIO": "05", "TIPO": "U", "LINK": "063711005", "IDRADIO_9": "063711005", "hog_tot": 395, "hog_nbi": 6, "pob_tot": 997, "pct_nbi": 1.518987341772152 }, "geometry": { "type": "MultiPolygon", "coordinates": [ [ [ [ -58.546087886843608, -34.553180627043623 ], [ -58.545436481037349, -34.553677619343077 ], [ -58.545015838987226, -34.554060183895537 ], [ -58.544322264568592, -34.554475546331254 ], [ -58.543551025881385, -34.554971099123669 ], [ -58.544269963498323, -34.555601601915292 ], [ -58.545192884446195, -34.556405786425216 ], [ -58.545974236580236, -34.555955411125595 ], [ -58.546689443384622, -34.555549310447859 ], [ -58.547826532196922, -34.55468853977743 ], [ -58.549130576516674, -34.553622433912295 ], [ -58.548250274485213, -34.552872865449409 ], [ -58.547358782053799, -34.552141185411791 ], [ -58.546806202026303, -34.552594293996322 ], [ -58.546087886843608, -34.553180627043623 ] ] ] ] } },
{ "type": "Feature", "properties": { "NOMPROV": "BUENOS AIRES", "PROV": "06", "NOMDEPTO": "GENERAL SAN MARTIN", "DEPTO": "371", "FRAC": "35", "RADIO": "04", "TIPO": "U", "LINK": "063713504", "IDRADIO_9": "063713504", "hog_tot": 311, "hog_nbi": 17, "pob_tot": 933, "pct_nbi": 5.4662379421221878 }, "geometry": { "type": "MultiPolygon", "coordinates": [ [ [ [ -58.580113580665774, -34.554275181713486 ], [ -58.579837599481415, -34.554488294408095 ], [ -58.579428919084123, -34.554817037758809 ], [ -58.579729459802785, -34.555081926334083 ], [ -58.580502223642618, -34.555766926434579 ], [ -58.581176146090371, -34.555215925232844 ], [ -58.581341673276334, -34.555091660028268 ], [ -58.581805879845312, -34.554700460790158 ], [ -58.58223530190152, -34.555075001668449 ], [ -58.582694168844881, -34.555473324355944 ], [ -58.583342188908134, -34.5549157971939 ], [ -58.584014796663404, -34.554404034691885 ], [ -58.584986126631939, -34.555230510068156 ], [ -58.585422099197658, -34.555134641456952 ], [ -58.585147615040569, -34.554434664008255 ], [ -58.585071191864309, -34.554202859363372 ], [ -58.584698892375897, -34.553213641107 ], [ -58.584345724547113, -34.552343602033829 ], [ -58.584116695715913, -34.551884357543869 ], [ -58.583997109369363, -34.551704532732614 ], [ -58.583788541264667, -34.551285760363761 ], [ -58.583179761573355, -34.551775520997666 ], [ -58.582652813733667, -34.552177009298461 ], [ -58.582056855220898, -34.552658166245138 ], [ -58.581494686079971, -34.553137512599157 ], [ -58.58140632563638, -34.553208592942489 ], [ -58.580732268268591, -34.553768607749575 ], [ -58.580581140600884, -34.553895322728692 ], [ -58.580113580665774, -34.554275181713486 ] ] ] ] } },
{ "type": "Feature", "properties": { "NOMPROV": "BUENOS AIRES", "PROV": "06", "NOMDEPTO": "GENERAL SAN MARTIN", "DEPTO": "371", "FRAC": "03", "RADIO": "04", "TIPO": "U", "LINK": "063710304", "IDRADIO_9": "063710304", "hog_tot": 481, "hog_nbi": 22, "pob_tot": 1407, "pct_nbi": 4.5738045738045763 }, "geometry": { "type": "MultiPolygon", "coordinates": [ [ [ [ -58.563407408701565, -34.527318700626907 ], [ -58.56351474620503, -34.527410098473382 ], [ -58.56362518010674, -34.527321262356963 ], [ -58.564276888915003, -34.526788117184189 ], [ -58.564995157183944, -34.526183641496644 ], [ -58.565050681753959, -34.526121199330163 ], [ -58.565095008597204, -34.526076652598164 ], [ -58.565791642533561, -34.525462905170222 ], [ -58.565544454732006, -34.525270717909422 ], [ -58.566381056244218, -34.524557062792667 ], [ -58.567095535221625, -34.523944931198102 ], [ -58.56642430766545, -34.523362398070134 ], [ -58.56565274191896, -34.52276623609729 ], [ -58.56499018577869, -34.523299262012571 ], [ -58.564913196064936, -34.523343424916511 ], [ -58.564050736770042, -34.524019192294027 ], [ -58.563262499609294, -34.524693368586696 ], [ -58.5625648692792, -34.525363216925356 ], [ -58.561741524445459, -34.526028188707663 ], [ -58.562536272272631, -34.526677505073437 ], [ -58.563407408701565, -34.527318700626907 ] ] ] ] } },
{ "type": "Feature", "properties": { "NOMPROV": "BUENOS AIRES", "PROV": "06", "NOMDEPTO": "GENERAL SAN MARTIN", "DEPTO": "371", "FRAC": "39", "RADIO": "08", "TIPO": "U", "LINK": "063713908", "IDRADIO_9": "063713908", "hog_tot": 263, "hog_nbi": 6, "pob_tot": 692, "pct_nbi": 2.2813688212927761 }, "geometry": { "type": "MultiPolygon", "coordinates": [ [ [ [ -58.564466321332034, -34.532883465986544 ], [ -58.565093663590581, -34.533413818806324 ], [ -58.565818489536497, -34.532826659466529 ], [ -58.566383926337231, -34.532389102778041 ], [ -58.565715539518315, -34.531828930007897 ], [ -58.566473867139806, -34.531209374146066 ], [ -58.565843353769111, -34.530632476865243 ], [ -58.564867668173385, -34.52980556933268 ], [ -58.564056183436755, -34.530425604340877 ], [ -58.56356816532378, -34.530812710264243 ], [ -58.563299870086048, -34.531015812712489 ], [ -58.562802635460812, -34.531457791208268 ], [ -58.563786022527644, -34.532326429089984 ], [ -58.564466321332034, -34.532883465986544 ] ] ] ] } },
{ "type": "Feature", "properties": { "NOMPROV": "BUENOS AIRES", "PROV": "06", "NOMDEPTO": "GENERAL SAN MARTIN", "DEPTO": "371", "FRAC": "05", "RADIO": "01", "TIPO": "U", "LINK": "063710501", "IDRADIO_9": "063710501", "hog_tot": 371, "hog_nbi": 36, "pob_tot": 903, "pct_nbi": 9.7035040431266868 }, "geometry": { "type": "MultiPolygon", "coordinates": [ [ [ [ -58.543560072350587, -34.539066353393885 ], [ -58.543559976100042, -34.539066438775087 ], [ -58.54260331286023, -34.539906713924353 ], [ -58.542613578609838, -34.53991535779511 ], [ -58.543281529638442, -34.540477793422511 ], [ -58.543945545547793, -34.541030025764975 ], [ -58.545196078766736, -34.539985820599853 ], [ -58.54649389220058, -34.538955281306222 ], [ -58.547792015326792, -34.537905056683847 ], [ -58.54714733503571, -34.537356611967617 ], [ -58.546307751548696, -34.536641319679575 ], [ -58.544653247549107, -34.538117153697279 ], [ -58.543561419355797, -34.539065186894717 ], [ -58.543560172941433, -34.539066268965883 ], [ -58.543560072350587, -34.539066353393885 ] ] ] ] } },
{ "type": "Feature", "properties": { "NOMPROV": "BUENOS AIRES", "PROV": "06", "NOMDEPTO": "GENERAL SAN MARTIN", "DEPTO": "371", "FRAC": "27", "RADIO": "08", "TIPO": "U", "LINK": "063712708", "IDRADIO_9": "063712708", "hog_tot": 237, "hog_nbi": 10, "pob_tot": 620, "pct_nbi": 4.2194092827004219 }, "geometry": { "type": "MultiPolygon", "coordinates": [ [ [ [ -58.544132591952156, -34.594022793346909 ], [ -58.544308624445996, -34.594183022955782 ], [ -58.545750816231767, -34.593961392749421 ], [ -58.545560166213967, -34.593802479945936 ], [ -58.545447615744706, -34.59369727771481 ], [ -58.546099970715993, -34.59316425027037 ], [ -58.546730052372673, -34.592657994082579 ], [ -58.545956928896423, -34.5919908064552 ], [ -58.545183504647447, -34.591341636332807 ], [ -58.544542370003946, -34.591856766185899 ], [ -58.543978450026366, -34.592318733623706 ], [ -58.543083048857312, -34.593038128076145 ], [ -58.543823151957135, -34.593722967233646 ], [ -58.544132591952156, -34.594022793346909 ] ] ] ] } },
{ "type": "Feature", "properties": { "NOMPROV": "BUENOS AIRES", "PROV": "06", "NOMDEPTO": "GENERAL SAN MARTIN", "DEPTO": "371", "FRAC": "32", "RADIO": "05", "TIPO": "U", "LINK": "063713205", "IDRADIO_9": "063713205", "hog_tot": 345, "hog_nbi": 19, "pob_tot": 988, "pct_nbi": 5.5072463768115938 }, "geometry": { "type": "MultiPolygon", "coordinates": [ [ [ [ -58.571964301251313, -34.570864033733365 ], [ -58.571168654165859, -34.571512702450853 ], [ -58.572285802171038, -34.572454161482938 ], [ -58.573402205536333, -34.573440669092754 ], [ -58.574508200867406, -34.574400005612361 ], [ -58.575325794354669, -34.573742557249517 ], [ -58.576154423273223, -34.573076219354114 ], [ -58.575037529854065, -34.572116771206076 ], [ -58.573931710357542, -34.571148428951204 ], [ -58.572836656730573, -34.570189215319708 ], [ -58.572660193389012, -34.570313340241164 ], [ -58.571964301251313, -34.570864033733365 ] ] ] ] } },
{ "type": "Feature", "properties": { "NOMPROV": "BUENOS AIRES", "PROV": "06", "NOMDEPTO": "GENERAL SAN MARTIN", "DEPTO": "371", "FRAC": "51", "RADIO": "08", "TIPO": "U", "LINK": "063715108", "IDRADIO_9": "063715108", "hog_tot": 417, "hog_nbi": 10, "pob_tot": 1148, "pct_nbi": 2.398081534772182 }, "geometry": { "type": "MultiPolygon", "coordinates": [ [ [ [ -58.547196670607761, -34.584279777897379 ], [ -58.54613048837151, -34.585147802075006 ], [ -58.545598419574262, -34.585566070416853 ], [ -58.545062758789996, -34.586010154776588 ], [ -58.544504795836552, -34.586495936163622 ], [ -58.544047420977833, -34.586847544647455 ], [ -58.543668460719921, -34.58717474700088 ], [ -58.544499852779609, -34.587737541285492 ], [ -58.545464533861129, -34.588324956356736 ], [ -58.546216281488853, -34.587739578768769 ], [ -58.546802577953308, -34.587241812951781 ], [ -58.54773072852624, -34.586513765674177 ], [ -58.54881360411084, -34.58566136350494 ], [ -58.548738427885446, -34.585597375521353 ], [ -58.54796503767777, -34.584948224208631 ], [ -58.547196670607761, -34.584279777897379 ] ] ] ] } },
{ "type": "Feature", "properties": { "NOMPROV": "BUENOS AIRES", "PROV": "06", "NOMDEPTO": "GENERAL SAN MARTIN", "DEPTO": "371", "FRAC": "24", "RADIO": "07", "TIPO": "U", "LINK": "063712407", "IDRADIO_9": "063712407", "hog_tot": 226, "hog_nbi": 3, "pob_tot": 587, "pct_nbi": 1.3274336283185839 }, "geometry": { "type": "MultiPolygon", "coordinates": [ [ [ [ -58.519074675241875, -34.583153681985131 ], [ -58.520509706997778, -34.584044963442373 ], [ -58.521832866462979, -34.584841759550137 ], [ -58.523159189239209, -34.585641982379144 ], [ -58.523837553126974, -34.584875041412225 ], [ -58.524471683828203, -34.584143615959661 ], [ -58.525149227063132, -34.58342172508047 ], [ -58.524243068075847, -34.582897007459437 ], [ -58.523791386021557, -34.582628833667037 ], [ -58.522474525220026, -34.581839069021527 ], [ -58.522312847061585, -34.58173796407921 ], [ -58.521269314548377, -34.582203030934963 ], [ -58.520214555496096, -34.582685979278047 ], [ -58.519074675241875, -34.583153681985131 ] ] ] ] } },
{ "type": "Feature", "properties": { "NOMPROV": "BUENOS AIRES", "PROV": "06", "NOMDEPTO": "GENERAL SAN MARTIN", "DEPTO": "371", "FRAC": "25", "RADIO": "03", "TIPO": "U", "LINK": "063712503", "IDRADIO_9": "063712503", "hog_tot": 230, "hog_nbi": 9, "pob_tot": 636, "pct_nbi": 3.9130434782608701 }, "geometry": { "type": "MultiPolygon", "coordinates": [ [ [ [ -58.520701697054967, -34.593638140963961 ], [ -58.521345862845578, -34.594984386898368 ], [ -58.521933921270417, -34.594428464101668 ], [ -58.522646582249365, -34.593666673106036 ], [ -58.523918724904561, -34.594457218239917 ], [ -58.524574725068142, -34.593726058878772 ], [ -58.525241610624946, -34.592995027328648 ], [ -58.52395842041269, -34.592213374767212 ], [ -58.522686152335687, -34.591431842079096 ], [ -58.521424963596552, -34.590641416338322 ], [ -58.520507691996762, -34.590085694196887 ], [ -58.519243855601509, -34.589239123107063 ], [ -58.518710995094402, -34.589426172969816 ], [ -58.519435431194694, -34.590970566315271 ], [ -58.51990446695946, -34.591972958326821 ], [ -58.520701697054967, -34.593638140963961 ] ] ] ] } },
{ "type": "Feature", "properties": { "NOMPROV": "BUENOS AIRES", "PROV": "06", "NOMDEPTO": "GENERAL SAN MARTIN", "DEPTO": "371", "FRAC": "25", "RADIO": "08", "TIPO": "U", "LINK": "063712508", "IDRADIO_9": "063712508", "hog_tot": 356, "hog_nbi": 13, "pob_tot": 952, "pct_nbi": 3.6516853932584268 }, "geometry": { "type": "MultiPolygon", "coordinates": [ [ [ [ -58.534120465508899, -34.595470351834066 ], [ -58.534413207656129, -34.595671015709208 ], [ -58.536324343777167, -34.59538163769006 ], [ -58.53844291649483, -34.59507409116592 ], [ -58.538527678803064, -34.595059700870401 ], [ -58.538280436732357, -34.594906873402195 ], [ -58.537869506700225, -34.594645517739117 ], [ -58.537279659776004, -34.594265002263413 ], [ -58.53701091182544, -34.594094852995141 ], [ -58.536112450550704, -34.59353642387331 ], [ -58.535242604342869, -34.592975765672527 ], [ -58.534371930583319, -34.592436762308829 ], [ -58.533884837072286, -34.592991035917422 ], [ -58.533419984816781, -34.593494589714489 ], [ -58.532956226950752, -34.594014241862638 ], [ -58.533857284199676, -34.594559030256612 ], [ -58.533981825908938, -34.595249351750546 ], [ -58.534120465508899, -34.595470351834066 ] ] ] ] } },
{ "type": "Feature", "properties": { "NOMPROV": "BUENOS AIRES", "PROV": "06", "NOMDEPTO": "GENERAL SAN MARTIN", "DEPTO": "371", "FRAC": "53", "RADIO": "06", "TIPO": "U", "LINK": "063715306", "IDRADIO_9": "063715306", "hog_tot": 364, "hog_nbi": 13, "pob_tot": 1036, "pct_nbi": 3.5714285714285712 }, "geometry": { "type": "MultiPolygon", "coordinates": [ [ [ [ -58.592213755151555, -34.562239039746515 ], [ -58.59219592108844, -34.562618303563291 ], [ -58.593461245507015, -34.562616687445015 ], [ -58.594522692021599, -34.562625673997154 ], [ -58.594746099944196, -34.562618523406591 ], [ -58.595964101200849, -34.562635781336155 ], [ -58.59723328895322, -34.562637411791968 ], [ -58.598385843689364, -34.562646856535508 ], [ -58.598837491163572, -34.562279202456267 ], [ -58.598914953757458, -34.562207984426443 ], [ -58.600182257540112, -34.5612020404417 ], [ -58.599275150727046, -34.560449754989008 ], [ -58.598732495338801, -34.559988187049811 ], [ -58.598197939827131, -34.559486687936285 ], [ -58.597564029381864, -34.558956624122821 ], [ -58.59596349250441, -34.56022198266259 ], [ -58.594744813565136, -34.560218800082914 ], [ -58.593513032989584, -34.560215454364574 ], [ -58.592219155787461, -34.560203249863157 ], [ -58.592194795270096, -34.561260004676924 ], [ -58.592213755151555, -34.562239039746515 ] ] ] ] } },
{ "type": "Feature", "properties": { "NOMPROV": "BUENOS AIRES", "PROV": "06", "NOMDEPTO": "GENERAL SAN MARTIN", "DEPTO": "371", "FRAC": "32", "RADIO": "02", "TIPO": "U", "LINK": "063713202", "IDRADIO_9": "063713202", "hog_tot": 315, "hog_nbi": 9, "pob_tot": 855, "pct_nbi": 2.8571428571428572 }, "geometry": { "type": "MultiPolygon", "coordinates": [ [ [ [ -58.574438473883156, -34.56890999963246 ], [ -58.575555471273383, -34.569860440833494 ], [ -58.576394952925519, -34.569194226143651 ], [ -58.577500930233491, -34.570153534756358 ], [ -58.578329045439851, -34.569514215473447 ], [ -58.579157760170681, -34.568838843403888 ], [ -58.578051780171947, -34.567879548666646 ], [ -58.576933895625288, -34.566907319668488 ], [ -58.576095017894282, -34.56761337264998 ], [ -58.57527779951937, -34.568252804177902 ], [ -58.574438473883156, -34.56890999963246 ] ] ] ] } },
{ "type": "Feature", "properties": { "NOMPROV": "BUENOS AIRES", "PROV": "06", "NOMDEPTO": "GENERAL SAN MARTIN", "DEPTO": "371", "FRAC": "08", "RADIO": "01", "TIPO": "U", "LINK": "063710801", "IDRADIO_9": "063710801", "hog_tot": 420, "hog_nbi": 12, "pob_tot": 1219, "pct_nbi": 2.8571428571428572 }, "geometry": { "type": "MultiPolygon", "coordinates": [ [ [ [ -58.523020968270224, -34.55897244341616 ], [ -58.52227468146134, -34.559880062157504 ], [ -58.522163523026265, -34.560004904107963 ], [ -58.521396140087283, -34.560887936271619 ], [ -58.522226274885604, -34.561384712720006 ], [ -58.5228814724885, -34.56178017592368 ], [ -58.523634859212478, -34.562217810047841 ], [ -58.524388099490963, -34.562664181733673 ], [ -58.525083922272152, -34.563059715231987 ], [ -58.525935792647054, -34.562054056817118 ], [ -58.527062226295698, -34.560769655996275 ], [ -58.526833257311104, -34.560563136351064 ], [ -58.526119497125592, -34.559914951218417 ], [ -58.525868164955924, -34.55968363425734 ], [ -58.52524405282135, -34.559125198933479 ], [ -58.52491207889134, -34.558811779553182 ], [ -58.524656659018866, -34.558553996934116 ], [ -58.524243545561468, -34.558186770108406 ], [ -58.523924895550962, -34.557894262571843 ], [ -58.523020968270224, -34.55897244341616 ] ] ] ] } },
{ "type": "Feature", "properties": { "NOMPROV": "BUENOS AIRES", "PROV": "06", "NOMDEPTO": "GENERAL SAN MARTIN", "DEPTO": "371", "FRAC": "09", "RADIO": "07", "TIPO": "U", "LINK": "063710907", "IDRADIO_9": "063710907", "hog_tot": 284, "hog_nbi": 5, "pob_tot": 692, "pct_nbi": 1.76056338028169 }, "geometry": { "type": "MultiPolygon", "coordinates": [ [ [ [ -58.52958916255362, -34.567701891503731 ], [ -58.528538542991868, -34.568581554928599 ], [ -58.529064721127249, -34.56902054034223 ], [ -58.529311629532629, -34.569230824277128 ], [ -58.530362250711107, -34.568351154300167 ], [ -58.531124772898558, -34.568982258307024 ], [ -58.531886674031938, -34.569649402910478 ], [ -58.532937114942776, -34.568778721761177 ], [ -58.532175055566654, -34.568120595134687 ], [ -58.531423900813543, -34.567462594152524 ], [ -58.530650496133092, -34.566831361011431 ], [ -58.52958916255362, -34.567701891503731 ] ] ] ] } },
{ "type": "Feature", "properties": { "NOMPROV": "BUENOS AIRES", "PROV": "06", "NOMDEPTO": "GENERAL SAN MARTIN", "DEPTO": "371", "FRAC": "09", "RADIO": "04", "TIPO": "U", "LINK": "063710904", "IDRADIO_9": "063710904", "hog_tot": 182, "hog_nbi": 11, "pob_tot": 500, "pct_nbi": 6.0439560439560438 }, "geometry": { "type": "MultiPolygon", "coordinates": [ [ [ [ -58.529394234328898, -34.565778595726272 ], [ -58.529920358927399, -34.566218671944966 ], [ -58.53093809495936, -34.565347613326011 ], [ -58.531524951333068, -34.564813871436726 ], [ -58.530814508704594, -34.564162154079817 ], [ -58.530541206746292, -34.563929386015957 ], [ -58.530124258266085, -34.563554240385173 ], [ -58.529563730083453, -34.564195374898681 ], [ -58.528707013072946, -34.565203564507108 ], [ -58.529394234328898, -34.565778595726272 ] ] ] ] } },
{ "type": "Feature", "properties": { "NOMPROV": "BUENOS AIRES", "PROV": "06", "NOMDEPTO": "GENERAL SAN MARTIN", "DEPTO": "371", "FRAC": "05", "RADIO": "10", "TIPO": "U", "LINK": "063710510", "IDRADIO_9": "063710510", "hog_tot": 440, "hog_nbi": 17, "pob_tot": 1256, "pct_nbi": 3.8636363636363629 }, "geometry": { "type": "MultiPolygon", "coordinates": [ [ [ [ -58.542735641146983, -34.544253405183518 ], [ -58.541619799281101, -34.545150438618791 ], [ -58.540283283830242, -34.546207065273229 ], [ -58.539951832282277, -34.54647350448402 ], [ -58.540539979212426, -34.547102464470044 ], [ -58.540623583539315, -34.547176647752011 ], [ -58.541150371824671, -34.547729231346722 ], [ -58.541728592947528, -34.548375100732542 ], [ -58.542356005909902, -34.547908330013726 ], [ -58.543626864590941, -34.546868925531967 ], [ -58.544731975151073, -34.545962732614363 ], [ -58.544077359618271, -34.545396093992998 ], [ -58.543422909982233, -34.544820440446024 ], [ -58.542735641146983, -34.544253405183518 ] ] ] ] } },
{ "type": "Feature", "properties": { "NOMPROV": "BUENOS AIRES", "PROV": "06", "NOMDEPTO": "GENERAL SAN MARTIN", "DEPTO": "371", "FRAC": "52", "RADIO": "03", "TIPO": "U", "LINK": "063715203", "IDRADIO_9": "063715203", "hog_tot": 503, "hog_nbi": 19, "pob_tot": 1364, "pct_nbi": 3.7773359840954268 }, "geometry": { "type": "MultiPolygon", "coordinates": [ [ [ [ -58.566252725748924, -34.575411948426762 ], [ -58.56545471837898, -34.57605572653997 ], [ -58.564628172452082, -34.576731346055681 ], [ -58.565432680788177, -34.577475400228742 ], [ -58.565690604011863, -34.577685741270678 ], [ -58.565980284395927, -34.577950534747721 ], [ -58.566538789528131, -34.578425794910579 ], [ -58.566807458006089, -34.578645273302314 ], [ -58.567135303331845, -34.578929857870001 ], [ -58.567956870530963, -34.579614190830597 ], [ -58.568774412093852, -34.578965801094412 ], [ -58.569625243365003, -34.578281742939616 ], [ -58.570464549359336, -34.577633597404137 ], [ -58.570453808451852, -34.577624458127282 ], [ -58.569314978886062, -34.576673714793898 ], [ -58.568186916774224, -34.575732099909267 ], [ -58.567081132617837, -34.574763696906288 ], [ -58.566252725748924, -34.575411948426762 ] ] ] ] } },
{ "type": "Feature", "properties": { "NOMPROV": "BUENOS AIRES", "PROV": "06", "NOMDEPTO": "GENERAL SAN MARTIN", "DEPTO": "371", "FRAC": "32", "RADIO": "09", "TIPO": "U", "LINK": "063713209", "IDRADIO_9": "063713209", "hog_tot": 275, "hog_nbi": 22, "pob_tot": 850, "pct_nbi": 8.0 }, "geometry": { "type": "MultiPolygon", "coordinates": [ [ [ [ -58.580829754834966, -34.573040542594207 ], [ -58.58194657566029, -34.574008951219234 ], [ -58.582945635990924, -34.574852909781676 ], [ -58.583564243564958, -34.574361818952582 ], [ -58.583786710011942, -34.574185208327883 ], [ -58.584165556786324, -34.573886031007184 ], [ -58.584609441138468, -34.573535489018418 ], [ -58.583915081703708, -34.572950192831733 ], [ -58.58359267469563, -34.572685061418944 ], [ -58.582486746983228, -34.571716794173362 ], [ -58.581658180944437, -34.572383176791512 ], [ -58.580829754834966, -34.573040542594207 ] ] ] ] } },
{ "type": "Feature", "properties": { "NOMPROV": "BUENOS AIRES", "PROV": "06", "NOMDEPTO": "GENERAL SAN MARTIN", "DEPTO": "371", "FRAC": "53", "RADIO": "03", "TIPO": "U", "LINK": "063715303", "IDRADIO_9": "063715303", "hog_tot": 384, "hog_nbi": 14, "pob_tot": 1085, "pct_nbi": 3.645833333333333 }, "geometry": { "type": "MultiPolygon", "coordinates": [ [ [ [ -58.587706452886948, -34.561260745469788 ], [ -58.587967815651233, -34.562045778836023 ], [ -58.58808483779795, -34.562040741063811 ], [ -58.588266583937568, -34.562056532067892 ], [ -58.588435463592489, -34.56209625537911 ], [ -58.588532437177413, -34.562160471307728 ], [ -58.588596729951782, -34.56222430926821 ], [ -58.588612765368048, -34.562242521691672 ], [ -58.588671612704843, -34.562306296647002 ], [ -58.58871634421817, -34.562399789022244 ], [ -58.588722577508612, -34.562514195554066 ], [ -58.589876660055999, -34.56256358792433 ], [ -58.590050953514293, -34.562565601380911 ], [ -58.590946481425505, -34.562607127611095 ], [ -58.59219592108844, -34.562618303563291 ], [ -58.592213755151555, -34.562239039746515 ], [ -58.592194795270096, -34.561260004676924 ], [ -58.592219155787461, -34.560203249863157 ], [ -58.592255985542515, -34.559490094883714 ], [ -58.591862849711468, -34.558494394104123 ], [ -58.591498976885518, -34.557627082848683 ], [ -58.590121845601722, -34.556428234397451 ], [ -58.589271861582404, -34.557085412161989 ], [ -58.588102017348142, -34.55797323565637 ], [ -58.587373651216538, -34.55852364513926 ], [ -58.586867933891789, -34.558989901771866 ], [ -58.587162866876469, -34.559718350330762 ], [ -58.587564073112063, -34.560826037098828 ], [ -58.587564146659211, -34.560826262386087 ], [ -58.587706452886948, -34.561260745469788 ] ] ] ] } },
{ "type": "Feature", "properties": { "NOMPROV": "BUENOS AIRES", "PROV": "06", "NOMDEPTO": "GENERAL SAN MARTIN", "DEPTO": "371", "FRAC": "51", "RADIO": "01", "TIPO": "U", "LINK": "063715101", "IDRADIO_9": "063715101", "hog_tot": 276, "hog_nbi": 4, "pob_tot": 577, "pct_nbi": 1.449275362318841 }, "geometry": { "type": "MultiPolygon", "coordinates": [ [ [ [ -58.539438489820789, -34.57770785711071 ], [ -58.538377261423548, -34.578569449855898 ], [ -58.537348854886908, -34.579422412963034 ], [ -58.538111213925184, -34.580071499129524 ], [ -58.539139463456067, -34.579227541209299 ], [ -58.539901993832359, -34.579867604103683 ], [ -58.54097411923258, -34.579006128559421 ], [ -58.540200851514385, -34.578356930424356 ], [ -58.539438489820789, -34.57770785711071 ] ] ] ] } },
{ "type": "Feature", "properties": { "NOMPROV": "BUENOS AIRES", "PROV": "06", "NOMDEPTO": "GENERAL SAN MARTIN", "DEPTO": "371", "FRAC": "10", "RADIO": "04", "TIPO": "U", "LINK": "063711004", "IDRADIO_9": "063711004", "hog_tot": 250, "hog_nbi": 3, "pob_tot": 667, "pct_nbi": 1.2 }, "geometry": { "type": "MultiPolygon", "coordinates": [ [ [ [ -58.542115954575259, -34.557297458439386 ], [ -58.543060500226211, -34.558110931465102 ], [ -58.544099158067191, -34.557276062292644 ], [ -58.545192884446195, -34.556405786425216 ], [ -58.544269963498323, -34.555601601915292 ], [ -58.543551025881385, -34.554971099123669 ], [ -58.542475471080301, -34.555827118992134 ], [ -58.541407753479142, -34.556676085775642 ], [ -58.542115954575259, -34.557297458439386 ] ] ] ] } },
{ "type": "Feature", "properties": { "NOMPROV": "BUENOS AIRES", "PROV": "06", "NOMDEPTO": "GENERAL SAN MARTIN", "DEPTO": "371", "FRAC": "10", "RADIO": "01", "TIPO": "U", "LINK": "063711001", "IDRADIO_9": "063711001", "hog_tot": 338, "hog_nbi": 3, "pob_tot": 894, "pct_nbi": 0.88757396449704096 }, "geometry": { "type": "MultiPolygon", "coordinates": [ [ [ [ -58.541769472447854, -34.552315872572969 ], [ -58.542650865736775, -34.553050252891438 ], [ -58.543528034479749, -34.55379006485061 ], [ -58.544322264568592, -34.554475546331254 ], [ -58.545015838987226, -34.554060183895537 ], [ -58.545436481037349, -34.553677619343077 ], [ -58.546087886843608, -34.553180627043623 ], [ -58.545307681935455, -34.552315055850549 ], [ -58.544581795569655, -34.551459140837004 ], [ -58.543844874256592, -34.550612102515935 ], [ -58.542838414989959, -34.55147462599114 ], [ -58.542384961240629, -34.551839131673141 ], [ -58.541769472447854, -34.552315872572969 ] ] ] ] } },
{ "type": "Feature", "properties": { "NOMPROV": "BUENOS AIRES", "PROV": "06", "NOMDEPTO": "GENERAL SAN MARTIN", "DEPTO": "371", "FRAC": "44", "RADIO": "05", "TIPO": "U", "LINK": "063714405", "IDRADIO_9": "063714405", "hog_tot": 406, "hog_nbi": 9, "pob_tot": 1031, "pct_nbi": 2.216748768472907 }, "geometry": { "type": "MultiPolygon", "coordinates": [ [ [ [ -58.563818292327419, -34.534461524273318 ], [ -58.563592099815097, -34.534650740363595 ], [ -58.56289593797343, -34.53520341763052 ], [ -58.562534097299455, -34.535501731685905 ], [ -58.561232295432276, -34.536526958823515 ], [ -58.562139697122177, -34.537291688363268 ], [ -58.563048778994087, -34.538049546547391 ], [ -58.56389655081675, -34.538789612613314 ], [ -58.564787899581603, -34.539530186052893 ], [ -58.566069091072762, -34.538499675148536 ], [ -58.567350560895846, -34.5374511273683 ], [ -58.566480836558725, -34.536719839795893 ], [ -58.565572432077914, -34.535965405646024 ], [ -58.5646893941759, -34.535213602053219 ], [ -58.563818292327419, -34.534461524273318 ] ] ] ] } },
{ "type": "Feature", "properties": { "NOMPROV": "BUENOS AIRES", "PROV": "06", "NOMDEPTO": "GENERAL SAN MARTIN", "DEPTO": "371", "FRAC": "49", "RADIO": "01", "TIPO": "U", "LINK": "063714901", "IDRADIO_9": "063714901", "hog_tot": 232, "hog_nbi": 5, "pob_tot": 546, "pct_nbi": 2.1551724137931041 }, "geometry": { "type": "MultiPolygon", "coordinates": [ [ [ [ -58.549840419095624, -34.567331284229525 ], [ -58.550365766471671, -34.567824249987943 ], [ -58.551362149178381, -34.567056793599512 ], [ -58.551071347534752, -34.566424123183715 ], [ -58.550883212243839, -34.56570475303721 ], [ -58.550589233504681, -34.565019919885231 ], [ -58.549933026811601, -34.565572904968299 ], [ -58.548878041094483, -34.566359450293 ], [ -58.549349038374977, -34.566852433021253 ], [ -58.549840419095624, -34.567331284229525 ] ] ] ] } },
{ "type": "Feature", "properties": { "NOMPROV": "BUENOS AIRES", "PROV": "06", "NOMDEPTO": "GENERAL SAN MARTIN", "DEPTO": "371", "FRAC": "36", "RADIO": "11", "TIPO": "U", "LINK": "063713611", "IDRADIO_9": "063713611", "hog_tot": 176, "hog_nbi": 10, "pob_tot": 575, "pct_nbi": 5.6818181818181817 }, "geometry": { "type": "MultiPolygon", "coordinates": [ [ [ [ -58.585422099197658, -34.555134641456952 ], [ -58.585583986166547, -34.555591188351592 ], [ -58.585857562873095, -34.555405450178647 ], [ -58.586939267901151, -34.554516644587224 ], [ -58.587469938567118, -34.554117162088431 ], [ -58.587931053132358, -34.553742409709564 ], [ -58.58832355268526, -34.55345799678939 ], [ -58.589221926303821, -34.552755912735577 ], [ -58.589830079693996, -34.552277878866782 ], [ -58.590546119157501, -34.551722694232623 ], [ -58.589970321346478, -34.551219551467774 ], [ -58.589379403186612, -34.550677035133191 ], [ -58.5880492752555, -34.551680375642228 ], [ -58.586693224645117, -34.552667710245032 ], [ -58.585732891752777, -34.553432299107143 ], [ -58.585582796137103, -34.553476894044195 ], [ -58.585071191864309, -34.554202859363372 ], [ -58.585147615040569, -34.554434664008255 ], [ -58.585422099197658, -34.555134641456952 ] ] ] ] } },
{ "type": "Feature", "properties": { "NOMPROV": "BUENOS AIRES", "PROV": "06", "NOMDEPTO": "GENERAL SAN MARTIN", "DEPTO": "371", "FRAC": "27", "RADIO": "05", "TIPO": "U", "LINK": "063712705", "IDRADIO_9": "063712705", "hog_tot": 332, "hog_nbi": 7, "pob_tot": 874, "pct_nbi": 2.1084337349397591 }, "geometry": { "type": "MultiPolygon", "coordinates": [ [ [ [ -58.545464533861129, -34.588324956356736 ], [ -58.544791161444778, -34.588840249989545 ], [ -58.545674782903674, -34.589418628806015 ], [ -58.545836190986513, -34.589537726817746 ], [ -58.546547521078409, -34.589996871685891 ], [ -58.546709087390639, -34.590106957044114 ], [ -58.547323454239503, -34.590501848675096 ], [ -58.548008618791307, -34.589960188386833 ], [ -58.548572343976545, -34.589507212725948 ], [ -58.549224175856338, -34.589001201529591 ], [ -58.548459924615209, -34.588451308482604 ], [ -58.547620191441801, -34.587855445243434 ], [ -58.546802577953308, -34.587241812951781 ], [ -58.546216281488853, -34.587739578768769 ], [ -58.545464533861129, -34.588324956356736 ] ] ] ] } },
{ "type": "Feature", "properties": { "NOMPROV": "BUENOS AIRES", "PROV": "06", "NOMDEPTO": "GENERAL SAN MARTIN", "DEPTO": "371", "FRAC": "05", "RADIO": "03", "TIPO": "U", "LINK": "063710503", "IDRADIO_9": "063710503", "hog_tot": 196, "hog_nbi": 3, "pob_tot": 496, "pct_nbi": 1.5306122448979591 }, "geometry": { "type": "MultiPolygon", "coordinates": [ [ [ [ -58.553080872949387, -34.538139136709844 ], [ -58.551799530941977, -34.539169506564129 ], [ -58.551134028666546, -34.538602776153539 ], [ -58.550447223109074, -34.538008748826613 ], [ -58.549154648854028, -34.539056985025617 ], [ -58.549852499770452, -34.539642137236278 ], [ -58.550528891356933, -34.540209003817154 ], [ -58.551183668755876, -34.540766595857519 ], [ -58.552465043322854, -34.539736233535145 ], [ -58.553768166462582, -34.538706113887073 ], [ -58.553080872949387, -34.538139136709844 ] ] ] ] } },
{ "type": "Feature", "properties": { "NOMPROV": "BUENOS AIRES", "PROV": "06", "NOMDEPTO": "GENERAL SAN MARTIN", "DEPTO": "371", "FRAC": "25", "RADIO": "04", "TIPO": "U", "LINK": "063712504", "IDRADIO_9": "063712504", "hog_tot": 346, "hog_nbi": 9, "pob_tot": 962, "pct_nbi": 2.601156069364162 }, "geometry": { "type": "MultiPolygon", "coordinates": [ [ [ [ -58.524574725068142, -34.593726058878772 ], [ -58.523918724904561, -34.594457218239917 ], [ -58.522646582249365, -34.593666673106036 ], [ -58.521933921270417, -34.594428464101668 ], [ -58.521345862845578, -34.594984386898368 ], [ -58.521669211653339, -34.595675623657215 ], [ -58.521823843740286, -34.596076502474041 ], [ -58.521983468772603, -34.596503868747341 ], [ -58.522024619802771, -34.596618982950652 ], [ -58.522288142751769, -34.597356138311497 ], [ -58.522980476485465, -34.597345443558979 ], [ -58.523378493594642, -34.597303330809751 ], [ -58.523984527308997, -34.597239206448542 ], [ -58.524448869600036, -34.597169094010056 ], [ -58.527798924278201, -34.59665812599556 ], [ -58.527997278741196, -34.596628368705353 ], [ -58.527973145688662, -34.596435065269723 ], [ -58.527841577285812, -34.595694225621507 ], [ -58.528206807756405, -34.594815476926989 ], [ -58.527797165593213, -34.594558161094987 ], [ -58.526516757478767, -34.593770488153652 ], [ -58.525241610624946, -34.592995027328648 ], [ -58.524574725068142, -34.593726058878772 ] ] ] ] } },
{ "type": "Feature", "properties": { "NOMPROV": "BUENOS AIRES", "PROV": "06", "NOMDEPTO": "GENERAL SAN MARTIN", "DEPTO": "371", "FRAC": "38", "RADIO": "06", "TIPO": "U", "LINK": "063713806", "IDRADIO_9": "063713806", "hog_tot": 411, "hog_nbi": 11, "pob_tot": 1189, "pct_nbi": 2.6763990267639901 }, "geometry": { "type": "MultiPolygon", "coordinates": [ [ [ [ -58.5694999859832, -34.516692669028039 ], [ -58.568682451508707, -34.517411804489868 ], [ -58.569077464191913, -34.518383460284745 ], [ -58.569181739823634, -34.518654074902301 ], [ -58.569520707405495, -34.519489729887965 ], [ -58.569569594131544, -34.519602972562978 ], [ -58.570034221933348, -34.52072042144669 ], [ -58.570297849989103, -34.521352256876014 ], [ -58.570576405113655, -34.522041873730117 ], [ -58.571669319447473, -34.521187280617418 ], [ -58.572243176877258, -34.520743315017199 ], [ -58.572352023082232, -34.520621308439104 ], [ -58.573076513733049, -34.520019844780734 ], [ -58.573909792140022, -34.519353960819849 ], [ -58.574620008808971, -34.518848781137706 ], [ -58.574773911784824, -34.518979811624526 ], [ -58.575475828941457, -34.518417112794062 ], [ -58.574762089374524, -34.517806903568861 ], [ -58.574035144515676, -34.517185389921451 ], [ -58.573259746435731, -34.516587599312182 ], [ -58.572565521118797, -34.517168715315108 ], [ -58.571636855641195, -34.51639406391913 ], [ -58.570779626291213, -34.515606446337642 ], [ -58.570549658443042, -34.515802134037564 ], [ -58.5694999859832, -34.516692669028039 ] ] ] ] } },
{ "type": "Feature", "properties": { "NOMPROV": "BUENOS AIRES", "PROV": "06", "NOMDEPTO": "GENERAL SAN MARTIN", "DEPTO": "371", "FRAC": "10", "RADIO": "02", "TIPO": "U", "LINK": "063711002", "IDRADIO_9": "063711002", "hog_tot": 428, "hog_nbi": 18, "pob_tot": 1135, "pct_nbi": 4.2056074766355138 }, "geometry": { "type": "MultiPolygon", "coordinates": [ [ [ [ -58.540008991753147, -34.553802107943405 ], [ -58.539112093190795, -34.554629625931781 ], [ -58.539056845072643, -34.5546740319378 ], [ -58.539572260648313, -34.555103830276636 ], [ -58.539797688216126, -34.555295808453806 ], [ -58.540001646280338, -34.555469503456166 ], [ -58.540366469434154, -34.555789335951538 ], [ -58.540699406614003, -34.556063719879766 ], [ -58.540828224099876, -34.556173421114188 ], [ -58.541343343382124, -34.556621235458891 ], [ -58.541407753479142, -34.556676085775642 ], [ -58.542475471080301, -34.555827118992134 ], [ -58.543551025881385, -34.554971099123669 ], [ -58.544322264568592, -34.554475546331254 ], [ -58.543528034479749, -34.55379006485061 ], [ -58.542650865736775, -34.553050252891438 ], [ -58.541769472447854, -34.552315872572969 ], [ -58.540755893621487, -34.553146354788673 ], [ -58.540008991753147, -34.553802107943405 ] ] ] ] } },
{ "type": "Feature", "properties": { "NOMPROV": "BUENOS AIRES", "PROV": "06", "NOMDEPTO": "GENERAL SAN MARTIN", "DEPTO": "371", "FRAC": "25", "RADIO": "07", "TIPO": "U", "LINK": "063712507", "IDRADIO_9": "063712507", "hog_tot": 358, "hog_nbi": 2, "pob_tot": 866, "pct_nbi": 0.55865921787709505 }, "geometry": { "type": "MultiPolygon", "coordinates": [ [ [ [ -58.52961835253717, -34.592029343663434 ], [ -58.529313971088065, -34.592602529294773 ], [ -58.529541620859071, -34.592587085980071 ], [ -58.531084988944635, -34.592299383556515 ], [ -58.531106306901883, -34.59232668034479 ], [ -58.53112762487288, -34.592353977129605 ], [ -58.531149101493433, -34.59237226244263 ], [ -58.531181316441881, -34.592399690405401 ], [ -58.530870173582109, -34.592738451713593 ], [ -58.532088848154899, -34.593474189361174 ], [ -58.532956226950752, -34.594014241862638 ], [ -58.533419984816781, -34.593494589714489 ], [ -58.533884837072286, -34.592991035917422 ], [ -58.534371930583319, -34.592436762308829 ], [ -58.533493836377147, -34.591944800927216 ], [ -58.532273713466722, -34.591179028174871 ], [ -58.531106613450945, -34.590451904719863 ], [ -58.530869424576991, -34.590304835799181 ], [ -58.530632237652306, -34.59015776554714 ], [ -58.530543001452884, -34.590273864804999 ], [ -58.53021588726974, -34.590900859499442 ], [ -58.529956689151433, -34.591384458357332 ], [ -58.529742346812256, -34.591796490109751 ], [ -58.52961835253717, -34.592029343663434 ] ] ] ] } },
{ "type": "Feature", "properties": { "NOMPROV": "BUENOS AIRES", "PROV": "06", "NOMDEPTO": "GENERAL SAN MARTIN", "DEPTO": "371", "FRAC": "29", "RADIO": "05", "TIPO": "U", "LINK": "063712905", "IDRADIO_9": "063712905", "hog_tot": 333, "hog_nbi": 6, "pob_tot": 794, "pct_nbi": 1.801801801801802 }, "geometry": { "type": "MultiPolygon", "coordinates": [ [ [ [ -58.547292424038318, -34.579135589499423 ], [ -58.546240907984917, -34.579951358858317 ], [ -58.545199206229285, -34.580837114979587 ], [ -58.545965657173682, -34.581481298372175 ], [ -58.546695103401788, -34.582109173618193 ], [ -58.54776719021325, -34.58128643048633 ], [ -58.547863839574319, -34.581368700517956 ], [ -58.548935591911146, -34.580525177644695 ], [ -58.548087076122471, -34.579812039012971 ], [ -58.547292424038318, -34.579135589499423 ] ] ] ] } },
{ "type": "Feature", "properties": { "NOMPROV": "BUENOS AIRES", "PROV": "06", "NOMDEPTO": "GENERAL SAN MARTIN", "DEPTO": "371", "FRAC": "04", "RADIO": "07", "TIPO": "U", "LINK": "063710407", "IDRADIO_9": "063710407", "hog_tot": 410, "hog_nbi": 18, "pob_tot": 1101, "pct_nbi": 4.3902439024390238 }, "geometry": { "type": "MultiPolygon", "coordinates": [ [ [ [ -58.54714733503571, -34.537356611967617 ], [ -58.547792015326792, -34.537905056683847 ], [ -58.54911610688039, -34.536884283036883 ], [ -58.550399082586893, -34.535860436558409 ], [ -58.551649798601609, -34.534796490749379 ], [ -58.550970387439641, -34.534217886038107 ], [ -58.550029815707965, -34.533442899551837 ], [ -58.546307751548696, -34.536641319679575 ], [ -58.54714733503571, -34.537356611967617 ] ] ] ] } },
{ "type": "Feature", "properties": { "NOMPROV": "BUENOS AIRES", "PROV": "06", "NOMDEPTO": "GENERAL SAN MARTIN", "DEPTO": "371", "FRAC": "36", "RADIO": "10", "TIPO": "U", "LINK": "063713610", "IDRADIO_9": "063713610", "hog_tot": 157, "hog_nbi": 10, "pob_tot": 481, "pct_nbi": 6.3694267515923579 }, "geometry": { "type": "MultiPolygon", "coordinates": [ [ [ [ -58.588188857554556, -34.549609717551476 ], [ -58.586854222055486, -34.550592301676538 ], [ -58.586231635334542, -34.550037741185761 ], [ -58.585866721142402, -34.550358000263508 ], [ -58.585789259053634, -34.550429211043522 ], [ -58.585754906324134, -34.550527961732165 ], [ -58.585731597779194, -34.550617826841993 ], [ -58.58572992022728, -34.550716956055723 ], [ -58.585749873758843, -34.55082534847449 ], [ -58.585748348719896, -34.550915465939219 ], [ -58.585746366159135, -34.551032618641315 ], [ -58.585711250557949, -34.551176428030558 ], [ -58.585653893581743, -34.551347019360819 ], [ -58.585608190838705, -34.551472679025046 ], [ -58.585539854119489, -34.55160241732456 ], [ -58.585429192051521, -34.551750022956973 ], [ -58.585318443375648, -34.551856901729259 ], [ -58.585196801388939, -34.551963654147421 ], [ -58.585031438702153, -34.55207891319349 ], [ -58.584888469924302, -34.552158376660188 ], [ -58.584658060930806, -34.552254854124214 ], [ -58.584345724547113, -34.552343602033829 ], [ -58.584698892375897, -34.553213641107 ], [ -58.585071191864309, -34.554202859363372 ], [ -58.585582796137103, -34.553476894044195 ], [ -58.585732891752777, -34.553432299107143 ], [ -58.586693224645117, -34.552667710245032 ], [ -58.5880492752555, -34.551680375642228 ], [ -58.589379403186612, -34.550677035133191 ], [ -58.588808090599358, -34.550142908873696 ], [ -58.588188857554556, -34.549609717551476 ] ] ] ] } },
{ "type": "Feature", "properties": { "NOMPROV": "BUENOS AIRES", "PROV": "06", "NOMDEPTO": "GENERAL SAN MARTIN", "DEPTO": "371", "FRAC": "54", "RADIO": "05", "TIPO": "U", "LINK": "063715405", "IDRADIO_9": "063715405", "hog_tot": 322, "hog_nbi": 28, "pob_tot": 1000, "pct_nbi": 8.6956521739130448 }, "geometry": { "type": "MultiPolygon", "coordinates": [ [ [ [ -58.59481323672447, -34.55661326678338 ], [ -58.595469460362509, -34.557174908023562 ], [ -58.596385964705085, -34.556446343214219 ], [ -58.597280364448615, -34.555735544273077 ], [ -58.597636255818905, -34.555461738307223 ], [ -58.597430189059715, -34.555395382906568 ], [ -58.597345680433435, -34.555368169917081 ], [ -58.597190159520189, -34.555318090150095 ], [ -58.597106845166962, -34.555291262078285 ], [ -58.596729446072182, -34.555169733137234 ], [ -58.596278152196881, -34.555029569652078 ], [ -58.595984020466823, -34.554938216846018 ], [ -58.595970431884325, -34.554933996357761 ], [ -58.59572527514532, -34.554857853193575 ], [ -58.59555315019837, -34.554803209694882 ], [ -58.594671489157975, -34.554519523285585 ], [ -58.594556026150158, -34.5544865276864 ], [ -58.594532356315135, -34.554479763630226 ], [ -58.594452132652286, -34.554475579763817 ], [ -58.5942105488378, -34.554397814433898 ], [ -58.593901218514617, -34.554298240665304 ], [ -58.593770113134397, -34.55425603711025 ], [ -58.593357500598621, -34.554123213773913 ], [ -58.593291657320989, -34.554096221195948 ], [ -58.593233221087559, -34.554057390858823 ], [ -58.593197698937303, -34.554027171083902 ], [ -58.592518245260948, -34.554565226449895 ], [ -58.593322560625481, -34.555323646158023 ], [ -58.594115942836332, -34.556032638915497 ], [ -58.594223351734314, -34.556124011082964 ], [ -58.59481323672447, -34.55661326678338 ] ] ] ] } },
{ "type": "Feature", "properties": { "NOMPROV": "BUENOS AIRES", "PROV": "06", "NOMDEPTO": "GENERAL SAN MARTIN", "DEPTO": "371", "FRAC": "17", "RADIO": "04", "TIPO": "U", "LINK": "063711704", "IDRADIO_9": "063711704", "hog_tot": 357, "hog_nbi": 17, "pob_tot": 992, "pct_nbi": 4.7619047619047619 }, "geometry": { "type": "MultiPolygon", "coordinates": [ [ [ [ -58.576423291134425, -34.539937878555072 ], [ -58.575448042597685, -34.540376110332168 ], [ -58.574819369885894, -34.540611293841131 ], [ -58.574527629942473, -34.540728888141544 ], [ -58.574153331159181, -34.54087629063671 ], [ -58.573222371970097, -34.541286016913411 ], [ -58.57370919910592, -34.542059359451038 ], [ -58.57425998586271, -34.542976155165114 ], [ -58.575342171150503, -34.542114479221354 ], [ -58.576108655948083, -34.541880055943459 ], [ -58.577149088685985, -34.541549672906655 ], [ -58.578189359118433, -34.541228292499795 ], [ -58.579441657561368, -34.540822928794391 ], [ -58.579062793228204, -34.53996649926529 ], [ -58.578628965312866, -34.538969780444489 ], [ -58.577413254293113, -34.539523373404151 ], [ -58.576423291134425, -34.539937878555072 ] ] ] ] } },
{ "type": "Feature", "properties": { "NOMPROV": "BUENOS AIRES", "PROV": "06", "NOMDEPTO": "GENERAL SAN MARTIN", "DEPTO": "371", "FRAC": "13", "RADIO": "04", "TIPO": "U", "LINK": "063711304", "IDRADIO_9": "063711304", "hog_tot": 362, "hog_nbi": 12, "pob_tot": 927, "pct_nbi": 3.3149171270718232 }, "geometry": { "type": "MultiPolygon", "coordinates": [ [ [ [ -58.575220564296529, -34.531062877041229 ], [ -58.574752851851336, -34.531433454989674 ], [ -58.573872199545065, -34.532141788607476 ], [ -58.572958544059055, -34.532876853382454 ], [ -58.57199291943224, -34.53365406338775 ], [ -58.572955323069145, -34.534366483661223 ], [ -58.573849808760912, -34.535093569518949 ], [ -58.574558464919747, -34.535692229113522 ], [ -58.575383031162538, -34.534922184798148 ], [ -58.575897380462266, -34.534459482571911 ], [ -58.576239868405061, -34.534175043818387 ], [ -58.57669232201922, -34.533828792153336 ], [ -58.576240163521703, -34.533059498397805 ], [ -58.575911747067856, -34.532430209321141 ], [ -58.575724004961153, -34.532075196891448 ], [ -58.575415108875674, -34.531438115735988 ], [ -58.575220564296529, -34.531062877041229 ] ] ] ] } },
{ "type": "Feature", "properties": { "NOMPROV": "BUENOS AIRES", "PROV": "06", "NOMDEPTO": "GENERAL SAN MARTIN", "DEPTO": "371", "FRAC": "14", "RADIO": "09", "TIPO": "U", "LINK": "063711409", "IDRADIO_9": "063711409", "hog_tot": 283, "hog_nbi": 42, "pob_tot": 904, "pct_nbi": 14.840989399293287 }, "geometry": { "type": "MultiPolygon", "coordinates": [ [ [ [ -58.580937552502512, -34.523352319009419 ], [ -58.581345135656086, -34.523667297083158 ], [ -58.581683885356156, -34.524000473155169 ], [ -58.581804581254502, -34.524201377059299 ], [ -58.581932013026638, -34.524445993632391 ], [ -58.58226158645882, -34.524809171321643 ], [ -58.582349052865752, -34.525006765821956 ], [ -58.582363084033425, -34.52511107750589 ], [ -58.582306690027295, -34.525208201760925 ], [ -58.582251713231429, -34.52541479209885 ], [ -58.582318918723082, -34.526016803592391 ], [ -58.58331274590531, -34.524438249381191 ], [ -58.583661139291941, -34.523884859394833 ], [ -58.583592082397736, -34.523845799560817 ], [ -58.583320100717842, -34.523672829474847 ], [ -58.583010257468359, -34.523762962988279 ], [ -58.582925309458219, -34.52338542825013 ], [ -58.58305879687272, -34.523329741108014 ], [ -58.583055054105827, -34.523210455655743 ], [ -58.582995602050062, -34.523054968067775 ], [ -58.582986934336581, -34.522918092310945 ], [ -58.582949405605149, -34.522740820049016 ], [ -58.582613720961461, -34.522135380092834 ], [ -58.581947098689824, -34.522610784632008 ], [ -58.580937552502512, -34.523352319009419 ] ] ] ] } },
{ "type": "Feature", "properties": { "NOMPROV": "BUENOS AIRES", "PROV": "06", "NOMDEPTO": "GENERAL SAN MARTIN", "DEPTO": "371", "FRAC": "05", "RADIO": "07", "TIPO": "U", "LINK": "063710507", "IDRADIO_9": "063710507", "hog_tot": 290, "hog_nbi": 19, "pob_tot": 788, "pct_nbi": 6.5517241379310356 }, "geometry": { "type": "MultiPolygon", "coordinates": [ [ [ [ -58.54012280171731, -34.542099232393632 ], [ -58.540132937370174, -34.542108028143588 ], [ -58.540244249328921, -34.542204630461711 ], [ -58.540673801241311, -34.542541921555554 ], [ -58.54138259594626, -34.543137606968862 ], [ -58.542189393682875, -34.542471235403781 ], [ -58.542222536608875, -34.542444590753256 ], [ -58.542233584246176, -34.542435709200923 ], [ -58.542675486710131, -34.542080447117385 ], [ -58.543945545547793, -34.541030025764975 ], [ -58.543281529638442, -34.540477793422511 ], [ -58.542613578609838, -34.53991535779511 ], [ -58.54260331286023, -34.539906713924353 ], [ -58.542603215550159, -34.53990679748938 ], [ -58.542601833166735, -34.539907992398255 ], [ -58.541990629974826, -34.540436304095465 ], [ -58.541990533736801, -34.540436388574122 ], [ -58.541371087545706, -34.540987761384052 ], [ -58.541370993484477, -34.54098784588821 ], [ -58.54012280171731, -34.542099232393632 ] ] ] ] } },
{ "type": "Feature", "properties": { "NOMPROV": "BUENOS AIRES", "PROV": "06", "NOMDEPTO": "GENERAL SAN MARTIN", "DEPTO": "371", "FRAC": "05", "RADIO": "04", "TIPO": "U", "LINK": "063710504", "IDRADIO_9": "063710504", "hog_tot": 276, "hog_nbi": 10, "pob_tot": 668, "pct_nbi": 3.623188405797102 }, "geometry": { "type": "MultiPolygon", "coordinates": [ [ [ [ -58.546602387528154, -34.541135778198679 ], [ -58.547256831774298, -34.541711414859606 ], [ -58.547910239933515, -34.542277355288093 ], [ -58.549236595838856, -34.541239215549503 ], [ -58.549901793661213, -34.541823979521936 ], [ -58.551183668755876, -34.540766595857519 ], [ -58.550528891356933, -34.540209003817154 ], [ -58.549852499770452, -34.539642137236278 ], [ -58.549154648854028, -34.539056985025617 ], [ -58.547883979166734, -34.540096453079215 ], [ -58.546602387528154, -34.541135778198679 ] ] ] ] } },
{ "type": "Feature", "properties": { "NOMPROV": "BUENOS AIRES", "PROV": "06", "NOMDEPTO": "GENERAL SAN MARTIN", "DEPTO": "371", "FRAC": "51", "RADIO": "07", "TIPO": "U", "LINK": "063715107", "IDRADIO_9": "063715107", "hog_tot": 471, "hog_nbi": 21, "pob_tot": 1273, "pct_nbi": 4.4585987261146496 }, "geometry": { "type": "MultiPolygon", "coordinates": [ [ [ [ -58.544900274671491, -34.582352473990532 ], [ -58.543838086847344, -34.583199163342947 ], [ -58.542767499637584, -34.584045741837741 ], [ -58.542273659231675, -34.58446574827277 ], [ -58.541743253865434, -34.584883039753251 ], [ -58.542498167527896, -34.585553334900993 ], [ -58.54325756768381, -34.586213852616837 ], [ -58.544047420977833, -34.586847544647455 ], [ -58.544504795836552, -34.586495936163622 ], [ -58.545062758789996, -34.586010154776588 ], [ -58.545598419574262, -34.585566070416853 ], [ -58.54613048837151, -34.585147802075006 ], [ -58.547196670607761, -34.584279777897379 ], [ -58.546426454680748, -34.583638659619531 ], [ -58.545668526868404, -34.582985361691208 ], [ -58.544900274671491, -34.582352473990532 ] ] ] ] } },
{ "type": "Feature", "properties": { "NOMPROV": "BUENOS AIRES", "PROV": "06", "NOMDEPTO": "GENERAL SAN MARTIN", "DEPTO": "371", "FRAC": "51", "RADIO": "02", "TIPO": "U", "LINK": "063715102", "IDRADIO_9": "063715102", "hog_tot": 270, "hog_nbi": 4, "pob_tot": 529, "pct_nbi": 1.4814814814814821 }, "geometry": { "type": "MultiPolygon", "coordinates": [ [ [ [ -58.537348854886908, -34.579422412963034 ], [ -58.536285815683975, -34.580289073794702 ], [ -58.537042195200456, -34.580924371022263 ], [ -58.537770584882182, -34.581579345218366 ], [ -58.538873743649582, -34.580711568360464 ], [ -58.539901993832359, -34.579867604103683 ], [ -58.539139463456067, -34.579227541209299 ], [ -58.538111213925184, -34.580071499129524 ], [ -58.537348854886908, -34.579422412963034 ] ] ] ] } },
{ "type": "Feature", "properties": { "NOMPROV": "BUENOS AIRES", "PROV": "06", "NOMDEPTO": "GENERAL SAN MARTIN", "DEPTO": "371", "FRAC": "25", "RADIO": "01", "TIPO": "U", "LINK": "063712501", "IDRADIO_9": "063712501", "hog_tot": 306, "hog_nbi": 16, "pob_tot": 809, "pct_nbi": 5.2287581699346424 }, "geometry": { "type": "MultiPolygon", "coordinates": [ [ [ [ -58.524140395874795, -34.58946243052705 ], [ -58.525010080637152, -34.589995243168794 ], [ -58.525927993752845, -34.59054267612612 ], [ -58.526812292439104, -34.59107613129693 ], [ -58.527718078206867, -34.591627866195296 ], [ -58.528623718252867, -34.592188606095952 ], [ -58.529313971088065, -34.592602529294773 ], [ -58.52961835253717, -34.592029343663434 ], [ -58.529742346812256, -34.591796490109751 ], [ -58.529956689151433, -34.591384458357332 ], [ -58.53021588726974, -34.590900859499442 ], [ -58.530543001452884, -34.590273864804999 ], [ -58.530632237652306, -34.59015776554714 ], [ -58.530502747315083, -34.590084099011342 ], [ -58.529596958742843, -34.589532384613172 ], [ -58.528680443564021, -34.588971520873223 ], [ -58.527796154234316, -34.588438079330992 ], [ -58.526902502533353, -34.587905240423467 ], [ -58.525966190156737, -34.587336289494097 ], [ -58.525104746513499, -34.588405575737966 ], [ -58.524604691138741, -34.588949345026194 ], [ -58.524140395874795, -34.58946243052705 ] ] ] ] } },
{ "type": "Feature", "properties": { "NOMPROV": "BUENOS AIRES", "PROV": "06", "NOMDEPTO": "GENERAL SAN MARTIN", "DEPTO": "371", "FRAC": "34", "RADIO": "09", "TIPO": "U", "LINK": "063713409", "IDRADIO_9": "063713409", "hog_tot": 259, "hog_nbi": 7, "pob_tot": 702, "pct_nbi": 2.7027027027027031 }, "geometry": { "type": "MultiPolygon", "coordinates": [ [ [ [ -58.562680247391377, -34.563913846677565 ], [ -58.561420865788953, -34.56491752807603 ], [ -58.560873947058752, -34.565389614157198 ], [ -58.560318566772246, -34.565823717908756 ], [ -58.559978598239574, -34.566121870797367 ], [ -58.559135330369024, -34.566774997909164 ], [ -58.5582612176879, -34.567553106466555 ], [ -58.55874735475723, -34.567302408176289 ], [ -58.558856605216583, -34.567248084329805 ], [ -58.559006772881922, -34.567203512916343 ], [ -58.559141789661801, -34.567171120799145 ], [ -58.55930689243457, -34.56712672532646 ], [ -58.559486639566991, -34.567099495534485 ], [ -58.560836561063475, -34.566789463456878 ], [ -58.562165075300072, -34.566502219629967 ], [ -58.563097332121067, -34.566292348083195 ], [ -58.563385789046329, -34.566238642540689 ], [ -58.565087808156285, -34.565867824331001 ], [ -58.564076555632326, -34.56508400219213 ], [ -58.563388980655411, -34.564517077389269 ], [ -58.562680247391377, -34.563913846677565 ] ] ] ] } },
{ "type": "Feature", "properties": { "NOMPROV": "BUENOS AIRES", "PROV": "06", "NOMDEPTO": "GENERAL SAN MARTIN", "DEPTO": "371", "FRAC": "21", "RADIO": "01", "TIPO": "U", "LINK": "063712101", "IDRADIO_9": "063712101", "hog_tot": 382, "hog_nbi": 7, "pob_tot": 977, "pct_nbi": 1.832460732984293 }, "geometry": { "type": "MultiPolygon", "coordinates": [ [ [ [ -58.546325193490084, -34.564246354669464 ], [ -58.547169130704233, -34.564959143109441 ], [ -58.547905463385234, -34.565557300765846 ], [ -58.548878041094483, -34.566359450293 ], [ -58.549933026811601, -34.565572904968299 ], [ -58.550589233504681, -34.565019919885231 ], [ -58.550191646673738, -34.564045556738037 ], [ -58.549944385010576, -34.563853337100049 ], [ -58.54923607129453, -34.563232007660908 ], [ -58.548419931709198, -34.562546296894098 ], [ -58.547367511348391, -34.563400175432371 ], [ -58.546325193490084, -34.564246354669464 ] ] ] ] } },
{ "type": "Feature", "properties": { "NOMPROV": "BUENOS AIRES", "PROV": "06", "NOMDEPTO": "GENERAL SAN MARTIN", "DEPTO": "371", "FRAC": "15", "RADIO": "03", "TIPO": "U", "LINK": "063711503", "IDRADIO_9": "063711503", "hog_tot": 331, "hog_nbi": 48, "pob_tot": 1073, "pct_nbi": 14.501510574018129 }, "geometry": { "type": "MultiPolygon", "coordinates": [ [ [ [ -58.584559008772395, -34.530745466613944 ], [ -58.584466439714717, -34.530819115803126 ], [ -58.584430141345827, -34.530847995328131 ], [ -58.584673860772938, -34.531213290893817 ], [ -58.585046701584915, -34.531099355056242 ], [ -58.585968814573356, -34.531909918943242 ], [ -58.586334112396557, -34.531601393165829 ], [ -58.586699407507112, -34.531292867115241 ], [ -58.587484650840999, -34.530629642776368 ], [ -58.587030691493077, -34.530289279816763 ], [ -58.586769438721213, -34.530093400049708 ], [ -58.586651829375114, -34.529988824777334 ], [ -58.586079097504893, -34.529479558763605 ], [ -58.58565481466777, -34.529850712835263 ], [ -58.585591384821598, -34.529906200117345 ], [ -58.585438965145649, -34.530039533124238 ], [ -58.585406310177639, -34.530065731265438 ], [ -58.585351347882337, -34.530109824243226 ], [ -58.585028256063474, -34.530369021127072 ], [ -58.584559008772395, -34.530745466613944 ] ] ] ] } },
{ "type": "Feature", "properties": { "NOMPROV": "BUENOS AIRES", "PROV": "06", "NOMDEPTO": "GENERAL SAN MARTIN", "DEPTO": "371", "FRAC": "47", "RADIO": "01", "TIPO": "U", "LINK": "063714701", "IDRADIO_9": "063714701", "hog_tot": 348, "hog_nbi": 11, "pob_tot": 986, "pct_nbi": 3.160919540229886 }, "geometry": { "type": "MultiPolygon", "coordinates": [ [ [ [ -58.579441657561368, -34.540822928794391 ], [ -58.578189359118433, -34.541228292499795 ], [ -58.577149088685985, -34.541549672906655 ], [ -58.576108655948083, -34.541880055943459 ], [ -58.575342171150503, -34.542114479221354 ], [ -58.57425998586271, -34.542976155165114 ], [ -58.57481508532269, -34.543640620548487 ], [ -58.574836559651899, -34.543658898239784 ], [ -58.575374648511342, -34.544043745612214 ], [ -58.576886176954929, -34.543556618322761 ], [ -58.577915429505381, -34.543244125773853 ], [ -58.578966609280975, -34.542922866130247 ], [ -58.580219851011726, -34.542553374193872 ], [ -58.57982423108021, -34.541698572933988 ], [ -58.579441657561368, -34.540822928794391 ] ] ] ] } },
{ "type": "Feature", "properties": { "NOMPROV": "BUENOS AIRES", "PROV": "06", "NOMDEPTO": "GENERAL SAN MARTIN", "DEPTO": "371", "FRAC": "22", "RADIO": "06", "TIPO": "U", "LINK": "063712206", "IDRADIO_9": "063712206", "hog_tot": 355, "hog_nbi": 5, "pob_tot": 695, "pct_nbi": 1.408450704225352 }, "geometry": { "type": "MultiPolygon", "coordinates": [ [ [ [ -58.539176286549704, -34.574009226685419 ], [ -58.539949034272702, -34.574685466033742 ], [ -58.540754478835041, -34.575362090656462 ], [ -58.541538462624018, -34.576020427654377 ], [ -58.542301424235156, -34.576666317957645 ], [ -58.543372570889083, -34.575826012404086 ], [ -58.542610206189671, -34.575176958609127 ], [ -58.542266766993194, -34.57487541480306 ], [ -58.541826379837694, -34.574509616871509 ], [ -58.541010038629388, -34.573832868963088 ], [ -58.540204606245851, -34.573156245282597 ], [ -58.539176286549704, -34.574009226685419 ] ] ] ] } },
{ "type": "Feature", "properties": { "NOMPROV": "BUENOS AIRES", "PROV": "06", "NOMDEPTO": "GENERAL SAN MARTIN", "DEPTO": "371", "FRAC": "41", "RADIO": "04", "TIPO": "U", "LINK": "063714104", "IDRADIO_9": "063714104", "hog_tot": 395, "hog_nbi": 10, "pob_tot": 1009, "pct_nbi": 2.5316455696202529 }, "geometry": { "type": "MultiPolygon", "coordinates": [ [ [ [ -58.51600383341389, -34.565408861446009 ], [ -58.515452527927621, -34.566059328832083 ], [ -58.514778134829719, -34.566834981647048 ], [ -58.514057802426187, -34.567665626079965 ], [ -58.513394571317804, -34.568405151159666 ], [ -58.512771564250578, -34.569210655607399 ], [ -58.513666128604896, -34.569762355532596 ], [ -58.514399057420441, -34.570212934347339 ], [ -58.51506695607916, -34.569418873102464 ], [ -58.515712093375186, -34.568678611447744 ], [ -58.516463524025703, -34.567775864918481 ], [ -58.517094027297055, -34.567040717421399 ], [ -58.517642680981972, -34.566365226192417 ], [ -58.516906725148836, -34.565935511372302 ], [ -58.51600383341389, -34.565408861446009 ] ] ] ] } },
{ "type": "Feature", "properties": { "NOMPROV": "BUENOS AIRES", "PROV": "06", "NOMDEPTO": "GENERAL SAN MARTIN", "DEPTO": "371", "FRAC": "25", "RADIO": "05", "TIPO": "U", "LINK": "063712505", "IDRADIO_9": "063712505", "hog_tot": 367, "hog_nbi": 8, "pob_tot": 982, "pct_nbi": 2.1798365122615802 }, "geometry": { "type": "MultiPolygon", "coordinates": [ [ [ [ -58.527973145688662, -34.596435065269723 ], [ -58.527997278741196, -34.596628368705353 ], [ -58.532036185178647, -34.596037494402559 ], [ -58.532023511108505, -34.595780721218091 ], [ -58.532036929536858, -34.595615149242136 ], [ -58.532083238721775, -34.594993382432143 ], [ -58.531210212521344, -34.594473111317797 ], [ -58.529991530668333, -34.593737364821486 ], [ -58.529031698235563, -34.593157954765161 ], [ -58.528636953185931, -34.593910316447761 ], [ -58.528206807756405, -34.594815476926989 ], [ -58.527841577285812, -34.595694225621507 ], [ -58.527973145688662, -34.596435065269723 ] ] ] ] } },
{ "type": "Feature", "properties": { "NOMPROV": "BUENOS AIRES", "PROV": "06", "NOMDEPTO": "GENERAL SAN MARTIN", "DEPTO": "371", "FRAC": "10", "RADIO": "06", "TIPO": "U", "LINK": "063711006", "IDRADIO_9": "063711006", "hog_tot": 416, "hog_nbi": 10, "pob_tot": 1003, "pct_nbi": 2.4038461538461542 }, "geometry": { "type": "MultiPolygon", "coordinates": [ [ [ [ -58.549130576516674, -34.553622433912295 ], [ -58.547826532196922, -34.55468853977743 ], [ -58.546689443384622, -34.555549310447859 ], [ -58.545974236580236, -34.555955411125595 ], [ -58.545192884446195, -34.556405786425216 ], [ -58.546083617375423, -34.557182540360202 ], [ -58.546942158318949, -34.557931865265424 ], [ -58.547093361635191, -34.558055659418528 ], [ -58.547221445621574, -34.558160524897765 ], [ -58.548679769194621, -34.556997113336948 ], [ -58.550181934022312, -34.555816177398192 ], [ -58.550993297221616, -34.555203884576102 ], [ -58.550854735227837, -34.555099608878386 ], [ -58.550762085824296, -34.555029884093926 ], [ -58.549999845885203, -34.554380877653102 ], [ -58.549130576516674, -34.553622433912295 ] ] ] ] } },
{ "type": "Feature", "properties": { "NOMPROV": "BUENOS AIRES", "PROV": "06", "NOMDEPTO": "GENERAL SAN MARTIN", "DEPTO": "371", "FRAC": "12", "RADIO": "10", "TIPO": "U", "LINK": "063711210", "IDRADIO_9": "063711210", "hog_tot": 226, "hog_nbi": 0, "pob_tot": 375, "pct_nbi": 0.0 }, "geometry": { "type": "MultiPolygon", "coordinates": [ [ [ [ -58.554046270054158, -34.545298249507873 ], [ -58.552742732409961, -34.546346390896652 ], [ -58.553623165266799, -34.547086915393884 ], [ -58.554904610475639, -34.5460565292721 ], [ -58.554046270054158, -34.545298249507873 ] ] ] ] } },
{ "type": "Feature", "properties": { "NOMPROV": "BUENOS AIRES", "PROV": "06", "NOMDEPTO": "GENERAL SAN MARTIN", "DEPTO": "371", "FRAC": "11", "RADIO": "04", "TIPO": "U", "LINK": "063711104", "IDRADIO_9": "063711104", "hog_tot": 416, "hog_nbi": 7, "pob_tot": 755, "pct_nbi": 1.6826923076923079 }, "geometry": { "type": "MultiPolygon", "coordinates": [ [ [ [ -58.551918688187875, -34.54989693249864 ], [ -58.552798993726711, -34.550646474895387 ], [ -58.554102755655016, -34.549589323663106 ], [ -58.555373343289133, -34.5485588048479 ], [ -58.554503457881232, -34.547836444571274 ], [ -58.553233184245961, -34.548848931225741 ], [ -58.551918688187875, -34.54989693249864 ] ] ] ] } },
{ "type": "Feature", "properties": { "NOMPROV": "BUENOS AIRES", "PROV": "06", "NOMDEPTO": "GENERAL SAN MARTIN", "DEPTO": "371", "FRAC": "20", "RADIO": "05", "TIPO": "U", "LINK": "063712005", "IDRADIO_9": "063712005", "hog_tot": 336, "hog_nbi": 9, "pob_tot": 899, "pct_nbi": 2.6785714285714279 }, "geometry": { "type": "MultiPolygon", "coordinates": [ [ [ [ -58.559774329255966, -34.562464480818434 ], [ -58.559267026856361, -34.562819031315605 ], [ -58.559091025285447, -34.562916101760365 ], [ -58.557707653393955, -34.56366516312513 ], [ -58.558838285168434, -34.564585006943709 ], [ -58.559598672972236, -34.565206702357017 ], [ -58.560318566772246, -34.565823717908756 ], [ -58.560873947058752, -34.565389614157198 ], [ -58.561420865788953, -34.56491752807603 ], [ -58.562680247391377, -34.563913846677565 ], [ -58.561950204275853, -34.563283319570424 ], [ -58.561230753865729, -34.562670939965592 ], [ -58.560522051844401, -34.562067696420378 ], [ -58.56043599492596, -34.562003587257003 ], [ -58.559774329255966, -34.562464480818434 ] ] ] ] } },
{ "type": "Feature", "properties": { "NOMPROV": "BUENOS AIRES", "PROV": "06", "NOMDEPTO": "GENERAL SAN MARTIN", "DEPTO": "371", "FRAC": "49", "RADIO": "04", "TIPO": "U", "LINK": "063714904", "IDRADIO_9": "063714904", "hog_tot": 339, "hog_nbi": 5, "pob_tot": 872, "pct_nbi": 1.474926253687316 }, "geometry": { "type": "MultiPolygon", "coordinates": [ [ [ [ -58.541586492185665, -34.57077520237037 ], [ -58.542348965985376, -34.571415249341122 ], [ -58.542885816078254, -34.571872330455854 ], [ -58.543132769587153, -34.572082587434657 ], [ -58.54342282922169, -34.572320398677412 ], [ -58.543992060098724, -34.57279588832828 ], [ -58.545108099518593, -34.571907857360493 ], [ -58.546146444644648, -34.571100011092078 ], [ -58.545587949565672, -34.570633672732143 ], [ -58.545061829072118, -34.570185744674319 ], [ -58.544514083175024, -34.569728542163766 ], [ -58.543720024194137, -34.569025037672191 ], [ -58.542691791763744, -34.569878051454062 ], [ -58.541586492185665, -34.57077520237037 ] ] ] ] } },
{ "type": "Feature", "properties": { "NOMPROV": "BUENOS AIRES", "PROV": "06", "NOMDEPTO": "GENERAL SAN MARTIN", "DEPTO": "371", "FRAC": "49", "RADIO": "07", "TIPO": "U", "LINK": "063714907", "IDRADIO_9": "063714907", "hog_tot": 436, "hog_nbi": 5, "pob_tot": 1092, "pct_nbi": 1.1467889908256881 }, "geometry": { "type": "MultiPolygon", "coordinates": [ [ [ [ -58.551362149178381, -34.567056793599512 ], [ -58.550365766471671, -34.567824249987943 ], [ -58.549305558340635, -34.568640887234181 ], [ -58.548245017293162, -34.569475537796016 ], [ -58.548910895355519, -34.570033275315623 ], [ -58.549630000110042, -34.570663748401806 ], [ -58.55042475109245, -34.571331170487106 ], [ -58.551452769035656, -34.570487101783172 ], [ -58.552502241973997, -34.569661305374005 ], [ -58.552700834392425, -34.569519445520875 ], [ -58.552193855420519, -34.568594063260747 ], [ -58.551718631236831, -34.567723136379456 ], [ -58.551362149178381, -34.567056793599512 ] ] ] ] } },
{ "type": "Feature", "properties": { "NOMPROV": "BUENOS AIRES", "PROV": "06", "NOMDEPTO": "GENERAL SAN MARTIN", "DEPTO": "371", "FRAC": "22", "RADIO": "05", "TIPO": "U", "LINK": "063712205", "IDRADIO_9": "063712205", "hog_tot": 299, "hog_nbi": 0, "pob_tot": 695, "pct_nbi": 0.0 }, "geometry": { "type": "MultiPolygon", "coordinates": [ [ [ [ -58.540204606245851, -34.573156245282597 ], [ -58.541010038629388, -34.573832868963088 ], [ -58.541826379837694, -34.574509616871509 ], [ -58.542266766993194, -34.57487541480306 ], [ -58.542610206189671, -34.575176958609127 ], [ -58.543372570889083, -34.575826012404086 ], [ -58.544422661560844, -34.574973255255372 ], [ -58.543660295998315, -34.57432420792442 ], [ -58.542887206047162, -34.573666015355492 ], [ -58.542059970607411, -34.57298914340803 ], [ -58.541265273210612, -34.572321668302862 ], [ -58.540204606245851, -34.573156245282597 ] ] ] ] } },
{ "type": "Feature", "properties": { "NOMPROV": "BUENOS AIRES", "PROV": "06", "NOMDEPTO": "GENERAL SAN MARTIN", "DEPTO": "371", "FRAC": "13", "RADIO": "06", "TIPO": "U", "LINK": "063711306", "IDRADIO_9": "063711306", "hog_tot": 272, "hog_nbi": 11, "pob_tot": 723, "pct_nbi": 4.0441176470588243 }, "geometry": { "type": "MultiPolygon", "coordinates": [ [ [ [ -58.570934433709049, -34.537430031744307 ], [ -58.571736593165703, -34.53806746931464 ], [ -58.572434209917041, -34.537518747790287 ], [ -58.57313232029373, -34.536940495999872 ], [ -58.57220404339153, -34.53636854608002 ], [ -58.571290542460531, -34.535712621858266 ], [ -58.572074332476802, -34.535099859705483 ], [ -58.571194161669943, -34.534341442529531 ], [ -58.570399020850083, -34.534981107654588 ], [ -58.569902052078127, -34.535380895208171 ], [ -58.569184199436783, -34.53595836178755 ], [ -58.570064677291903, -34.536698769831339 ], [ -58.570934433709049, -34.537430031744307 ] ] ] ] } },
{ "type": "Feature", "properties": { "NOMPROV": "BUENOS AIRES", "PROV": "06", "NOMDEPTO": "GENERAL SAN MARTIN", "DEPTO": "371", "FRAC": "04", "RADIO": "01", "TIPO": "U", "LINK": "063710401", "IDRADIO_9": "063710401", "hog_tot": 301, "hog_nbi": 7, "pob_tot": 753, "pct_nbi": 2.3255813953488369 }, "geometry": { "type": "MultiPolygon", "coordinates": [ [ [ [ -58.554753882040764, -34.529353633858058 ], [ -58.5537896832748, -34.530148945219644 ], [ -58.55429277433948, -34.530663490029013 ], [ -58.554823917443898, -34.531109162787125 ], [ -58.555507861457464, -34.53165501156149 ], [ -58.556653029841776, -34.530807665729533 ], [ -58.557102394901648, -34.52994583168833 ], [ -58.556375842798886, -34.52934374584283 ], [ -58.555589458518327, -34.528664394571393 ], [ -58.555508879362918, -34.52873086240016 ], [ -58.554761066907666, -34.529347707791686 ], [ -58.554753882040764, -34.529353633858058 ] ] ] ] } },
{ "type": "Feature", "properties": { "NOMPROV": "BUENOS AIRES", "PROV": "06", "NOMDEPTO": "GENERAL SAN MARTIN", "DEPTO": "371", "FRAC": "05", "RADIO": "06", "TIPO": "U", "LINK": "063710506", "IDRADIO_9": "063710506", "hog_tot": 263, "hog_nbi": 19, "pob_tot": 692, "pct_nbi": 7.2243346007604563 }, "geometry": { "type": "MultiPolygon", "coordinates": [ [ [ [ -58.542735641146983, -34.544253405183518 ], [ -58.543422909982233, -34.544820440446024 ], [ -58.544704284329413, -34.543799175832717 ], [ -58.545948566790308, -34.542742576918513 ], [ -58.545268904424589, -34.542177053337056 ], [ -58.544597289256458, -34.541605063771904 ], [ -58.543945545547793, -34.541030025764975 ], [ -58.542675486710131, -34.542080447117385 ], [ -58.543362424838058, -34.542665505647221 ], [ -58.544006436903864, -34.54321399460914 ], [ -58.542735641146983, -34.544253405183518 ] ] ] ] } },
{ "type": "Feature", "properties": { "NOMPROV": "BUENOS AIRES", "PROV": "06", "NOMDEPTO": "GENERAL SAN MARTIN", "DEPTO": "371", "FRAC": "04", "RADIO": "02", "TIPO": "U", "LINK": "063710402", "IDRADIO_9": "063710402", "hog_tot": 446, "hog_nbi": 12, "pob_tot": 1145, "pct_nbi": 2.6905829596412558 }, "geometry": { "type": "MultiPolygon", "coordinates": [ [ [ [ -58.556924680200076, -34.534963874176363 ], [ -58.557603914537673, -34.535555560643623 ], [ -58.558873722360474, -34.534527833406599 ], [ -58.559500748392892, -34.534010593469667 ], [ -58.559953008591023, -34.53366600688301 ], [ -58.560187300906144, -34.533487493872194 ], [ -58.56057259569458, -34.533172674618918 ], [ -58.560693663490007, -34.533073751729596 ], [ -58.560050844312578, -34.532506989615925 ], [ -58.55933428293995, -34.531888802840037 ], [ -58.558709410975467, -34.531346451303733 ], [ -58.558068675736173, -34.531870681516082 ], [ -58.556831009307764, -34.532815024961096 ], [ -58.555693887996469, -34.533789526673658 ], [ -58.556336984749876, -34.53439202070679 ], [ -58.556924680200076, -34.534963874176363 ] ] ] ] } },
{ "type": "Feature", "properties": { "NOMPROV": "BUENOS AIRES", "PROV": "06", "NOMDEPTO": "GENERAL SAN MARTIN", "DEPTO": "371", "FRAC": "24", "RADIO": "01", "TIPO": "U", "LINK": "063712401", "IDRADIO_9": "063712401", "hog_tot": 334, "hog_nbi": 16, "pob_tot": 889, "pct_nbi": 4.7904191616766481 }, "geometry": { "type": "MultiPolygon", "coordinates": [ [ [ [ -58.527752336669415, -34.576751059290181 ], [ -58.527056373281496, -34.577283917093155 ], [ -58.526574765751477, -34.577579561419356 ], [ -58.527131819927966, -34.577911462213216 ], [ -58.527627905023543, -34.57820587729465 ], [ -58.528069915272361, -34.578477103772357 ], [ -58.528565927689776, -34.578776020921872 ], [ -58.52810277112799, -34.579085903166266 ], [ -58.526740318715021, -34.579718424227771 ], [ -58.525081602823072, -34.580464523245432 ], [ -58.522906147292929, -34.581465733388967 ], [ -58.522312847061585, -34.58173796407921 ], [ -58.522474525220026, -34.581839069021527 ], [ -58.523791386021557, -34.582628833667037 ], [ -58.524243068075847, -34.582897007459437 ], [ -58.525149227063132, -34.58342172508047 ], [ -58.526464824173459, -34.584212768328783 ], [ -58.527009217569805, -34.583624459686398 ], [ -58.527483692360541, -34.583028364429687 ], [ -58.528119369235696, -34.583447798624611 ], [ -58.528776988159386, -34.583907303545566 ], [ -58.529315072332977, -34.58329658120244 ], [ -58.529443836892099, -34.583164234679238 ], [ -58.530079380204441, -34.582484900668852 ], [ -58.530234895715999, -34.582292328951375 ], [ -58.531137749696818, -34.581282365074514 ], [ -58.531708577227036, -34.580671586645316 ], [ -58.532016602537411, -34.580279510742017 ], [ -58.531761055058446, -34.580051881933933 ], [ -58.531002719593111, -34.579406141924522 ], [ -58.530205753319258, -34.578752541026461 ], [ -58.529437913892885, -34.578146582012636 ], [ -58.529373495853527, -34.578091725343278 ], [ -58.529319815308199, -34.578046011440577 ], [ -58.528949334219874, -34.577735091451032 ], [ -58.528567854487697, -34.577402810293698 ], [ -58.527923559432132, -34.576888984651255 ], [ -58.527869644693517, -34.576836617215079 ], [ -58.527752336669415, -34.576751059290181 ] ] ] ] } },
{ "type": "Feature", "properties": { "NOMPROV": "BUENOS AIRES", "PROV": "06", "NOMDEPTO": "GENERAL SAN MARTIN", "DEPTO": "371", "FRAC": "24", "RADIO": "04", "TIPO": "U", "LINK": "063712404", "IDRADIO_9": "063712404", "hog_tot": 184, "hog_nbi": 16, "pob_tot": 467, "pct_nbi": 8.6956521739130448 }, "geometry": { "type": "MultiPolygon", "coordinates": [ [ [ [ -58.528776988159386, -34.583907303545566 ], [ -58.528323937055845, -34.584417030050439 ], [ -58.527779402353929, -34.585042972815394 ], [ -58.5282469409063, -34.585456092701193 ], [ -58.528995587536059, -34.586173318090317 ], [ -58.529711080042553, -34.586766657024228 ], [ -58.529786401012011, -34.586821644906991 ], [ -58.530681583146702, -34.587355203259619 ], [ -58.531587356089076, -34.587906909376308 ], [ -58.53224537691122, -34.588293387912948 ], [ -58.532589820021158, -34.58791896950904 ], [ -58.532860593447445, -34.587694049039371 ], [ -58.533523353686085, -34.587117472875086 ], [ -58.533696239890126, -34.586976854230791 ], [ -58.533213194997359, -34.586556432558524 ], [ -58.532411704644879, -34.585907183489617 ], [ -58.531666464909193, -34.585259630983444 ], [ -58.530929350449945, -34.584607926531362 ], [ -58.530449313480474, -34.58499836660188 ], [ -58.529548254410386, -34.584413938242974 ], [ -58.528776988159386, -34.583907303545566 ] ] ] ] } },
{ "type": "Feature", "properties": { "NOMPROV": "BUENOS AIRES", "PROV": "06", "NOMDEPTO": "GENERAL SAN MARTIN", "DEPTO": "371", "FRAC": "42", "RADIO": "08", "TIPO": "U", "LINK": "063714208", "IDRADIO_9": "063714208", "hog_tot": 235, "hog_nbi": 18, "pob_tot": 561, "pct_nbi": 7.6595744680851059 }, "geometry": { "type": "MultiPolygon", "coordinates": [ [ [ [ -58.529122592288907, -34.573158382414967 ], [ -58.530060287757131, -34.57366668749458 ], [ -58.531322038588073, -34.572635055422943 ], [ -58.530559482528126, -34.572003952127666 ], [ -58.530548746820855, -34.571994809458452 ], [ -58.531598914752109, -34.571142164260152 ], [ -58.530847738372422, -34.57048415947056 ], [ -58.529797095565129, -34.571363832789856 ], [ -58.528735853853078, -34.572225342062886 ], [ -58.529509450753288, -34.572847576212951 ], [ -58.529122592288907, -34.573158382414967 ] ] ] ] } },
{ "type": "Feature", "properties": { "NOMPROV": "BUENOS AIRES", "PROV": "06", "NOMDEPTO": "GENERAL SAN MARTIN", "DEPTO": "371", "FRAC": "40", "RADIO": "03", "TIPO": "U", "LINK": "063714003", "IDRADIO_9": "063714003", "hog_tot": 383, "hog_nbi": 36, "pob_tot": 1203, "pct_nbi": 9.3994778067885107 }, "geometry": { "type": "MultiPolygon", "coordinates": [ [ [ [ -58.523255610190581, -34.553947465399801 ], [ -58.523480395695628, -34.554068703796361 ], [ -58.523804372990853, -34.553645796960211 ], [ -58.524076631986617, -34.553290395450034 ], [ -58.524407928335158, -34.5528579246985 ], [ -58.524713891665421, -34.552458518118705 ], [ -58.524582895807896, -34.552391479439969 ], [ -58.524490128923468, -34.552342917836874 ], [ -58.52425430416497, -34.552219466658883 ], [ -58.52403287522538, -34.552103551254561 ], [ -58.523630808814545, -34.551900366929829 ], [ -58.523183645145636, -34.55252711713284 ], [ -58.522846919562753, -34.553019314749058 ], [ -58.522788865088678, -34.553097690577623 ], [ -58.52273100134181, -34.553175809097745 ], [ -58.52245838633344, -34.553516667288307 ], [ -58.522806062773071, -34.553704997583928 ], [ -58.52303084693952, -34.553826237680923 ], [ -58.523255610190581, -34.553947465399801 ] ] ] ] } },
{ "type": "Feature", "properties": { "NOMPROV": "BUENOS AIRES", "PROV": "06", "NOMDEPTO": "GENERAL SAN MARTIN", "DEPTO": "371", "FRAC": "09", "RADIO": "10", "TIPO": "U", "LINK": "063710910", "IDRADIO_9": "063710910", "hog_tot": 265, "hog_nbi": 15, "pob_tot": 709, "pct_nbi": 5.6603773584905683 }, "geometry": { "type": "MultiPolygon", "coordinates": [ [ [ [ -58.534760501082054, -34.5685662782356 ], [ -58.533710554939844, -34.569409941111644 ], [ -58.532937114942776, -34.568778721761177 ], [ -58.531886674031938, -34.569649402910478 ], [ -58.532660272003298, -34.570271617328252 ], [ -58.533422671921166, -34.570911719191479 ], [ -58.534483849582045, -34.570050167321078 ], [ -58.535063274782821, -34.570561873995786 ], [ -58.535085859093343, -34.570579926744259 ], [ -58.535139987061022, -34.570626514205358 ], [ -58.535144631404741, -34.570621217784868 ], [ -58.535945229881705, -34.569601227417557 ], [ -58.536289155359285, -34.569163043534068 ], [ -58.53623803347925, -34.569124812014628 ], [ -58.536179064545706, -34.569070024251147 ], [ -58.535964662506807, -34.568869158248184 ], [ -58.535224838483124, -34.568184275926512 ], [ -58.534760501082054, -34.5685662782356 ] ] ] ] } },
{ "type": "Feature", "properties": { "NOMPROV": "BUENOS AIRES", "PROV": "06", "NOMDEPTO": "GENERAL SAN MARTIN", "DEPTO": "371", "FRAC": "22", "RADIO": "02", "TIPO": "U", "LINK": "063712202", "IDRADIO_9": "063712202", "hog_tot": 510, "hog_nbi": 2, "pob_tot": 1011, "pct_nbi": 0.39215686274509798 }, "geometry": { "type": "MultiPolygon", "coordinates": [ [ [ [ -58.536888904365412, -34.572089011703426 ], [ -58.537640143709794, -34.572746980706917 ], [ -58.538402919273253, -34.573369028777051 ], [ -58.539176286549704, -34.574009226685419 ], [ -58.540204606245851, -34.573156245282597 ], [ -58.541265273210612, -34.572321668302862 ], [ -58.540502799963228, -34.571681613751807 ], [ -58.540492063174767, -34.571672471930455 ], [ -58.539740494879219, -34.571032544020184 ], [ -58.538978045081805, -34.570392480403278 ], [ -58.538027426723417, -34.571165262178809 ], [ -58.53792795878465, -34.571245191351331 ], [ -58.537541296142052, -34.571547013782947 ], [ -58.536888904365412, -34.572089011703426 ] ] ] ] } },
{ "type": "Feature", "properties": { "NOMPROV": "BUENOS AIRES", "PROV": "06", "NOMDEPTO": "GENERAL SAN MARTIN", "DEPTO": "371", "FRAC": "22", "RADIO": "03", "TIPO": "U", "LINK": "063712203", "IDRADIO_9": "063712203", "hog_tot": 353, "hog_nbi": 6, "pob_tot": 769, "pct_nbi": 1.6997167138810201 }, "geometry": { "type": "MultiPolygon", "coordinates": [ [ [ [ -58.538978045081805, -34.570392480403278 ], [ -58.539740494879219, -34.571032544020184 ], [ -58.540492063174767, -34.571672471930455 ], [ -58.540502799963228, -34.571681613751807 ], [ -58.541265273210612, -34.572321668302862 ], [ -58.542059970607411, -34.57298914340803 ], [ -58.542887206047162, -34.573666015355492 ], [ -58.543992060098724, -34.57279588832828 ], [ -58.54342282922169, -34.572320398677412 ], [ -58.543132769587153, -34.572082587434657 ], [ -58.542885816078254, -34.571872330455854 ], [ -58.542348965985376, -34.571415249341122 ], [ -58.541586492185665, -34.57077520237037 ], [ -58.541285862737162, -34.570519233665358 ], [ -58.540834608172688, -34.570153303281593 ], [ -58.54007247259063, -34.569495223326847 ], [ -58.538978045081805, -34.570392480403278 ] ] ] ] } },
{ "type": "Feature", "properties": { "NOMPROV": "BUENOS AIRES", "PROV": "06", "NOMDEPTO": "GENERAL SAN MARTIN", "DEPTO": "371", "FRAC": "47", "RADIO": "06", "TIPO": "U", "LINK": "063714706", "IDRADIO_9": "063714706", "hog_tot": 388, "hog_nbi": 13, "pob_tot": 1061, "pct_nbi": 3.3505154639175259 }, "geometry": { "type": "MultiPolygon", "coordinates": [ [ [ [ -58.574836559651899, -34.543658898239784 ], [ -58.573998407110494, -34.544262028989863 ], [ -58.573161010580868, -34.544820094182803 ], [ -58.573914305099926, -34.54536069154662 ], [ -58.574834678735051, -34.546049930550701 ], [ -58.575739108874821, -34.546735514649804 ], [ -58.576996485522805, -34.547704625312107 ], [ -58.577610540642425, -34.548165488692774 ], [ -58.578293896257534, -34.547501185246297 ], [ -58.579067545855885, -34.546835162481507 ], [ -58.578460781421867, -34.546405199428946 ], [ -58.577191732678585, -34.545443999606896 ], [ -58.576288551163245, -34.544748444746411 ], [ -58.575374648511342, -34.544043745612214 ], [ -58.574836559651899, -34.543658898239784 ] ] ] ] } },
{ "type": "Feature", "properties": { "NOMPROV": "BUENOS AIRES", "PROV": "06", "NOMDEPTO": "GENERAL SAN MARTIN", "DEPTO": "371", "FRAC": "48", "RADIO": "01", "TIPO": "U", "LINK": "063714801", "IDRADIO_9": "063714801", "hog_tot": 344, "hog_nbi": 51, "pob_tot": 1155, "pct_nbi": 14.825581395348838 }, "geometry": { "type": "MultiPolygon", "coordinates": [ [ [ [ -58.561338290420387, -34.546934714547668 ], [ -58.561090708001672, -34.546885353835243 ], [ -58.560700556562111, -34.547203734908607 ], [ -58.559304206296403, -34.548343190225665 ], [ -58.559222048283807, -34.548410230942913 ], [ -58.55832929532064, -34.549127340550257 ], [ -58.558420956532274, -34.549263706246265 ], [ -58.559399136575585, -34.550102612064222 ], [ -58.560397769335367, -34.550943631594293 ], [ -58.560773051904718, -34.550659625284403 ], [ -58.561402562091232, -34.550162292222844 ], [ -58.562352569699001, -34.549398325140295 ], [ -58.563292287093859, -34.54859817620374 ], [ -58.563899829272628, -34.548109584651691 ], [ -58.562624574332176, -34.547517714414582 ], [ -58.561338290420387, -34.546934714547668 ] ] ] ] } },
{ "type": "Feature", "properties": { "NOMPROV": "BUENOS AIRES", "PROV": "06", "NOMDEPTO": "GENERAL SAN MARTIN", "DEPTO": "371", "FRAC": "18", "RADIO": "03", "TIPO": "U", "LINK": "063711803", "IDRADIO_9": "063711803", "hog_tot": 426, "hog_nbi": 33, "pob_tot": 1053, "pct_nbi": 7.7464788732394361 }, "geometry": { "type": "MultiPolygon", "coordinates": [ [ [ [ -58.563899829272628, -34.548109584651691 ], [ -58.563292287093859, -34.54859817620374 ], [ -58.564280051261967, -34.549439036519416 ], [ -58.565283869354126, -34.550274591156267 ], [ -58.565989129789784, -34.550874929395746 ], [ -58.566719675658739, -34.551517047783619 ], [ -58.567654823773807, -34.550771059298548 ], [ -58.568199482356356, -34.550366525472377 ], [ -58.568498075868106, -34.550156841031445 ], [ -58.56942114974845, -34.549481363540835 ], [ -58.568180976770734, -34.549147662936498 ], [ -58.567295528372277, -34.548924641053958 ], [ -58.566722145955985, -34.54869257428264 ], [ -58.565715432094812, -34.548320211326626 ], [ -58.564352101397056, -34.547781405085438 ], [ -58.563899829272628, -34.548109584651691 ] ] ] ] } },
{ "type": "Feature", "properties": { "NOMPROV": "BUENOS AIRES", "PROV": "06", "NOMDEPTO": "GENERAL SAN MARTIN", "DEPTO": "371", "FRAC": "26", "RADIO": "04", "TIPO": "U", "LINK": "063712604", "IDRADIO_9": "063712604", "hog_tot": 327, "hog_nbi": 8, "pob_tot": 816, "pct_nbi": 2.446483180428134 }, "geometry": { "type": "MultiPolygon", "coordinates": [ [ [ [ -58.539589687290722, -34.590447945918513 ], [ -58.539736011368625, -34.591104556273926 ], [ -58.540186109548237, -34.591038585119918 ], [ -58.540557703604634, -34.590979936769244 ], [ -58.540852705465028, -34.590938398116776 ], [ -58.54147587021275, -34.590828675785026 ], [ -58.54213377052335, -34.590602190236609 ], [ -58.542254263621373, -34.590567576308658 ], [ -58.542922899260653, -34.590350228997188 ], [ -58.543275999823081, -34.590102070068134 ], [ -58.543497078728237, -34.589924442270544 ], [ -58.542696259135639, -34.589252543969152 ], [ -58.542272490721359, -34.588900319090584 ], [ -58.541888791768358, -34.588595572883499 ], [ -58.541134000238038, -34.587940307080778 ], [ -58.540368299047053, -34.587298870649228 ], [ -58.539277039160126, -34.588179478086822 ], [ -58.53868902646073, -34.588660059157938 ], [ -58.538248835164786, -34.58901442170955 ], [ -58.538604790424003, -34.589225993636859 ], [ -58.539144412235899, -34.58952989673287 ], [ -58.539284490845567, -34.589621707735844 ], [ -58.539355877512101, -34.589901976638068 ], [ -58.539589687290722, -34.590447945918513 ] ] ] ] } },
{ "type": "Feature", "properties": { "NOMPROV": "BUENOS AIRES", "PROV": "06", "NOMDEPTO": "GENERAL SAN MARTIN", "DEPTO": "371", "FRAC": "27", "RADIO": "01", "TIPO": "U", "LINK": "063712701", "IDRADIO_9": "063712701", "hog_tot": 268, "hog_nbi": 2, "pob_tot": 668, "pct_nbi": 0.74626865671641796 }, "geometry": { "type": "MultiPolygon", "coordinates": [ [ [ [ -58.548738427885446, -34.585597375521353 ], [ -58.54881360411084, -34.58566136350494 ], [ -58.54773072852624, -34.586513765674177 ], [ -58.546802577953308, -34.587241812951781 ], [ -58.547620191441801, -34.587855445243434 ], [ -58.548459924615209, -34.588451308482604 ], [ -58.549224175856338, -34.589001201529591 ], [ -58.549964737925293, -34.588406107102045 ], [ -58.551047615593816, -34.587553685388983 ], [ -58.551942576918798, -34.586852251767574 ], [ -58.549266767770078, -34.585297203081488 ], [ -58.549332770971965, -34.585261934134863 ], [ -58.549246541945799, -34.585206828470511 ], [ -58.548738427885446, -34.585597375521353 ] ] ] ] } },
{ "type": "Feature", "properties": { "NOMPROV": "BUENOS AIRES", "PROV": "06", "NOMDEPTO": "GENERAL SAN MARTIN", "DEPTO": "371", "FRAC": "12", "RADIO": "14", "TIPO": "U", "LINK": "063711214", "IDRADIO_9": "063711214", "hog_tot": 300, "hog_nbi": 1, "pob_tot": 546, "pct_nbi": 0.33333333333333298 }, "geometry": { "type": "MultiPolygon", "coordinates": [ [ [ [ -58.550179593307305, -34.548416112379797 ], [ -58.551059867671334, -34.549165666712113 ], [ -58.552363471057426, -34.548117544498872 ], [ -58.552971695625388, -34.547592962334129 ], [ -58.553623165266799, -34.547086915393884 ], [ -58.552742732409961, -34.546346390896652 ], [ -58.552102154660098, -34.546852562376984 ], [ -58.551483039157738, -34.547377011944967 ], [ -58.550179593307305, -34.548416112379797 ] ] ] ] } },
{ "type": "Feature", "properties": { "NOMPROV": "BUENOS AIRES", "PROV": "06", "NOMDEPTO": "GENERAL SAN MARTIN", "DEPTO": "371", "FRAC": "10", "RADIO": "07", "TIPO": "U", "LINK": "063711007", "IDRADIO_9": "063711007", "hog_tot": 295, "hog_nbi": 3, "pob_tot": 704, "pct_nbi": 1.0169491525423731 }, "geometry": { "type": "MultiPolygon", "coordinates": [ [ [ [ -58.54499006440723, -34.559707738721556 ], [ -58.545122204525512, -34.55983905960931 ], [ -58.546150128684395, -34.558995031824438 ], [ -58.547221445621574, -34.558160524897765 ], [ -58.547093361635191, -34.558055659418528 ], [ -58.546942158318949, -34.557931865265424 ], [ -58.546083617375423, -34.557182540360202 ], [ -58.545192884446195, -34.556405786425216 ], [ -58.544099158067191, -34.557276062292644 ], [ -58.543060500226211, -34.558110931465102 ], [ -58.543973328655625, -34.558869937427446 ], [ -58.54486517298416, -34.559583620220877 ], [ -58.54499006440723, -34.559707738721556 ] ] ] ] } },
{ "type": "Feature", "properties": { "NOMPROV": "BUENOS AIRES", "PROV": "06", "NOMDEPTO": "GENERAL SAN MARTIN", "DEPTO": "371", "FRAC": "12", "RADIO": "07", "TIPO": "U", "LINK": "063711207", "IDRADIO_9": "063711207", "hog_tot": 237, "hog_nbi": 3, "pob_tot": 600, "pct_nbi": 1.2658227848101271 }, "geometry": { "type": "MultiPolygon", "coordinates": [ [ [ [ -58.555254786306698, -34.54029205774745 ], [ -58.554161377387558, -34.541162433925621 ], [ -58.552868955134542, -34.542201697257447 ], [ -58.55354071908377, -34.54276062294516 ], [ -58.554167500543585, -34.542263083149628 ], [ -58.55508795477688, -34.543012149865561 ], [ -58.555717749856306, -34.542496820743267 ], [ -58.556358583276527, -34.541972606165253 ], [ -58.55699925312765, -34.541457398723978 ], [ -58.557010299109393, -34.541448515790186 ], [ -58.556112433082461, -34.540699068939979 ], [ -58.555911626383754, -34.540854084778886 ], [ -58.555254786306698, -34.54029205774745 ] ] ] ] } },
{ "type": "Feature", "properties": { "NOMPROV": "BUENOS AIRES", "PROV": "06", "NOMDEPTO": "GENERAL SAN MARTIN", "DEPTO": "371", "FRAC": "26", "RADIO": "06", "TIPO": "U", "LINK": "063712606", "IDRADIO_9": "063712606", "hog_tot": 334, "hog_nbi": 11, "pob_tot": 893, "pct_nbi": 3.293413173652695 }, "geometry": { "type": "MultiPolygon", "coordinates": [ [ [ [ -58.539736011368625, -34.591104556273926 ], [ -58.539511047864075, -34.591152782091484 ], [ -58.538069949769714, -34.591357333034644 ], [ -58.537439198749937, -34.591442802736751 ], [ -58.537814094998069, -34.59167633082572 ], [ -58.538645740064489, -34.59225586864963 ], [ -58.539699643760933, -34.592942465184358 ], [ -58.539748548089221, -34.59299826382572 ], [ -58.540123638808659, -34.59336328811434 ], [ -58.540584648090537, -34.593801445255316 ], [ -58.541469022858394, -34.593090951208069 ], [ -58.541889096650578, -34.59275346328451 ], [ -58.54227631748175, -34.592424595634718 ], [ -58.542342644103371, -34.592371307699914 ], [ -58.542278364125202, -34.592307445963279 ], [ -58.54146342660777, -34.591540583406314 ], [ -58.540852705465028, -34.590938398116776 ], [ -58.540557703604634, -34.590979936769244 ], [ -58.540186109548237, -34.591038585119918 ], [ -58.539736011368625, -34.591104556273926 ] ] ] ] } },
{ "type": "Feature", "properties": { "NOMPROV": "BUENOS AIRES", "PROV": "06", "NOMDEPTO": "GENERAL SAN MARTIN", "DEPTO": "371", "FRAC": "33", "RADIO": "01", "TIPO": "U", "LINK": "063713301", "IDRADIO_9": "063713301", "hog_tot": 218, "hog_nbi": 18, "pob_tot": 720, "pct_nbi": 8.2568807339449553 }, "geometry": { "type": "MultiPolygon", "coordinates": [ [ [ [ -58.580348683486783, -34.562602995639359 ], [ -58.579789844791264, -34.562679191506611 ], [ -58.579132053713245, -34.562778692844255 ], [ -58.578272905219684, -34.562962036832907 ], [ -58.576350471165505, -34.56336958946612 ], [ -58.576716235829807, -34.564569946941468 ], [ -58.576852632496191, -34.564685958127484 ], [ -58.57698618125103, -34.56479954738797 ], [ -58.577160981100917, -34.564948221951333 ], [ -58.577345999784761, -34.565105587200236 ], [ -58.577614384895845, -34.565333855732696 ], [ -58.577764712023445, -34.565461713336973 ], [ -58.577984814083159, -34.565648915458446 ], [ -58.578145338183162, -34.565785443396024 ], [ -58.578216155866635, -34.565845675321725 ], [ -58.579147380407782, -34.565101341901617 ], [ -58.579454553611292, -34.564855811684396 ], [ -58.579573871344301, -34.564761335591989 ], [ -58.581285217372695, -34.563406251697948 ], [ -58.58244626999204, -34.562566791184459 ], [ -58.581151881180958, -34.562563416006704 ], [ -58.580348683486783, -34.562602995639359 ] ] ] ] } },
{ "type": "Feature", "properties": { "NOMPROV": "BUENOS AIRES", "PROV": "06", "NOMDEPTO": "GENERAL SAN MARTIN", "DEPTO": "371", "FRAC": "34", "RADIO": "05", "TIPO": "U", "LINK": "063713405", "IDRADIO_9": "063713405", "hog_tot": 190, "hog_nbi": 17, "pob_tot": 555, "pct_nbi": 8.9473684210526319 }, "geometry": { "type": "MultiPolygon", "coordinates": [ [ [ [ -58.567719237104228, -34.560710707572191 ], [ -58.567919328406113, -34.560890119603684 ], [ -58.568516606360539, -34.560411127239121 ], [ -58.568798486301226, -34.560185067646437 ], [ -58.569032449043924, -34.559997435236063 ], [ -58.569127848399681, -34.559920926820631 ], [ -58.569279742285566, -34.559798776487675 ], [ -58.569590318291837, -34.559538389105214 ], [ -58.568896547419939, -34.558975260303598 ], [ -58.568407705355753, -34.559358994078316 ], [ -58.567850175245184, -34.559809141521242 ], [ -58.567252199777457, -34.560291934284216 ], [ -58.567424412109688, -34.5604463508908 ], [ -58.567492640973647, -34.560507528397949 ], [ -58.567612721454893, -34.560615200151645 ], [ -58.567719237104228, -34.560710707572191 ] ] ] ] } },
{ "type": "Feature", "properties": { "NOMPROV": "BUENOS AIRES", "PROV": "06", "NOMDEPTO": "GENERAL SAN MARTIN", "DEPTO": "371", "FRAC": "35", "RADIO": "13", "TIPO": "U", "LINK": "063713513", "IDRADIO_9": "063713513", "hog_tot": 328, "hog_nbi": 13, "pob_tot": 957, "pct_nbi": 3.963414634146341 }, "geometry": { "type": "MultiPolygon", "coordinates": [ [ [ [ -58.579526951803473, -34.561866717440708 ], [ -58.580348683486783, -34.562602995639359 ], [ -58.581151881180958, -34.562563416006704 ], [ -58.58244626999204, -34.562566791184459 ], [ -58.582990560944566, -34.562568469265287 ], [ -58.58274022811058, -34.562332849765028 ], [ -58.581809421402752, -34.561505406037995 ], [ -58.580972941353878, -34.560765866331401 ], [ -58.579985640353868, -34.559880076623784 ], [ -58.580051915932387, -34.559826767565944 ], [ -58.579515983798004, -34.559337497971804 ], [ -58.57871099955748, -34.558594341830144 ], [ -58.578700413402942, -34.558576191582141 ], [ -58.577983181549619, -34.559108646738594 ], [ -58.577398189930726, -34.559552503906239 ], [ -58.576867738528449, -34.559951968077968 ], [ -58.577892270587071, -34.5605641495318 ], [ -58.578606266297719, -34.561019853272768 ], [ -58.579526951803473, -34.561866717440708 ] ] ] ] } },
{ "type": "Feature", "properties": { "NOMPROV": "BUENOS AIRES", "PROV": "06", "NOMDEPTO": "GENERAL SAN MARTIN", "DEPTO": "371", "FRAC": "24", "RADIO": "08", "TIPO": "U", "LINK": "063712408", "IDRADIO_9": "063712408", "hog_tot": 228, "hog_nbi": 5, "pob_tot": 560, "pct_nbi": 2.192982456140351 }, "geometry": { "type": "MultiPolygon", "coordinates": [ [ [ [ -58.516794909056351, -34.585379666267286 ], [ -58.518710995094402, -34.589426172969816 ], [ -58.519243855601509, -34.589239123107063 ], [ -58.520507691996762, -34.590085694196887 ], [ -58.521424963596552, -34.590641416338322 ], [ -58.522686152335687, -34.591431842079096 ], [ -58.523343111914762, -34.59065521538129 ], [ -58.523159322111091, -34.590536711231152 ], [ -58.523654069185262, -34.589968861591998 ], [ -58.524140395874795, -34.58946243052705 ], [ -58.524604691138741, -34.588949345026194 ], [ -58.525104746513499, -34.588405575737966 ], [ -58.525966190156737, -34.587336289494097 ], [ -58.525825822380099, -34.58724654470636 ], [ -58.524496433864684, -34.586442322197279 ], [ -58.523159189239209, -34.585641982379144 ], [ -58.521832866462979, -34.584841759550137 ], [ -58.520509706997778, -34.584044963442373 ], [ -58.519074675241875, -34.583153681985131 ], [ -58.516301943103407, -34.581492481226178 ], [ -58.515946462250326, -34.581263523608172 ], [ -58.515331812592187, -34.5809178705641 ], [ -58.51475580612621, -34.580995119855899 ], [ -58.514966307373925, -34.581444411447997 ], [ -58.515090283675441, -34.581712387813823 ], [ -58.516794909056351, -34.585379666267286 ] ] ] ] } },
{ "type": "Feature", "properties": { "NOMPROV": "BUENOS AIRES", "PROV": "06", "NOMDEPTO": "GENERAL SAN MARTIN", "DEPTO": "371", "FRAC": "41", "RADIO": "05", "TIPO": "U", "LINK": "063714105", "IDRADIO_9": "063714105", "hog_tot": 288, "hog_nbi": 6, "pob_tot": 723, "pct_nbi": 2.083333333333333 }, "geometry": { "type": "MultiPolygon", "coordinates": [ [ [ [ -58.511812741268727, -34.568641631555423 ], [ -58.512771564250578, -34.569210655607399 ], [ -58.513394571317804, -34.568405151159666 ], [ -58.514057802426187, -34.567665626079965 ], [ -58.514778134829719, -34.566834981647048 ], [ -58.515452527927621, -34.566059328832083 ], [ -58.51600383341389, -34.565408861446009 ], [ -58.515116041907206, -34.564888677301617 ], [ -58.514243168270461, -34.5643758115136 ], [ -58.513120985931579, -34.565842829573683 ], [ -58.511374513177309, -34.567508123496495 ], [ -58.510829207487255, -34.56800928152316 ], [ -58.511812741268727, -34.568641631555423 ] ] ] ] } },
{ "type": "Feature", "properties": { "NOMPROV": "BUENOS AIRES", "PROV": "06", "NOMDEPTO": "GENERAL SAN MARTIN", "DEPTO": "371", "FRAC": "41", "RADIO": "01", "TIPO": "U", "LINK": "063714101", "IDRADIO_9": "063714101", "hog_tot": 387, "hog_nbi": 15, "pob_tot": 954, "pct_nbi": 3.8759689922480618 }, "geometry": { "type": "MultiPolygon", "coordinates": [ [ [ [ -58.517978636594542, -34.568670101810696 ], [ -58.518733369084579, -34.569120919602852 ], [ -58.519497076307388, -34.569560302729244 ], [ -58.520191546762391, -34.569963211721017 ], [ -58.520919190088442, -34.570387786863137 ], [ -58.521678034837358, -34.570815085478735 ], [ -58.522411497175064, -34.571238583057777 ], [ -58.522965194484193, -34.570497711745638 ], [ -58.523549144889785, -34.569863228301216 ], [ -58.522857035241742, -34.569459327543299 ], [ -58.522106735112523, -34.569023874444142 ], [ -58.521401198393477, -34.568603454469013 ], [ -58.520689711157701, -34.568171203986203 ], [ -58.520252906732566, -34.567918040397672 ], [ -58.519945551428336, -34.567738552312989 ], [ -58.519541352618802, -34.5674902892166 ], [ -58.51919098410513, -34.567278730615634 ], [ -58.518612689077571, -34.567938703090391 ], [ -58.517978636594542, -34.568670101810696 ] ] ] ] } },
{ "type": "Feature", "properties": { "NOMPROV": "BUENOS AIRES", "PROV": "06", "NOMDEPTO": "GENERAL SAN MARTIN", "DEPTO": "371", "FRAC": "42", "RADIO": "02", "TIPO": "U", "LINK": "063714202", "IDRADIO_9": "063714202", "hog_tot": 389, "hog_nbi": 7, "pob_tot": 1006, "pct_nbi": 1.7994858611825191 }, "geometry": { "type": "MultiPolygon", "coordinates": [ [ [ [ -58.523549144889785, -34.569863228301216 ], [ -58.522965194484193, -34.570497711745638 ], [ -58.522411497175064, -34.571238583057777 ], [ -58.52153315078926, -34.572228430390467 ], [ -58.522266305553217, -34.572669951967477 ], [ -58.523258063829473, -34.573276839803952 ], [ -58.524077595404478, -34.573764462819923 ], [ -58.524967619441185, -34.572729671366659 ], [ -58.52556326157594, -34.572024430335844 ], [ -58.526157489979468, -34.571374013847446 ], [ -58.525321025953616, -34.570876585590433 ], [ -58.524281437007801, -34.570286624841948 ], [ -58.523549144889785, -34.569863228301216 ] ] ] ] } },
{ "type": "Feature", "properties": { "NOMPROV": "BUENOS AIRES", "PROV": "06", "NOMDEPTO": "GENERAL SAN MARTIN", "DEPTO": "371", "FRAC": "21", "RADIO": "08", "TIPO": "U", "LINK": "063712108", "IDRADIO_9": "063712108", "hog_tot": 228, "hog_nbi": 2, "pob_tot": 567, "pct_nbi": 0.87719298245613997 }, "geometry": { "type": "MultiPolygon", "coordinates": [ [ [ [ -58.539596952501604, -34.565532648840183 ], [ -58.54038067889698, -34.566200002368802 ], [ -58.540788651043393, -34.566547390920903 ], [ -58.541389879867495, -34.567059328685247 ], [ -58.541400616182599, -34.567068470421745 ], [ -58.542109374406962, -34.567662810581567 ], [ -58.542216738152803, -34.567754226389759 ], [ -58.542259684146394, -34.567790793053526 ], [ -58.542967825735566, -34.568421174670064 ], [ -58.544018138691897, -34.567550394643348 ], [ -58.543266736791203, -34.566901475844489 ], [ -58.543202474967181, -34.566837615714469 ], [ -58.543159371834378, -34.566810060933442 ], [ -58.542450612925435, -34.566215726786062 ], [ -58.541849541701382, -34.565694782630807 ], [ -58.541452146683064, -34.565365551739404 ], [ -58.540399706394652, -34.564487682042618 ], [ -58.540210268120617, -34.564728779068304 ], [ -58.539596952501604, -34.565532648840183 ] ] ] ] } },
{ "type": "Feature", "properties": { "NOMPROV": "BUENOS AIRES", "PROV": "06", "NOMDEPTO": "GENERAL SAN MARTIN", "DEPTO": "371", "FRAC": "03", "RADIO": "09", "TIPO": "U", "LINK": "063710309", "IDRADIO_9": "063710309", "hog_tot": 227, "hog_nbi": 13, "pob_tot": 680, "pct_nbi": 5.7268722466960362 }, "geometry": { "type": "MultiPolygon", "coordinates": [ [ [ [ -58.567380014876882, -34.529396313086444 ], [ -58.568052246848232, -34.529955186127907 ], [ -58.568691440008706, -34.530499382752836 ], [ -58.56764067423336, -34.531362970785061 ], [ -58.568563861848695, -34.532111342733764 ], [ -58.569397169966024, -34.532823249739728 ], [ -58.57072547931763, -34.531812178010256 ], [ -58.571450630285121, -34.531203958729876 ], [ -58.572071656473653, -34.530660688344092 ], [ -58.571218453002793, -34.529923110572334 ], [ -58.570352087522224, -34.529174308755252 ], [ -58.569673260358307, -34.528601990373105 ], [ -58.569021432504783, -34.528079059696672 ], [ -58.568365981307238, -34.528617106971943 ], [ -58.567380014876882, -34.529396313086444 ] ] ] ] } },
{ "type": "Feature", "properties": { "NOMPROV": "BUENOS AIRES", "PROV": "06", "NOMDEPTO": "GENERAL SAN MARTIN", "DEPTO": "371", "FRAC": "39", "RADIO": "09", "TIPO": "U", "LINK": "063713909", "IDRADIO_9": "063713909", "hog_tot": 402, "hog_nbi": 8, "pob_tot": 1054, "pct_nbi": 1.9900497512437809 }, "geometry": { "type": "MultiPolygon", "coordinates": [ [ [ [ -58.56764067423336, -34.531362970785061 ], [ -58.567140238464134, -34.531783396372496 ], [ -58.566383926337231, -34.532389102778041 ], [ -58.565818489536497, -34.532826659466529 ], [ -58.565093663590581, -34.533413818806324 ], [ -58.564316012696509, -34.534039345885837 ], [ -58.563818292327419, -34.534461524273318 ], [ -58.5646893941759, -34.535213602053219 ], [ -58.565572432077914, -34.535965405646024 ], [ -58.566870630083542, -34.534926606595519 ], [ -58.568135752681982, -34.533865273509747 ], [ -58.569397169966024, -34.532823249739728 ], [ -58.568563861848695, -34.532111342733764 ], [ -58.56764067423336, -34.531362970785061 ] ] ] ] } },
{ "type": "Feature", "properties": { "NOMPROV": "BUENOS AIRES", "PROV": "06", "NOMDEPTO": "GENERAL SAN MARTIN", "DEPTO": "371", "FRAC": "21", "RADIO": "09", "TIPO": "U", "LINK": "063712109", "IDRADIO_9": "063712109", "hog_tot": 250, "hog_nbi": 4, "pob_tot": 581, "pct_nbi": 1.6 }, "geometry": { "type": "MultiPolygon", "coordinates": [ [ [ [ -58.538721276157034, -34.568253230037357 ], [ -58.539279558671019, -34.568728610167582 ], [ -58.540318546605604, -34.567884767337837 ], [ -58.541389879867495, -34.567059328685247 ], [ -58.540788651043393, -34.566547390920903 ], [ -58.54038067889698, -34.566200002368802 ], [ -58.539596952501604, -34.565532648840183 ], [ -58.539333412700053, -34.56528421550621 ], [ -58.539200161457437, -34.565158603198022 ], [ -58.538626258050485, -34.565899593216884 ], [ -58.538353217268906, -34.566247846351381 ], [ -58.537561313145289, -34.567292928836252 ], [ -58.537683219275081, -34.567386859098079 ], [ -58.537787083363355, -34.567466888009434 ], [ -58.538237994619244, -34.567850852180577 ], [ -58.538721276157034, -34.568253230037357 ] ] ] ] } },
{ "type": "Feature", "properties": { "NOMPROV": "BUENOS AIRES", "PROV": "06", "NOMDEPTO": "GENERAL SAN MARTIN", "DEPTO": "371", "FRAC": "22", "RADIO": "04", "TIPO": "U", "LINK": "063712204", "IDRADIO_9": "063712204", "hog_tot": 275, "hog_nbi": 2, "pob_tot": 537, "pct_nbi": 0.72727272727272696 }, "geometry": { "type": "MultiPolygon", "coordinates": [ [ [ [ -58.542887206047162, -34.573666015355492 ], [ -58.543660295998315, -34.57432420792442 ], [ -58.544422661560844, -34.574973255255372 ], [ -58.544964512008015, -34.574520033238983 ], [ -58.545506356569419, -34.574066808635401 ], [ -58.544754414813454, -34.573444932555851 ], [ -58.543992060098724, -34.57279588832828 ], [ -58.542887206047162, -34.573666015355492 ] ] ] ] } },
{ "type": "Feature", "properties": { "NOMPROV": "BUENOS AIRES", "PROV": "06", "NOMDEPTO": "GENERAL SAN MARTIN", "DEPTO": "371", "FRAC": "51", "RADIO": "09", "TIPO": "U", "LINK": "063715109", "IDRADIO_9": "063715109", "hog_tot": 454, "hog_nbi": 12, "pob_tot": 1169, "pct_nbi": 2.643171806167401 }, "geometry": { "type": "MultiPolygon", "coordinates": [ [ [ [ -58.542696259135639, -34.589252543969152 ], [ -58.543497078728237, -34.589924442270544 ], [ -58.544791161444778, -34.588840249989545 ], [ -58.545464533861129, -34.588324956356736 ], [ -58.544499852779609, -34.587737541285492 ], [ -58.543668460719921, -34.58717474700088 ], [ -58.544047420977833, -34.586847544647455 ], [ -58.54325756768381, -34.586213852616837 ], [ -58.542498167527896, -34.585553334900993 ], [ -58.541487666135538, -34.586412259783685 ], [ -58.540368299047053, -34.587298870649228 ], [ -58.541134000238038, -34.587940307080778 ], [ -58.541888791768358, -34.588595572883499 ], [ -58.542272490721359, -34.588900319090584 ], [ -58.542696259135639, -34.589252543969152 ] ] ] ] } },
{ "type": "Feature", "properties": { "NOMPROV": "BUENOS AIRES", "PROV": "06", "NOMDEPTO": "GENERAL SAN MARTIN", "DEPTO": "371", "FRAC": "47", "RADIO": "09", "TIPO": "U", "LINK": "063714709", "IDRADIO_9": "063714709", "hog_tot": 419, "hog_nbi": 19, "pob_tot": 1206, "pct_nbi": 4.5346062052505962 }, "geometry": { "type": "MultiPolygon", "coordinates": [ [ [ [ -58.579067545855885, -34.546835162481507 ], [ -58.578293896257534, -34.547501185246297 ], [ -58.577610540642425, -34.548165488692774 ], [ -58.576996485522805, -34.547704625312107 ], [ -58.575765718930903, -34.548582092591957 ], [ -58.574871065823039, -34.549301743752459 ], [ -58.57382145501817, -34.550163793841456 ], [ -58.574422009323449, -34.550720630810105 ], [ -58.5755929650377, -34.549769856538887 ], [ -58.576250442437285, -34.550183132811412 ], [ -58.577194639532216, -34.551032394792962 ], [ -58.576511001773305, -34.551610718087332 ], [ -58.577295270728051, -34.552160253349456 ], [ -58.57793197399436, -34.551660749152497 ], [ -58.57878652234362, -34.550951790153505 ], [ -58.578841747463485, -34.550907365550806 ], [ -58.579186099385318, -34.550633991349784 ], [ -58.579968631136673, -34.549983076142581 ], [ -58.581000286519512, -34.549134880542439 ], [ -58.582466650406005, -34.547944841846366 ], [ -58.581968098166868, -34.546674247915021 ], [ -58.581822609778527, -34.546277197293215 ], [ -58.581570826112277, -34.545665486864678 ], [ -58.580571403321166, -34.546003747808996 ], [ -58.580438511114316, -34.546049645282757 ], [ -58.579605764424201, -34.546344143029934 ], [ -58.579067545855885, -34.546835162481507 ] ] ] ] } },
{ "type": "Feature", "properties": { "NOMPROV": "BUENOS AIRES", "PROV": "06", "NOMDEPTO": "GENERAL SAN MARTIN", "DEPTO": "371", "FRAC": "36", "RADIO": "06", "TIPO": "U", "LINK": "063713606", "IDRADIO_9": "063713606", "hog_tot": 184, "hog_nbi": 12, "pob_tot": 643, "pct_nbi": 6.5217391304347823 }, "geometry": { "type": "MultiPolygon", "coordinates": [ [ [ [ -58.592559189807133, -34.552173030109067 ], [ -58.593007313716363, -34.55256662720781 ], [ -58.593034570448076, -34.552574096289014 ], [ -58.593078637823069, -34.552561062261887 ], [ -58.593193124460917, -34.552661245578314 ], [ -58.593644379352469, -34.552295921710403 ], [ -58.594434748701119, -34.553016737673865 ], [ -58.594524669859837, -34.552946576081055 ], [ -58.594722646667734, -34.552792102905002 ], [ -58.594963097517713, -34.552604487002924 ], [ -58.595102024189799, -34.552496087575186 ], [ -58.5952359255933, -34.552391607823672 ], [ -58.595377912663992, -34.552280818647979 ], [ -58.595581774464186, -34.552121749038186 ], [ -58.59574118762162, -34.55199736199485 ], [ -58.594953228845135, -34.55130630781084 ], [ -58.594350742620605, -34.550787182058585 ], [ -58.593767781150504, -34.550280947705097 ], [ -58.5951065177224, -34.549284776736904 ], [ -58.594564040295758, -34.548766957331914 ], [ -58.593156584583298, -34.54972377790186 ], [ -58.591808018986185, -34.550732741731387 ], [ -58.591422618223199, -34.5510350904731 ], [ -58.591338640642569, -34.551100970254403 ], [ -58.591965082245991, -34.551651205078151 ], [ -58.592559189807133, -34.552173030109067 ] ] ] ] } },
{ "type": "Feature", "properties": { "NOMPROV": "BUENOS AIRES", "PROV": "06", "NOMDEPTO": "GENERAL SAN MARTIN", "DEPTO": "371", "FRAC": "17", "RADIO": "06", "TIPO": "U", "LINK": "063711706", "IDRADIO_9": "063711706", "hog_tot": 256, "hog_nbi": 8, "pob_tot": 649, "pct_nbi": 3.125 }, "geometry": { "type": "MultiPolygon", "coordinates": [ [ [ [ -58.570527505519642, -34.539570479839945 ], [ -58.569522772096597, -34.540360912627612 ], [ -58.571433070447121, -34.540370715200751 ], [ -58.571973636092387, -34.540356528683297 ], [ -58.572657789351794, -34.540352222562476 ], [ -58.573832318615366, -34.540370049814889 ], [ -58.574214083261268, -34.540220684881426 ], [ -58.573231668274893, -34.539403812570953 ], [ -58.572567159295311, -34.538844348351468 ], [ -58.572029510909076, -34.538362220234561 ], [ -58.571157181596128, -34.539055067763087 ], [ -58.570527505519642, -34.539570479839945 ] ] ] ] } },
{ "type": "Feature", "properties": { "NOMPROV": "BUENOS AIRES", "PROV": "06", "NOMDEPTO": "GENERAL SAN MARTIN", "DEPTO": "371", "FRAC": "20", "RADIO": "08", "TIPO": "U", "LINK": "063712008", "IDRADIO_9": "063712008", "hog_tot": 251, "hog_nbi": 3, "pob_tot": 647, "pct_nbi": 1.1952191235059759 }, "geometry": { "type": "MultiPolygon", "coordinates": [ [ [ [ -58.5490916757308, -34.56150872591099 ], [ -58.549317142554372, -34.561700688196382 ], [ -58.549326940131664, -34.561763898767971 ], [ -58.549410798299206, -34.561954176875076 ], [ -58.549733619330006, -34.562814289480848 ], [ -58.550139369825025, -34.563918747539773 ], [ -58.550551143033346, -34.563869958613651 ], [ -58.551236479482156, -34.563374644721684 ], [ -58.551944969917287, -34.562927061843986 ], [ -58.552443400075497, -34.562563629059412 ], [ -58.553095076475593, -34.562086919914442 ], [ -58.55279840623367, -34.561315629736768 ], [ -58.552361130995919, -34.56002989418193 ], [ -58.551876950231751, -34.560396861644932 ], [ -58.551158276194414, -34.56090222250338 ], [ -58.550819159538598, -34.561154184131006 ], [ -58.550496299344736, -34.560930528669715 ], [ -58.550174047783649, -34.560665311372837 ], [ -58.5490916757308, -34.56150872591099 ] ] ] ] } },
{ "type": "Feature", "properties": { "NOMPROV": "BUENOS AIRES", "PROV": "06", "NOMDEPTO": "GENERAL SAN MARTIN", "DEPTO": "371", "FRAC": "51", "RADIO": "05", "TIPO": "U", "LINK": "063715105", "IDRADIO_9": "063715105", "hog_tot": 314, "hog_nbi": 31, "pob_tot": 820, "pct_nbi": 9.8726114649681538 }, "geometry": { "type": "MultiPolygon", "coordinates": [ [ [ [ -58.537259247416429, -34.584653173048828 ], [ -58.538023941604628, -34.585333439965957 ], [ -58.538786829665533, -34.585987598484131 ], [ -58.539566398770411, -34.586644254902374 ], [ -58.540368299047053, -34.587298870649228 ], [ -58.541487666135538, -34.586412259783685 ], [ -58.542498167527896, -34.585553334900993 ], [ -58.541743253865434, -34.584883039753251 ], [ -58.540971208126088, -34.584221791941204 ], [ -58.540263430199126, -34.58363492875268 ], [ -58.539413042845801, -34.582899264907255 ], [ -58.538330112287738, -34.583751582500327 ], [ -58.537259247416429, -34.584653173048828 ] ] ] ] } },
{ "type": "Feature", "properties": { "NOMPROV": "BUENOS AIRES", "PROV": "06", "NOMDEPTO": "GENERAL SAN MARTIN", "DEPTO": "371", "FRAC": "13", "RADIO": "05", "TIPO": "U", "LINK": "063711305", "IDRADIO_9": "063711305", "hog_tot": 239, "hog_nbi": 9, "pob_tot": 622, "pct_nbi": 3.7656903765690379 }, "geometry": { "type": "MultiPolygon", "coordinates": [ [ [ [ -58.572074332476802, -34.535099859705483 ], [ -58.571290542460531, -34.535712621858266 ], [ -58.57220404339153, -34.53636854608002 ], [ -58.57313232029373, -34.536940495999872 ], [ -58.572434209917041, -34.537518747790287 ], [ -58.571736593165703, -34.53806746931464 ], [ -58.571878746545678, -34.53821051263283 ], [ -58.572029510909076, -34.538362220234561 ], [ -58.573177919675437, -34.537447256690761 ], [ -58.574414805143697, -34.536452192368529 ], [ -58.57502219346663, -34.535963539813515 ], [ -58.575640771434514, -34.535456988497401 ], [ -58.576768084290499, -34.534508697347405 ], [ -58.57696568885185, -34.534342842352281 ], [ -58.57687146868912, -34.534157364504381 ], [ -58.576753074624342, -34.533940217922314 ], [ -58.57669232201922, -34.533828792153336 ], [ -58.576239868405061, -34.534175043818387 ], [ -58.575897380462266, -34.534459482571911 ], [ -58.575383031162538, -34.534922184798148 ], [ -58.574558464919747, -34.535692229113522 ], [ -58.573849808760912, -34.535093569518949 ], [ -58.572955323069145, -34.534366483661223 ], [ -58.57199291943224, -34.53365406338775 ], [ -58.571194161669943, -34.534341442529531 ], [ -58.572074332476802, -34.535099859705483 ] ] ] ] } },
{ "type": "Feature", "properties": { "NOMPROV": "BUENOS AIRES", "PROV": "06", "NOMDEPTO": "GENERAL SAN MARTIN", "DEPTO": "371", "FRAC": "21", "RADIO": "04", "TIPO": "U", "LINK": "063712104", "IDRADIO_9": "063712104", "hog_tot": 378, "hog_nbi": 5, "pob_tot": 897, "pct_nbi": 1.322751322751323 }, "geometry": { "type": "MultiPolygon", "coordinates": [ [ [ [ -58.542559399546498, -34.561854532049232 ], [ -58.542250150060646, -34.562094201830007 ], [ -58.541995835004172, -34.56230748580365 ], [ -58.541498095198001, -34.562734183121513 ], [ -58.541558419163394, -34.563023333825761 ], [ -58.541771442857957, -34.56392722058159 ], [ -58.54180223490021, -34.564035749653115 ], [ -58.541923634295863, -34.563947065632448 ], [ -58.542256449933646, -34.564230456548849 ], [ -58.542932353654223, -34.564833412977102 ], [ -58.543544634678724, -34.565336458772968 ], [ -58.544583380358056, -34.56450158858312 ], [ -58.545611212012759, -34.563666579115022 ], [ -58.545009980202785, -34.563154661837082 ], [ -58.544011208440146, -34.562322530714134 ], [ -58.543012299418407, -34.561499402469614 ], [ -58.542559399546498, -34.561854532049232 ] ] ] ] } },
{ "type": "Feature", "properties": { "NOMPROV": "BUENOS AIRES", "PROV": "06", "NOMDEPTO": "GENERAL SAN MARTIN", "DEPTO": "371", "FRAC": "07", "RADIO": "07", "TIPO": "U", "LINK": "063710707", "IDRADIO_9": "063710707", "hog_tot": 338, "hog_nbi": 9, "pob_tot": 929, "pct_nbi": 2.662721893491125 }, "geometry": { "type": "MultiPolygon", "coordinates": [ [ [ [ -58.532649140036781, -34.555399368363105 ], [ -58.532961022520325, -34.555656254744349 ], [ -58.533626405991008, -34.556204292144777 ], [ -58.53387583556249, -34.5564051934725 ], [ -58.534614740081537, -34.557000328592018 ], [ -58.535049857562555, -34.557359681899577 ], [ -58.535323522659283, -34.55758569417403 ], [ -58.536395714943154, -34.556706226673974 ], [ -58.537257936285101, -34.555995487829406 ], [ -58.537876731187531, -34.555498150564809 ], [ -58.537404259745784, -34.555104912577619 ], [ -58.537114116878335, -34.554876100762648 ], [ -58.53616903477598, -34.554098629872122 ], [ -58.535380006041905, -34.553383446719138 ], [ -58.534938819684861, -34.553691555174552 ], [ -58.533775475636723, -34.554538601291718 ], [ -58.533057369931903, -34.5551068325437 ], [ -58.532649140036781, -34.555399368363105 ] ] ] ] } },
{ "type": "Feature", "properties": { "NOMPROV": "BUENOS AIRES", "PROV": "06", "NOMDEPTO": "GENERAL SAN MARTIN", "DEPTO": "371", "FRAC": "40", "RADIO": "05", "TIPO": "U", "LINK": "063714005", "IDRADIO_9": "063714005", "hog_tot": 242, "hog_nbi": 29, "pob_tot": 644, "pct_nbi": 11.983471074380166 }, "geometry": { "type": "MultiPolygon", "coordinates": [ [ [ [ -58.526535022781538, -34.555533025922315 ], [ -58.527408706159619, -34.556030293769737 ], [ -58.527960928475892, -34.55564928163917 ], [ -58.528268929865291, -34.555436769748361 ], [ -58.528720754340014, -34.555085603808095 ], [ -58.52894019294618, -34.55484825608017 ], [ -58.527897454300195, -34.554260547851854 ], [ -58.526745049217098, -34.553605951812912 ], [ -58.526811160696823, -34.553519312246053 ], [ -58.52665455004469, -34.553437710994999 ], [ -58.526152127922707, -34.553175923367895 ], [ -58.525826090610941, -34.553006040315914 ], [ -58.525628223522808, -34.553226690548087 ], [ -58.525474868979373, -34.553397701294351 ], [ -58.524810797085692, -34.554166037428637 ], [ -58.524589752510742, -34.554421784345053 ], [ -58.525555005183421, -34.554971197860525 ], [ -58.526535022781538, -34.555533025922315 ] ] ] ] } },
{ "type": "Feature", "properties": { "NOMPROV": "BUENOS AIRES", "PROV": "06", "NOMDEPTO": "GENERAL SAN MARTIN", "DEPTO": "371", "FRAC": "06", "RADIO": "08", "TIPO": "U", "LINK": "063710608", "IDRADIO_9": "063710608", "hog_tot": 271, "hog_nbi": 21, "pob_tot": 843, "pct_nbi": 7.7490774907749076 }, "geometry": { "type": "MultiPolygon", "coordinates": [ [ [ [ -58.539951832282277, -34.54647350448402 ], [ -58.539277717870419, -34.547024273749301 ], [ -58.538382778615244, -34.547743650153258 ], [ -58.537380254590026, -34.548589262067786 ], [ -58.536598902819208, -34.549246169512429 ], [ -58.535898233473503, -34.549825745915577 ], [ -58.5361751220237, -34.550022849126726 ], [ -58.536669996365283, -34.550380138837667 ], [ -58.537278402972383, -34.549875572945176 ], [ -58.537609698950064, -34.549591158643139 ], [ -58.537686411785238, -34.549565037234373 ], [ -58.538067359601641, -34.549230481489971 ], [ -58.539098394037438, -34.548387432426708 ], [ -58.540002296483536, -34.547647220698124 ], [ -58.540623583539315, -34.547176647752011 ], [ -58.540539979212426, -34.547102464470044 ], [ -58.539951832282277, -34.54647350448402 ] ] ] ] } },
{ "type": "Feature", "properties": { "NOMPROV": "BUENOS AIRES", "PROV": "06", "NOMDEPTO": "GENERAL SAN MARTIN", "DEPTO": "371", "FRAC": "40", "RADIO": "04", "TIPO": "U", "LINK": "063714004", "IDRADIO_9": "063714004", "hog_tot": 311, "hog_nbi": 31, "pob_tot": 1029, "pct_nbi": 9.9678456591639879 }, "geometry": { "type": "MultiPolygon", "coordinates": [ [ [ [ -58.523480395695628, -34.554068703796361 ], [ -58.523739392837662, -34.554208394088519 ], [ -58.523936825523464, -34.554304828523968 ], [ -58.524471773326823, -34.554566117048282 ], [ -58.524589752510742, -34.554421784345053 ], [ -58.524810797085692, -34.554166037428637 ], [ -58.525474868979373, -34.553397701294351 ], [ -58.525628223522808, -34.553226690548087 ], [ -58.525826090610941, -34.553006040315914 ], [ -58.525198461209399, -34.552706497343465 ], [ -58.524948946726191, -34.552578808028372 ], [ -58.524713891665421, -34.552458518118705 ], [ -58.524407928335158, -34.5528579246985 ], [ -58.524076631986617, -34.553290395450034 ], [ -58.523804372990853, -34.553645796960211 ], [ -58.523480395695628, -34.554068703796361 ] ] ] ] } },
{ "type": "Feature", "properties": { "NOMPROV": "BUENOS AIRES", "PROV": "06", "NOMDEPTO": "GENERAL SAN MARTIN", "DEPTO": "371", "FRAC": "12", "RADIO": "03", "TIPO": "U", "LINK": "063711203", "IDRADIO_9": "063711203", "hog_tot": 369, "hog_nbi": 3, "pob_tot": 830, "pct_nbi": 0.81300813008130102 }, "geometry": { "type": "MultiPolygon", "coordinates": [ [ [ [ -58.545515565950915, -34.546630052541744 ], [ -58.546310060413845, -34.547297496469128 ], [ -58.547613848078136, -34.54624041474014 ], [ -58.548906399027473, -34.545201210946516 ], [ -58.54809247251498, -34.544561696262406 ], [ -58.547312164911865, -34.543857269193396 ], [ -58.546024555302402, -34.544923560075645 ], [ -58.544731975151073, -34.545962732614363 ], [ -58.545515565950915, -34.546630052541744 ] ] ] ] } },
{ "type": "Feature", "properties": { "NOMPROV": "BUENOS AIRES", "PROV": "06", "NOMDEPTO": "GENERAL SAN MARTIN", "DEPTO": "371", "FRAC": "10", "RADIO": "08", "TIPO": "U", "LINK": "063711008", "IDRADIO_9": "063711008", "hog_tot": 435, "hog_nbi": 6, "pob_tot": 1077, "pct_nbi": 1.3793103448275861 }, "geometry": { "type": "MultiPolygon", "coordinates": [ [ [ [ -58.540480423318392, -34.55862091332979 ], [ -58.539585365074039, -34.559340294331555 ], [ -58.54004713506535, -34.559724382639118 ], [ -58.540530537455069, -34.560117740425639 ], [ -58.540541272809008, -34.560126882222896 ], [ -58.541451607194894, -34.560872869698557 ], [ -58.542379937393498, -34.561619089754693 ], [ -58.54244606259843, -34.561705841450816 ], [ -58.542559399546498, -34.561854532049232 ], [ -58.543012299418407, -34.561499402469614 ], [ -58.544086207383309, -34.560640795545758 ], [ -58.545122204525512, -34.55983905960931 ], [ -58.54499006440723, -34.559707738721556 ], [ -58.54486517298416, -34.559583620220877 ], [ -58.543973328655625, -34.558869937427446 ], [ -58.543060500226211, -34.558110931465102 ], [ -58.542115954575259, -34.557297458439386 ], [ -58.541596618511498, -34.557714885515281 ], [ -58.541077093184875, -34.558144099404018 ], [ -58.540480423318392, -34.55862091332979 ] ] ] ] } },
{ "type": "Feature", "properties": { "NOMPROV": "BUENOS AIRES", "PROV": "06", "NOMDEPTO": "GENERAL SAN MARTIN", "DEPTO": "371", "FRAC": "11", "RADIO": "01", "TIPO": "U", "LINK": "063711101", "IDRADIO_9": "063711101", "hog_tot": 339, "hog_nbi": 4, "pob_tot": 777, "pct_nbi": 1.179941002949852 }, "geometry": { "type": "MultiPolygon", "coordinates": [ [ [ [ -58.557088412448437, -34.545757875668968 ], [ -58.55577416897777, -34.546796909772674 ], [ -58.556622272765182, -34.547519003583695 ], [ -58.55663285274003, -34.547537155624127 ], [ -58.557936361158781, -34.546488971217045 ], [ -58.558795061566052, -34.547229202293252 ], [ -58.558805797373061, -34.547238342511193 ], [ -58.559622746856469, -34.547873040004966 ], [ -58.5605794743147, -34.547091194532733 ], [ -58.560882007017014, -34.546843743774772 ], [ -58.560087338299681, -34.54619888880989 ], [ -58.559206854419998, -34.545458410525505 ], [ -58.558358904415321, -34.544727322766406 ], [ -58.557088412448437, -34.545757875668968 ] ] ] ] } },
{ "type": "Feature", "properties": { "NOMPROV": "BUENOS AIRES", "PROV": "06", "NOMDEPTO": "GENERAL SAN MARTIN", "DEPTO": "371", "FRAC": "31", "RADIO": "08", "TIPO": "U", "LINK": "063713108", "IDRADIO_9": "063713108", "hog_tot": 438, "hog_nbi": 18, "pob_tot": 1217, "pct_nbi": 4.10958904109589 }, "geometry": { "type": "MultiPolygon", "coordinates": [ [ [ [ -58.564012513810717, -34.58781511741595 ], [ -58.565213226788444, -34.588828948293504 ], [ -58.566333919336351, -34.58794569485319 ], [ -58.567375318436468, -34.587124885816884 ], [ -58.566181921024437, -34.58612157783103 ], [ -58.565334952701228, -34.585388471754953 ], [ -58.564320026291362, -34.584510812044954 ], [ -58.563280749083937, -34.585372881131995 ], [ -58.56218619375813, -34.586279356766312 ], [ -58.563153051125347, -34.587092940385531 ], [ -58.564012513810717, -34.58781511741595 ] ] ] ] } },
{ "type": "Feature", "properties": { "NOMPROV": "BUENOS AIRES", "PROV": "06", "NOMDEPTO": "GENERAL SAN MARTIN", "DEPTO": "371", "FRAC": "42", "RADIO": "07", "TIPO": "U", "LINK": "063714207", "IDRADIO_9": "063714207", "hog_tot": 357, "hog_nbi": 8, "pob_tot": 897, "pct_nbi": 2.240896358543417 }, "geometry": { "type": "MultiPolygon", "coordinates": [ [ [ [ -58.526939623336716, -34.569039976579674 ], [ -58.526083141555908, -34.570030121048916 ], [ -58.525321025953616, -34.570876585590433 ], [ -58.526157489979468, -34.571374013847446 ], [ -58.526739415400741, -34.571741575194508 ], [ -58.527332557040445, -34.572091242358226 ], [ -58.528227728264312, -34.572615804066913 ], [ -58.529122592288907, -34.573158382414967 ], [ -58.529509450753288, -34.572847576212951 ], [ -58.528735853853078, -34.572225342062886 ], [ -58.529797095565129, -34.571363832789856 ], [ -58.529012933151471, -34.570723446323186 ], [ -58.528497162577203, -34.570311626360471 ], [ -58.528003343939602, -34.569891055621248 ], [ -58.526939623336716, -34.569039976579674 ] ] ] ] } },
{ "type": "Feature", "properties": { "NOMPROV": "BUENOS AIRES", "PROV": "06", "NOMDEPTO": "GENERAL SAN MARTIN", "DEPTO": "371", "FRAC": "10", "RADIO": "03", "TIPO": "U", "LINK": "063711003", "IDRADIO_9": "063711003", "hog_tot": 318, "hog_nbi": 4, "pob_tot": 868, "pct_nbi": 1.257861635220126 }, "geometry": { "type": "MultiPolygon", "coordinates": [ [ [ [ -58.537876731187531, -34.555498150564809 ], [ -58.537257936285101, -34.555995487829406 ], [ -58.537816446262646, -34.556452851096843 ], [ -58.53914849574236, -34.557532382904711 ], [ -58.539836161474369, -34.558081416225207 ], [ -58.540480423318392, -34.55862091332979 ], [ -58.541077093184875, -34.558144099404018 ], [ -58.541596618511498, -34.557714885515281 ], [ -58.542115954575259, -34.557297458439386 ], [ -58.541407753479142, -34.556676085775642 ], [ -58.541343343382124, -34.556621235458891 ], [ -58.540828224099876, -34.556173421114188 ], [ -58.540699406614003, -34.556063719879766 ], [ -58.540366469434154, -34.555789335951538 ], [ -58.540001646280338, -34.555469503456166 ], [ -58.539797688216126, -34.555295808453806 ], [ -58.539572260648313, -34.555103830276636 ], [ -58.539056845072643, -34.5546740319378 ], [ -58.538461266151963, -34.555090533335601 ], [ -58.538439166652182, -34.555108295615469 ], [ -58.537876731187531, -34.555498150564809 ] ] ] ] } },
{ "type": "Feature", "properties": { "NOMPROV": "BUENOS AIRES", "PROV": "06", "NOMDEPTO": "GENERAL SAN MARTIN", "DEPTO": "371", "FRAC": "35", "RADIO": "14", "TIPO": "U", "LINK": "063713514", "IDRADIO_9": "063713514", "hog_tot": 210, "hog_nbi": 15, "pob_tot": 606, "pct_nbi": 7.1428571428571423 }, "geometry": { "type": "MultiPolygon", "coordinates": [ [ [ [ -58.576867738528449, -34.559951968077968 ], [ -58.576271760087067, -34.560440717506467 ], [ -58.575370227962473, -34.561145270910146 ], [ -58.574916233772178, -34.561479351461834 ], [ -58.575289665539962, -34.562645297292391 ], [ -58.575618988457045, -34.563536762407097 ], [ -58.575799737039212, -34.563495107519103 ], [ -58.576350471165505, -34.56336958946612 ], [ -58.578272905219684, -34.562962036832907 ], [ -58.579132053713245, -34.562778692844255 ], [ -58.579789844791264, -34.562679191506611 ], [ -58.580348683486783, -34.562602995639359 ], [ -58.579526951803473, -34.561866717440708 ], [ -58.578606266297719, -34.561019853272768 ], [ -58.577892270587071, -34.5605641495318 ], [ -58.576867738528449, -34.559951968077968 ] ] ] ] } },
{ "type": "Feature", "properties": { "NOMPROV": "BUENOS AIRES", "PROV": "06", "NOMDEPTO": "GENERAL SAN MARTIN", "DEPTO": "371", "FRAC": "48", "RADIO": "06", "TIPO": "U", "LINK": "063714806", "IDRADIO_9": "063714806", "hog_tot": 236, "hog_nbi": 2, "pob_tot": 617, "pct_nbi": 0.84745762711864403 }, "geometry": { "type": "MultiPolygon", "coordinates": [ [ [ [ -58.564547341531345, -34.554502387185615 ], [ -58.565305304777297, -34.555161669032287 ], [ -58.566340955991258, -34.554402636110851 ], [ -58.565546230189931, -34.553735316734063 ], [ -58.566539964298414, -34.552962818728737 ], [ -58.565728271663374, -34.552276271147868 ], [ -58.564973188801417, -34.551668005154042 ], [ -58.564019262076393, -34.552418387272816 ], [ -58.563041986039323, -34.553222554119095 ], [ -58.563741463534043, -34.553807005848967 ], [ -58.564547341531345, -34.554502387185615 ] ] ] ] } },
{ "type": "Feature", "properties": { "NOMPROV": "BUENOS AIRES", "PROV": "06", "NOMDEPTO": "GENERAL SAN MARTIN", "DEPTO": "371", "FRAC": "19", "RADIO": "04", "TIPO": "U", "LINK": "063711904", "IDRADIO_9": "063711904", "hog_tot": 355, "hog_nbi": 6, "pob_tot": 871, "pct_nbi": 1.6901408450704221 }, "geometry": { "type": "MultiPolygon", "coordinates": [ [ [ [ -58.550993297221616, -34.555203884576102 ], [ -58.550181934022312, -34.555816177398192 ], [ -58.548679769194621, -34.556997113336948 ], [ -58.549678527130233, -34.557829207423289 ], [ -58.550702331575977, -34.558651435419485 ], [ -58.551681769051179, -34.559465224665665 ], [ -58.552405485716072, -34.558898123059841 ], [ -58.553186174712181, -34.558307053094666 ], [ -58.554648033619017, -34.557112995925429 ], [ -58.553670861680672, -34.556290212020329 ], [ -58.552704913422268, -34.555449525689312 ], [ -58.552253686266631, -34.555083637445968 ], [ -58.551717200315856, -34.554608574536125 ], [ -58.551672226030732, -34.554689162076109 ], [ -58.550993297221616, -34.555203884576102 ] ] ] ] } },
{ "type": "Feature", "properties": { "NOMPROV": "BUENOS AIRES", "PROV": "06", "NOMDEPTO": "GENERAL SAN MARTIN", "DEPTO": "371", "FRAC": "20", "RADIO": "06", "TIPO": "U", "LINK": "063712006", "IDRADIO_9": "063712006", "hog_tot": 445, "hog_nbi": 27, "pob_tot": 1069, "pct_nbi": 6.0674157303370784 }, "geometry": { "type": "MultiPolygon", "coordinates": [ [ [ [ -58.550589233504681, -34.565019919885231 ], [ -58.550883212243839, -34.56570475303721 ], [ -58.551071347534752, -34.566424123183715 ], [ -58.551362149178381, -34.567056793599512 ], [ -58.551718631236831, -34.567723136379456 ], [ -58.552193855420519, -34.568594063260747 ], [ -58.552700834392425, -34.569519445520875 ], [ -58.553218456802192, -34.570388423172282 ], [ -58.553664134905688, -34.571181562357005 ], [ -58.554224574560671, -34.57074020597215 ], [ -58.555269708287241, -34.569916835289291 ], [ -58.556048640932786, -34.569317119564055 ], [ -58.556875071882487, -34.568661352245904 ], [ -58.557961868913885, -34.567801375142402 ], [ -58.5582612176879, -34.567553106466555 ], [ -58.559135330369024, -34.566774997909164 ], [ -58.559978598239574, -34.566121870797367 ], [ -58.560318566772246, -34.565823717908756 ], [ -58.559598672972236, -34.565206702357017 ], [ -58.558838285168434, -34.564585006943709 ], [ -58.557707653393955, -34.56366516312513 ], [ -58.556379673938373, -34.564401882387685 ], [ -58.555788921993795, -34.563423590545177 ], [ -58.555476144561702, -34.562637591782227 ], [ -58.555048383575397, -34.562886035554833 ], [ -58.554116827797493, -34.563390760841969 ], [ -58.553217323273039, -34.563910893183625 ], [ -58.552932140504325, -34.564061882166726 ], [ -58.552456082186858, -34.564308038635396 ], [ -58.552031371779364, -34.564540335785409 ], [ -58.551709384290376, -34.564655900416405 ], [ -58.550938703335056, -34.564923735355784 ], [ -58.550589233504681, -34.565019919885231 ] ] ] ] } },
{ "type": "Feature", "properties": { "NOMPROV": "BUENOS AIRES", "PROV": "06", "NOMDEPTO": "GENERAL SAN MARTIN", "DEPTO": "371", "FRAC": "50", "RADIO": "07", "TIPO": "U", "LINK": "063715007", "IDRADIO_9": "063715007", "hog_tot": 240, "hog_nbi": 5, "pob_tot": 475, "pct_nbi": 2.083333333333333 }, "geometry": { "type": "MultiPolygon", "coordinates": [ [ [ [ -58.540477592401359, -34.576864016928923 ], [ -58.541231209758848, -34.577495563590247 ], [ -58.542301424235156, -34.576666317957645 ], [ -58.541538462624018, -34.576020427654377 ], [ -58.540754478835041, -34.575362090656462 ], [ -58.53970434681699, -34.576214815111129 ], [ -58.540477592401359, -34.576864016928923 ] ] ] ] } },
{ "type": "Feature", "properties": { "NOMPROV": "BUENOS AIRES", "PROV": "06", "NOMDEPTO": "GENERAL SAN MARTIN", "DEPTO": "371", "FRAC": "30", "RADIO": "03", "TIPO": "U", "LINK": "063713003", "IDRADIO_9": "063713003", "hog_tot": 429, "hog_nbi": 11, "pob_tot": 1161, "pct_nbi": 2.5641025641025639 }, "geometry": { "type": "MultiPolygon", "coordinates": [ [ [ [ -58.562353193833523, -34.573419171611782 ], [ -58.561557759767148, -34.574049751696002 ], [ -58.560795619360135, -34.574644666133217 ], [ -58.560773519135196, -34.574662432392159 ], [ -58.559977906988216, -34.575302013082549 ], [ -58.559568889417491, -34.57563969594996 ], [ -58.559160180659269, -34.5759593541488 ], [ -58.55840890079569, -34.576554381269858 ], [ -58.557624613603821, -34.5771670394168 ], [ -58.5566412427996, -34.577948593953586 ], [ -58.557522189951101, -34.578680083313365 ], [ -58.558273809639978, -34.579328918549969 ], [ -58.559057970772699, -34.579987146034824 ], [ -58.559777393910217, -34.580608551690794 ], [ -58.560506755506594, -34.580022272648471 ], [ -58.561424433506922, -34.579257940407608 ], [ -58.562208713919006, -34.578645256931388 ], [ -58.563003878067562, -34.578032696364396 ], [ -58.563813118344363, -34.577366874270773 ], [ -58.564628172452082, -34.576731346055681 ], [ -58.56545471837898, -34.57605572653997 ], [ -58.566252725748924, -34.575411948426762 ], [ -58.565447222745533, -34.574726474433568 ], [ -58.564684691107082, -34.574077554424115 ], [ -58.564652316748052, -34.574059147660797 ], [ -58.563933067021971, -34.573428758990168 ], [ -58.563170558984389, -34.572779829971608 ], [ -58.562353193833523, -34.573419171611782 ] ] ] ] } },
{ "type": "Feature", "properties": { "NOMPROV": "BUENOS AIRES", "PROV": "06", "NOMDEPTO": "GENERAL SAN MARTIN", "DEPTO": "371", "FRAC": "33", "RADIO": "09", "TIPO": "U", "LINK": "063713309", "IDRADIO_9": "063713309", "hog_tot": 390, "hog_nbi": 6, "pob_tot": 1077, "pct_nbi": 1.538461538461539 }, "geometry": { "type": "MultiPolygon", "coordinates": [ [ [ [ -58.565087808156285, -34.565867824331001 ], [ -58.563385789046329, -34.566238642540689 ], [ -58.563097332121067, -34.566292348083195 ], [ -58.562165075300072, -34.566502219629967 ], [ -58.562579464374139, -34.566862938491099 ], [ -58.563531952804986, -34.567617459977086 ], [ -58.564401447426405, -34.568368717569825 ], [ -58.563783017329563, -34.568848167520336 ], [ -58.564284656198161, -34.569457970369427 ], [ -58.564434540415753, -34.56961296133607 ], [ -58.565185558486334, -34.569026906361145 ], [ -58.565914624406616, -34.568449601191816 ], [ -58.566003168972429, -34.568369520419836 ], [ -58.567096514537603, -34.567517070993276 ], [ -58.567874867906809, -34.566881696962831 ], [ -58.567130290939097, -34.566183477435466 ], [ -58.566451728609948, -34.565566397395841 ], [ -58.566093180640756, -34.565646390314967 ], [ -58.565840202504944, -34.565701655804766 ], [ -58.565087808156285, -34.565867824331001 ] ] ] ] } },
{ "type": "Feature", "properties": { "NOMPROV": "BUENOS AIRES", "PROV": "06", "NOMDEPTO": "GENERAL SAN MARTIN", "DEPTO": "371", "FRAC": "09", "RADIO": "05", "TIPO": "U", "LINK": "063710905", "IDRADIO_9": "063710905", "hog_tot": 243, "hog_nbi": 2, "pob_tot": 582, "pct_nbi": 0.82304526748971196 }, "geometry": { "type": "MultiPolygon", "coordinates": [ [ [ [ -58.530650496133092, -34.566831361011431 ], [ -58.531423900813543, -34.567462594152524 ], [ -58.532452055833453, -34.566618688673316 ], [ -58.533004806931025, -34.566165650423294 ], [ -58.532275767144256, -34.565489894512979 ], [ -58.531524951333068, -34.564813871436726 ], [ -58.53093809495936, -34.565347613326011 ], [ -58.529920358927399, -34.566218671944966 ], [ -58.530650496133092, -34.566831361011431 ] ] ] ] } },
{ "type": "Feature", "properties": { "NOMPROV": "BUENOS AIRES", "PROV": "06", "NOMDEPTO": "GENERAL SAN MARTIN", "DEPTO": "371", "FRAC": "33", "RADIO": "07", "TIPO": "U", "LINK": "063713307", "IDRADIO_9": "063713307", "hog_tot": 368, "hog_nbi": 17, "pob_tot": 1033, "pct_nbi": 4.6195652173913038 }, "geometry": { "type": "MultiPolygon", "coordinates": [ [ [ [ -58.565523758829499, -34.570905677560155 ], [ -58.564772570793487, -34.571500745714211 ], [ -58.563966123777412, -34.572140227012142 ], [ -58.563170558984389, -34.572779829971608 ], [ -58.563933067021971, -34.573428758990168 ], [ -58.564652316748052, -34.574059147660797 ], [ -58.564684691107082, -34.574077554424115 ], [ -58.565447222745533, -34.574726474433568 ], [ -58.566252725748924, -34.575411948426762 ], [ -58.567081132617837, -34.574763696906288 ], [ -58.567876687832502, -34.57412406837593 ], [ -58.568020482109439, -34.573999567320598 ], [ -58.567369666865027, -34.57318973332594 ], [ -58.566761822343516, -34.572416454396176 ], [ -58.566345446894339, -34.571915824654525 ], [ -58.566153370001878, -34.571679218277204 ], [ -58.565875842593698, -34.571342460387832 ], [ -58.565523758829499, -34.570905677560155 ] ] ] ] } },
{ "type": "Feature", "properties": { "NOMPROV": "BUENOS AIRES", "PROV": "06", "NOMDEPTO": "GENERAL SAN MARTIN", "DEPTO": "371", "FRAC": "06", "RADIO": "04", "TIPO": "U", "LINK": "063710604", "IDRADIO_9": "063710604", "hog_tot": 445, "hog_nbi": 26, "pob_tot": 1311, "pct_nbi": 5.8426966292134841 }, "geometry": { "type": "MultiPolygon", "coordinates": [ [ [ [ -58.530490644265768, -34.546384960484424 ], [ -58.530961965436525, -34.546780721077297 ], [ -58.531480313749455, -34.54722227413022 ], [ -58.531828875690024, -34.546944671149774 ], [ -58.532729523968648, -34.54759380861065 ], [ -58.533434767985348, -34.548117960788161 ], [ -58.533871622434106, -34.548437669902867 ], [ -58.53418411782949, -34.548650564977649 ], [ -58.535150867434822, -34.547979310416039 ], [ -58.535981707169611, -34.547325928649599 ], [ -58.535317439029981, -34.546715582273386 ], [ -58.534682307294254, -34.546125091675862 ], [ -58.533848498222447, -34.545408881022958 ], [ -58.533009567754824, -34.546038756869365 ], [ -58.532888185968105, -34.54612743179441 ], [ -58.53242642527983, -34.545716420126666 ], [ -58.531937382180629, -34.545286596611653 ], [ -58.530490644265768, -34.546384960484424 ] ] ] ] } },
{ "type": "Feature", "properties": { "NOMPROV": "BUENOS AIRES", "PROV": "06", "NOMDEPTO": "GENERAL SAN MARTIN", "DEPTO": "371", "FRAC": "41", "RADIO": "06", "TIPO": "U", "LINK": "063714106", "IDRADIO_9": "063714106", "hog_tot": 339, "hog_nbi": 10, "pob_tot": 898, "pct_nbi": 2.9498525073746311 }, "geometry": { "type": "MultiPolygon", "coordinates": [ [ [ [ -58.509579636623627, -34.569697684115084 ], [ -58.511450238497552, -34.573985660381233 ], [ -58.514203894986338, -34.579835088952045 ], [ -58.51475580612621, -34.580995119855899 ], [ -58.515331812592187, -34.5809178705641 ], [ -58.515946462250326, -34.581263523608172 ], [ -58.516301943103407, -34.581492481226178 ], [ -58.519074675241875, -34.583153681985131 ], [ -58.520214555496096, -34.582685979278047 ], [ -58.521269314548377, -34.582203030934963 ], [ -58.522312847061585, -34.58173796407921 ], [ -58.522906147292929, -34.581465733388967 ], [ -58.525081602823072, -34.580464523245432 ], [ -58.526740318715021, -34.579718424227771 ], [ -58.52810277112799, -34.579085903166266 ], [ -58.528565927689776, -34.578776020921872 ], [ -58.528069915272361, -34.578477103772357 ], [ -58.527627905023543, -34.57820587729465 ], [ -58.527131819927966, -34.577911462213216 ], [ -58.526574765751477, -34.577579561419356 ], [ -58.526452432017429, -34.577506672091559 ], [ -58.525816312238859, -34.577120427726719 ], [ -58.524901180025338, -34.576574243415841 ], [ -58.524479200456007, -34.576320103782784 ], [ -58.524004768137964, -34.576034952288865 ], [ -58.523120642854927, -34.575501480010672 ], [ -58.522753891096265, -34.575289733057538 ], [ -58.521956142165067, -34.574802364984571 ], [ -58.520953481514724, -34.574195334453755 ], [ -58.52023105565619, -34.573762948481964 ], [ -58.520898770081537, -34.572977866520851 ], [ -58.52153315078926, -34.572228430390467 ], [ -58.522411497175064, -34.571238583057777 ], [ -58.521678034837358, -34.570815085478735 ], [ -58.520919190088442, -34.570387786863137 ], [ -58.520191546762391, -34.569963211721017 ], [ -58.519386892697824, -34.570930580737482 ], [ -58.518764390471034, -34.571672081111529 ], [ -58.518107401675898, -34.572466295038495 ], [ -58.51738516581802, -34.572024881416255 ], [ -58.516641310525799, -34.571574186531059 ], [ -58.515897462238506, -34.571123488173036 ], [ -58.51514288934726, -34.570663641488707 ], [ -58.514399057420441, -34.570212934347339 ], [ -58.513666128604896, -34.569762355532596 ], [ -58.512771564250578, -34.569210655607399 ], [ -58.511812741268727, -34.568641631555423 ], [ -58.510829207487255, -34.56800928152316 ], [ -58.509960715298142, -34.569139236361487 ], [ -58.509579636623627, -34.569697684115084 ] ] ] ] } },
{ "type": "Feature", "properties": { "NOMPROV": "BUENOS AIRES", "PROV": "06", "NOMDEPTO": "GENERAL SAN MARTIN", "DEPTO": "371", "FRAC": "45", "RADIO": "06", "TIPO": "U", "LINK": "063714506", "IDRADIO_9": "063714506", "hog_tot": 366, "hog_nbi": 35, "pob_tot": 1242, "pct_nbi": 9.5628415300546443 }, "geometry": { "type": "MultiPolygon", "coordinates": [ [ [ [ -58.594628757598478, -34.539849795862871 ], [ -58.595189787459006, -34.540356456031589 ], [ -58.596530710422321, -34.539363370732289 ], [ -58.597871601613235, -34.538370270671727 ], [ -58.598799146347211, -34.537679095836168 ], [ -58.59784898272526, -34.536042289827094 ], [ -58.597605591230945, -34.535596227118731 ], [ -58.597523154479674, -34.535667328289023 ], [ -58.597056002362571, -34.536100911615229 ], [ -58.596178882679823, -34.536849209572061 ], [ -58.595265005554822, -34.537587911276816 ], [ -58.59490771840818, -34.537876706151927 ], [ -58.594351343076532, -34.538326419031755 ], [ -58.593596617435814, -34.5389364435568 ], [ -58.593958183864743, -34.539244872504369 ], [ -58.594628757598478, -34.539849795862871 ] ] ] ] } },
{ "type": "Feature", "properties": { "NOMPROV": "BUENOS AIRES", "PROV": "06", "NOMDEPTO": "GENERAL SAN MARTIN", "DEPTO": "371", "FRAC": "17", "RADIO": "01", "TIPO": "U", "LINK": "063711701", "IDRADIO_9": "063711701", "hog_tot": 288, "hog_nbi": 12, "pob_tot": 787, "pct_nbi": 4.1666666666666661 }, "geometry": { "type": "MultiPolygon", "coordinates": [ [ [ [ -58.574920341304249, -34.536907609564039 ], [ -58.575616775984898, -34.537444330135123 ], [ -58.576623958896882, -34.53722987953013 ], [ -58.577888559949095, -34.536930057640568 ], [ -58.577684520529182, -34.536328081704482 ], [ -58.577450471072211, -34.535641279243364 ], [ -58.57696568885185, -34.534342842352281 ], [ -58.576768084290499, -34.534508697347405 ], [ -58.575640771434514, -34.535456988497401 ], [ -58.57502219346663, -34.535963539813515 ], [ -58.574414805143697, -34.536452192368529 ], [ -58.574920341304249, -34.536907609564039 ] ] ] ] } },
{ "type": "Feature", "properties": { "NOMPROV": "BUENOS AIRES", "PROV": "06", "NOMDEPTO": "GENERAL SAN MARTIN", "DEPTO": "371", "FRAC": "43", "RADIO": "02", "TIPO": "U", "LINK": "063714302", "IDRADIO_9": "063714302", "hog_tot": 429, "hog_nbi": 37, "pob_tot": 1236, "pct_nbi": 8.6247086247086244 }, "geometry": { "type": "MultiPolygon", "coordinates": [ [ [ [ -58.532649140036781, -34.555399368363105 ], [ -58.531858323990768, -34.555984369218237 ], [ -58.530730508301453, -34.55674826160093 ], [ -58.529699666165996, -34.557443570829697 ], [ -58.529059419318152, -34.557875411223868 ], [ -58.528754104890716, -34.558087555324853 ], [ -58.528440002584851, -34.558305803838785 ], [ -58.527848385917217, -34.558716871115706 ], [ -58.526119497125592, -34.559914951218417 ], [ -58.526833257311104, -34.560563136351064 ], [ -58.527062226295698, -34.560769655996275 ], [ -58.527673293470002, -34.561306416137448 ], [ -58.528283991924297, -34.561856631271404 ], [ -58.528888908250558, -34.562396904028745 ], [ -58.529496973092918, -34.562956756471344 ], [ -58.530124258266085, -34.563554240385173 ], [ -58.530541206746292, -34.563929386015957 ], [ -58.531167534453836, -34.563453054086786 ], [ -58.53217243091553, -34.562689990708314 ], [ -58.532718839589066, -34.562286450701713 ], [ -58.533027799756269, -34.562064828836426 ], [ -58.533049269259784, -34.562083113715417 ], [ -58.533280067015895, -34.562279675937937 ], [ -58.533559488053974, -34.562499354577618 ], [ -58.533973018182358, -34.562837818856075 ], [ -58.534021404566765, -34.562874453710961 ], [ -58.534790065800031, -34.563465048363184 ], [ -58.5350324748334, -34.563621185414284 ], [ -58.535657645236824, -34.564007250337646 ], [ -58.535915924638047, -34.564190617239319 ], [ -58.536519473565839, -34.564567405038353 ], [ -58.536961207642157, -34.564852117005671 ], [ -58.537403574880187, -34.565100780387638 ], [ -58.537672122813625, -34.565320320386974 ], [ -58.538297791471663, -34.565679337704324 ], [ -58.538626258050485, -34.565899593216884 ], [ -58.539200161457437, -34.565158603198022 ], [ -58.539200355416213, -34.565158353143474 ], [ -58.539136099178414, -34.565094490078749 ], [ -58.540339437955616, -34.563572099897144 ], [ -58.539804230334767, -34.563104732396987 ], [ -58.539083608509905, -34.562488985297321 ], [ -58.538299453465591, -34.561848658816274 ], [ -58.537622818734846, -34.561290735601993 ], [ -58.537544268570308, -34.561352226900759 ], [ -58.536717365401678, -34.560734572504465 ], [ -58.537303757906734, -34.560223329522564 ], [ -58.536585004016629, -34.559626229226225 ], [ -58.535925017095842, -34.559087352485804 ], [ -58.535260860376361, -34.558526171651749 ], [ -58.534992664690755, -34.558306013299507 ], [ -58.534723931880052, -34.558080096451263 ], [ -58.534443422007286, -34.557847047707327 ], [ -58.534012110929751, -34.557488710528084 ], [ -58.5332911738248, -34.556889737960852 ], [ -58.532362100386678, -34.556152439153323 ], [ -58.532961022520325, -34.555656254744349 ], [ -58.532649140036781, -34.555399368363105 ] ] ] ] } },
{ "type": "Feature", "properties": { "NOMPROV": "BUENOS AIRES", "PROV": "06", "NOMDEPTO": "GENERAL SAN MARTIN", "DEPTO": "371", "FRAC": "09", "RADIO": "09", "TIPO": "U", "LINK": "063710909", "IDRADIO_9": "063710909", "hog_tot": 357, "hog_nbi": 33, "pob_tot": 918, "pct_nbi": 9.2436974789915975 }, "geometry": { "type": "MultiPolygon", "coordinates": [ [ [ [ -58.530847738372422, -34.57048415947056 ], [ -58.531598914752109, -34.571142164260152 ], [ -58.530548746820855, -34.571994809458452 ], [ -58.530559482528126, -34.572003952127666 ], [ -58.531322038588073, -34.572635055422943 ], [ -58.530060287757131, -34.57366668749458 ], [ -58.530329424534827, -34.573838008141706 ], [ -58.530815970360585, -34.57414771912056 ], [ -58.530916666954511, -34.574207194877246 ], [ -58.532099407780215, -34.573272322527707 ], [ -58.53244410140082, -34.572999861016697 ], [ -58.533155183451754, -34.572437517707463 ], [ -58.534201072704334, -34.571610377612011 ], [ -58.534218289566041, -34.571593847392052 ], [ -58.534683195610718, -34.571147469802142 ], [ -58.535139987061022, -34.570626514205358 ], [ -58.535085859093343, -34.570579926744259 ], [ -58.535063274782821, -34.570561873995786 ], [ -58.534483849582045, -34.570050167321078 ], [ -58.533422671921166, -34.570911719191479 ], [ -58.532660272003298, -34.570271617328252 ], [ -58.531886674031938, -34.569649402910478 ], [ -58.530847738372422, -34.57048415947056 ] ] ] ] } },
{ "type": "Feature", "properties": { "NOMPROV": "BUENOS AIRES", "PROV": "06", "NOMDEPTO": "GENERAL SAN MARTIN", "DEPTO": "371", "FRAC": "11", "RADIO": "02", "TIPO": "U", "LINK": "063711102", "IDRADIO_9": "063711102", "hog_tot": 245, "hog_nbi": 3, "pob_tot": 510, "pct_nbi": 1.2244897959183669 }, "geometry": { "type": "MultiPolygon", "coordinates": [ [ [ [ -58.55663285274003, -34.547537155624127 ], [ -58.557513488806329, -34.548268640557467 ], [ -58.557997834986786, -34.548668081163441 ], [ -58.558151801740983, -34.548839145774032 ], [ -58.55832929532064, -34.549127340550257 ], [ -58.559222048283807, -34.548410230942913 ], [ -58.559304206296403, -34.548343190225665 ], [ -58.560700556562111, -34.547203734908607 ], [ -58.561090708001672, -34.546885353835243 ], [ -58.560882007017014, -34.546843743774772 ], [ -58.5605794743147, -34.547091194532733 ], [ -58.559622746856469, -34.547873040004966 ], [ -58.558805797373061, -34.547238342511193 ], [ -58.558795061566052, -34.547229202293252 ], [ -58.557936361158781, -34.546488971217045 ], [ -58.55663285274003, -34.547537155624127 ] ] ] ] } },
{ "type": "Feature", "properties": { "NOMPROV": "BUENOS AIRES", "PROV": "06", "NOMDEPTO": "GENERAL SAN MARTIN", "DEPTO": "371", "FRAC": "44", "RADIO": "02", "TIPO": "U", "LINK": "063714402", "IDRADIO_9": "063714402", "hog_tot": 368, "hog_nbi": 8, "pob_tot": 998, "pct_nbi": 2.1739130434782612 }, "geometry": { "type": "MultiPolygon", "coordinates": [ [ [ [ -58.557603914537673, -34.535555560643623 ], [ -58.55633091286726, -34.536636305061805 ], [ -58.555049789122371, -34.537657699214961 ], [ -58.555828454335213, -34.538328278290535 ], [ -58.556696238976201, -34.539083779230353 ], [ -58.557374754814639, -34.539651597117953 ], [ -58.558671136857747, -34.538631017002913 ], [ -58.559423122129054, -34.538011232138622 ], [ -58.559974977213905, -34.537556385361626 ], [ -58.561232295432276, -34.536526958823515 ], [ -58.560608332680708, -34.535991942846415 ], [ -58.55969922589864, -34.535215900729547 ], [ -58.558873722360474, -34.534527833406599 ], [ -58.557603914537673, -34.535555560643623 ] ] ] ] } },
{ "type": "Feature", "properties": { "NOMPROV": "BUENOS AIRES", "PROV": "06", "NOMDEPTO": "GENERAL SAN MARTIN", "DEPTO": "371", "FRAC": "43", "RADIO": "08", "TIPO": "U", "LINK": "063714308", "IDRADIO_9": "063714308", "hog_tot": 402, "hog_nbi": 2, "pob_tot": 994, "pct_nbi": 0.49751243781094501 }, "geometry": { "type": "MultiPolygon", "coordinates": [ [ [ [ -58.534790065800031, -34.563465048363184 ], [ -58.534442186921012, -34.563731273544555 ], [ -58.533911562893948, -34.564166557743519 ], [ -58.532850456539407, -34.565028107191608 ], [ -58.532275767144256, -34.565489894512979 ], [ -58.533004806931025, -34.566165650423294 ], [ -58.533755646809084, -34.566841664862324 ], [ -58.534484868409649, -34.567508401772535 ], [ -58.535137080366958, -34.566975427321474 ], [ -58.536109936457144, -34.566175893755968 ], [ -58.53624255428894, -34.566069323251568 ], [ -58.537160131810495, -34.565314185076666 ], [ -58.536220616577559, -34.564834223948317 ], [ -58.536519473565839, -34.564567405038353 ], [ -58.535915924638047, -34.564190617239319 ], [ -58.535657645236824, -34.564007250337646 ], [ -58.5350324748334, -34.563621185414284 ], [ -58.534790065800031, -34.563465048363184 ] ] ] ] } },
{ "type": "Feature", "properties": { "NOMPROV": "BUENOS AIRES", "PROV": "06", "NOMDEPTO": "GENERAL SAN MARTIN", "DEPTO": "371", "FRAC": "28", "RADIO": "07", "TIPO": "U", "LINK": "063712807", "IDRADIO_9": "063712807", "hog_tot": 412, "hog_nbi": 16, "pob_tot": 1056, "pct_nbi": 3.883495145631068 }, "geometry": { "type": "MultiPolygon", "coordinates": [ [ [ [ -58.560131217644532, -34.591719624963389 ], [ -58.56021086235048, -34.591765625630416 ], [ -58.56227083896453, -34.591452237205665 ], [ -58.562519413847561, -34.591198198729877 ], [ -58.563007533842189, -34.590699340915059 ], [ -58.561812586271174, -34.589618929322327 ], [ -58.560899264702456, -34.588860047166563 ], [ -58.559986270724721, -34.588083136215943 ], [ -58.558913437339967, -34.588989837518653 ], [ -58.558060227505592, -34.589799977004702 ], [ -58.557584191900091, -34.590226993586974 ], [ -58.557605829726505, -34.590236262802236 ], [ -58.558652077092873, -34.590870550844279 ], [ -58.558975870146561, -34.591054643829082 ], [ -58.559677324308673, -34.591459515954625 ], [ -58.559903982187642, -34.591588379289497 ], [ -58.560131217644532, -34.591719624963389 ] ] ] ] } },
{ "type": "Feature", "properties": { "NOMPROV": "BUENOS AIRES", "PROV": "06", "NOMDEPTO": "GENERAL SAN MARTIN", "DEPTO": "371", "FRAC": "33", "RADIO": "08", "TIPO": "U", "LINK": "063713308", "IDRADIO_9": "063713308", "hog_tot": 301, "hog_nbi": 8, "pob_tot": 817, "pct_nbi": 2.6578073089701002 }, "geometry": { "type": "MultiPolygon", "coordinates": [ [ [ [ -58.567874867906809, -34.566881696962831 ], [ -58.567096514537603, -34.567517070993276 ], [ -58.566003168972429, -34.568369520419836 ], [ -58.565914624406616, -34.568449601191816 ], [ -58.565185558486334, -34.569026906361145 ], [ -58.564434540415753, -34.56961296133607 ], [ -58.564872062136281, -34.570149899966282 ], [ -58.565150200959344, -34.570450614357888 ], [ -58.565523758829499, -34.570905677560155 ], [ -58.565875842593698, -34.571342460387832 ], [ -58.566903090611589, -34.57053430419429 ], [ -58.567720703184179, -34.569876906932706 ], [ -58.568648143799827, -34.569175782418263 ], [ -58.569491208365498, -34.56850588118062 ], [ -58.568654697360827, -34.567673691449784 ], [ -58.567874867906809, -34.566881696962831 ] ] ] ] } },
{ "type": "Feature", "properties": { "NOMPROV": "BUENOS AIRES", "PROV": "06", "NOMDEPTO": "GENERAL SAN MARTIN", "DEPTO": "371", "FRAC": "01", "RADIO": "06", "TIPO": "U", "LINK": "063710106", "IDRADIO_9": "063710106", "hog_tot": 198, "hog_nbi": 26, "pob_tot": 697, "pct_nbi": 13.131313131313133 }, "geometry": { "type": "MultiPolygon", "coordinates": [ [ [ [ -58.583540796974255, -34.509532139480349 ], [ -58.58425432345593, -34.51013363085125 ], [ -58.584371260739395, -34.510109938394478 ], [ -58.58461194655878, -34.509919958099225 ], [ -58.584724784106669, -34.509830891951147 ], [ -58.584839353342581, -34.509784678237793 ], [ -58.584943288851349, -34.509718552832155 ], [ -58.585086042659078, -34.509533607655712 ], [ -58.585207311116427, -34.509401389794192 ], [ -58.585224176227094, -34.509362230992174 ], [ -58.585241471942297, -34.509322074865914 ], [ -58.585321089203291, -34.509234112398225 ], [ -58.585369596236376, -34.509180520664238 ], [ -58.586020827487729, -34.50866269165499 ], [ -58.58527753084082, -34.508057374716124 ], [ -58.58457622847822, -34.508642424179222 ], [ -58.583540796974255, -34.509532139480349 ] ] ] ] } },
{ "type": "Feature", "properties": { "NOMPROV": "BUENOS AIRES", "PROV": "06", "NOMDEPTO": "GENERAL SAN MARTIN", "DEPTO": "371", "FRAC": "24", "RADIO": "03", "TIPO": "U", "LINK": "063712403", "IDRADIO_9": "063712403", "hog_tot": 426, "hog_nbi": 18, "pob_tot": 1115, "pct_nbi": 4.225352112676056 }, "geometry": { "type": "MultiPolygon", "coordinates": [ [ [ [ -58.534118694574808, -34.58204435370488 ], [ -58.533031628809105, -34.582909019799956 ], [ -58.531967314331297, -34.583769278768017 ], [ -58.530929350449945, -34.584607926531362 ], [ -58.531666464909193, -34.585259630983444 ], [ -58.532411704644879, -34.585907183489617 ], [ -58.533213194997359, -34.586556432558524 ], [ -58.533696239890126, -34.586976854230791 ], [ -58.53433787554637, -34.586434747259219 ], [ -58.5347254114332, -34.586087880276203 ], [ -58.535019567152133, -34.585855596727583 ], [ -58.535722559178794, -34.58520063558575 ], [ -58.535965537507678, -34.584976093615012 ], [ -58.536788562512591, -34.584272469691221 ], [ -58.536418346751823, -34.583947255545709 ], [ -58.53603283080259, -34.583624894250697 ], [ -58.535609189814764, -34.583303401004102 ], [ -58.534853475214383, -34.582674987393965 ], [ -58.534118694574808, -34.58204435370488 ] ] ] ] } },
{ "type": "Feature", "properties": { "NOMPROV": "BUENOS AIRES", "PROV": "06", "NOMDEPTO": "GENERAL SAN MARTIN", "DEPTO": "371", "FRAC": "15", "RADIO": "01", "TIPO": "U", "LINK": "063711501", "IDRADIO_9": "063711501", "hog_tot": 5, "hog_nbi": 2, "pob_tot": 14, "pct_nbi": 40.0 }, "geometry": { "type": "MultiPolygon", "coordinates": [ [ [ [ -58.5996194671851, -34.539092170003201 ], [ -58.599732100089703, -34.539286184979474 ], [ -58.600025090539965, -34.539019086935937 ], [ -58.60028612222321, -34.538781121333308 ], [ -58.600421058009836, -34.538535229059981 ], [ -58.600502008191029, -34.538164996937489 ], [ -58.600453459706081, -34.537715955879463 ], [ -58.600494971186698, -34.537468992559646 ], [ -58.600648588253243, -34.537223313170976 ], [ -58.601235055078888, -34.536797013832711 ], [ -58.601688913995098, -34.536477447615546 ], [ -58.602197014022856, -34.536266755221369 ], [ -58.603245926324476, -34.536124108398198 ], [ -58.603902204914732, -34.535992429292307 ], [ -58.60422190434619, -34.535872364149391 ], [ -58.604418084329936, -34.535722674899375 ], [ -58.60637834111624, -34.534248528542022 ], [ -58.606170791572211, -34.53404476585721 ], [ -58.605471394148964, -34.533412051907945 ], [ -58.605076532748548, -34.532215786158815 ], [ -58.604713038592003, -34.529807379523163 ], [ -58.604575412105518, -34.529291979374598 ], [ -58.60430599819987, -34.527992142436908 ], [ -58.604121781806931, -34.526628168201611 ], [ -58.603366613560624, -34.524114101197895 ], [ -58.60298754160425, -34.52316475062473 ], [ -58.602425255748408, -34.522255073924867 ], [ -58.60174394079641, -34.521467254721173 ], [ -58.601257425678611, -34.520689821207355 ], [ -58.601548865828732, -34.518271152469609 ], [ -58.602548386507117, -34.513774708390876 ], [ -58.602246980471847, -34.514002987979936 ], [ -58.59930354612905, -34.516232190425612 ], [ -58.59603298466574, -34.51889764306371 ], [ -58.5958923241649, -34.519590262065847 ], [ -58.595619271440569, -34.519891107839499 ], [ -58.59506461290168, -34.520410541267694 ], [ -58.593927437840144, -34.521334056423292 ], [ -58.593374694872665, -34.521738481758433 ], [ -58.593025890916721, -34.521820729876445 ], [ -58.592479772775569, -34.521830868664161 ], [ -58.591952189060173, -34.521919268939584 ], [ -58.591872587051256, -34.521930675376957 ], [ -58.591531091672813, -34.522091763959502 ], [ -58.592319531513908, -34.524276554178911 ], [ -58.592922812433088, -34.526202286944084 ], [ -58.593593436579887, -34.528294168344203 ], [ -58.594317463954106, -34.529852808510803 ], [ -58.594696159545315, -34.530561428708587 ], [ -58.595243074494199, -34.531523131306969 ], [ -58.595492984426727, -34.531957667817927 ], [ -58.596168030843693, -34.53308715360123 ], [ -58.597146506972472, -34.534827148806976 ], [ -58.597605591230945, -34.535596227118731 ], [ -58.59784898272526, -34.536042289827094 ], [ -58.598799146347211, -34.537679095836168 ], [ -58.5996194671851, -34.539092170003201 ] ] ] ] } },
{ "type": "Feature", "properties": { "NOMPROV": "BUENOS AIRES", "PROV": "06", "NOMDEPTO": "GENERAL SAN MARTIN", "DEPTO": "371", "FRAC": "45", "RADIO": "09", "TIPO": "U", "LINK": "063714509", "IDRADIO_9": "063714509", "hog_tot": 335, "hog_nbi": 24, "pob_tot": 1088, "pct_nbi": 7.1641791044776122 }, "geometry": { "type": "MultiPolygon", "coordinates": [ [ [ [ -58.588474786931457, -34.540419246274894 ], [ -58.589291359475837, -34.541086669926528 ], [ -58.590075272072013, -34.541753711961441 ], [ -58.589688752058166, -34.542083886871495 ], [ -58.590051148947914, -34.542410611763337 ], [ -58.590564707914574, -34.542869790452933 ], [ -58.591115848430547, -34.543397954921659 ], [ -58.592521099442585, -34.542364390141138 ], [ -58.593298857196174, -34.541779218373911 ], [ -58.593861704828825, -34.541355731913086 ], [ -58.593300444663477, -34.540852500843215 ], [ -58.592659295361727, -34.540314322112138 ], [ -58.592307582620627, -34.540006738481502 ], [ -58.591621364842716, -34.540500650754673 ], [ -58.590942928765408, -34.541045395030771 ], [ -58.590141934890902, -34.540384427461746 ], [ -58.589347599980137, -34.539690225758044 ], [ -58.588474786931457, -34.540419246274894 ] ] ] ] } },
{ "type": "Feature", "properties": { "NOMPROV": "BUENOS AIRES", "PROV": "06", "NOMDEPTO": "GENERAL SAN MARTIN", "DEPTO": "371", "FRAC": "17", "RADIO": "02", "TIPO": "U", "LINK": "063711702", "IDRADIO_9": "063711702", "hog_tot": 415, "hog_nbi": 11, "pob_tot": 1140, "pct_nbi": 2.6506024096385539 }, "geometry": { "type": "MultiPolygon", "coordinates": [ [ [ [ -58.573832318615366, -34.540370049814889 ], [ -58.574153331159181, -34.54087629063671 ], [ -58.574527629942473, -34.540728888141544 ], [ -58.574819369885894, -34.540611293841131 ], [ -58.575448042597685, -34.540376110332168 ], [ -58.576423291134425, -34.539937878555072 ], [ -58.576124041624794, -34.538739445646414 ], [ -58.575616775984898, -34.537444330135123 ], [ -58.574920341304249, -34.536907609564039 ], [ -58.574414805143697, -34.536452192368529 ], [ -58.573177919675437, -34.537447256690761 ], [ -58.572029510909076, -34.538362220234561 ], [ -58.572567159295311, -34.538844348351468 ], [ -58.573231668274893, -34.539403812570953 ], [ -58.574214083261268, -34.540220684881426 ], [ -58.573832318615366, -34.540370049814889 ] ] ] ] } },
{ "type": "Feature", "properties": { "NOMPROV": "BUENOS AIRES", "PROV": "06", "NOMDEPTO": "GENERAL SAN MARTIN", "DEPTO": "371", "FRAC": "42", "RADIO": "01", "TIPO": "U", "LINK": "063714201", "IDRADIO_9": "063714201", "hog_tot": 443, "hog_nbi": 18, "pob_tot": 1110, "pct_nbi": 4.0632054176072243 }, "geometry": { "type": "MultiPolygon", "coordinates": [ [ [ [ -58.523838118950032, -34.567010001349693 ], [ -58.522991474760524, -34.568018813493843 ], [ -58.522106735112523, -34.569023874444142 ], [ -58.522857035241742, -34.569459327543299 ], [ -58.523549144889785, -34.569863228301216 ], [ -58.524281437007801, -34.570286624841948 ], [ -58.525321025953616, -34.570876585590433 ], [ -58.526083141555908, -34.570030121048916 ], [ -58.526939623336716, -34.569039976579674 ], [ -58.526026369607422, -34.568307879082269 ], [ -58.525315019001532, -34.567866643519743 ], [ -58.524592304733908, -34.567452306717698 ], [ -58.523838118950032, -34.567010001349693 ] ] ] ] } },
{ "type": "Feature", "properties": { "NOMPROV": "BUENOS AIRES", "PROV": "06", "NOMDEPTO": "GENERAL SAN MARTIN", "DEPTO": "371", "FRAC": "50", "RADIO": "03", "TIPO": "U", "LINK": "063715003", "IDRADIO_9": "063715003", "hog_tot": 328, "hog_nbi": 7, "pob_tot": 595, "pct_nbi": 2.1341463414634152 }, "geometry": { "type": "MultiPolygon", "coordinates": [ [ [ [ -58.538402919273253, -34.573369028777051 ], [ -58.537341579477882, -34.574239625754522 ], [ -58.536590013667222, -34.573599678725223 ], [ -58.535540179384945, -34.574434344033769 ], [ -58.536313691593485, -34.575065547257267 ], [ -58.537065109000352, -34.575714508525436 ], [ -58.538115102875501, -34.574870818764502 ], [ -58.539176286549704, -34.574009226685419 ], [ -58.538402919273253, -34.573369028777051 ] ] ] ] } },
{ "type": "Feature", "properties": { "NOMPROV": "BUENOS AIRES", "PROV": "06", "NOMDEPTO": "GENERAL SAN MARTIN", "DEPTO": "371", "FRAC": "29", "RADIO": "07", "TIPO": "U", "LINK": "063712907", "IDRADIO_9": "063712907", "hog_tot": 357, "hog_nbi": 30, "pob_tot": 982, "pct_nbi": 8.4033613445378155 }, "geometry": { "type": "MultiPolygon", "coordinates": [ [ [ [ -58.546426454680748, -34.583638659619531 ], [ -58.547196670607761, -34.584279777897379 ], [ -58.54796503767777, -34.584948224208631 ], [ -58.548738427885446, -34.585597375521353 ], [ -58.549246541945799, -34.585206828470511 ], [ -58.549810227559014, -34.584753845772113 ], [ -58.550285330452304, -34.584380928711205 ], [ -58.55086005725898, -34.583919058712311 ], [ -58.550054291744452, -34.583251509145853 ], [ -58.549293659693461, -34.582586175546375 ], [ -58.548637196804648, -34.582017852889294 ], [ -58.548583501859717, -34.581972147148434 ], [ -58.547478538579021, -34.582784762518038 ], [ -58.546426454680748, -34.583638659619531 ] ] ] ] } },
{ "type": "Feature", "properties": { "NOMPROV": "BUENOS AIRES", "PROV": "06", "NOMDEPTO": "GENERAL SAN MARTIN", "DEPTO": "371", "FRAC": "09", "RADIO": "02", "TIPO": "U", "LINK": "063710902", "IDRADIO_9": "063710902", "hog_tot": 417, "hog_nbi": 6, "pob_tot": 1173, "pct_nbi": 1.43884892086331 }, "geometry": { "type": "MultiPolygon", "coordinates": [ [ [ [ -58.526505435461125, -34.563910472685848 ], [ -58.525615357175411, -34.564906943602814 ], [ -58.524720257233042, -34.56590742455203 ], [ -58.523838118950032, -34.567010001349693 ], [ -58.524592304733908, -34.567452306717698 ], [ -58.525315019001532, -34.567866643519743 ], [ -58.526026369607422, -34.568307879082269 ], [ -58.526928313809236, -34.567248276110128 ], [ -58.527828489213974, -34.566211483731188 ], [ -58.528707013072946, -34.565203564507108 ], [ -58.527984463700363, -34.564780235394537 ], [ -58.527240471453176, -34.564349679572665 ], [ -58.526505435461125, -34.563910472685848 ] ] ] ] } },
{ "type": "Feature", "properties": { "NOMPROV": "BUENOS AIRES", "PROV": "06", "NOMDEPTO": "GENERAL SAN MARTIN", "DEPTO": "371", "FRAC": "01", "RADIO": "02", "TIPO": "U", "LINK": "063710102", "IDRADIO_9": "063710102", "hog_tot": 324, "hog_nbi": 21, "pob_tot": 1009, "pct_nbi": 6.4814814814814818 }, "geometry": { "type": "MultiPolygon", "coordinates": [ [ [ [ -58.581349797738355, -34.506484660199092 ], [ -58.581104190897385, -34.506698038448235 ], [ -58.580868665677947, -34.506902657649604 ], [ -58.583457154490368, -34.506749680235721 ], [ -58.584781635361416, -34.506656870898411 ], [ -58.58510852007489, -34.506642630599742 ], [ -58.585320797815413, -34.506645089296342 ], [ -58.585576870140954, -34.506656752849864 ], [ -58.585985857834878, -34.506296001079306 ], [ -58.586381104647778, -34.506061485333603 ], [ -58.586737406040292, -34.505774657166562 ], [ -58.585614969259375, -34.504858405192863 ], [ -58.58612020480389, -34.504348381012065 ], [ -58.584947701860187, -34.503454436221126 ], [ -58.584441586112604, -34.5038743817395 ], [ -58.583730243323096, -34.504476843050881 ], [ -58.583170207281313, -34.50494694126369 ], [ -58.582413060320462, -34.505582482989723 ], [ -58.581662934693014, -34.506212609367736 ], [ -58.581349797738355, -34.506484660199092 ] ] ] ] } },
{ "type": "Feature", "properties": { "NOMPROV": "BUENOS AIRES", "PROV": "06", "NOMDEPTO": "GENERAL SAN MARTIN", "DEPTO": "371", "FRAC": "06", "RADIO": "06", "TIPO": "U", "LINK": "063710606", "IDRADIO_9": "063710606", "hog_tot": 336, "hog_nbi": 22, "pob_tot": 941, "pct_nbi": 6.5476190476190483 }, "geometry": { "type": "MultiPolygon", "coordinates": [ [ [ [ -58.533963949288982, -34.543726461577783 ], [ -58.534425893276058, -34.544162947122352 ], [ -58.534930330739854, -34.544592632791584 ], [ -58.535763220597588, -34.54532838521849 ], [ -58.536427737591907, -34.545924099741868 ], [ -58.537032104497996, -34.546492630947327 ], [ -58.537983420343444, -34.545810610671346 ], [ -58.538753784189439, -34.545215315802416 ], [ -58.538154681629585, -34.544588827397398 ], [ -58.537784125953046, -34.544179629865418 ], [ -58.537394990775248, -34.543802044170562 ], [ -58.536827732560091, -34.543203886102567 ], [ -58.536806834261391, -34.543182001550889 ], [ -58.53590056635872, -34.54388139597134 ], [ -58.535386327446609, -34.543435371560854 ], [ -58.534936189041332, -34.54301535281715 ], [ -58.534925614384882, -34.542997199016831 ], [ -58.534458329476401, -34.542593486329494 ], [ -58.53417168923184, -34.542804658174887 ], [ -58.533476006296496, -34.543315764069327 ], [ -58.533963949288982, -34.543726461577783 ] ] ] ] } },
{ "type": "Feature", "properties": { "NOMPROV": "BUENOS AIRES", "PROV": "06", "NOMDEPTO": "GENERAL SAN MARTIN", "DEPTO": "371", "FRAC": "16", "RADIO": "01", "TIPO": "U", "LINK": "063711601", "IDRADIO_9": "063711601", "hog_tot": 302, "hog_nbi": 52, "pob_tot": 1018, "pct_nbi": 17.218543046357617 }, "geometry": { "type": "MultiPolygon", "coordinates": [ [ [ [ -58.584025931008981, -34.528654755468459 ], [ -58.584069559746304, -34.528816471256413 ], [ -58.584193325278633, -34.529692471244488 ], [ -58.584373880396917, -34.530338105166472 ], [ -58.584559008772395, -34.530745466613944 ], [ -58.585028256063474, -34.530369021127072 ], [ -58.585351347882337, -34.530109824243226 ], [ -58.585406310177639, -34.530065731265438 ], [ -58.585438965145649, -34.530039533124238 ], [ -58.585591384821598, -34.529906200117345 ], [ -58.58565481466777, -34.529850712835263 ], [ -58.586079097504893, -34.529479558763605 ], [ -58.586213389458102, -34.52936771965549 ], [ -58.586347681052011, -34.529255880388803 ], [ -58.586420725594046, -34.52919504809725 ], [ -58.586706242763185, -34.528957264031874 ], [ -58.58594438668942, -34.528345160457363 ], [ -58.585379287474353, -34.527891129890492 ], [ -58.585266283163413, -34.527826350979801 ], [ -58.585085342856594, -34.527719706499894 ], [ -58.584668856026106, -34.528107802959589 ], [ -58.584501549747266, -34.528257386793683 ], [ -58.584099976130659, -34.528597224317842 ], [ -58.584025931008981, -34.528654755468459 ] ] ] ] } },
{ "type": "Feature", "properties": { "NOMPROV": "BUENOS AIRES", "PROV": "06", "NOMDEPTO": "GENERAL SAN MARTIN", "DEPTO": "371", "FRAC": "19", "RADIO": "08", "TIPO": "U", "LINK": "063711908", "IDRADIO_9": "063711908", "hog_tot": 440, "hog_nbi": 11, "pob_tot": 1132, "pct_nbi": 2.5 }, "geometry": { "type": "MultiPolygon", "coordinates": [ [ [ [ -58.556160544052531, -34.555959148186965 ], [ -58.556718382149342, -34.556461484761506 ], [ -58.557481159889115, -34.557083415917198 ], [ -58.557803266416272, -34.557357625030264 ], [ -58.558435350382339, -34.557978006132934 ], [ -58.559140716458664, -34.558724082862867 ], [ -58.559833635849174, -34.559470072737533 ], [ -58.560532255053594, -34.560211046884007 ], [ -58.561316202616595, -34.559607375530803 ], [ -58.562057695478686, -34.558990148212409 ], [ -58.561349780776723, -34.558243381058119 ], [ -58.560698808071322, -34.557499962809956 ], [ -58.560003531078316, -34.556752660097807 ], [ -58.55999294926648, -34.556734508328688 ], [ -58.559415168913112, -34.556123789493924 ], [ -58.558549213128956, -34.555167154492679 ], [ -58.558284535478684, -34.555353311613707 ], [ -58.557662275094536, -34.554796140105665 ], [ -58.556160544052531, -34.555959148186965 ] ] ] ] } },
{ "type": "Feature", "properties": { "NOMPROV": "BUENOS AIRES", "PROV": "06", "NOMDEPTO": "GENERAL SAN MARTIN", "DEPTO": "371", "FRAC": "14", "RADIO": "13", "TIPO": "U", "LINK": "063711413", "IDRADIO_9": "063711413", "hog_tot": 290, "hog_nbi": 4, "pob_tot": 788, "pct_nbi": 1.3793103448275861 }, "geometry": { "type": "MultiPolygon", "coordinates": [ [ [ [ -58.574686216977263, -34.53000169708784 ], [ -58.574953176377022, -34.530544765435216 ], [ -58.574987354812713, -34.530588518459545 ], [ -58.575220564296529, -34.531062877041229 ], [ -58.575415108875674, -34.531438115735988 ], [ -58.575724004961153, -34.532075196891448 ], [ -58.575911747067856, -34.532430209321141 ], [ -58.577081173401126, -34.531852608113489 ], [ -58.578008651604343, -34.531405422426843 ], [ -58.579212944815509, -34.530919701810191 ], [ -58.578545308819713, -34.530465769224598 ], [ -58.57815521327332, -34.530128923039676 ], [ -58.57812813131001, -34.53015466852019 ], [ -58.578093986426957, -34.530168303193669 ], [ -58.578045516688043, -34.530169744293531 ], [ -58.578001958587357, -34.53016723154969 ], [ -58.577965836043546, -34.530154783235801 ], [ -58.577920127763548, -34.530136208548683 ], [ -58.577859957290485, -34.530113457097109 ], [ -58.577314370547967, -34.530412020510852 ], [ -58.576986786498196, -34.529965429125376 ], [ -58.576515761640728, -34.529398492701176 ], [ -58.57571171289144, -34.528733738855159 ], [ -58.575438691965239, -34.528518964212132 ], [ -58.574141196081456, -34.529008706395707 ], [ -58.574686216977263, -34.53000169708784 ] ] ] ] } },
{ "type": "Feature", "properties": { "NOMPROV": "BUENOS AIRES", "PROV": "06", "NOMDEPTO": "GENERAL SAN MARTIN", "DEPTO": "371", "FRAC": "41", "RADIO": "02", "TIPO": "U", "LINK": "063714102", "IDRADIO_9": "063714102", "hog_tot": 358, "hog_nbi": 5, "pob_tot": 884, "pct_nbi": 1.396648044692737 }, "geometry": { "type": "MultiPolygon", "coordinates": [ [ [ [ -58.517978636594542, -34.568670101810696 ], [ -58.517188698397696, -34.56958888431668 ], [ -58.516543566563662, -34.570329153827515 ], [ -58.515897462238506, -34.571123488173036 ], [ -58.516641310525799, -34.571574186531059 ], [ -58.51738516581802, -34.572024881416255 ], [ -58.518107401675898, -34.572466295038495 ], [ -58.518764390471034, -34.571672081111529 ], [ -58.519386892697824, -34.570930580737482 ], [ -58.520191546762391, -34.569963211721017 ], [ -58.519497076307388, -34.569560302729244 ], [ -58.518733369084579, -34.569120919602852 ], [ -58.517978636594542, -34.568670101810696 ] ] ] ] } },
{ "type": "Feature", "properties": { "NOMPROV": "BUENOS AIRES", "PROV": "06", "NOMDEPTO": "GENERAL SAN MARTIN", "DEPTO": "371", "FRAC": "16", "RADIO": "02", "TIPO": "U", "LINK": "063711602", "IDRADIO_9": "063711602", "hog_tot": 353, "hog_nbi": 56, "pob_tot": 1254, "pct_nbi": 15.864022662889518 }, "geometry": { "type": "MultiPolygon", "coordinates": [ [ [ [ -58.582580798028602, -34.530796500510689 ], [ -58.58322648607831, -34.531805624868113 ], [ -58.583848550376104, -34.531310713809376 ], [ -58.583892751651852, -34.531275547234678 ], [ -58.583938324070793, -34.531239289681594 ], [ -58.584184039530527, -34.531043796908122 ], [ -58.584430141345827, -34.530847995328131 ], [ -58.584466439714717, -34.530819115803126 ], [ -58.584559008772395, -34.530745466613944 ], [ -58.584373880396917, -34.530338105166472 ], [ -58.584193325278633, -34.529692471244488 ], [ -58.584069559746304, -34.528816471256413 ], [ -58.582843165005308, -34.529768104060203 ], [ -58.582902441898689, -34.529826950034241 ], [ -58.583069482110417, -34.530025985659023 ], [ -58.583286314693517, -34.530272078867803 ], [ -58.583134063546431, -34.530457119751617 ], [ -58.582580798028602, -34.530796500510689 ] ] ] ] } },
{ "type": "Feature", "properties": { "NOMPROV": "BUENOS AIRES", "PROV": "06", "NOMDEPTO": "GENERAL SAN MARTIN", "DEPTO": "371", "FRAC": "17", "RADIO": "08", "TIPO": "U", "LINK": "063711708", "IDRADIO_9": "063711708", "hog_tot": 158, "hog_nbi": 3, "pob_tot": 384, "pct_nbi": 1.89873417721519 }, "geometry": { "type": "MultiPolygon", "coordinates": [ [ [ [ -58.566711510366112, -34.544230779611759 ], [ -58.567688368977777, -34.545071483739022 ], [ -58.568604971474322, -34.544343128842783 ], [ -58.568616016653301, -34.544334244841572 ], [ -58.569554846081743, -34.543579102602649 ], [ -58.568544850162418, -34.542765064291459 ], [ -58.567556655015451, -34.541951274457993 ], [ -58.566629180018225, -34.542679494325419 ], [ -58.5676170664712, -34.543511314948226 ], [ -58.566711510366112, -34.544230779611759 ] ] ] ] } },
{ "type": "Feature", "properties": { "NOMPROV": "BUENOS AIRES", "PROV": "06", "NOMDEPTO": "GENERAL SAN MARTIN", "DEPTO": "371", "FRAC": "47", "RADIO": "03", "TIPO": "U", "LINK": "063714703", "IDRADIO_9": "063714703", "hog_tot": 385, "hog_nbi": 4, "pob_tot": 925, "pct_nbi": 1.0389610389610391 }, "geometry": { "type": "MultiPolygon", "coordinates": [ [ [ [ -58.569554846081743, -34.543579102602649 ], [ -58.568616016653301, -34.544334244841572 ], [ -58.568604971474322, -34.544343128842783 ], [ -58.567688368977777, -34.545071483739022 ], [ -58.566793688223875, -34.545791075314654 ], [ -58.567825020065222, -34.546632417874889 ], [ -58.569103324678451, -34.547683957206594 ], [ -58.570018864377531, -34.547018674213653 ], [ -58.570107073322063, -34.546956612911934 ], [ -58.570977955199261, -34.546353893874205 ], [ -58.571948382711895, -34.545662196930671 ], [ -58.572036588790226, -34.54560013505133 ], [ -58.571521058085168, -34.545170469559437 ], [ -58.570575598486101, -34.544402271248103 ], [ -58.569554846081743, -34.543579102602649 ] ] ] ] } },
{ "type": "Feature", "properties": { "NOMPROV": "BUENOS AIRES", "PROV": "06", "NOMDEPTO": "GENERAL SAN MARTIN", "DEPTO": "371", "FRAC": "49", "RADIO": "05", "TIPO": "U", "LINK": "063714905", "IDRADIO_9": "063714905", "hog_tot": 343, "hog_nbi": 4, "pob_tot": 875, "pct_nbi": 1.166180758017493 }, "geometry": { "type": "MultiPolygon", "coordinates": [ [ [ [ -58.543992060098724, -34.57279588832828 ], [ -58.544754414813454, -34.573444932555851 ], [ -58.545506356569419, -34.574066808635401 ], [ -58.546257996816493, -34.574706703425058 ], [ -58.54734135537138, -34.57381826299838 ], [ -58.548380016261468, -34.572992374878531 ], [ -58.547617637634104, -34.572343351763969 ], [ -58.546865850435822, -34.571712477846575 ], [ -58.546146444644648, -34.571100011092078 ], [ -58.545108099518593, -34.571907857360493 ], [ -58.543992060098724, -34.57279588832828 ] ] ] ] } },
{ "type": "Feature", "properties": { "NOMPROV": "BUENOS AIRES", "PROV": "06", "NOMDEPTO": "GENERAL SAN MARTIN", "DEPTO": "371", "FRAC": "27", "RADIO": "02", "TIPO": "U", "LINK": "063712702", "IDRADIO_9": "063712702", "hog_tot": 420, "hog_nbi": 15, "pob_tot": 1152, "pct_nbi": 3.5714285714285712 }, "geometry": { "type": "MultiPolygon", "coordinates": [ [ [ [ -58.549224175856338, -34.589001201529591 ], [ -58.549848347579065, -34.589459291000686 ], [ -58.550580240124781, -34.58999076429329 ], [ -58.551204426751902, -34.590448847126112 ], [ -58.551703270864728, -34.590812853309274 ], [ -58.551957818748171, -34.590998594405022 ], [ -58.552157870286514, -34.590775634108127 ], [ -58.552244888675659, -34.590785680081432 ], [ -58.553709125115596, -34.590568696712381 ], [ -58.554319218328708, -34.590472334941076 ], [ -58.554650145823125, -34.590420064997986 ], [ -58.555195459113186, -34.590333931391221 ], [ -58.556659835964595, -34.590107901514102 ], [ -58.55655944256003, -34.589610976793196 ], [ -58.555793263295058, -34.58916926725685 ], [ -58.555264789068922, -34.588847541310997 ], [ -58.554801074068067, -34.588562634732028 ], [ -58.55448819664182, -34.588378660155662 ], [ -58.554240074137006, -34.588231505749889 ], [ -58.553193425373223, -34.587624215959643 ], [ -58.551942576918798, -34.586852251767574 ], [ -58.551047615593816, -34.587553685388983 ], [ -58.549964737925293, -34.588406107102045 ], [ -58.549224175856338, -34.589001201529591 ] ] ] ] } },
{ "type": "Feature", "properties": { "NOMPROV": "BUENOS AIRES", "PROV": "06", "NOMDEPTO": "GENERAL SAN MARTIN", "DEPTO": "371", "FRAC": "50", "RADIO": "04", "TIPO": "U", "LINK": "063715004", "IDRADIO_9": "063715004", "hog_tot": 192, "hog_nbi": 0, "pob_tot": 377, "pct_nbi": 0.0 }, "geometry": { "type": "MultiPolygon", "coordinates": [ [ [ [ -58.539176286549704, -34.574009226685419 ], [ -58.538115102875501, -34.574870818764502 ], [ -58.53890995553845, -34.57552930256972 ], [ -58.539949034272702, -34.574685466033742 ], [ -58.539176286549704, -34.574009226685419 ] ] ] ] } },
{ "type": "Feature", "properties": { "NOMPROV": "BUENOS AIRES", "PROV": "06", "NOMDEPTO": "GENERAL SAN MARTIN", "DEPTO": "371", "FRAC": "50", "RADIO": "06", "TIPO": "U", "LINK": "063715006", "IDRADIO_9": "063715006", "hog_tot": 167, "hog_nbi": 2, "pob_tot": 311, "pct_nbi": 1.197604790419162 }, "geometry": { "type": "MultiPolygon", "coordinates": [ [ [ [ -58.538665403810739, -34.577049637292752 ], [ -58.539438489820789, -34.57770785711071 ], [ -58.540477592401359, -34.576864016928923 ], [ -58.53970434681699, -34.576214815111129 ], [ -58.540754478835041, -34.575362090656462 ], [ -58.539949034272702, -34.574685466033742 ], [ -58.53890995553845, -34.57552930256972 ], [ -58.537859959825255, -34.576372999063537 ], [ -58.538665403810739, -34.577049637292752 ] ] ] ] } },
{ "type": "Feature", "properties": { "NOMPROV": "BUENOS AIRES", "PROV": "06", "NOMDEPTO": "GENERAL SAN MARTIN", "DEPTO": "371", "FRAC": "34", "RADIO": "04", "TIPO": "U", "LINK": "063713404", "IDRADIO_9": "063713404", "hog_tot": 242, "hog_nbi": 9, "pob_tot": 653, "pct_nbi": 3.71900826446281 }, "geometry": { "type": "MultiPolygon", "coordinates": [ [ [ [ -58.569590318291837, -34.559538389105214 ], [ -58.570295725190974, -34.560129751649711 ], [ -58.570993828779514, -34.559573304077269 ], [ -58.571389035908147, -34.559265997027744 ], [ -58.572228748212702, -34.558581785603344 ], [ -58.572687327270437, -34.558177782347379 ], [ -58.572017861595619, -34.557600347998189 ], [ -58.57299142895323, -34.556805269642716 ], [ -58.572269705388926, -34.556226532614438 ], [ -58.571326895540182, -34.557022539427948 ], [ -58.57036315987304, -34.557791391902278 ], [ -58.569624540590532, -34.558401554944709 ], [ -58.568896547419939, -34.558975260303598 ], [ -58.569590318291837, -34.559538389105214 ] ] ] ] } },
{ "type": "Feature", "properties": { "NOMPROV": "BUENOS AIRES", "PROV": "06", "NOMDEPTO": "GENERAL SAN MARTIN", "DEPTO": "371", "FRAC": "02", "RADIO": "03", "TIPO": "U", "LINK": "063710203", "IDRADIO_9": "063710203", "hog_tot": 465, "hog_nbi": 43, "pob_tot": 1393, "pct_nbi": 9.2473118279569881 }, "geometry": { "type": "MultiPolygon", "coordinates": [ [ [ [ -58.580708733216703, -34.516139467583585 ], [ -58.581296253892809, -34.51661176803686 ], [ -58.581520575069021, -34.516431036954053 ], [ -58.582323511808681, -34.515784119688306 ], [ -58.583033234092262, -34.515212291801554 ], [ -58.583312900218125, -34.51497372119394 ], [ -58.58378981262311, -34.514602696202907 ], [ -58.584328077582477, -34.514168993443334 ], [ -58.583776632138694, -34.513699562982616 ], [ -58.583296443105525, -34.51329078323014 ], [ -58.583525774346455, -34.513107520318634 ], [ -58.584301025315412, -34.51248799013451 ], [ -58.583529823981102, -34.511959695400904 ], [ -58.582816675996028, -34.512531535790131 ], [ -58.582101969760238, -34.513104598518481 ], [ -58.581236740193695, -34.513673952537999 ], [ -58.580581539190405, -34.514323711232976 ], [ -58.579818877678328, -34.514935198949203 ], [ -58.58051797042468, -34.515511014083295 ], [ -58.580221579578044, -34.515747844205286 ], [ -58.580708733216703, -34.516139467583585 ] ] ] ] } },
{ "type": "Feature", "properties": { "NOMPROV": "BUENOS AIRES", "PROV": "06", "NOMDEPTO": "GENERAL SAN MARTIN", "DEPTO": "371", "FRAC": "06", "RADIO": "05", "TIPO": "U", "LINK": "063710605", "IDRADIO_9": "063710605", "hog_tot": 266, "hog_nbi": 13, "pob_tot": 714, "pct_nbi": 4.8872180451127818 }, "geometry": { "type": "MultiPolygon", "coordinates": [ [ [ [ -58.531937382180629, -34.545286596611653 ], [ -58.53242642527983, -34.545716420126666 ], [ -58.532888185968105, -34.54612743179441 ], [ -58.533009567754824, -34.546038756869365 ], [ -58.533848498222447, -34.545408881022958 ], [ -58.534682307294254, -34.546125091675862 ], [ -58.535317439029981, -34.546715582273386 ], [ -58.535981707169611, -34.547325928649599 ], [ -58.537032104497996, -34.546492630947327 ], [ -58.536427737591907, -34.545924099741868 ], [ -58.535763220597588, -34.54532838521849 ], [ -58.534930330739854, -34.544592632791584 ], [ -58.534425893276058, -34.544162947122352 ], [ -58.533963949288982, -34.543726461577783 ], [ -58.531937382180629, -34.545286596611653 ] ] ] ] } },
{ "type": "Feature", "properties": { "NOMPROV": "BUENOS AIRES", "PROV": "06", "NOMDEPTO": "GENERAL SAN MARTIN", "DEPTO": "371", "FRAC": "41", "RADIO": "03", "TIPO": "U", "LINK": "063714103", "IDRADIO_9": "063714103", "hog_tot": 370, "hog_nbi": 9, "pob_tot": 886, "pct_nbi": 2.432432432432432 }, "geometry": { "type": "MultiPolygon", "coordinates": [ [ [ [ -58.517642680981972, -34.566365226192417 ], [ -58.517094027297055, -34.567040717421399 ], [ -58.516463524025703, -34.567775864918481 ], [ -58.515712093375186, -34.568678611447744 ], [ -58.51506695607916, -34.569418873102464 ], [ -58.514399057420441, -34.570212934347339 ], [ -58.51514288934726, -34.570663641488707 ], [ -58.515897462238506, -34.571123488173036 ], [ -58.516543566563662, -34.570329153827515 ], [ -58.517188698397696, -34.56958888431668 ], [ -58.517978636594542, -34.568670101810696 ], [ -58.518612689077571, -34.567938703090391 ], [ -58.51919098410513, -34.567278730615634 ], [ -58.518406811542008, -34.566823861047084 ], [ -58.517642680981972, -34.566365226192417 ] ] ] ] } },
{ "type": "Feature", "properties": { "NOMPROV": "BUENOS AIRES", "PROV": "06", "NOMDEPTO": "GENERAL SAN MARTIN", "DEPTO": "371", "FRAC": "43", "RADIO": "04", "TIPO": "U", "LINK": "063714304", "IDRADIO_9": "063714304", "hog_tot": 346, "hog_nbi": 9, "pob_tot": 903, "pct_nbi": 2.601156069364162 }, "geometry": { "type": "MultiPolygon", "coordinates": [ [ [ [ -58.535323522659283, -34.55758569417403 ], [ -58.535591651013789, -34.557812289290801 ], [ -58.535871139549606, -34.558042934626556 ], [ -58.536515532577859, -34.558573440470049 ], [ -58.536549652703343, -34.55858975735763 ], [ -58.53720302991124, -34.559131498942655 ], [ -58.537847124361569, -34.559680021176462 ], [ -58.538930211186745, -34.558800663088526 ], [ -58.539585365074039, -34.559340294331555 ], [ -58.540480423318392, -34.55862091332979 ], [ -58.539836161474369, -34.558081416225207 ], [ -58.53914849574236, -34.557532382904711 ], [ -58.537816446262646, -34.556452851096843 ], [ -58.537257936285101, -34.555995487829406 ], [ -58.536395714943154, -34.556706226673974 ], [ -58.535323522659283, -34.55758569417403 ] ] ] ] } },
{ "type": "Feature", "properties": { "NOMPROV": "BUENOS AIRES", "PROV": "06", "NOMDEPTO": "GENERAL SAN MARTIN", "DEPTO": "371", "FRAC": "29", "RADIO": "08", "TIPO": "U", "LINK": "063712908", "IDRADIO_9": "063712908", "hog_tot": 403, "hog_nbi": 14, "pob_tot": 1103, "pct_nbi": 3.4739454094292812 }, "geometry": { "type": "MultiPolygon", "coordinates": [ [ [ [ -58.551101761781595, -34.578784289207064 ], [ -58.549985532954331, -34.579681384885049 ], [ -58.548935591911146, -34.580525177644695 ], [ -58.547863839574319, -34.581368700517956 ], [ -58.548583501859717, -34.581972147148434 ], [ -58.548637196804648, -34.582017852889294 ], [ -58.549293659693461, -34.582586175546375 ], [ -58.550054291744452, -34.583251509145853 ], [ -58.55086005725898, -34.583919058712311 ], [ -58.551931813990862, -34.583075509019871 ], [ -58.553030764998937, -34.582206590034602 ], [ -58.552176771934732, -34.581519097255189 ], [ -58.551446348591874, -34.58090653033274 ], [ -58.552541256959579, -34.579982128291554 ], [ -58.551853329945217, -34.579433161845969 ], [ -58.551101761781595, -34.578784289207064 ] ] ] ] } },
{ "type": "Feature", "properties": { "NOMPROV": "BUENOS AIRES", "PROV": "06", "NOMDEPTO": "GENERAL SAN MARTIN", "DEPTO": "371", "FRAC": "51", "RADIO": "06", "TIPO": "U", "LINK": "063715106", "IDRADIO_9": "063715106", "hog_tot": 375, "hog_nbi": 9, "pob_tot": 997, "pct_nbi": 2.4 }, "geometry": { "type": "MultiPolygon", "coordinates": [ [ [ [ -58.542574854280673, -34.580323186366066 ], [ -58.541480464022733, -34.58121144991248 ], [ -58.540436031321661, -34.582046060793843 ], [ -58.539413042845801, -34.582899264907255 ], [ -58.540263430199126, -34.58363492875268 ], [ -58.540971208126088, -34.584221791941204 ], [ -58.541743253865434, -34.584883039753251 ], [ -58.542273659231675, -34.58446574827277 ], [ -58.542767499637584, -34.584045741837741 ], [ -58.543838086847344, -34.583199163342947 ], [ -58.544900274671491, -34.582352473990532 ], [ -58.544144315563997, -34.58170392589512 ], [ -58.543369006216217, -34.581026699502949 ], [ -58.542574854280673, -34.580323186366066 ] ] ] ] } },
{ "type": "Feature", "properties": { "NOMPROV": "BUENOS AIRES", "PROV": "06", "NOMDEPTO": "GENERAL SAN MARTIN", "DEPTO": "371", "FRAC": "26", "RADIO": "02", "TIPO": "U", "LINK": "063712602", "IDRADIO_9": "063712602", "hog_tot": 265, "hog_nbi": 9, "pob_tot": 673, "pct_nbi": 3.3962264150943402 }, "geometry": { "type": "MultiPolygon", "coordinates": [ [ [ [ -58.53224537691122, -34.588293387912948 ], [ -58.531538179649395, -34.589115327814632 ], [ -58.531449950259301, -34.589212193627205 ], [ -58.531365275926134, -34.589310108957619 ], [ -58.530632237652306, -34.59015776554714 ], [ -58.530869424576991, -34.590304835799181 ], [ -58.531106613450945, -34.590451904719863 ], [ -58.532273713466722, -34.591179028174871 ], [ -58.533493836377147, -34.591944800927216 ], [ -58.534310787779994, -34.591015160731907 ], [ -58.535150282029647, -34.590066183919767 ], [ -58.53571344837836, -34.589428887670813 ], [ -58.536005937153114, -34.589111500086226 ], [ -58.536277636691409, -34.588810810241228 ], [ -58.535082872563187, -34.58807511389351 ], [ -58.533523353686085, -34.587117472875086 ], [ -58.532860593447445, -34.587694049039371 ], [ -58.532589820021158, -34.58791896950904 ], [ -58.53224537691122, -34.588293387912948 ] ] ] ] } },
{ "type": "Feature", "properties": { "NOMPROV": "BUENOS AIRES", "PROV": "06", "NOMDEPTO": "GENERAL SAN MARTIN", "DEPTO": "371", "FRAC": "15", "RADIO": "09", "TIPO": "U", "LINK": "063711509", "IDRADIO_9": "063711509", "hog_tot": 297, "hog_nbi": 37, "pob_tot": 874, "pct_nbi": 12.457912457912458 }, "geometry": { "type": "MultiPolygon", "coordinates": [ [ [ [ -58.591559793362812, -34.531191564450459 ], [ -58.591235806988024, -34.531458376840213 ], [ -58.590895391906187, -34.531689968500707 ], [ -58.590555108259927, -34.531921468757886 ], [ -58.590486093866204, -34.531968419591863 ], [ -58.589879584849449, -34.532482249425897 ], [ -58.590517841969948, -34.533024513788874 ], [ -58.59096719758444, -34.533413705759436 ], [ -58.591646597331554, -34.532843386068635 ], [ -58.591659937742406, -34.532832303646195 ], [ -58.591959697918519, -34.532583274934268 ], [ -58.592223668349895, -34.532363977749398 ], [ -58.592265042255548, -34.53232960566055 ], [ -58.592286285917567, -34.532311956873457 ], [ -58.592329253714745, -34.532276260118287 ], [ -58.592577254397234, -34.53206918157634 ], [ -58.592891523885577, -34.531806766738484 ], [ -58.593378654696004, -34.531400008339162 ], [ -58.593906358099687, -34.531852202717751 ], [ -58.594699237064859, -34.532531613087457 ], [ -58.59495128417646, -34.532323899314321 ], [ -58.595077417894522, -34.532153259379427 ], [ -58.595132737894623, -34.532050049816775 ], [ -58.595144338509527, -34.531941638477527 ], [ -58.595110757219778, -34.531773950668232 ], [ -58.595039603108567, -34.531623747688222 ], [ -58.594934090687069, -34.531405828898066 ], [ -58.594749926443804, -34.531053294255052 ], [ -58.594580159203247, -34.530683752414781 ], [ -58.594401188595356, -34.530242248347101 ], [ -58.594317463954106, -34.529852808510803 ], [ -58.594018456947815, -34.529568054019542 ], [ -58.593784854253819, -34.529163850847475 ], [ -58.593410184476575, -34.529454441142391 ], [ -58.592391708674654, -34.53050644585057 ], [ -58.591900609458222, -34.530910889505293 ], [ -58.591559793362812, -34.531191564450459 ] ] ] ] } },
{ "type": "Feature", "properties": { "NOMPROV": "BUENOS AIRES", "PROV": "06", "NOMDEPTO": "GENERAL SAN MARTIN", "DEPTO": "371", "FRAC": "19", "RADIO": "01", "TIPO": "U", "LINK": "063711901", "IDRADIO_9": "063711901", "hog_tot": 294, "hog_nbi": 3, "pob_tot": 617, "pct_nbi": 1.0204081632653059 }, "geometry": { "type": "MultiPolygon", "coordinates": [ [ [ [ -58.555516741157483, -34.551607048754448 ], [ -58.556438329694458, -34.552492255892794 ], [ -58.557359937687799, -34.553377455535255 ], [ -58.558270517528307, -34.554271531574123 ], [ -58.559408560594015, -34.553347567928917 ], [ -58.558431538523557, -34.552515809940552 ], [ -58.557443799681657, -34.551674904166525 ], [ -58.556466816713296, -34.550843130306397 ], [ -58.555516741157483, -34.551607048754448 ] ] ] ] } },
{ "type": "Feature", "properties": { "NOMPROV": "BUENOS AIRES", "PROV": "06", "NOMDEPTO": "GENERAL SAN MARTIN", "DEPTO": "371", "FRAC": "19", "RADIO": "07", "TIPO": "U", "LINK": "063711907", "IDRADIO_9": "063711907", "hog_tot": 401, "hog_nbi": 21, "pob_tot": 1050, "pct_nbi": 5.2369077306733178 }, "geometry": { "type": "MultiPolygon", "coordinates": [ [ [ [ -58.554648033619017, -34.557112995925429 ], [ -58.553186174712181, -34.558307053094666 ], [ -58.553658291646201, -34.55869392368021 ], [ -58.553970861343984, -34.558916723357115 ], [ -58.554534074065778, -34.559273735566109 ], [ -58.554626325576287, -34.559332147252881 ], [ -58.555780650900616, -34.560048434774423 ], [ -58.55671970301276, -34.560603407735286 ], [ -58.557817050925848, -34.559790401716498 ], [ -58.559140716458664, -34.558724082862867 ], [ -58.558435350382339, -34.557978006132934 ], [ -58.557803266416272, -34.557357625030264 ], [ -58.557481159889115, -34.557083415917198 ], [ -58.556718382149342, -34.556461484761506 ], [ -58.556160544052531, -34.555959148186965 ], [ -58.554648033619017, -34.557112995925429 ] ] ] ] } },
{ "type": "Feature", "properties": { "NOMPROV": "BUENOS AIRES", "PROV": "06", "NOMDEPTO": "GENERAL SAN MARTIN", "DEPTO": "371", "FRAC": "20", "RADIO": "03", "TIPO": "U", "LINK": "063712003", "IDRADIO_9": "063712003", "hog_tot": 349, "hog_nbi": 7, "pob_tot": 952, "pct_nbi": 2.005730659025788 }, "geometry": { "type": "MultiPolygon", "coordinates": [ [ [ [ -58.56043599492596, -34.562003587257003 ], [ -58.560522051844401, -34.562067696420378 ], [ -58.561230753865729, -34.562670939965592 ], [ -58.561950204275853, -34.563283319570424 ], [ -58.562680247391377, -34.563913846677565 ], [ -58.563265656058313, -34.563452039793368 ], [ -58.563541863597912, -34.56322995412183 ], [ -58.56386226140021, -34.562972334792342 ], [ -58.564359272225651, -34.562581590031762 ], [ -58.564955865080243, -34.562101879306681 ], [ -58.564174916718095, -34.561263457952748 ], [ -58.563410618427213, -34.560452032813295 ], [ -58.563083879845301, -34.560123774104916 ], [ -58.562288837043127, -34.560700449833845 ], [ -58.56149492376727, -34.561249929058228 ], [ -58.56043599492596, -34.562003587257003 ] ] ] ] } },
{ "type": "Feature", "properties": { "NOMPROV": "BUENOS AIRES", "PROV": "06", "NOMDEPTO": "GENERAL SAN MARTIN", "DEPTO": "371", "FRAC": "21", "RADIO": "05", "TIPO": "U", "LINK": "063712105", "IDRADIO_9": "063712105", "hog_tot": 423, "hog_nbi": 11, "pob_tot": 1099, "pct_nbi": 2.60047281323877 }, "geometry": { "type": "MultiPolygon", "coordinates": [ [ [ [ -58.545611212012759, -34.563666579115022 ], [ -58.544583380358056, -34.56450158858312 ], [ -58.543544634678724, -34.565336458772968 ], [ -58.544263815654858, -34.56595795125493 ], [ -58.545090844986611, -34.566643818372036 ], [ -58.545831523477965, -34.567283584918236 ], [ -58.546701056452918, -34.568033042673648 ], [ -58.5477614368939, -34.567207416839643 ], [ -58.548878041094483, -34.566359450293 ], [ -58.547905463385234, -34.565557300765846 ], [ -58.547169130704233, -34.564959143109441 ], [ -58.546325193490084, -34.564246354669464 ], [ -58.545611212012759, -34.563666579115022 ] ] ] ] } },
{ "type": "Feature", "properties": { "NOMPROV": "BUENOS AIRES", "PROV": "06", "NOMDEPTO": "GENERAL SAN MARTIN", "DEPTO": "371", "FRAC": "14", "RADIO": "05", "TIPO": "U", "LINK": "063711405", "IDRADIO_9": "063711405", "hog_tot": 233, "hog_nbi": 33, "pob_tot": 746, "pct_nbi": 14.163090128755366 }, "geometry": { "type": "MultiPolygon", "coordinates": [ [ [ [ -58.577862481551911, -34.524475620475428 ], [ -58.578638466432267, -34.525135339387411 ], [ -58.579442787292308, -34.524488178208237 ], [ -58.58050962634649, -34.523638898724855 ], [ -58.580937552502512, -34.523352319009419 ], [ -58.580833374499186, -34.523336202711967 ], [ -58.58061964163953, -34.52308486110276 ], [ -58.580101671199756, -34.522649087564062 ], [ -58.579375616246772, -34.523257832551835 ], [ -58.578684741138382, -34.523829700666617 ], [ -58.577862481551911, -34.524475620475428 ] ] ] ] } },
{ "type": "Feature", "properties": { "NOMPROV": "BUENOS AIRES", "PROV": "06", "NOMDEPTO": "GENERAL SAN MARTIN", "DEPTO": "371", "FRAC": "14", "RADIO": "07", "TIPO": "U", "LINK": "063711407", "IDRADIO_9": "063711407", "hog_tot": 327, "hog_nbi": 84, "pob_tot": 1142, "pct_nbi": 25.688073394495415 }, "geometry": { "type": "MultiPolygon", "coordinates": [ [ [ [ -58.581793239823874, -34.519764704122416 ], [ -58.58213149298858, -34.520163529710516 ], [ -58.582591529581045, -34.520693754987327 ], [ -58.582885692435141, -34.521025178141876 ], [ -58.583407124603909, -34.521612659315707 ], [ -58.584059904427541, -34.52115495719648 ], [ -58.584806452368426, -34.520627183280766 ], [ -58.58524262360573, -34.520132519941512 ], [ -58.585317642041765, -34.520045062421254 ], [ -58.585357032787172, -34.519962958141022 ], [ -58.585547843247724, -34.520019079191599 ], [ -58.585602431962464, -34.51991061223422 ], [ -58.585617527086107, -34.519880619583958 ], [ -58.58547628201115, -34.519838229825162 ], [ -58.584421694890608, -34.519521724799816 ], [ -58.584355377868, -34.519500488125828 ], [ -58.583850469471237, -34.519338792804518 ], [ -58.583759457362461, -34.519315593833987 ], [ -58.583523037112371, -34.519255331104389 ], [ -58.58323760469397, -34.519182574429635 ], [ -58.582940600097963, -34.519062950251289 ], [ -58.582872293819939, -34.519035438798987 ], [ -58.582701913597781, -34.518989334914814 ], [ -58.582540543812755, -34.519134527251595 ], [ -58.582335360423606, -34.51930755299874 ], [ -58.58204571749561, -34.519551799058966 ], [ -58.581793239823874, -34.519764704122416 ] ] ] ] } },
{ "type": "Feature", "properties": { "NOMPROV": "BUENOS AIRES", "PROV": "06", "NOMDEPTO": "GENERAL SAN MARTIN", "DEPTO": "371", "FRAC": "04", "RADIO": "08", "TIPO": "U", "LINK": "063710408", "IDRADIO_9": "063710408", "hog_tot": 279, "hog_nbi": 5, "pob_tot": 741, "pct_nbi": 1.7921146953405021 }, "geometry": { "type": "MultiPolygon", "coordinates": [ [ [ [ -58.54911610688039, -34.536884283036883 ], [ -58.549813938850576, -34.537469435193373 ], [ -58.550447223109074, -34.538008748826613 ], [ -58.551134028666546, -34.538602776153539 ], [ -58.551799530941977, -34.539169506564129 ], [ -58.553080872949387, -34.538139136709844 ], [ -58.552404790724744, -34.537554260787047 ], [ -58.551717829212748, -34.536969252146299 ], [ -58.551084544158911, -34.536429944106452 ], [ -58.550399082586893, -34.535860436558409 ], [ -58.54911610688039, -34.536884283036883 ] ] ] ] } },
{ "type": "Feature", "properties": { "NOMPROV": "BUENOS AIRES", "PROV": "06", "NOMDEPTO": "GENERAL SAN MARTIN", "DEPTO": "371", "FRAC": "01", "RADIO": "01", "TIPO": "U", "LINK": "063710101", "IDRADIO_9": "063710101", "hog_tot": 363, "hog_nbi": 36, "pob_tot": 1223, "pct_nbi": 9.9173553719008272 }, "geometry": { "type": "MultiPolygon", "coordinates": [ [ [ [ -58.585614969259375, -34.504858405192863 ], [ -58.586737406040292, -34.505774657166562 ], [ -58.586381104647778, -34.506061485333603 ], [ -58.585985857834878, -34.506296001079306 ], [ -58.589732000634321, -34.506035504734498 ], [ -58.591150263545977, -34.505936852128031 ], [ -58.59192716883905, -34.505882804417432 ], [ -58.591943497794944, -34.505882992646072 ], [ -58.600496069607424, -34.505289149953292 ], [ -58.600929043330162, -34.50525907034509 ], [ -58.60122895980539, -34.505236746021268 ], [ -58.601340674489812, -34.505435028228469 ], [ -58.600793890278439, -34.502799210919953 ], [ -58.600390560425943, -34.502143274817726 ], [ -58.600108882109822, -34.501681702843833 ], [ -58.599789987457754, -34.501155317689502 ], [ -58.599591834016451, -34.50080369436278 ], [ -58.599314494050297, -34.500311548398031 ], [ -58.598395698009604, -34.498553698875561 ], [ -58.598398238059552, -34.497751517255288 ], [ -58.598501277675105, -34.496934151362396 ], [ -58.5987832599968, -34.496068933969596 ], [ -58.599299752823704, -34.495274101418509 ], [ -58.600306521006075, -34.49431217020048 ], [ -58.600787804348691, -34.493524485332934 ], [ -58.600942248226723, -34.492751083213115 ], [ -58.600847255550633, -34.491920742732873 ], [ -58.600699500134397, -34.490990648013884 ], [ -58.600163987741411, -34.490161799192116 ], [ -58.595993249870638, -34.493818130459815 ], [ -58.594874923424207, -34.49479844631994 ], [ -58.593116511355703, -34.496308645574636 ], [ -58.590756983519839, -34.498326054240074 ], [ -58.590083549495034, -34.498946497792986 ], [ -58.589359613549625, -34.499611855786917 ], [ -58.588603002226748, -34.500276346821337 ], [ -58.587882500559338, -34.500909109722166 ], [ -58.587149193918734, -34.501553103322813 ], [ -58.58641447796623, -34.502198319873756 ], [ -58.58504632894455, -34.503372600593138 ], [ -58.584947701860187, -34.503454436221126 ], [ -58.58612020480389, -34.504348381012065 ], [ -58.585614969259375, -34.504858405192863 ] ] ] ] } },
{ "type": "Feature", "properties": { "NOMPROV": "BUENOS AIRES", "PROV": "06", "NOMDEPTO": "GENERAL SAN MARTIN", "DEPTO": "371", "FRAC": "03", "RADIO": "08", "TIPO": "U", "LINK": "063710308", "IDRADIO_9": "063710308", "hog_tot": 461, "hog_nbi": 20, "pob_tot": 1269, "pct_nbi": 4.3383947939262466 }, "geometry": { "type": "MultiPolygon", "coordinates": [ [ [ [ -58.57155343379624, -34.52437769989708 ], [ -58.570201747018238, -34.525496593669736 ], [ -58.569085148237974, -34.526368926168594 ], [ -58.568657625552099, -34.526706257585126 ], [ -58.567976871969989, -34.527243339415826 ], [ -58.566855627157246, -34.52819747408293 ], [ -58.566413899786347, -34.528552828883711 ], [ -58.567380014876882, -34.529396313086444 ], [ -58.568365981307238, -34.528617106971943 ], [ -58.569021432504783, -34.528079059696672 ], [ -58.569673260358307, -34.528601990373105 ], [ -58.570352087522224, -34.529174308755252 ], [ -58.571218453002793, -34.529923110572334 ], [ -58.572071656473653, -34.530660688344092 ], [ -58.572751448412596, -34.53016020729946 ], [ -58.573360158024585, -34.52962311810056 ], [ -58.574141196081456, -34.529008706395707 ], [ -58.573610772630722, -34.527969429877587 ], [ -58.573071422841835, -34.526953324193741 ], [ -58.572648853168673, -34.526228449051409 ], [ -58.5725625340988, -34.526077672192315 ], [ -58.572190555617347, -34.525458253837598 ], [ -58.572034050330217, -34.525234632461057 ], [ -58.57155343379624, -34.52437769989708 ] ] ] ] } },
{ "type": "Feature", "properties": { "NOMPROV": "BUENOS AIRES", "PROV": "06", "NOMDEPTO": "GENERAL SAN MARTIN", "DEPTO": "371", "FRAC": "02", "RADIO": "02", "TIPO": "U", "LINK": "063710202", "IDRADIO_9": "063710202", "hog_tot": 369, "hog_nbi": 25, "pob_tot": 1112, "pct_nbi": 6.7750677506775059 }, "geometry": { "type": "MultiPolygon", "coordinates": [ [ [ [ -58.578694434107419, -34.518707904721161 ], [ -58.577974064254491, -34.519288236225925 ], [ -58.57721245020538, -34.519901780843611 ], [ -58.577007813246745, -34.519929683052297 ], [ -58.577147727662066, -34.520022529380043 ], [ -58.578423565642595, -34.519673200060396 ], [ -58.579419154610505, -34.519400591182837 ], [ -58.57948247926992, -34.519383251982262 ], [ -58.581230660093603, -34.518904546963938 ], [ -58.58151611599223, -34.518886725984466 ], [ -58.581734105870446, -34.518873117094067 ], [ -58.582416506361589, -34.518912104105269 ], [ -58.582701913597781, -34.518989334914814 ], [ -58.582872293819939, -34.519035438798987 ], [ -58.582940600097963, -34.519062950251289 ], [ -58.58323760469397, -34.519182574429635 ], [ -58.583523037112371, -34.519255331104389 ], [ -58.583571723285608, -34.519142306959637 ], [ -58.583588494372933, -34.519103405175088 ], [ -58.583419590187113, -34.519065473967288 ], [ -58.583256431486241, -34.518878728700095 ], [ -58.583339842075191, -34.518732313835471 ], [ -58.583799078017329, -34.518370644937491 ], [ -58.583940563109813, -34.518259218549041 ], [ -58.584628357841687, -34.517716301673872 ], [ -58.583846376238093, -34.517060770987747 ], [ -58.583057178728431, -34.516399175680434 ], [ -58.582323511808681, -34.515784119688306 ], [ -58.581520575069021, -34.516431036954053 ], [ -58.581296253892809, -34.51661176803686 ], [ -58.580875530824407, -34.516950731910278 ], [ -58.580171538907663, -34.517517905552943 ], [ -58.579434372370763, -34.518111796442774 ], [ -58.578694434107419, -34.518707904721161 ] ] ] ] } },
{ "type": "Feature", "properties": { "NOMPROV": "BUENOS AIRES", "PROV": "06", "NOMDEPTO": "GENERAL SAN MARTIN", "DEPTO": "371", "FRAC": "28", "RADIO": "02", "TIPO": "U", "LINK": "063712802", "IDRADIO_9": "063712802", "hog_tot": 352, "hog_nbi": 16, "pob_tot": 983, "pct_nbi": 4.5454545454545459 }, "geometry": { "type": "MultiPolygon", "coordinates": [ [ [ [ -58.551942576918798, -34.586852251767574 ], [ -58.553193425373223, -34.587624215959643 ], [ -58.554240074137006, -34.588231505749889 ], [ -58.55448819664182, -34.588378660155662 ], [ -58.554801074068067, -34.588562634732028 ], [ -58.555264789068922, -34.588847541310997 ], [ -58.555907551074604, -34.588233226210306 ], [ -58.556792830611734, -34.587459534662834 ], [ -58.555823849844906, -34.586772064184075 ], [ -58.554825215413842, -34.586004887087192 ], [ -58.553823243185576, -34.585313842031269 ], [ -58.55287989754558, -34.586075389155077 ], [ -58.551942576918798, -34.586852251767574 ] ] ] ] } },
{ "type": "Feature", "properties": { "NOMPROV": "BUENOS AIRES", "PROV": "06", "NOMDEPTO": "GENERAL SAN MARTIN", "DEPTO": "371", "FRAC": "05", "RADIO": "09", "TIPO": "U", "LINK": "063710509", "IDRADIO_9": "063710509", "hog_tot": 423, "hog_nbi": 10, "pob_tot": 1179, "pct_nbi": 2.3640661938534282 }, "geometry": { "type": "MultiPolygon", "coordinates": [ [ [ [ -58.542675486710131, -34.542080447117385 ], [ -58.542233584246176, -34.542435709200923 ], [ -58.542222536608875, -34.542444590753256 ], [ -58.542189393682875, -34.542471235403781 ], [ -58.54138259594626, -34.543137606968862 ], [ -58.540256023123767, -34.544025486424566 ], [ -58.538753784189439, -34.545215315802416 ], [ -58.539342069772324, -34.545835269651022 ], [ -58.539951832282277, -34.54647350448402 ], [ -58.540283283830242, -34.546207065273229 ], [ -58.541619799281101, -34.545150438618791 ], [ -58.542735641146983, -34.544253405183518 ], [ -58.544006436903864, -34.54321399460914 ], [ -58.543362424838058, -34.542665505647221 ], [ -58.542675486710131, -34.542080447117385 ] ] ] ] } },
{ "type": "Feature", "properties": { "NOMPROV": "BUENOS AIRES", "PROV": "06", "NOMDEPTO": "GENERAL SAN MARTIN", "DEPTO": "371", "FRAC": "03", "RADIO": "02", "TIPO": "U", "LINK": "063710302", "IDRADIO_9": "063710302", "hog_tot": 274, "hog_nbi": 9, "pob_tot": 877, "pct_nbi": 3.284671532846716 }, "geometry": { "type": "MultiPolygon", "coordinates": [ [ [ [ -58.56642430766545, -34.523362398070134 ], [ -58.567095535221625, -34.523944931198102 ], [ -58.567873299283001, -34.523314666672242 ], [ -58.568582083823948, -34.522773566017733 ], [ -58.567879407367933, -34.522184669146185 ], [ -58.567151261981351, -34.521550835400866 ], [ -58.566361249780122, -34.520958929471902 ], [ -58.565490530565171, -34.520266091610203 ], [ -58.56544367050229, -34.520227267938601 ], [ -58.564720529150456, -34.520847626178146 ], [ -58.565629584847791, -34.521576180653817 ], [ -58.564944334859007, -34.522163022036658 ], [ -58.56565274191896, -34.52276623609729 ], [ -58.56642430766545, -34.523362398070134 ] ] ] ] } },
{ "type": "Feature", "properties": { "NOMPROV": "BUENOS AIRES", "PROV": "06", "NOMDEPTO": "GENERAL SAN MARTIN", "DEPTO": "371", "FRAC": "01", "RADIO": "11", "TIPO": "U", "LINK": "063710111", "IDRADIO_9": "063710111", "hog_tot": 11, "hog_nbi": 6, "pob_tot": 39, "pct_nbi": 54.545454545454533 }, "geometry": { "type": "MultiPolygon", "coordinates": [ [ [ [ -58.589257155981684, -34.522202389976684 ], [ -58.58942641251474, -34.522297146856197 ], [ -58.591015505828295, -34.52220353998554 ], [ -58.59115378636146, -34.522174116928497 ], [ -58.591458181061405, -34.522126157064037 ], [ -58.591531091672813, -34.522091763959502 ], [ -58.591872587051256, -34.521930675376957 ], [ -58.591952189060173, -34.521919268939584 ], [ -58.592479772775569, -34.521830868664161 ], [ -58.593025890916721, -34.521820729876445 ], [ -58.593374694872665, -34.521738481758433 ], [ -58.593927437840144, -34.521334056423292 ], [ -58.59506461290168, -34.520410541267694 ], [ -58.595619271440569, -34.519891107839499 ], [ -58.5958923241649, -34.519590262065847 ], [ -58.59603298466574, -34.51889764306371 ], [ -58.59930354612905, -34.516232190425612 ], [ -58.602246980471847, -34.514002987979936 ], [ -58.602548386507117, -34.513774708390876 ], [ -58.602871942428287, -34.512228853108752 ], [ -58.602249645667683, -34.509275169337464 ], [ -58.602072632061358, -34.508337170141004 ], [ -58.601648630932559, -34.506815550476453 ], [ -58.601429386765155, -34.505832717990423 ], [ -58.601340674489812, -34.505435028228469 ], [ -58.60122895980539, -34.505236746021268 ], [ -58.600929043330162, -34.50525907034509 ], [ -58.600496069607424, -34.505289149953292 ], [ -58.591943497794944, -34.505882992646072 ], [ -58.591136103696776, -34.507719404955452 ], [ -58.59009467343558, -34.510087998759417 ], [ -58.588396486014176, -34.513949976299919 ], [ -58.587965919286191, -34.514929097791182 ], [ -58.587336303189815, -34.516360817282809 ], [ -58.58670666476651, -34.51779253357401 ], [ -58.586615659775262, -34.517992280023222 ], [ -58.585832767730331, -34.519710607086935 ], [ -58.585739095037511, -34.519916198717461 ], [ -58.586580504916206, -34.520180966392061 ], [ -58.587421920299207, -34.520445728388005 ], [ -58.58777393698098, -34.520596533896565 ], [ -58.588114983864699, -34.521085577850663 ], [ -58.588408638611718, -34.52150524105685 ], [ -58.588728117586243, -34.521858816242293 ], [ -58.5890879009103, -34.522107633784245 ], [ -58.589257155981684, -34.522202389976684 ] ] ] ] } },
{ "type": "Feature", "properties": { "NOMPROV": "BUENOS AIRES", "PROV": "06", "NOMDEPTO": "GENERAL SAN MARTIN", "DEPTO": "371", "FRAC": "44", "RADIO": "01", "TIPO": "U", "LINK": "063714401", "IDRADIO_9": "063714401", "hog_tot": 432, "hog_nbi": 7, "pob_tot": 1129, "pct_nbi": 1.62037037037037 }, "geometry": { "type": "MultiPolygon", "coordinates": [ [ [ [ -58.560608332680708, -34.535991942846415 ], [ -58.561232295432276, -34.536526958823515 ], [ -58.562534097299455, -34.535501731685905 ], [ -58.56289593797343, -34.53520341763052 ], [ -58.563592099815097, -34.534650740363595 ], [ -58.563818292327419, -34.534461524273318 ], [ -58.564316012696509, -34.534039345885837 ], [ -58.565093663590581, -34.533413818806324 ], [ -58.564466321332034, -34.532883465986544 ], [ -58.563786022527644, -34.532326429089984 ], [ -58.562802635460812, -34.531457791208268 ], [ -58.562460889160782, -34.531697133109553 ], [ -58.562018659801829, -34.532079505927442 ], [ -58.561732072217318, -34.53229463331126 ], [ -58.561687644111927, -34.5323279845488 ], [ -58.561378248943264, -34.532585730469989 ], [ -58.560693663490007, -34.533073751729596 ], [ -58.56057259569458, -34.533172674618918 ], [ -58.560187300906144, -34.533487493872194 ], [ -58.559953008591023, -34.53366600688301 ], [ -58.559500748392892, -34.534010593469667 ], [ -58.558873722360474, -34.534527833406599 ], [ -58.55969922589864, -34.535215900729547 ], [ -58.560608332680708, -34.535991942846415 ] ] ] ] } },
{ "type": "Feature", "properties": { "NOMPROV": "BUENOS AIRES", "PROV": "06", "NOMDEPTO": "GENERAL SAN MARTIN", "DEPTO": "371", "FRAC": "44", "RADIO": "08", "TIPO": "U", "LINK": "063714408", "IDRADIO_9": "063714408", "hog_tot": 424, "hog_nbi": 3, "pob_tot": 1139, "pct_nbi": 0.70754716981132104 }, "geometry": { "type": "MultiPolygon", "coordinates": [ [ [ [ -58.559640566344171, -34.543678861765798 ], [ -58.558358904415321, -34.544727322766406 ], [ -58.559206854419998, -34.545458410525505 ], [ -58.560087338299681, -34.54619888880989 ], [ -58.560882007017014, -34.546843743774772 ], [ -58.561090708001672, -34.546885353835243 ], [ -58.561338290420387, -34.546934714547668 ], [ -58.561629684158952, -34.546703463062663 ], [ -58.56217764489768, -34.546268592317688 ], [ -58.563061168595581, -34.54556693089399 ], [ -58.563713104821204, -34.545029287178977 ], [ -58.563955879113173, -34.544847367405175 ], [ -58.564839682343539, -34.544127667955053 ], [ -58.564771493689456, -34.543918651970387 ], [ -58.564715818492211, -34.543747995761414 ], [ -58.563942504662677, -34.543089582734652 ], [ -58.563072909049886, -34.54234925914627 ], [ -58.562214219292578, -34.541609058810963 ], [ -58.560921730743416, -34.542657420411579 ], [ -58.559640566344171, -34.543678861765798 ] ] ] ] } },
{ "type": "Feature", "properties": { "NOMPROV": "BUENOS AIRES", "PROV": "06", "NOMDEPTO": "GENERAL SAN MARTIN", "DEPTO": "371", "FRAC": "06", "RADIO": "11", "TIPO": "U", "LINK": "063710611", "IDRADIO_9": "063710611", "hog_tot": 386, "hog_nbi": 55, "pob_tot": 1246, "pct_nbi": 14.248704663212436 }, "geometry": { "type": "MultiPolygon", "coordinates": [ [ [ [ -58.540623583539315, -34.547176647752011 ], [ -58.540002296483536, -34.547647220698124 ], [ -58.539098394037438, -34.548387432426708 ], [ -58.539701003314057, -34.548865447219448 ], [ -58.540383132226495, -34.549449561706211 ], [ -58.541189530072167, -34.550108194413831 ], [ -58.542234408040272, -34.54925889357196 ], [ -58.54242223328901, -34.549107908469743 ], [ -58.542251115187391, -34.548925596177888 ], [ -58.541728592947528, -34.548375100732542 ], [ -58.541150371824671, -34.547729231346722 ], [ -58.540623583539315, -34.547176647752011 ] ] ] ] } },
{ "type": "Feature", "properties": { "NOMPROV": "BUENOS AIRES", "PROV": "06", "NOMDEPTO": "GENERAL SAN MARTIN", "DEPTO": "371", "FRAC": "45", "RADIO": "01", "TIPO": "U", "LINK": "063714501", "IDRADIO_9": "063714501", "hog_tot": 310, "hog_nbi": 23, "pob_tot": 1006, "pct_nbi": 7.4193548387096779 }, "geometry": { "type": "MultiPolygon", "coordinates": [ [ [ [ -58.59495128417646, -34.532323899314321 ], [ -58.594699237064859, -34.532531613087457 ], [ -58.593906358099687, -34.531852202717751 ], [ -58.593074100430506, -34.532509281886391 ], [ -58.593407760490614, -34.532887282804111 ], [ -58.59245904761444, -34.533614179686332 ], [ -58.592873014266814, -34.533958889587602 ], [ -58.593367843631661, -34.534379952323008 ], [ -58.593547403175357, -34.534532742528143 ], [ -58.593906818457157, -34.534838572542348 ], [ -58.59468478674102, -34.535553748362624 ], [ -58.595654389712635, -34.534861078306577 ], [ -58.596168318359574, -34.534312299568114 ], [ -58.595737108894248, -34.533420932404361 ], [ -58.596168030843693, -34.53308715360123 ], [ -58.595492984426727, -34.531957667817927 ], [ -58.595243074494199, -34.531523131306969 ], [ -58.594696159545315, -34.530561428708587 ], [ -58.594317463954106, -34.529852808510803 ], [ -58.594401188595356, -34.530242248347101 ], [ -58.594580159203247, -34.530683752414781 ], [ -58.594749926443804, -34.531053294255052 ], [ -58.594934090687069, -34.531405828898066 ], [ -58.595039603108567, -34.531623747688222 ], [ -58.595110757219778, -34.531773950668232 ], [ -58.595144338509527, -34.531941638477527 ], [ -58.595132737894623, -34.532050049816775 ], [ -58.595077417894522, -34.532153259379427 ], [ -58.59495128417646, -34.532323899314321 ] ] ] ] } },
{ "type": "Feature", "properties": { "NOMPROV": "BUENOS AIRES", "PROV": "06", "NOMDEPTO": "GENERAL SAN MARTIN", "DEPTO": "371", "FRAC": "12", "RADIO": "05", "TIPO": "U", "LINK": "063711205", "IDRADIO_9": "063711205", "hog_tot": 446, "hog_nbi": 7, "pob_tot": 933, "pct_nbi": 1.569506726457399 }, "geometry": { "type": "MultiPolygon", "coordinates": [ [ [ [ -58.547126507755522, -34.547956184023306 ], [ -58.548017640579317, -34.548705888256414 ], [ -58.549287974252245, -34.547693458308565 ], [ -58.550613670215846, -34.546627590130761 ], [ -58.549711643907415, -34.545877775197937 ], [ -58.548906399027473, -34.545201210946516 ], [ -58.547613848078136, -34.54624041474014 ], [ -58.546310060413845, -34.547297496469128 ], [ -58.547126507755522, -34.547956184023306 ] ] ] ] } },
{ "type": "Feature", "properties": { "NOMPROV": "BUENOS AIRES", "PROV": "06", "NOMDEPTO": "GENERAL SAN MARTIN", "DEPTO": "371", "FRAC": "12", "RADIO": "02", "TIPO": "U", "LINK": "063711202", "IDRADIO_9": "063711202", "hog_tot": 309, "hog_nbi": 3, "pob_tot": 732, "pct_nbi": 0.970873786407767 }, "geometry": { "type": "MultiPolygon", "coordinates": [ [ [ [ -58.54809247251498, -34.544561696262406 ], [ -58.548906399027473, -34.545201210946516 ], [ -58.550230808633536, -34.544207439450631 ], [ -58.551527955053899, -34.543202376382389 ], [ -58.550637267296722, -34.542463871397437 ], [ -58.549901793661213, -34.541823979521936 ], [ -58.548589693818528, -34.542855978321398 ], [ -58.547312164911865, -34.543857269193396 ], [ -58.54809247251498, -34.544561696262406 ] ] ] ] } },
{ "type": "Feature", "properties": { "NOMPROV": "BUENOS AIRES", "PROV": "06", "NOMDEPTO": "GENERAL SAN MARTIN", "DEPTO": "371", "FRAC": "08", "RADIO": "06", "TIPO": "U", "LINK": "063710806", "IDRADIO_9": "063710806", "hog_tot": 347, "hog_nbi": 18, "pob_tot": 878, "pct_nbi": 5.1873198847262261 }, "geometry": { "type": "MultiPolygon", "coordinates": [ [ [ [ -58.51964735190375, -34.562877356423606 ], [ -58.519561622689331, -34.562965817906132 ], [ -58.518667122867583, -34.563950160676363 ], [ -58.518088801844002, -34.564595589629789 ], [ -58.517782171369795, -34.564930323834879 ], [ -58.516906725148836, -34.565935511372302 ], [ -58.517642680981972, -34.566365226192417 ], [ -58.518406811542008, -34.566823861047084 ], [ -58.51919098410513, -34.567278730615634 ], [ -58.520040473692191, -34.566269120783538 ], [ -58.520930731720036, -34.565282511425387 ], [ -58.521881779114366, -34.564228771222517 ], [ -58.521137966381993, -34.56377810525192 ], [ -58.520426518229023, -34.56335897477193 ], [ -58.51964735190375, -34.562877356423606 ] ] ] ] } },
{ "type": "Feature", "properties": { "NOMPROV": "BUENOS AIRES", "PROV": "06", "NOMDEPTO": "GENERAL SAN MARTIN", "DEPTO": "371", "FRAC": "09", "RADIO": "01", "TIPO": "U", "LINK": "063710901", "IDRADIO_9": "063710901", "hog_tot": 405, "hog_nbi": 7, "pob_tot": 1091, "pct_nbi": 1.728395061728395 }, "geometry": { "type": "MultiPolygon", "coordinates": [ [ [ [ -58.525083922272152, -34.563059715231987 ], [ -58.525795548602197, -34.563482928409144 ], [ -58.526505435461125, -34.563910472685848 ], [ -58.527240471453176, -34.564349679572665 ], [ -58.527984463700363, -34.564780235394537 ], [ -58.528707013072946, -34.565203564507108 ], [ -58.529563730083453, -34.564195374898681 ], [ -58.530124258266085, -34.563554240385173 ], [ -58.529496973092918, -34.562956756471344 ], [ -58.528888908250558, -34.562396904028745 ], [ -58.528283991924297, -34.561856631271404 ], [ -58.527673293470002, -34.561306416137448 ], [ -58.527062226295698, -34.560769655996275 ], [ -58.525935792647054, -34.562054056817118 ], [ -58.525083922272152, -34.563059715231987 ] ] ] ] } },
{ "type": "Feature", "properties": { "NOMPROV": "BUENOS AIRES", "PROV": "06", "NOMDEPTO": "GENERAL SAN MARTIN", "DEPTO": "371", "FRAC": "43", "RADIO": "05", "TIPO": "U", "LINK": "063714305", "IDRADIO_9": "063714305", "hog_tot": 194, "hog_nbi": 7, "pob_tot": 491, "pct_nbi": 3.608247422680412 }, "geometry": { "type": "MultiPolygon", "coordinates": [ [ [ [ -58.536717365401678, -34.560734572504465 ], [ -58.537544268570308, -34.561352226900759 ], [ -58.537622818734846, -34.561290735601993 ], [ -58.538299453465591, -34.561848658816274 ], [ -58.539372144458525, -34.560942131713531 ], [ -58.539425821112033, -34.560987841191675 ], [ -58.540530537455069, -34.560117740425639 ], [ -58.54004713506535, -34.559724382639118 ], [ -58.539585365074039, -34.559340294331555 ], [ -58.538930211186745, -34.558800663088526 ], [ -58.537847124361569, -34.559680021176462 ], [ -58.53789006436368, -34.559716589271375 ], [ -58.537303757906734, -34.560223329522564 ], [ -58.536717365401678, -34.560734572504465 ] ] ] ] } },
{ "type": "Feature", "properties": { "NOMPROV": "BUENOS AIRES", "PROV": "06", "NOMDEPTO": "GENERAL SAN MARTIN", "DEPTO": "371", "FRAC": "13", "RADIO": "07", "TIPO": "U", "LINK": "063711307", "IDRADIO_9": "063711307", "hog_tot": 230, "hog_nbi": 3, "pob_tot": 614, "pct_nbi": 1.304347826086957 }, "geometry": { "type": "MultiPolygon", "coordinates": [ [ [ [ -58.568692207517088, -34.540758251090601 ], [ -58.568854574011006, -34.540898397222634 ], [ -58.569478593901813, -34.540396449038425 ], [ -58.569522772096597, -34.540360912627612 ], [ -58.570527505519642, -34.539570479839945 ], [ -58.571157181596128, -34.539055067763087 ], [ -58.572029510909076, -34.538362220234561 ], [ -58.571878746545678, -34.53821051263283 ], [ -58.571736593165703, -34.53806746931464 ], [ -58.570934433709049, -34.537430031744307 ], [ -58.570064677291903, -34.536698769831339 ], [ -58.569184199436783, -34.53595836178755 ], [ -58.568609910397853, -34.536420332339446 ], [ -58.56951216651337, -34.537160999623254 ], [ -58.568209257163915, -34.538191292142429 ], [ -58.569078857678576, -34.538931579684316 ], [ -58.569852327863032, -34.53958737916485 ], [ -58.56855466059676, -34.540639525192574 ], [ -58.568692207517088, -34.540758251090601 ] ] ] ] } },
{ "type": "Feature", "properties": { "NOMPROV": "BUENOS AIRES", "PROV": "06", "NOMDEPTO": "GENERAL SAN MARTIN", "DEPTO": "371", "FRAC": "44", "RADIO": "04", "TIPO": "U", "LINK": "063714404", "IDRADIO_9": "063714404", "hog_tot": 244, "hog_nbi": 7, "pob_tot": 627, "pct_nbi": 2.8688524590163929 }, "geometry": { "type": "MultiPolygon", "coordinates": [ [ [ [ -58.559548549019759, -34.539346751288562 ], [ -58.560469786399786, -34.540107674186274 ], [ -58.561724517598179, -34.539076720269357 ], [ -58.563048778994087, -34.538049546547391 ], [ -58.562139697122177, -34.537291688363268 ], [ -58.561232295432276, -34.536526958823515 ], [ -58.559974977213905, -34.537556385361626 ], [ -58.559423122129054, -34.538011232138622 ], [ -58.558671136857747, -34.538631017002913 ], [ -58.559548549019759, -34.539346751288562 ] ] ] ] } },
{ "type": "Feature", "properties": { "NOMPROV": "BUENOS AIRES", "PROV": "06", "NOMDEPTO": "GENERAL SAN MARTIN", "DEPTO": "371", "FRAC": "13", "RADIO": "02", "TIPO": "U", "LINK": "063711302", "IDRADIO_9": "063711302", "hog_tot": 377, "hog_nbi": 10, "pob_tot": 1075, "pct_nbi": 2.6525198938992038 }, "geometry": { "type": "MultiPolygon", "coordinates": [ [ [ [ -58.569397169966024, -34.532823249739728 ], [ -58.568135752681982, -34.533865273509747 ], [ -58.566870630083542, -34.534926606595519 ], [ -58.565572432077914, -34.535965405646024 ], [ -58.566480836558725, -34.536719839795893 ], [ -58.567350560895846, -34.5374511273683 ], [ -58.568609910397853, -34.536420332339446 ], [ -58.569184199436783, -34.53595836178755 ], [ -58.569902052078127, -34.535380895208171 ], [ -58.570399020850083, -34.534981107654588 ], [ -58.571194161669943, -34.534341442529531 ], [ -58.570743269728361, -34.53395759880663 ], [ -58.570324588134739, -34.533601171137583 ], [ -58.569397169966024, -34.532823249739728 ] ] ] ] } },
{ "type": "Feature", "properties": { "NOMPROV": "BUENOS AIRES", "PROV": "06", "NOMDEPTO": "GENERAL SAN MARTIN", "DEPTO": "371", "FRAC": "23", "RADIO": "09", "TIPO": "U", "LINK": "063712309", "IDRADIO_9": "063712309", "hog_tot": 315, "hog_nbi": 1, "pob_tot": 660, "pct_nbi": 0.317460317460317 }, "geometry": { "type": "MultiPolygon", "coordinates": [ [ [ [ -58.532522167468564, -34.580709989153767 ], [ -58.533297902232519, -34.581385539843758 ], [ -58.534442468550694, -34.58047816104817 ], [ -58.53364776482173, -34.579810636856557 ], [ -58.534670699527652, -34.578942889443852 ], [ -58.533925102897122, -34.578290708064443 ], [ -58.533162951467368, -34.577632585297209 ], [ -58.532101343308817, -34.578512144818447 ], [ -58.531002719593111, -34.579406141924522 ], [ -58.531761055058446, -34.580051881933933 ], [ -58.532016602537411, -34.580279510742017 ], [ -58.532522167468564, -34.580709989153767 ] ] ] ] } },
{ "type": "Feature", "properties": { "NOMPROV": "BUENOS AIRES", "PROV": "06", "NOMDEPTO": "GENERAL SAN MARTIN", "DEPTO": "371", "FRAC": "51", "RADIO": "04", "TIPO": "U", "LINK": "063715104", "IDRADIO_9": "063715104", "hog_tot": 221, "hog_nbi": 7, "pob_tot": 513, "pct_nbi": 3.1674208144796379 }, "geometry": { "type": "MultiPolygon", "coordinates": [ [ [ [ -58.536788562512591, -34.584272469691221 ], [ -58.537259247416429, -34.584653173048828 ], [ -58.538330112287738, -34.583751582500327 ], [ -58.539413042845801, -34.582899264907255 ], [ -58.540436031321661, -34.582046060793843 ], [ -58.539636283959751, -34.581351633944251 ], [ -58.538873743649582, -34.580711568360464 ], [ -58.537770584882182, -34.581579345218366 ], [ -58.536774376194423, -34.582396653661334 ], [ -58.535609189814764, -34.583303401004102 ], [ -58.53603283080259, -34.583624894250697 ], [ -58.536418346751823, -34.583947255545709 ], [ -58.536788562512591, -34.584272469691221 ] ] ] ] } },
{ "type": "Feature", "properties": { "NOMPROV": "BUENOS AIRES", "PROV": "06", "NOMDEPTO": "GENERAL SAN MARTIN", "DEPTO": "371", "FRAC": "39", "RADIO": "05", "TIPO": "U", "LINK": "063713905", "IDRADIO_9": "063713905", "hog_tot": 378, "hog_nbi": 19, "pob_tot": 1035, "pct_nbi": 5.0264550264550261 }, "geometry": { "type": "MultiPolygon", "coordinates": [ [ [ [ -58.561741079536816, -34.531120806870327 ], [ -58.562460889160782, -34.531697133109553 ], [ -58.562802635460812, -34.531457791208268 ], [ -58.563299870086048, -34.531015812712489 ], [ -58.56356816532378, -34.530812710264243 ], [ -58.564056183436755, -34.530425604340877 ], [ -58.563382724428742, -34.52979002266364 ], [ -58.562622799032937, -34.52924736920226 ], [ -58.56194594304668, -34.528707603855928 ], [ -58.561035468897771, -34.527946147576095 ], [ -58.560214233188958, -34.527320015589275 ], [ -58.559474318506879, -34.527953972402265 ], [ -58.558678483051246, -34.52861349739392 ], [ -58.559483422062087, -34.529265679367455 ], [ -58.560366357364863, -34.529995947541558 ], [ -58.561043056821781, -34.530544733207371 ], [ -58.561741079536816, -34.531120806870327 ] ] ] ] } },
{ "type": "Feature", "properties": { "NOMPROV": "BUENOS AIRES", "PROV": "06", "NOMDEPTO": "GENERAL SAN MARTIN", "DEPTO": "371", "FRAC": "12", "RADIO": "04", "TIPO": "U", "LINK": "063711204", "IDRADIO_9": "063711204", "hog_tot": 216, "hog_nbi": 4, "pob_tot": 545, "pct_nbi": 1.8518518518518521 }, "geometry": { "type": "MultiPolygon", "coordinates": [ [ [ [ -58.54312870463847, -34.548575535009576 ], [ -58.543912619996419, -34.549224842081571 ], [ -58.54521646803213, -34.548167786908607 ], [ -58.546310060413845, -34.547297496469128 ], [ -58.545515565950915, -34.546630052541744 ], [ -58.544731975151073, -34.545962732614363 ], [ -58.543626864590941, -34.546868925531967 ], [ -58.542356005909902, -34.547908330013726 ], [ -58.54312870463847, -34.548575535009576 ] ] ] ] } },
{ "type": "Feature", "properties": { "NOMPROV": "BUENOS AIRES", "PROV": "06", "NOMDEPTO": "GENERAL SAN MARTIN", "DEPTO": "371", "FRAC": "32", "RADIO": "01", "TIPO": "U", "LINK": "063713201", "IDRADIO_9": "063713201", "hog_tot": 364, "hog_nbi": 7, "pob_tot": 975, "pct_nbi": 1.9230769230769229 }, "geometry": { "type": "MultiPolygon", "coordinates": [ [ [ [ -58.582990560944566, -34.562568469265287 ], [ -58.58244626999204, -34.562566791184459 ], [ -58.581285217372695, -34.563406251697948 ], [ -58.579573871344301, -34.564761335591989 ], [ -58.579454553611292, -34.564855811684396 ], [ -58.579147380407782, -34.565101341901617 ], [ -58.578216155866635, -34.565845675321725 ], [ -58.577714314289615, -34.566256878544586 ], [ -58.577275568897541, -34.56661637650344 ], [ -58.576933895625288, -34.566907319668488 ], [ -58.578051780171947, -34.567879548666646 ], [ -58.579157760170681, -34.568838843403888 ], [ -58.580274659801155, -34.569798254423716 ], [ -58.580873796136984, -34.570314287596268 ], [ -58.58136994942253, -34.570748390738792 ], [ -58.582486746983228, -34.571716794173362 ], [ -58.58359267469563, -34.572685061418944 ], [ -58.583915081703708, -34.572950192831733 ], [ -58.584609441138468, -34.573535489018418 ], [ -58.585119903523747, -34.573122702182118 ], [ -58.586116198344648, -34.572308717160404 ], [ -58.586712589020266, -34.571837911158738 ], [ -58.587689708496946, -34.571083077838907 ], [ -58.589031196148994, -34.570044018547605 ], [ -58.590323398499329, -34.569017894003302 ], [ -58.590545458574077, -34.568861465085625 ], [ -58.590270149224317, -34.568134251195261 ], [ -58.589992173673359, -34.567419244387189 ], [ -58.589714202671693, -34.566704237881986 ], [ -58.589492769275047, -34.566087583215705 ], [ -58.589362401965523, -34.56574415764608 ], [ -58.588971206433861, -34.564762999855311 ], [ -58.588704250193381, -34.564113262480127 ], [ -58.588628617622859, -34.563929178661454 ], [ -58.588297755607499, -34.563011937875054 ], [ -58.588223697548216, -34.563022194954904 ], [ -58.588103717914265, -34.563029820658478 ], [ -58.587984042926671, -34.563019422769166 ], [ -58.587862197538513, -34.562975835383192 ], [ -58.587747203074898, -34.562926594558981 ], [ -58.587649561300054, -34.562829644966726 ], [ -58.587568926308052, -34.562705514494588 ], [ -58.587526758213635, -34.562579115153468 ], [ -58.585753984930648, -34.5625815584945 ], [ -58.584413508157347, -34.562569517683791 ], [ -58.582990560944566, -34.562568469265287 ] ] ] ] } },
{ "type": "Feature", "properties": { "NOMPROV": "BUENOS AIRES", "PROV": "06", "NOMDEPTO": "GENERAL SAN MARTIN", "DEPTO": "371", "FRAC": "11", "RADIO": "10", "TIPO": "U", "LINK": "063711110", "IDRADIO_9": "063711110", "hog_tot": 110, "hog_nbi": 2, "pob_tot": 325, "pct_nbi": 1.8181818181818179 }, "geometry": { "type": "MultiPolygon", "coordinates": [ [ [ [ -58.544581795569655, -34.551459140837004 ], [ -58.545307681935455, -34.552315055850549 ], [ -58.545904305297519, -34.551835438383684 ], [ -58.546478668248028, -34.551382593195925 ], [ -58.545608991471823, -34.550651160371089 ], [ -58.54542681481464, -34.550477734149311 ], [ -58.544728595373883, -34.549910579326038 ], [ -58.543912619996419, -34.549224842081571 ], [ -58.54312870463847, -34.548575535009576 ], [ -58.542356005909902, -34.547908330013726 ], [ -58.541728592947528, -34.548375100732542 ], [ -58.542251115187391, -34.548925596177888 ], [ -58.54242223328901, -34.549107908469743 ], [ -58.542764470641536, -34.549472531460367 ], [ -58.543139229331537, -34.549846555074922 ], [ -58.543844874256592, -34.550612102515935 ], [ -58.544581795569655, -34.551459140837004 ] ] ] ] } },
{ "type": "Feature", "properties": { "NOMPROV": "BUENOS AIRES", "PROV": "06", "NOMDEPTO": "GENERAL SAN MARTIN", "DEPTO": "371", "FRAC": "03", "RADIO": "07", "TIPO": "U", "LINK": "063710307", "IDRADIO_9": "063710307", "hog_tot": 324, "hog_nbi": 9, "pob_tot": 940, "pct_nbi": 2.7777777777777781 }, "geometry": { "type": "MultiPolygon", "coordinates": [ [ [ [ -58.570426399018764, -34.523139605483735 ], [ -58.569692152271585, -34.523746588832516 ], [ -58.569143825838353, -34.523249676325499 ], [ -58.568582083823948, -34.522773566017733 ], [ -58.567873299283001, -34.523314666672242 ], [ -58.567095535221625, -34.523944931198102 ], [ -58.566381056244218, -34.524557062792667 ], [ -58.565544454732006, -34.525270717909422 ], [ -58.565791642533561, -34.525462905170222 ], [ -58.566130021410338, -34.525744127463099 ], [ -58.566424263920894, -34.525981304419972 ], [ -58.566700172860401, -34.526206703855628 ], [ -58.566847399071953, -34.52632388867189 ], [ -58.567202424282279, -34.526620723738027 ], [ -58.567285699640671, -34.526683456924339 ], [ -58.567615193045526, -34.526955826010848 ], [ -58.567976871969989, -34.527243339415826 ], [ -58.568657625552099, -34.526706257585126 ], [ -58.569085148237974, -34.526368926168594 ], [ -58.570201747018238, -34.525496593669736 ], [ -58.57155343379624, -34.52437769989708 ], [ -58.570989136721693, -34.523026037694329 ], [ -58.570882011770465, -34.522777892690456 ], [ -58.570426399018764, -34.523139605483735 ] ] ] ] } },
{ "type": "Feature", "properties": { "NOMPROV": "BUENOS AIRES", "PROV": "06", "NOMDEPTO": "GENERAL SAN MARTIN", "DEPTO": "371", "FRAC": "04", "RADIO": "05", "TIPO": "U", "LINK": "063710405", "IDRADIO_9": "063710405", "hog_tot": 353, "hog_nbi": 19, "pob_tot": 957, "pct_nbi": 5.3824362606232299 }, "geometry": { "type": "MultiPolygon", "coordinates": [ [ [ [ -58.554398553935656, -34.532566560187874 ], [ -58.552943548335698, -34.533762552594204 ], [ -58.551649798601609, -34.534796490749379 ], [ -58.550399082586893, -34.535860436558409 ], [ -58.551084544158911, -34.536429944106452 ], [ -58.551717829212748, -34.536969252146299 ], [ -58.553021228758354, -34.535921116791997 ], [ -58.554279426922442, -34.5348735602144 ], [ -58.555693887996469, -34.533789526673658 ], [ -58.555050801581437, -34.533187028539238 ], [ -58.554398553935656, -34.532566560187874 ] ] ] ] } },
{ "type": "Feature", "properties": { "NOMPROV": "BUENOS AIRES", "PROV": "06", "NOMDEPTO": "GENERAL SAN MARTIN", "DEPTO": "371", "FRAC": "11", "RADIO": "08", "TIPO": "U", "LINK": "063711108", "IDRADIO_9": "063711108", "hog_tot": 241, "hog_nbi": 2, "pob_tot": 480, "pct_nbi": 0.829875518672199 }, "geometry": { "type": "MultiPolygon", "coordinates": [ [ [ [ -58.551059867671334, -34.549165666712113 ], [ -58.549595361967874, -34.550067647403459 ], [ -58.549756545474743, -34.550195749905988 ], [ -58.550647725734052, -34.55094543676541 ], [ -58.551918688187875, -34.54989693249864 ], [ -58.551059867671334, -34.549165666712113 ] ] ] ] } },
{ "type": "Feature", "properties": { "NOMPROV": "BUENOS AIRES", "PROV": "06", "NOMDEPTO": "GENERAL SAN MARTIN", "DEPTO": "371", "FRAC": "11", "RADIO": "03", "TIPO": "U", "LINK": "063711103", "IDRADIO_9": "063711103", "hog_tot": 386, "hog_nbi": 5, "pob_tot": 747, "pct_nbi": 1.295336787564767 }, "geometry": { "type": "MultiPolygon", "coordinates": [ [ [ [ -58.554503457881232, -34.547836444571274 ], [ -58.555373343289133, -34.5485588048479 ], [ -58.55663285274003, -34.547537155624127 ], [ -58.556622272765182, -34.547519003583695 ], [ -58.55577416897777, -34.546796909772674 ], [ -58.554904610475639, -34.5460565292721 ], [ -58.553623165266799, -34.547086915393884 ], [ -58.554503457881232, -34.547836444571274 ] ] ] ] } },
{ "type": "Feature", "properties": { "NOMPROV": "BUENOS AIRES", "PROV": "06", "NOMDEPTO": "GENERAL SAN MARTIN", "DEPTO": "371", "FRAC": "08", "RADIO": "04", "TIPO": "U", "LINK": "063710804", "IDRADIO_9": "063710804", "hog_tot": 352, "hog_nbi": 7, "pob_tot": 939, "pct_nbi": 1.988636363636364 }, "geometry": { "type": "MultiPolygon", "coordinates": [ [ [ [ -58.520417943809825, -34.561984728782065 ], [ -58.51964735190375, -34.562877356423606 ], [ -58.520426518229023, -34.56335897477193 ], [ -58.521137966381993, -34.56377810525192 ], [ -58.521881779114366, -34.564228771222517 ], [ -58.522614867126343, -34.564670290415208 ], [ -58.523348121210397, -34.565102792979872 ], [ -58.524070809129448, -34.565517136627591 ], [ -58.524720257233042, -34.56590742455203 ], [ -58.525615357175411, -34.564906943602814 ], [ -58.526505435461125, -34.563910472685848 ], [ -58.525795548602197, -34.563482928409144 ], [ -58.525083922272152, -34.563059715231987 ], [ -58.524388099490963, -34.562664181733673 ], [ -58.523634859212478, -34.562217810047841 ], [ -58.5228814724885, -34.56178017592368 ], [ -58.522226274885604, -34.561384712720006 ], [ -58.521396140087283, -34.560887936271619 ], [ -58.521295871795694, -34.56101290839608 ], [ -58.520507002503827, -34.561877647465522 ], [ -58.520417943809825, -34.561984728782065 ] ] ] ] } },
{ "type": "Feature", "properties": { "NOMPROV": "BUENOS AIRES", "PROV": "06", "NOMDEPTO": "GENERAL SAN MARTIN", "DEPTO": "371", "FRAC": "09", "RADIO": "03", "TIPO": "U", "LINK": "063710903", "IDRADIO_9": "063710903", "hog_tot": 361, "hog_nbi": 7, "pob_tot": 970, "pct_nbi": 1.939058171745152 }, "geometry": { "type": "MultiPolygon", "coordinates": [ [ [ [ -58.528707013072946, -34.565203564507108 ], [ -58.527828489213974, -34.566211483731188 ], [ -58.526928313809236, -34.567248276110128 ], [ -58.526026369607422, -34.568307879082269 ], [ -58.526939623336716, -34.569039976579674 ], [ -58.528003343939602, -34.569891055621248 ], [ -58.529064721127249, -34.56902054034223 ], [ -58.528538542991868, -34.568581554928599 ], [ -58.52958916255362, -34.567701891503731 ], [ -58.530650496133092, -34.566831361011431 ], [ -58.529920358927399, -34.566218671944966 ], [ -58.529394234328898, -34.565778595726272 ], [ -58.528707013072946, -34.565203564507108 ] ] ] ] } },
{ "type": "Feature", "properties": { "NOMPROV": "BUENOS AIRES", "PROV": "06", "NOMDEPTO": "GENERAL SAN MARTIN", "DEPTO": "371", "FRAC": "17", "RADIO": "07", "TIPO": "U", "LINK": "063711707", "IDRADIO_9": "063711707", "hog_tot": 388, "hog_nbi": 18, "pob_tot": 1052, "pct_nbi": 4.63917525773196 }, "geometry": { "type": "MultiPolygon", "coordinates": [ [ [ [ -58.568854574011006, -34.540898397222634 ], [ -58.56852875475537, -34.541160475939904 ], [ -58.567556655015451, -34.541951274457993 ], [ -58.568544850162418, -34.542765064291459 ], [ -58.569554846081743, -34.543579102602649 ], [ -58.570575598486101, -34.544402271248103 ], [ -58.571459341586049, -34.543682523185055 ], [ -58.572430965662072, -34.542918728518849 ], [ -58.571443345773027, -34.542068921467653 ], [ -58.570444855461069, -34.541218980196419 ], [ -58.569522772096597, -34.540360912627612 ], [ -58.569478593901813, -34.540396449038425 ], [ -58.568854574011006, -34.540898397222634 ] ] ] ] } },
{ "type": "Feature", "properties": { "NOMPROV": "BUENOS AIRES", "PROV": "06", "NOMDEPTO": "GENERAL SAN MARTIN", "DEPTO": "371", "FRAC": "47", "RADIO": "02", "TIPO": "U", "LINK": "063714702", "IDRADIO_9": "063714702", "hog_tot": 340, "hog_nbi": 1, "pob_tot": 836, "pct_nbi": 0.29411764705882398 }, "geometry": { "type": "MultiPolygon", "coordinates": [ [ [ [ -58.571443345773027, -34.542068921467653 ], [ -58.572430965662072, -34.542918728518849 ], [ -58.571459341586049, -34.543682523185055 ], [ -58.570575598486101, -34.544402271248103 ], [ -58.571521058085168, -34.545170469559437 ], [ -58.572036588790226, -34.54560013505133 ], [ -58.572962665785312, -34.54495297850297 ], [ -58.573161010580868, -34.544820094182803 ], [ -58.573998407110494, -34.544262028989863 ], [ -58.574836559651899, -34.543658898239784 ], [ -58.57481508532269, -34.543640620548487 ], [ -58.57425998586271, -34.542976155165114 ], [ -58.57370919910592, -34.542059359451038 ], [ -58.573222371970097, -34.541286016913411 ], [ -58.572292915628552, -34.541689300746 ], [ -58.571443345773027, -34.542068921467653 ] ] ] ] } },
{ "type": "Feature", "properties": { "NOMPROV": "BUENOS AIRES", "PROV": "06", "NOMDEPTO": "GENERAL SAN MARTIN", "DEPTO": "371", "FRAC": "35", "RADIO": "03", "TIPO": "U", "LINK": "063713503", "IDRADIO_9": "063713503", "hog_tot": 284, "hog_nbi": 10, "pob_tot": 792, "pct_nbi": 3.52112676056338 }, "geometry": { "type": "MultiPolygon", "coordinates": [ [ [ [ -58.57878797129365, -34.555350386154984 ], [ -58.578103292303012, -34.555892235143141 ], [ -58.577211493738773, -34.555152900097667 ], [ -58.576526505999496, -34.555720628703639 ], [ -58.575808333482378, -34.556285363929859 ], [ -58.576692079457757, -34.557028501824298 ], [ -58.576807859788602, -34.556942542579485 ], [ -58.577857991971797, -34.557857461325554 ], [ -58.578500438609744, -34.557382116906467 ], [ -58.579170058880116, -34.556800371790615 ], [ -58.579817487021984, -34.556279593326224 ], [ -58.580502223642618, -34.555766926434579 ], [ -58.579729459802785, -34.555081926334083 ], [ -58.579428919084123, -34.554817037758809 ], [ -58.57878797129365, -34.555350386154984 ] ] ] ] } },
{ "type": "Feature", "properties": { "NOMPROV": "BUENOS AIRES", "PROV": "06", "NOMDEPTO": "GENERAL SAN MARTIN", "DEPTO": "371", "FRAC": "37", "RADIO": "12", "TIPO": "U", "LINK": "063713712", "IDRADIO_9": "063713712", "hog_tot": 171, "hog_nbi": 25, "pob_tot": 567, "pct_nbi": 14.619883040935672 }, "geometry": { "type": "MultiPolygon", "coordinates": [ [ [ [ -58.602140262008163, -34.551131670925855 ], [ -58.602023804624515, -34.55101956281711 ], [ -58.60161165880973, -34.551321739767602 ], [ -58.601539999002348, -34.551374279011945 ], [ -58.601170507080582, -34.551645179336241 ], [ -58.601015674505994, -34.551768608458104 ], [ -58.600974435205742, -34.551778681686983 ], [ -58.600847808620124, -34.551809611568544 ], [ -58.601049630049644, -34.55199430796457 ], [ -58.601160538004095, -34.552095804860052 ], [ -58.601526959480445, -34.552431129606006 ], [ -58.601736088173197, -34.552262239186391 ], [ -58.60188229111079, -34.552144167117582 ], [ -58.602226474356236, -34.551866203908581 ], [ -58.60255967946469, -34.552160631237648 ], [ -58.602896664084568, -34.551907224909613 ], [ -58.602918549845633, -34.551890766988173 ], [ -58.603162842956301, -34.551707061633138 ], [ -58.603241040806552, -34.55164825701479 ], [ -58.603431796395448, -34.551504809510838 ], [ -58.603767052392314, -34.551769510582446 ], [ -58.603825007012539, -34.551815268141183 ], [ -58.604160677325829, -34.552080292869334 ], [ -58.604684486793658, -34.551698830530263 ], [ -58.604686047270519, -34.551697694633305 ], [ -58.604072996842781, -34.551155376542205 ], [ -58.603952546158432, -34.551048821986249 ], [ -58.603950468191528, -34.551049503081913 ], [ -58.603756939062137, -34.551113186855638 ], [ -58.603657050901255, -34.550953187967743 ], [ -58.6034805863397, -34.550772583290815 ], [ -58.603410361132347, -34.550709322418392 ], [ -58.603082926028414, -34.550414361302892 ], [ -58.602140262008163, -34.551131670925855 ] ] ] ] } },
{ "type": "Feature", "properties": { "NOMPROV": "BUENOS AIRES", "PROV": "06", "NOMDEPTO": "GENERAL SAN MARTIN", "DEPTO": "371", "FRAC": "47", "RADIO": "05", "TIPO": "U", "LINK": "063714705", "IDRADIO_9": "063714705", "hog_tot": 345, "hog_nbi": 2, "pob_tot": 955, "pct_nbi": 0.57971014492753603 }, "geometry": { "type": "MultiPolygon", "coordinates": [ [ [ [ -58.572036588790226, -34.54560013505133 ], [ -58.571948382711895, -34.545662196930671 ], [ -58.570977955199261, -34.546353893874205 ], [ -58.571686142677784, -34.546984110951989 ], [ -58.572588384717768, -34.547733769469055 ], [ -58.573179559656516, -34.548200367767485 ], [ -58.573469935696465, -34.548420085167827 ], [ -58.573868765378933, -34.54866810847718 ], [ -58.574871065823039, -34.549301743752459 ], [ -58.575765718930903, -34.548582092591957 ], [ -58.576996485522805, -34.547704625312107 ], [ -58.575739108874821, -34.546735514649804 ], [ -58.574834678735051, -34.546049930550701 ], [ -58.573914305099926, -34.54536069154662 ], [ -58.573161010580868, -34.544820094182803 ], [ -58.572962665785312, -34.54495297850297 ], [ -58.572036588790226, -34.54560013505133 ] ] ] ] } },
{ "type": "Feature", "properties": { "NOMPROV": "BUENOS AIRES", "PROV": "06", "NOMDEPTO": "GENERAL SAN MARTIN", "DEPTO": "371", "FRAC": "01", "RADIO": "13", "TIPO": "U", "LINK": "063710113", "IDRADIO_9": "063710113", "hog_tot": 181, "hog_nbi": 22, "pob_tot": 605, "pct_nbi": 12.154696132596685 }, "geometry": { "type": "MultiPolygon", "coordinates": [ [ [ [ -58.583776632138694, -34.513699562982616 ], [ -58.584328077582477, -34.514168993443334 ], [ -58.584503622694569, -34.514027550149486 ], [ -58.585326472625006, -34.513364527614137 ], [ -58.586383482585347, -34.512543395885849 ], [ -58.585786517003967, -34.512019709545626 ], [ -58.585324475540652, -34.511630718041005 ], [ -58.584981832562612, -34.511943923743068 ], [ -58.584301025315412, -34.51248799013451 ], [ -58.583525774346455, -34.513107520318634 ], [ -58.583296443105525, -34.51329078323014 ], [ -58.583776632138694, -34.513699562982616 ] ] ] ] } },
{ "type": "Feature", "properties": { "NOMPROV": "BUENOS AIRES", "PROV": "06", "NOMDEPTO": "GENERAL SAN MARTIN", "DEPTO": "371", "FRAC": "01", "RADIO": "14", "TIPO": "U", "LINK": "063710114", "IDRADIO_9": "063710114", "hog_tot": 356, "hog_nbi": 48, "pob_tot": 1160, "pct_nbi": 13.48314606741573 }, "geometry": { "type": "MultiPolygon", "coordinates": [ [ [ [ -58.587202030291223, -34.509535412753515 ], [ -58.586584203204808, -34.510381835790838 ], [ -58.586303271832243, -34.510737988968216 ], [ -58.586257964122701, -34.510792642930014 ], [ -58.585749522640413, -34.511296414703317 ], [ -58.585324475540652, -34.511630718041005 ], [ -58.585786517003967, -34.512019709545626 ], [ -58.586383482585347, -34.512543395885849 ], [ -58.587396834328779, -34.511727639182133 ], [ -58.589355148431771, -34.510228522167722 ], [ -58.588771383797386, -34.509774109744598 ], [ -58.58812438639665, -34.510264304579984 ], [ -58.587202030291223, -34.509535412753515 ] ] ] ] } },
{ "type": "Feature", "properties": { "NOMPROV": "BUENOS AIRES", "PROV": "06", "NOMDEPTO": "GENERAL SAN MARTIN", "DEPTO": "371", "FRAC": "33", "RADIO": "10", "TIPO": "U", "LINK": "063713310", "IDRADIO_9": "063713310", "hog_tot": 254, "hog_nbi": 7, "pob_tot": 655, "pct_nbi": 2.7559055118110241 }, "geometry": { "type": "MultiPolygon", "coordinates": [ [ [ [ -58.559486639566991, -34.567099495534485 ], [ -58.560971252141186, -34.568247200522627 ], [ -58.561830507289201, -34.568969389785458 ], [ -58.562560442513004, -34.569608929882477 ], [ -58.563676246789967, -34.568720722631248 ], [ -58.563783017329563, -34.568848167520336 ], [ -58.564401447426405, -34.568368717569825 ], [ -58.563531952804986, -34.567617459977086 ], [ -58.562579464374139, -34.566862938491099 ], [ -58.562165075300072, -34.566502219629967 ], [ -58.560836561063475, -34.566789463456878 ], [ -58.559486639566991, -34.567099495534485 ] ] ] ] } },
{ "type": "Feature", "properties": { "NOMPROV": "BUENOS AIRES", "PROV": "06", "NOMDEPTO": "GENERAL SAN MARTIN", "DEPTO": "371", "FRAC": "30", "RADIO": "08", "TIPO": "U", "LINK": "063713008", "IDRADIO_9": "063713008", "hog_tot": 283, "hog_nbi": 7, "pob_tot": 722, "pct_nbi": 2.473498233215548 }, "geometry": { "type": "MultiPolygon", "coordinates": [ [ [ [ -58.547808799279608, -34.576044628950839 ], [ -58.547857796346257, -34.576077761272501 ], [ -58.547975916321207, -34.57617831443779 ], [ -58.547997392710812, -34.576196596819798 ], [ -58.54864200100765, -34.576727042569281 ], [ -58.549415165139159, -34.577385200208056 ], [ -58.550285303663792, -34.578107599988776 ], [ -58.551101761781595, -34.578784289207064 ], [ -58.552210119147489, -34.577903724668538 ], [ -58.552969803844924, -34.577283210177498 ], [ -58.552417601969765, -34.576429377964082 ], [ -58.551515246870615, -34.575679571424381 ], [ -58.55075021155244, -34.575015760263476 ], [ -58.549816195736547, -34.574237048713726 ], [ -58.548797235090468, -34.575052256178552 ], [ -58.548634074192613, -34.575198618268566 ], [ -58.548425506176606, -34.575378426065583 ], [ -58.548228195225668, -34.575555277603769 ], [ -58.54808717011683, -34.575717350365245 ], [ -58.548003344498973, -34.57581213148967 ], [ -58.547946144454791, -34.57587942294581 ], [ -58.547907778243847, -34.575937669070541 ], [ -58.547869519419848, -34.57598973775707 ], [ -58.547808799279608, -34.576044628950839 ] ] ] ] } },
{ "type": "Feature", "properties": { "NOMPROV": "BUENOS AIRES", "PROV": "06", "NOMDEPTO": "GENERAL SAN MARTIN", "DEPTO": "371", "FRAC": "34", "RADIO": "06", "TIPO": "U", "LINK": "063713406", "IDRADIO_9": "063713406", "hog_tot": 316, "hog_nbi": 17, "pob_tot": 926, "pct_nbi": 5.3797468354430382 }, "geometry": { "type": "MultiPolygon", "coordinates": [ [ [ [ -58.570295725190974, -34.560129751649711 ], [ -58.570929404375448, -34.560667766021538 ], [ -58.570299430902445, -34.56115947404566 ], [ -58.569228197766343, -34.562047790821119 ], [ -58.569818264032769, -34.562582760569725 ], [ -58.570189030425723, -34.562301394318375 ], [ -58.57110526687233, -34.56303038880089 ], [ -58.571828884714705, -34.563657066972297 ], [ -58.572510363083822, -34.564222499074511 ], [ -58.573629112047527, -34.563974763282111 ], [ -58.574443135257944, -34.563796749776081 ], [ -58.573898665559703, -34.562873689736001 ], [ -58.57343182709598, -34.56213814342123 ], [ -58.573378900064569, -34.562047390921428 ], [ -58.573164731444514, -34.561828564014441 ], [ -58.57199232680307, -34.560825897991087 ], [ -58.572232701142163, -34.560618785062303 ], [ -58.571607004662908, -34.560111142541771 ], [ -58.570993828779514, -34.559573304077269 ], [ -58.570295725190974, -34.560129751649711 ] ] ] ] } },
{ "type": "Feature", "properties": { "NOMPROV": "BUENOS AIRES", "PROV": "06", "NOMDEPTO": "GENERAL SAN MARTIN", "DEPTO": "371", "FRAC": "47", "RADIO": "04", "TIPO": "U", "LINK": "063714704", "IDRADIO_9": "063714704", "hog_tot": 426, "hog_nbi": 17, "pob_tot": 1231, "pct_nbi": 3.990610328638498 }, "geometry": { "type": "MultiPolygon", "coordinates": [ [ [ [ -58.569103324678451, -34.547683957206594 ], [ -58.569521452319414, -34.548076437538008 ], [ -58.570402826688301, -34.548771785604018 ], [ -58.571154442691451, -34.549411528698641 ], [ -58.572008596848818, -34.550134617512867 ], [ -58.572893785257548, -34.550901071152708 ], [ -58.57382145501817, -34.550163793841456 ], [ -58.574871065823039, -34.549301743752459 ], [ -58.573868765378933, -34.54866810847718 ], [ -58.573469935696465, -34.548420085167827 ], [ -58.573179559656516, -34.548200367767485 ], [ -58.572588384717768, -34.547733769469055 ], [ -58.571686142677784, -34.546984110951989 ], [ -58.570977955199261, -34.546353893874205 ], [ -58.570107073322063, -34.546956612911934 ], [ -58.570018864377531, -34.547018674213653 ], [ -58.569103324678451, -34.547683957206594 ] ] ] ] } },
{ "type": "Feature", "properties": { "NOMPROV": "BUENOS AIRES", "PROV": "06", "NOMDEPTO": "GENERAL SAN MARTIN", "DEPTO": "371", "FRAC": "21", "RADIO": "07", "TIPO": "U", "LINK": "063712107", "IDRADIO_9": "063712107", "hog_tot": 354, "hog_nbi": 7, "pob_tot": 821, "pct_nbi": 1.977401129943503 }, "geometry": { "type": "MultiPolygon", "coordinates": [ [ [ [ -58.540339437955616, -34.563572099897144 ], [ -58.539136099178414, -34.565094490078749 ], [ -58.539200355416213, -34.565158353143474 ], [ -58.539200161457437, -34.565158603198022 ], [ -58.539333412700053, -34.56528421550621 ], [ -58.539596952501604, -34.565532648840183 ], [ -58.540210268120617, -34.564728779068304 ], [ -58.540399706394652, -34.564487682042618 ], [ -58.541452146683064, -34.565365551739404 ], [ -58.541849541701382, -34.565694782630807 ], [ -58.542450612925435, -34.566215726786062 ], [ -58.543159371834378, -34.566810060933442 ], [ -58.543202474967181, -34.566837615714469 ], [ -58.543266736791203, -34.566901475844489 ], [ -58.544018138691897, -34.567550394643348 ], [ -58.545090844986611, -34.566643818372036 ], [ -58.544263815654858, -34.56595795125493 ], [ -58.543544634678724, -34.565336458772968 ], [ -58.542932353654223, -34.564833412977102 ], [ -58.542256449933646, -34.564230456548849 ], [ -58.541923634295863, -34.563947065632448 ], [ -58.54180223490021, -34.564035749653115 ], [ -58.541771442857957, -34.56392722058159 ], [ -58.541558419163394, -34.563023333825761 ], [ -58.541498095198001, -34.562734183121513 ], [ -58.541406280934929, -34.562642820929689 ], [ -58.541265945221973, -34.562503176991243 ], [ -58.540339437955616, -34.563572099897144 ] ] ] ] } },
{ "type": "Feature", "properties": { "NOMPROV": "BUENOS AIRES", "PROV": "06", "NOMDEPTO": "GENERAL SAN MARTIN", "DEPTO": "371", "FRAC": "50", "RADIO": "09", "TIPO": "U", "LINK": "063715009", "IDRADIO_9": "063715009", "hog_tot": 331, "hog_nbi": 14, "pob_tot": 706, "pct_nbi": 4.2296072507552882 }, "geometry": { "type": "MultiPolygon", "coordinates": [ [ [ [ -58.542262979369369, -34.580085112461326 ], [ -58.542574854280673, -34.580323186366066 ], [ -58.543614115798057, -34.579470308293175 ], [ -58.542819032303406, -34.578820865210794 ], [ -58.542271244126901, -34.578363653039986 ], [ -58.542056645541074, -34.578171807684008 ], [ -58.541231209758848, -34.577495563590247 ], [ -58.540477592401359, -34.576864016928923 ], [ -58.539438489820789, -34.57770785711071 ], [ -58.540200851514385, -34.578356930424356 ], [ -58.54097411923258, -34.579006128559421 ], [ -58.541725766787522, -34.579646051014223 ], [ -58.542262979369369, -34.580085112461326 ] ] ] ] } },
{ "type": "Feature", "properties": { "NOMPROV": "BUENOS AIRES", "PROV": "06", "NOMDEPTO": "GENERAL SAN MARTIN", "DEPTO": "371", "FRAC": "29", "RADIO": "09", "TIPO": "U", "LINK": "063712909", "IDRADIO_9": "063712909", "hog_tot": 364, "hog_nbi": 1, "pob_tot": 852, "pct_nbi": 0.27472527472527503 }, "geometry": { "type": "MultiPolygon", "coordinates": [ [ [ [ -58.552541256959579, -34.579982128291554 ], [ -58.551446348591874, -34.58090653033274 ], [ -58.552176771934732, -34.581519097255189 ], [ -58.553030764998937, -34.582206590034602 ], [ -58.554152157359418, -34.58135323773508 ], [ -58.553314353862419, -34.580631870289338 ], [ -58.553034078023302, -34.580386588097625 ], [ -58.552541256959579, -34.579982128291554 ] ] ] ] } },
{ "type": "Feature", "properties": { "NOMPROV": "BUENOS AIRES", "PROV": "06", "NOMDEPTO": "GENERAL SAN MARTIN", "DEPTO": "371", "FRAC": "54", "RADIO": "10", "TIPO": "U", "LINK": "063715410", "IDRADIO_9": "063715410", "hog_tot": 263, "hog_nbi": 12, "pob_tot": 799, "pct_nbi": 4.5627376425855521 }, "geometry": { "type": "MultiPolygon", "coordinates": [ [ [ [ -58.596199713049018, -34.55780524012291 ], [ -58.596973546995976, -34.558436068863038 ], [ -58.597870180214585, -34.557751210074592 ], [ -58.598751123912862, -34.55700050622724 ], [ -58.599666268641641, -34.556311159163464 ], [ -58.599423369670291, -34.556083042464927 ], [ -58.598809001939038, -34.555880847310434 ], [ -58.598722315908766, -34.555852317731606 ], [ -58.597826259621833, -34.555522920771793 ], [ -58.597636255818905, -34.555461738307223 ], [ -58.597280364448615, -34.555735544273077 ], [ -58.596385964705085, -34.556446343214219 ], [ -58.595469460362509, -34.557174908023562 ], [ -58.596199713049018, -34.55780524012291 ] ] ] ] } },
{ "type": "Feature", "properties": { "NOMPROV": "BUENOS AIRES", "PROV": "06", "NOMDEPTO": "GENERAL SAN MARTIN", "DEPTO": "371", "FRAC": "54", "RADIO": "07", "TIPO": "U", "LINK": "063715407", "IDRADIO_9": "063715407", "hog_tot": 275, "hog_nbi": 47, "pob_tot": 917, "pct_nbi": 17.09090909090909 }, "geometry": { "type": "MultiPolygon", "coordinates": [ [ [ [ -58.599153465917183, -34.554464959549179 ], [ -58.599501168347004, -34.554585775263028 ], [ -58.599578928613809, -34.554393680528378 ], [ -58.599727445499987, -34.554114268521253 ], [ -58.599944218324659, -34.553786766899158 ], [ -58.599985348423033, -34.553724626133338 ], [ -58.600068540168898, -34.553607871620912 ], [ -58.600303362335069, -34.553378240589254 ], [ -58.600326517355384, -34.553351295136146 ], [ -58.600342430988995, -34.553336314135727 ], [ -58.600461494562765, -34.553241604900364 ], [ -58.60049273939957, -34.553216751361703 ], [ -58.600752086967802, -34.553010452694792 ], [ -58.600540311293344, -34.552831195835772 ], [ -58.600463088617076, -34.552765830438226 ], [ -58.600380746474052, -34.552696131179118 ], [ -58.600313631075593, -34.552639321841006 ], [ -58.600226361876551, -34.552565452211446 ], [ -58.600016148152989, -34.552387515725755 ], [ -58.59994354312574, -34.552326058048408 ], [ -58.599934227820178, -34.552318173437243 ], [ -58.599707906569449, -34.552171941566392 ], [ -58.59966979942584, -34.552142720636908 ], [ -58.599411801129648, -34.551944884735647 ], [ -58.599296945682923, -34.552029189168294 ], [ -58.599125959199434, -34.552154692884478 ], [ -58.599018495392436, -34.552233570994922 ], [ -58.59890548445123, -34.55231652074864 ], [ -58.598863157271012, -34.552347588603403 ], [ -58.598706616228121, -34.55248673543754 ], [ -58.598479249141818, -34.552671237135606 ], [ -58.598217838418719, -34.552883363321136 ], [ -58.598129919264359, -34.552954706202129 ], [ -58.597772943183749, -34.553272413510989 ], [ -58.597692435986467, -34.553344063835134 ], [ -58.597650031820891, -34.553381803080768 ], [ -58.597534775514319, -34.553482042504669 ], [ -58.59762063611867, -34.553519923063973 ], [ -58.59776396908007, -34.553583159911504 ], [ -58.598038740146649, -34.553750736989336 ], [ -58.59816797321001, -34.553815341933401 ], [ -58.598226061657954, -34.553844380857626 ], [ -58.598257398993219, -34.55386004657155 ], [ -58.598530312829148, -34.553996477525743 ], [ -58.598651031106435, -34.554056825368995 ], [ -58.598559587799549, -34.554258603381022 ], [ -58.598850467456899, -34.554359676117123 ], [ -58.598962346183093, -34.554398551125928 ], [ -58.599153465917183, -34.554464959549179 ] ] ] ] } },
{ "type": "Feature", "properties": { "NOMPROV": "BUENOS AIRES", "PROV": "06", "NOMDEPTO": "GENERAL SAN MARTIN", "DEPTO": "371", "FRAC": "54", "RADIO": "06", "TIPO": "U", "LINK": "063715406", "IDRADIO_9": "063715406", "hog_tot": 257, "hog_nbi": 35, "pob_tot": 833, "pct_nbi": 13.618677042801556 }, "geometry": { "type": "MultiPolygon", "coordinates": [ [ [ [ -58.598722315908766, -34.555852317731606 ], [ -58.598809001939038, -34.555880847310434 ], [ -58.599095568520141, -34.555389387567331 ], [ -58.599109391249911, -34.555365815388633 ], [ -58.599140373672569, -34.555304180418361 ], [ -58.599220815080443, -34.555144151693348 ], [ -58.599296657849528, -34.554993272049572 ], [ -58.599501168347004, -34.554585775263028 ], [ -58.599153465917183, -34.554464959549179 ], [ -58.598962346183093, -34.554398551125928 ], [ -58.598850467456899, -34.554359676117123 ], [ -58.598559587799549, -34.554258603381022 ], [ -58.598651031106435, -34.554056825368995 ], [ -58.598530312829148, -34.553996477525743 ], [ -58.598257398993219, -34.55386004657155 ], [ -58.598226061657954, -34.553844380857626 ], [ -58.59816797321001, -34.553815341933401 ], [ -58.598038740146649, -34.553750736989336 ], [ -58.59776396908007, -34.553583159911504 ], [ -58.59762063611867, -34.553519923063973 ], [ -58.597534775514319, -34.553482042504669 ], [ -58.597473385077137, -34.553466205287151 ], [ -58.597436051861067, -34.553456573543592 ], [ -58.597206559871402, -34.553287938988525 ], [ -58.596998755614358, -34.553505013079565 ], [ -58.596774687377618, -34.553739075114159 ], [ -58.596654775313311, -34.553876494130769 ], [ -58.596628954870901, -34.553901973272602 ], [ -58.59644549841925, -34.554082999062324 ], [ -58.596121254381956, -34.554441287905149 ], [ -58.595993902744254, -34.55457526043093 ], [ -58.59599203177487, -34.554577229097738 ], [ -58.59572527514532, -34.554857853193575 ], [ -58.595970431884325, -34.554933996357761 ], [ -58.595984020466823, -34.554938216846018 ], [ -58.596278152196881, -34.555029569652078 ], [ -58.596729446072182, -34.555169733137234 ], [ -58.597106845166962, -34.555291262078285 ], [ -58.597190159520189, -34.555318090150095 ], [ -58.597345680433435, -34.555368169917081 ], [ -58.597430189059715, -34.555395382906568 ], [ -58.597636255818905, -34.555461738307223 ], [ -58.597826259621833, -34.555522920771793 ], [ -58.598722315908766, -34.555852317731606 ] ] ] ] } },
{ "type": "Feature", "properties": { "NOMPROV": "BUENOS AIRES", "PROV": "06", "NOMDEPTO": "GENERAL SAN MARTIN", "DEPTO": "371", "FRAC": "54", "RADIO": "09", "TIPO": "U", "LINK": "063715409", "IDRADIO_9": "063715409", "hog_tot": 225, "hog_nbi": 35, "pob_tot": 776, "pct_nbi": 15.555555555555555 }, "geometry": { "type": "MultiPolygon", "coordinates": [ [ [ [ -58.599501168347004, -34.554585775263028 ], [ -58.599296657849528, -34.554993272049572 ], [ -58.599220815080443, -34.555144151693348 ], [ -58.599140373672569, -34.555304180418361 ], [ -58.599109391249911, -34.555365815388633 ], [ -58.599095568520141, -34.555389387567331 ], [ -58.598809001939038, -34.555880847310434 ], [ -58.599423369670291, -34.556083042464927 ], [ -58.599510189454321, -34.556118245797855 ], [ -58.599770650329681, -34.55622385634922 ], [ -58.599784684921588, -34.556229571470219 ], [ -58.600276599456329, -34.556410942562202 ], [ -58.600713246172312, -34.556056726273873 ], [ -58.600629583963908, -34.555973794606338 ], [ -58.601110727141638, -34.555619170230457 ], [ -58.601292989180536, -34.55548483360289 ], [ -58.601797450877584, -34.555113014397328 ], [ -58.60144361728004, -34.554802304586147 ], [ -58.600989590367128, -34.554403611001952 ], [ -58.600889989016579, -34.554317932488999 ], [ -58.600609661133234, -34.554075777794338 ], [ -58.600068540168898, -34.553607871620912 ], [ -58.599985348423033, -34.553724626133338 ], [ -58.599944218324659, -34.553786766899158 ], [ -58.599727445499987, -34.554114268521253 ], [ -58.599578928613809, -34.554393680528378 ], [ -58.599501168347004, -34.554585775263028 ] ] ] ] } },
{ "type": "Feature", "properties": { "NOMPROV": "BUENOS AIRES", "PROV": "06", "NOMDEPTO": "GENERAL SAN MARTIN", "DEPTO": "371", "FRAC": "18", "RADIO": "01", "TIPO": "U", "LINK": "063711801", "IDRADIO_9": "063711801", "hog_tot": 437, "hog_nbi": 9, "pob_tot": 1124, "pct_nbi": 2.0594965675057209 }, "geometry": { "type": "MultiPolygon", "coordinates": [ [ [ [ -58.564839682343539, -34.544127667955053 ], [ -58.563955879113173, -34.544847367405175 ], [ -58.563713104821204, -34.545029287178977 ], [ -58.563061168595581, -34.54556693089399 ], [ -58.56217764489768, -34.546268592317688 ], [ -58.561629684158952, -34.546703463062663 ], [ -58.561338290420387, -34.546934714547668 ], [ -58.562624574332176, -34.547517714414582 ], [ -58.563899829272628, -34.548109584651691 ], [ -58.564352101397056, -34.547781405085438 ], [ -58.565015169561647, -34.547230366288709 ], [ -58.565910036738579, -34.546501776115008 ], [ -58.566793688223875, -34.545791075314654 ], [ -58.56581682963516, -34.544950364125185 ], [ -58.564839682343539, -34.544127667955053 ] ] ] ] } },
{ "type": "Feature", "properties": { "NOMPROV": "BUENOS AIRES", "PROV": "06", "NOMDEPTO": "GENERAL SAN MARTIN", "DEPTO": "371", "FRAC": "31", "RADIO": "02", "TIPO": "U", "LINK": "063713102", "IDRADIO_9": "063713102", "hog_tot": 423, "hog_nbi": 12, "pob_tot": 1153, "pct_nbi": 2.836879432624114 }, "geometry": { "type": "MultiPolygon", "coordinates": [ [ [ [ -58.561424433506922, -34.579257940407608 ], [ -58.562283646273968, -34.579989139734074 ], [ -58.563121239109122, -34.580711066012007 ], [ -58.563969585993412, -34.581442125740651 ], [ -58.564882392779865, -34.58222801933573 ], [ -58.564925356209052, -34.582264578371024 ], [ -58.56543033312326, -34.582685133422942 ], [ -58.565978279467842, -34.583142245164986 ], [ -58.566752288152927, -34.582493358392377 ], [ -58.567504029332866, -34.58187124631997 ], [ -58.567482547130432, -34.581852967245538 ], [ -58.566440983263931, -34.580948406386362 ], [ -58.56553875966285, -34.580180675588295 ], [ -58.564958614095389, -34.579696142967464 ], [ -58.56469025611856, -34.579458638223059 ], [ -58.564400419924297, -34.579202852437803 ], [ -58.563852507559126, -34.578745734180401 ], [ -58.563003878067562, -34.578032696364396 ], [ -58.562208713919006, -34.578645256931388 ], [ -58.561424433506922, -34.579257940407608 ] ] ] ] } },
{ "type": "Feature", "properties": { "NOMPROV": "BUENOS AIRES", "PROV": "06", "NOMDEPTO": "GENERAL SAN MARTIN", "DEPTO": "371", "FRAC": "54", "RADIO": "02", "TIPO": "U", "LINK": "063715402", "IDRADIO_9": "063715402", "hog_tot": 213, "hog_nbi": 27, "pob_tot": 713, "pct_nbi": 12.676056338028168 }, "geometry": { "type": "MultiPolygon", "coordinates": [ [ [ [ -58.597473385077137, -34.553466205287151 ], [ -58.597534775514319, -34.553482042504669 ], [ -58.597650031820891, -34.553381803080768 ], [ -58.597692435986467, -34.553344063835134 ], [ -58.597772943183749, -34.553272413510989 ], [ -58.598129919264359, -34.552954706202129 ], [ -58.598217838418719, -34.552883363321136 ], [ -58.598479249141818, -34.552671237135606 ], [ -58.598706616228121, -34.55248673543754 ], [ -58.598501641010408, -34.552299876337337 ], [ -58.598495631089904, -34.5522943974198 ], [ -58.598480734517437, -34.552280816969997 ], [ -58.598366942099354, -34.552177081654939 ], [ -58.598303640163323, -34.552119374001805 ], [ -58.598296310473167, -34.552112691937651 ], [ -58.598157108773314, -34.551985791941831 ], [ -58.597965842125731, -34.55181722640048 ], [ -58.597623247418831, -34.551515289579221 ], [ -58.597418404872776, -34.551329702025768 ], [ -58.597345597001606, -34.55126355796984 ], [ -58.597336757312796, -34.551255527201228 ], [ -58.59719614656958, -34.551127786102832 ], [ -58.597042418437908, -34.550988127836213 ], [ -58.596715154483491, -34.551241956781006 ], [ -58.596558004241594, -34.551363843770837 ], [ -58.5964122787856, -34.551476869111802 ], [ -58.596261412622624, -34.551593880430516 ], [ -58.596119785835498, -34.551703725695205 ], [ -58.596029876764597, -34.551773457804032 ], [ -58.595945132168282, -34.551839185044116 ], [ -58.59574118762162, -34.55199736199485 ], [ -58.595912364686328, -34.552144721823339 ], [ -58.596071513816412, -34.552281725356892 ], [ -58.596359178785526, -34.552529361146632 ], [ -58.596636439253011, -34.5527793355513 ], [ -58.596929338645211, -34.55304340777208 ], [ -58.597072904454102, -34.553170044728958 ], [ -58.597206559871402, -34.553287938988525 ], [ -58.597436051861067, -34.553456573543592 ], [ -58.597473385077137, -34.553466205287151 ] ] ] ] } },
{ "type": "Feature", "properties": { "NOMPROV": "BUENOS AIRES", "PROV": "06", "NOMDEPTO": "GENERAL SAN MARTIN", "DEPTO": "371", "FRAC": "54", "RADIO": "03", "TIPO": "U", "LINK": "063715403", "IDRADIO_9": "063715403", "hog_tot": 269, "hog_nbi": 40, "pob_tot": 829, "pct_nbi": 14.869888475836431 }, "geometry": { "type": "MultiPolygon", "coordinates": [ [ [ [ -58.595795383346058, -34.553900251850841 ], [ -58.59644549841925, -34.554082999062324 ], [ -58.596628954870901, -34.553901973272602 ], [ -58.596654775313311, -34.553876494130769 ], [ -58.596774687377618, -34.553739075114159 ], [ -58.596998755614358, -34.553505013079565 ], [ -58.597206559871402, -34.553287938988525 ], [ -58.597072904454102, -34.553170044728958 ], [ -58.596929338645211, -34.55304340777208 ], [ -58.596636439253011, -34.5527793355513 ], [ -58.596359178785526, -34.552529361146632 ], [ -58.596071513816412, -34.552281725356892 ], [ -58.595912364686328, -34.552144721823339 ], [ -58.59574118762162, -34.55199736199485 ], [ -58.595581774464186, -34.552121749038186 ], [ -58.595377912663992, -34.552280818647979 ], [ -58.5952359255933, -34.552391607823672 ], [ -58.595102024189799, -34.552496087575186 ], [ -58.594963097517713, -34.552604487002924 ], [ -58.594722646667734, -34.552792102905002 ], [ -58.594524669859837, -34.552946576081055 ], [ -58.594434748701119, -34.553016737673865 ], [ -58.594342187202713, -34.553095154925671 ], [ -58.594549840106588, -34.553248667442183 ], [ -58.594745410346349, -34.553364575816964 ], [ -58.594816385146103, -34.553406639603509 ], [ -58.594928618390099, -34.553473156915828 ], [ -58.595088448728951, -34.553597230644883 ], [ -58.595299079241592, -34.553760737921529 ], [ -58.595546335439849, -34.553830243267058 ], [ -58.595622520206774, -34.553851658865312 ], [ -58.595795383346058, -34.553900251850841 ] ] ] ] } },
{ "type": "Feature", "properties": { "NOMPROV": "BUENOS AIRES", "PROV": "06", "NOMDEPTO": "GENERAL SAN MARTIN", "DEPTO": "371", "FRAC": "42", "RADIO": "05", "TIPO": "U", "LINK": "063714205", "IDRADIO_9": "063714205", "hog_tot": 246, "hog_nbi": 15, "pob_tot": 586, "pct_nbi": 6.0975609756097562 }, "geometry": { "type": "MultiPolygon", "coordinates": [ [ [ [ -58.524077595404478, -34.573764462819923 ], [ -58.52473515244197, -34.574169001936689 ], [ -58.525485832793912, -34.574854077991418 ], [ -58.526258952245499, -34.575503366024307 ], [ -58.5270213467874, -34.576143507308856 ], [ -58.527611978558696, -34.576637357336864 ], [ -58.527752336669415, -34.576751059290181 ], [ -58.527869644693517, -34.576836617215079 ], [ -58.529026684098596, -34.575938767001986 ], [ -58.528903921077791, -34.575824632340087 ], [ -58.528788557739858, -34.575727676167183 ], [ -58.528675830143108, -34.575631677341114 ], [ -58.528160190734134, -34.575210843160875 ], [ -58.527956211325588, -34.57503712921126 ], [ -58.527397795429245, -34.574570709793591 ], [ -58.526635092710627, -34.573948593935867 ], [ -58.52586198529805, -34.573299307531144 ], [ -58.52577610265412, -34.573226162931668 ], [ -58.525582389872476, -34.573088622696865 ], [ -58.524967619441185, -34.572729671366659 ], [ -58.524077595404478, -34.573764462819923 ] ] ] ] } },
{ "type": "Feature", "properties": { "NOMPROV": "BUENOS AIRES", "PROV": "06", "NOMDEPTO": "GENERAL SAN MARTIN", "DEPTO": "371", "FRAC": "42", "RADIO": "03", "TIPO": "U", "LINK": "063714203", "IDRADIO_9": "063714203", "hog_tot": 361, "hog_nbi": 9, "pob_tot": 986, "pct_nbi": 2.493074792243767 }, "geometry": { "type": "MultiPolygon", "coordinates": [ [ [ [ -58.52153315078926, -34.572228430390467 ], [ -58.520898770081537, -34.572977866520851 ], [ -58.52023105565619, -34.573762948481964 ], [ -58.520953481514724, -34.574195334453755 ], [ -58.521956142165067, -34.574802364984571 ], [ -58.522753891096265, -34.575289733057538 ], [ -58.523120642854927, -34.575501480010672 ], [ -58.523628970041194, -34.57510202906338 ], [ -58.523927585476329, -34.57485326632348 ], [ -58.52473515244197, -34.574169001936689 ], [ -58.524077595404478, -34.573764462819923 ], [ -58.523258063829473, -34.573276839803952 ], [ -58.522266305553217, -34.572669951967477 ], [ -58.52153315078926, -34.572228430390467 ] ] ] ] } },
{ "type": "Feature", "properties": { "NOMPROV": "BUENOS AIRES", "PROV": "06", "NOMDEPTO": "GENERAL SAN MARTIN", "DEPTO": "371", "FRAC": "09", "RADIO": "06", "TIPO": "U", "LINK": "063710906", "IDRADIO_9": "063710906", "hog_tot": 302, "hog_nbi": 7, "pob_tot": 775, "pct_nbi": 2.317880794701987 }, "geometry": { "type": "MultiPolygon", "coordinates": [ [ [ [ -58.532937114942776, -34.568778721761177 ], [ -58.533710554939844, -34.569409941111644 ], [ -58.534760501082054, -34.5685662782356 ], [ -58.535224838483124, -34.568184275926512 ], [ -58.534484868409649, -34.567508401772535 ], [ -58.533755646809084, -34.566841664862324 ], [ -58.533004806931025, -34.566165650423294 ], [ -58.532452055833453, -34.566618688673316 ], [ -58.531423900813543, -34.567462594152524 ], [ -58.532175055566654, -34.568120595134687 ], [ -58.532937114942776, -34.568778721761177 ] ] ] ] } },
{ "type": "Feature", "properties": { "NOMPROV": "BUENOS AIRES", "PROV": "06", "NOMDEPTO": "GENERAL SAN MARTIN", "DEPTO": "371", "FRAC": "49", "RADIO": "02", "TIPO": "U", "LINK": "063714902", "IDRADIO_9": "063714902", "hog_tot": 247, "hog_nbi": 7, "pob_tot": 621, "pct_nbi": 2.834008097165992 }, "geometry": { "type": "MultiPolygon", "coordinates": [ [ [ [ -58.547719672742183, -34.568982563089861 ], [ -58.548245017293162, -34.569475537796016 ], [ -58.549305558340635, -34.568640887234181 ], [ -58.550365766471671, -34.567824249987943 ], [ -58.549840419095624, -34.567331284229525 ], [ -58.549349038374977, -34.566852433021253 ], [ -58.548878041094483, -34.566359450293 ], [ -58.5477614368939, -34.567207416839643 ], [ -58.546701056452918, -34.568033042673648 ], [ -58.547194020843669, -34.568507609375715 ], [ -58.547654935749513, -34.568945739006985 ], [ -58.547719672742183, -34.568982563089861 ] ] ] ] } },
{ "type": "Feature", "properties": { "NOMPROV": "BUENOS AIRES", "PROV": "06", "NOMDEPTO": "GENERAL SAN MARTIN", "DEPTO": "371", "FRAC": "15", "RADIO": "05", "TIPO": "U", "LINK": "063711505", "IDRADIO_9": "063711505", "hog_tot": 413, "hog_nbi": 61, "pob_tot": 1379, "pct_nbi": 14.769975786924938 }, "geometry": { "type": "MultiPolygon", "coordinates": [ [ [ [ -58.585745223585477, -34.53489609686121 ], [ -58.58608853991484, -34.535569702787321 ], [ -58.587098624727055, -34.534768369588328 ], [ -58.587635861596645, -34.534337058782185 ], [ -58.587845093544701, -34.534165768030824 ], [ -58.588357214253818, -34.53374650748011 ], [ -58.587552029975363, -34.533111834990407 ], [ -58.587458865094725, -34.533038334387328 ], [ -58.586695485282995, -34.532436072209919 ], [ -58.586613863203873, -34.532476921447923 ], [ -58.586464214308819, -34.532551814179101 ], [ -58.585772579668969, -34.53289694804721 ], [ -58.58504885865662, -34.533209859465551 ], [ -58.58551718553116, -34.533950826152932 ], [ -58.586037127553716, -34.534773440300171 ], [ -58.585745223585477, -34.53489609686121 ] ] ] ] } },
{ "type": "Feature", "properties": { "NOMPROV": "BUENOS AIRES", "PROV": "06", "NOMDEPTO": "GENERAL SAN MARTIN", "DEPTO": "371", "FRAC": "15", "RADIO": "10", "TIPO": "U", "LINK": "063711510", "IDRADIO_9": "063711510", "hog_tot": 287, "hog_nbi": 39, "pob_tot": 955, "pct_nbi": 13.588850174216027 }, "geometry": { "type": "MultiPolygon", "coordinates": [ [ [ [ -58.590198531790435, -34.53403680804103 ], [ -58.590593574377145, -34.534402829600303 ], [ -58.590661729134922, -34.534357887859976 ], [ -58.590739802089331, -34.534306405852 ], [ -58.591573730763713, -34.534985191429755 ], [ -58.591923716793268, -34.534697627143359 ], [ -58.592322116465169, -34.534370279833084 ], [ -58.5919280785577, -34.534028105368485 ], [ -58.59245904761444, -34.533614179686332 ], [ -58.593407760490614, -34.532887282804111 ], [ -58.593074100430506, -34.532509281886391 ], [ -58.593906358099687, -34.531852202717751 ], [ -58.593378654696004, -34.531400008339162 ], [ -58.592891523885577, -34.531806766738484 ], [ -58.592577254397234, -34.53206918157634 ], [ -58.592329253714745, -34.532276260118287 ], [ -58.592286285917567, -34.532311956873457 ], [ -58.592265042255548, -34.53232960566055 ], [ -58.592223668349895, -34.532363977749398 ], [ -58.591959697918519, -34.532583274934268 ], [ -58.591659937742406, -34.532832303646195 ], [ -58.591646597331554, -34.532843386068635 ], [ -58.59096719758444, -34.533413705759436 ], [ -58.590945721039041, -34.533431115464431 ], [ -58.590658691552179, -34.533663791023535 ], [ -58.590198531790435, -34.53403680804103 ] ] ] ] } },
{ "type": "Feature", "properties": { "NOMPROV": "BUENOS AIRES", "PROV": "06", "NOMDEPTO": "GENERAL SAN MARTIN", "DEPTO": "371", "FRAC": "50", "RADIO": "01", "TIPO": "U", "LINK": "063715001", "IDRADIO_9": "063715001", "hog_tot": 238, "hog_nbi": 6, "pob_tot": 518, "pct_nbi": 2.521008403361344 }, "geometry": { "type": "MultiPolygon", "coordinates": [ [ [ [ -58.534788627202772, -34.57379438534565 ], [ -58.535540179384945, -34.574434344033769 ], [ -58.536590013667222, -34.573599678725223 ], [ -58.535827724052766, -34.572950584184284 ], [ -58.536888904365412, -34.572089011703426 ], [ -58.536759751520577, -34.571997329125878 ], [ -58.536008368944906, -34.571348366502491 ], [ -58.535139987061022, -34.570626514205358 ], [ -58.534683195610718, -34.571147469802142 ], [ -58.534218289566041, -34.571593847392052 ], [ -58.534201072704334, -34.571610377612011 ], [ -58.533155183451754, -34.572437517707463 ], [ -58.53341407177102, -34.572642186935624 ], [ -58.53389703979623, -34.573062605821583 ], [ -58.534659632324534, -34.573693689051154 ], [ -58.534788627202772, -34.57379438534565 ] ] ] ] } },
{ "type": "Feature", "properties": { "NOMPROV": "BUENOS AIRES", "PROV": "06", "NOMDEPTO": "GENERAL SAN MARTIN", "DEPTO": "371", "FRAC": "23", "RADIO": "02", "TIPO": "U", "LINK": "063712302", "IDRADIO_9": "063712302", "hog_tot": 250, "hog_nbi": 16, "pob_tot": 571, "pct_nbi": 6.4 }, "geometry": { "type": "MultiPolygon", "coordinates": [ [ [ [ -58.532868500469732, -34.573924543972971 ], [ -58.531818150581593, -34.574786210658829 ], [ -58.531753733442407, -34.574731355243117 ], [ -58.531656790939913, -34.574667095052092 ], [ -58.531215849671462, -34.574380950174174 ], [ -58.531136828651462, -34.57432717964803 ], [ -58.530118403795605, -34.575085724625488 ], [ -58.530759034702839, -34.575623002544987 ], [ -58.531498001417617, -34.576260553856301 ], [ -58.531626996209418, -34.576361253456312 ], [ -58.532699316308637, -34.575490839674238 ], [ -58.533738455370724, -34.574647057606093 ], [ -58.533620514508073, -34.574537479630408 ], [ -58.532868500469732, -34.573924543972971 ] ] ] ] } },
{ "type": "Feature", "properties": { "NOMPROV": "BUENOS AIRES", "PROV": "06", "NOMDEPTO": "GENERAL SAN MARTIN", "DEPTO": "371", "FRAC": "23", "RADIO": "04", "TIPO": "U", "LINK": "063712304", "IDRADIO_9": "063712304", "hog_tot": 211, "hog_nbi": 4, "pob_tot": 501, "pct_nbi": 1.8957345971563979 }, "geometry": { "type": "MultiPolygon", "coordinates": [ [ [ [ -58.530205753319258, -34.578752541026461 ], [ -58.531002719593111, -34.579406141924522 ], [ -58.532101343308817, -34.578512144818447 ], [ -58.533162951467368, -34.577632585297209 ], [ -58.532400335722023, -34.577001492480761 ], [ -58.531626996209418, -34.576361253456312 ], [ -58.530565706264007, -34.577222775911878 ], [ -58.529437913892885, -34.578146582012636 ], [ -58.530205753319258, -34.578752541026461 ] ] ] ] } },
{ "type": "Feature", "properties": { "NOMPROV": "BUENOS AIRES", "PROV": "06", "NOMDEPTO": "GENERAL SAN MARTIN", "DEPTO": "371", "FRAC": "23", "RADIO": "11", "TIPO": "U", "LINK": "063712311", "IDRADIO_9": "063712311", "hog_tot": 241, "hog_nbi": 0, "pob_tot": 481, "pct_nbi": 0.0 }, "geometry": { "type": "MultiPolygon", "coordinates": [ [ [ [ -58.534853475214383, -34.582674987393965 ], [ -58.535609189814764, -34.583303401004102 ], [ -58.536774376194423, -34.582396653661334 ], [ -58.535999858472536, -34.5817767555736 ], [ -58.535226288393893, -34.581145549515917 ], [ -58.534442468550694, -34.58047816104817 ], [ -58.533297902232519, -34.581385539843758 ], [ -58.534118694574808, -34.58204435370488 ], [ -58.534853475214383, -34.582674987393965 ] ] ] ] } },
{ "type": "Feature", "properties": { "NOMPROV": "BUENOS AIRES", "PROV": "06", "NOMDEPTO": "GENERAL SAN MARTIN", "DEPTO": "371", "FRAC": "27", "RADIO": "09", "TIPO": "U", "LINK": "063712709", "IDRADIO_9": "063712709", "hog_tot": 318, "hog_nbi": 32, "pob_tot": 875, "pct_nbi": 10.062893081761008 }, "geometry": { "type": "MultiPolygon", "coordinates": [ [ [ [ -58.552244888675659, -34.590785680081432 ], [ -58.552488748340878, -34.591807086048313 ], [ -58.552658677378531, -34.592692414233504 ], [ -58.554133998694965, -34.592466545237265 ], [ -58.554599016472643, -34.592396464943633 ], [ -58.554882554207317, -34.592353732594233 ], [ -58.555113909177344, -34.592318865047993 ], [ -58.555631107841783, -34.592240916206165 ], [ -58.555567528416248, -34.591963038017944 ], [ -58.555428455962165, -34.591355204276034 ], [ -58.555195459113186, -34.590333931391221 ], [ -58.554650145823125, -34.590420064997986 ], [ -58.554319218328708, -34.590472334941076 ], [ -58.553709125115596, -34.590568696712381 ], [ -58.552244888675659, -34.590785680081432 ] ] ] ] } },
{ "type": "Feature", "properties": { "NOMPROV": "BUENOS AIRES", "PROV": "06", "NOMDEPTO": "GENERAL SAN MARTIN", "DEPTO": "371", "FRAC": "32", "RADIO": "03", "TIPO": "U", "LINK": "063713203", "IDRADIO_9": "063713203", "hog_tot": 294, "hog_nbi": 13, "pob_tot": 924, "pct_nbi": 4.4217687074829932 }, "geometry": { "type": "MultiPolygon", "coordinates": [ [ [ [ -58.578329045439851, -34.569514215473447 ], [ -58.577500930233491, -34.570153534756358 ], [ -58.576394952925519, -34.569194226143651 ], [ -58.575555471273383, -34.569860440833494 ], [ -58.576672648759093, -34.57080186062413 ], [ -58.57778908401707, -34.571788329088569 ], [ -58.578606779530894, -34.57112184551287 ], [ -58.579446249531657, -34.570455610565261 ], [ -58.580274659801155, -34.569798254423716 ], [ -58.579157760170681, -34.568838843403888 ], [ -58.578329045439851, -34.569514215473447 ] ] ] ] } },
{ "type": "Feature", "properties": { "NOMPROV": "BUENOS AIRES", "PROV": "06", "NOMDEPTO": "GENERAL SAN MARTIN", "DEPTO": "371", "FRAC": "32", "RADIO": "07", "TIPO": "U", "LINK": "063713207", "IDRADIO_9": "063713207", "hog_tot": 298, "hog_nbi": 11, "pob_tot": 934, "pct_nbi": 3.6912751677852351 }, "geometry": { "type": "MultiPolygon", "coordinates": [ [ [ [ -58.578066660194217, -34.573404971388918 ], [ -58.579183606126698, -34.574364392894267 ], [ -58.580012058293235, -34.57370703994961 ], [ -58.580829754834966, -34.573040542594207 ], [ -58.579712959883402, -34.572072124234744 ], [ -58.578606779530894, -34.57112184551287 ], [ -58.57778908401707, -34.571788329088569 ], [ -58.576971529042666, -34.572445794210672 ], [ -58.578066660194217, -34.573404971388918 ] ] ] ] } },
{ "type": "Feature", "properties": { "NOMPROV": "BUENOS AIRES", "PROV": "06", "NOMDEPTO": "GENERAL SAN MARTIN", "DEPTO": "371", "FRAC": "33", "RADIO": "11", "TIPO": "U", "LINK": "063713311", "IDRADIO_9": "063713311", "hog_tot": 212, "hog_nbi": 18, "pob_tot": 682, "pct_nbi": 8.4905660377358494 }, "geometry": { "type": "MultiPolygon", "coordinates": [ [ [ [ -58.575591929733427, -34.565748825996714 ], [ -58.576182024524861, -34.566280025267787 ], [ -58.576933895625288, -34.566907319668488 ], [ -58.577275568897541, -34.56661637650344 ], [ -58.577714314289615, -34.566256878544586 ], [ -58.578216155866635, -34.565845675321725 ], [ -58.578145338183162, -34.565785443396024 ], [ -58.577984814083159, -34.565648915458446 ], [ -58.577764712023445, -34.565461713336973 ], [ -58.577614384895845, -34.565333855732696 ], [ -58.577345999784761, -34.565105587200236 ], [ -58.577160981100917, -34.564948221951333 ], [ -58.57698618125103, -34.56479954738797 ], [ -58.576462978444646, -34.565193713381532 ], [ -58.57636648088355, -34.565141173182411 ], [ -58.575897830556428, -34.565523007965375 ], [ -58.575591929733427, -34.565748825996714 ] ] ] ] } },
{ "type": "Feature", "properties": { "NOMPROV": "BUENOS AIRES", "PROV": "06", "NOMDEPTO": "GENERAL SAN MARTIN", "DEPTO": "371", "FRAC": "33", "RADIO": "12", "TIPO": "U", "LINK": "063713312", "IDRADIO_9": "063713312", "hog_tot": 276, "hog_nbi": 7, "pob_tot": 793, "pct_nbi": 2.5362318840579712 }, "geometry": { "type": "MultiPolygon", "coordinates": [ [ [ [ -58.571676978869895, -34.568140057211295 ], [ -58.572241361898783, -34.568676466248391 ], [ -58.572940521112784, -34.56793706683704 ], [ -58.573968429133721, -34.567083790521579 ], [ -58.573399675926211, -34.566572390309297 ], [ -58.572909826223778, -34.56614628342227 ], [ -58.572408583060835, -34.565715730197766 ], [ -58.571775396112834, -34.565179835512509 ], [ -58.571019526805863, -34.564540409326881 ], [ -58.56955032359221, -34.564875130503808 ], [ -58.568594913017748, -34.565086395513852 ], [ -58.569294342284998, -34.565794246033178 ], [ -58.570098624864393, -34.566528207266671 ], [ -58.570891435869278, -34.567336229660768 ], [ -58.571676978869895, -34.568140057211295 ] ] ] ] } },
{ "type": "Feature", "properties": { "NOMPROV": "BUENOS AIRES", "PROV": "06", "NOMDEPTO": "GENERAL SAN MARTIN", "DEPTO": "371", "FRAC": "33", "RADIO": "13", "TIPO": "U", "LINK": "063713313", "IDRADIO_9": "063713313", "hog_tot": 201, "hog_nbi": 3, "pob_tot": 562, "pct_nbi": 1.4925373134328359 }, "geometry": { "type": "MultiPolygon", "coordinates": [ [ [ [ -58.567369666865027, -34.57318973332594 ], [ -58.568020482109439, -34.573999567320598 ], [ -58.568705068242451, -34.573475805955468 ], [ -58.569544485873671, -34.572818652682805 ], [ -58.570351205706572, -34.572161111266475 ], [ -58.569707107997637, -34.571594730673461 ], [ -58.569052277996484, -34.571019207448238 ], [ -58.568300491183635, -34.5703794491926 ], [ -58.567720703184179, -34.569876906932706 ], [ -58.566903090611589, -34.57053430419429 ], [ -58.565875842593698, -34.571342460387832 ], [ -58.566153370001878, -34.571679218277204 ], [ -58.566345446894339, -34.571915824654525 ], [ -58.566761822343516, -34.572416454396176 ], [ -58.567369666865027, -34.57318973332594 ] ] ] ] } },
{ "type": "Feature", "properties": { "NOMPROV": "BUENOS AIRES", "PROV": "06", "NOMDEPTO": "GENERAL SAN MARTIN", "DEPTO": "371", "FRAC": "34", "RADIO": "11", "TIPO": "U", "LINK": "063713411", "IDRADIO_9": "063713411", "hog_tot": 224, "hog_nbi": 24, "pob_tot": 735, "pct_nbi": 10.714285714285714 }, "geometry": { "type": "MultiPolygon", "coordinates": [ [ [ [ -58.568198169822786, -34.561138971024114 ], [ -58.568580085825729, -34.561479808043231 ], [ -58.568793148514075, -34.561314406182397 ], [ -58.569173979082926, -34.561018763713967 ], [ -58.569508008863323, -34.560759450175851 ], [ -58.569671654093355, -34.560632407581991 ], [ -58.569810281520226, -34.560520947067161 ], [ -58.569983373630116, -34.560381774423711 ], [ -58.570295725190974, -34.560129751649711 ], [ -58.569590318291837, -34.559538389105214 ], [ -58.569279742285566, -34.559798776487675 ], [ -58.569127848399681, -34.559920926820631 ], [ -58.569032449043924, -34.559997435236063 ], [ -58.568798486301226, -34.560185067646437 ], [ -58.568516606360539, -34.560411127239121 ], [ -58.567919328406113, -34.560890119603684 ], [ -58.568198169822786, -34.561138971024114 ] ] ] ] } },
{ "type": "Feature", "properties": { "NOMPROV": "BUENOS AIRES", "PROV": "06", "NOMDEPTO": "GENERAL SAN MARTIN", "DEPTO": "371", "FRAC": "45", "RADIO": "02", "TIPO": "U", "LINK": "063714502", "IDRADIO_9": "063714502", "hog_tot": 301, "hog_nbi": 34, "pob_tot": 1100, "pct_nbi": 11.295681063122924 }, "geometry": { "type": "MultiPolygon", "coordinates": [ [ [ [ -58.592067424323766, -34.536263185421248 ], [ -58.592890811614268, -34.536997080126923 ], [ -58.593793412477538, -34.536277718588906 ], [ -58.59468478674102, -34.535553748362624 ], [ -58.593906818457157, -34.534838572542348 ], [ -58.593547403175357, -34.534532742528143 ], [ -58.593367843631661, -34.534379952323008 ], [ -58.592873014266814, -34.533958889587602 ], [ -58.59245904761444, -34.533614179686332 ], [ -58.5919280785577, -34.534028105368485 ], [ -58.592322116465169, -34.534370279833084 ], [ -58.591923716793268, -34.534697627143359 ], [ -58.591573730763713, -34.534985191429755 ], [ -58.591385299788598, -34.535140013878525 ], [ -58.591185042448508, -34.535304552275605 ], [ -58.591084161326641, -34.535387439555016 ], [ -58.592067424323766, -34.536263185421248 ] ] ] ] } },
{ "type": "Feature", "properties": { "NOMPROV": "BUENOS AIRES", "PROV": "06", "NOMDEPTO": "GENERAL SAN MARTIN", "DEPTO": "371", "FRAC": "46", "RADIO": "03", "TIPO": "U", "LINK": "063714603", "IDRADIO_9": "063714603", "hog_tot": 240, "hog_nbi": 5, "pob_tot": 683, "pct_nbi": 2.083333333333333 }, "geometry": { "type": "MultiPolygon", "coordinates": [ [ [ [ -58.582170186249044, -34.541916414123776 ], [ -58.582573621185993, -34.542770419985224 ], [ -58.583625779144107, -34.542454221159815 ], [ -58.583636555602546, -34.542477998559583 ], [ -58.583932757290448, -34.543130344882094 ], [ -58.584024842955756, -34.543333162558007 ], [ -58.584283016262148, -34.543525439586404 ], [ -58.584625362175117, -34.543249990582012 ], [ -58.585050404973096, -34.543147513985261 ], [ -58.585249274872083, -34.543090682683157 ], [ -58.585806334503147, -34.54265816342847 ], [ -58.586230363111206, -34.542290060333812 ], [ -58.586156563800678, -34.542153868556383 ], [ -58.585926498196926, -34.541729295412956 ], [ -58.587129554524736, -34.541386158686471 ], [ -58.586723731074528, -34.540421609339774 ], [ -58.586324397341812, -34.539655036623422 ], [ -58.58516920300076, -34.54002604131756 ], [ -58.583998521800595, -34.540385440582938 ], [ -58.582837723676761, -34.540750539677283 ], [ -58.581808213333957, -34.541081098555608 ], [ -58.582170186249044, -34.541916414123776 ] ] ] ] } },
{ "type": "Feature", "properties": { "NOMPROV": "BUENOS AIRES", "PROV": "06", "NOMDEPTO": "GENERAL SAN MARTIN", "DEPTO": "371", "FRAC": "46", "RADIO": "05", "TIPO": "U", "LINK": "063714605", "IDRADIO_9": "063714605", "hog_tot": 206, "hog_nbi": 7, "pob_tot": 623, "pct_nbi": 3.3980582524271838 }, "geometry": { "type": "MultiPolygon", "coordinates": [ [ [ [ -58.581968098166868, -34.546674247915021 ], [ -58.582466650406005, -34.547944841846366 ], [ -58.583370915215767, -34.547210394662457 ], [ -58.583945201457993, -34.546748355272186 ], [ -58.584364867863428, -34.546410709512735 ], [ -58.584563656553847, -34.546250771087792 ], [ -58.584928100496356, -34.54595755064333 ], [ -58.585171060626116, -34.545762069086607 ], [ -58.584279615118341, -34.545012628297087 ], [ -58.583947032307186, -34.544711325985169 ], [ -58.583378058275144, -34.544217996195449 ], [ -58.583163600279441, -34.544017210175447 ], [ -58.582973828602817, -34.543645454346155 ], [ -58.582573621185993, -34.542770419985224 ], [ -58.581545109173632, -34.543106080432011 ], [ -58.580598746793548, -34.543397484392841 ], [ -58.580981759057927, -34.544248638442781 ], [ -58.581275423037845, -34.544883578790838 ], [ -58.581570826112277, -34.545665486864678 ], [ -58.581822609778527, -34.546277197293215 ], [ -58.581968098166868, -34.546674247915021 ] ] ] ] } },
{ "type": "Feature", "properties": { "NOMPROV": "BUENOS AIRES", "PROV": "06", "NOMDEPTO": "GENERAL SAN MARTIN", "DEPTO": "371", "FRAC": "17", "RADIO": "05", "TIPO": "U", "LINK": "063711705", "IDRADIO_9": "063711705", "hog_tot": 195, "hog_nbi": 4, "pob_tot": 486, "pct_nbi": 2.0512820512820511 }, "geometry": { "type": "MultiPolygon", "coordinates": [ [ [ [ -58.570444855461069, -34.541218980196419 ], [ -58.571443345773027, -34.542068921467653 ], [ -58.572292915628552, -34.541689300746 ], [ -58.573222371970097, -34.541286016913411 ], [ -58.574153331159181, -34.54087629063671 ], [ -58.573832318615366, -34.540370049814889 ], [ -58.572657789351794, -34.540352222562476 ], [ -58.571973636092387, -34.540356528683297 ], [ -58.571433070447121, -34.540370715200751 ], [ -58.569522772096597, -34.540360912627612 ], [ -58.570444855461069, -34.541218980196419 ] ] ] ] } },
{ "type": "Feature", "properties": { "NOMPROV": "BUENOS AIRES", "PROV": "06", "NOMDEPTO": "GENERAL SAN MARTIN", "DEPTO": "371", "FRAC": "17", "RADIO": "09", "TIPO": "U", "LINK": "063711709", "IDRADIO_9": "063711709", "hog_tot": 245, "hog_nbi": 13, "pob_tot": 623, "pct_nbi": 5.3061224489795924 }, "geometry": { "type": "MultiPolygon", "coordinates": [ [ [ [ -58.56581682963516, -34.544950364125185 ], [ -58.566793688223875, -34.545791075314654 ], [ -58.567688368977777, -34.545071483739022 ], [ -58.566711510366112, -34.544230779611759 ], [ -58.5676170664712, -34.543511314948226 ], [ -58.566629180018225, -34.542679494325419 ], [ -58.566308716017566, -34.542946135579193 ], [ -58.565756143623084, -34.54340834638068 ], [ -58.564839682343539, -34.544127667955053 ], [ -58.56581682963516, -34.544950364125185 ] ] ] ] } },
{ "type": "Feature", "properties": { "NOMPROV": "BUENOS AIRES", "PROV": "06", "NOMDEPTO": "GENERAL SAN MARTIN", "DEPTO": "371", "FRAC": "39", "RADIO": "02", "TIPO": "U", "LINK": "063713902", "IDRADIO_9": "063713902", "hog_tot": 284, "hog_nbi": 9, "pob_tot": 761, "pct_nbi": 3.169014084507042 }, "geometry": { "type": "MultiPolygon", "coordinates": [ [ [ [ -58.556375842798886, -34.52934374584283 ], [ -58.557102394901648, -34.52994583168833 ], [ -58.557953348859947, -34.52925253407529 ], [ -58.558678483051246, -34.52861349739392 ], [ -58.559474318506879, -34.527953972402265 ], [ -58.558685009851423, -34.527315091347141 ], [ -58.55788973247941, -34.526711935547091 ], [ -58.55714531032767, -34.527353338563387 ], [ -58.55693293867624, -34.527536318001872 ], [ -58.556410041571297, -34.527986841042207 ], [ -58.555781819148763, -34.528505720171047 ], [ -58.555589458518327, -34.528664394571393 ], [ -58.556375842798886, -34.52934374584283 ] ] ] ] } },
{ "type": "Feature", "properties": { "NOMPROV": "BUENOS AIRES", "PROV": "06", "NOMDEPTO": "GENERAL SAN MARTIN", "DEPTO": "371", "FRAC": "47", "RADIO": "07", "TIPO": "U", "LINK": "063714707", "IDRADIO_9": "063714707", "hog_tot": 238, "hog_nbi": 12, "pob_tot": 699, "pct_nbi": 5.0420168067226898 }, "geometry": { "type": "MultiPolygon", "coordinates": [ [ [ [ -58.578460781421867, -34.546405199428946 ], [ -58.579067545855885, -34.546835162481507 ], [ -58.579605764424201, -34.546344143029934 ], [ -58.579035701085225, -34.545907136703917 ], [ -58.578046291560526, -34.545156510840613 ], [ -58.578878451040055, -34.544904808413456 ], [ -58.578566596752893, -34.544666827553854 ], [ -58.578524105664236, -34.54460323825041 ], [ -58.57830367344593, -34.544113942798838 ], [ -58.577915429505381, -34.543244125773853 ], [ -58.576886176954929, -34.543556618322761 ], [ -58.575374648511342, -34.544043745612214 ], [ -58.576288551163245, -34.544748444746411 ], [ -58.577191732678585, -34.545443999606896 ], [ -58.578460781421867, -34.546405199428946 ] ] ] ] } },
{ "type": "Feature", "properties": { "NOMPROV": "BUENOS AIRES", "PROV": "06", "NOMDEPTO": "GENERAL SAN MARTIN", "DEPTO": "371", "FRAC": "48", "RADIO": "03", "TIPO": "U", "LINK": "063714803", "IDRADIO_9": "063714803", "hog_tot": 413, "hog_nbi": 87, "pob_tot": 1273, "pct_nbi": 21.06537530266344 }, "geometry": { "type": "MultiPolygon", "coordinates": [ [ [ [ -58.559408560594015, -34.553347567928917 ], [ -58.560331762601542, -34.554142630528226 ], [ -58.560771482364899, -34.553913465329011 ], [ -58.560793576938998, -34.553895698874904 ], [ -58.561368031465427, -34.553433770452706 ], [ -58.561390125786033, -34.55341600388293 ], [ -58.562346386017815, -34.552630420470379 ], [ -58.561367862467371, -34.551770783854863 ], [ -58.561712582419318, -34.551485963845529 ], [ -58.560773051904718, -34.550659625284403 ], [ -58.560397769335367, -34.550943631594293 ], [ -58.560010971392146, -34.551263553875117 ], [ -58.55942563317177, -34.55172534772408 ], [ -58.558431538523557, -34.552515809940552 ], [ -58.559408560594015, -34.553347567928917 ] ] ] ] } },
{ "type": "Feature", "properties": { "NOMPROV": "BUENOS AIRES", "PROV": "06", "NOMDEPTO": "GENERAL SAN MARTIN", "DEPTO": "371", "FRAC": "48", "RADIO": "08", "TIPO": "U", "LINK": "063714808", "IDRADIO_9": "063714808", "hog_tot": 229, "hog_nbi": 14, "pob_tot": 623, "pct_nbi": 6.1135371179039302 }, "geometry": { "type": "MultiPolygon", "coordinates": [ [ [ [ -58.566156334729612, -34.55583903438874 ], [ -58.566818278215699, -34.556436931215359 ], [ -58.56772933055872, -34.555574797635629 ], [ -58.568101821625049, -34.555194506435235 ], [ -58.568566006657868, -34.554693247627249 ], [ -58.568087038525348, -34.554313782436317 ], [ -58.567314547571314, -34.553629628521485 ], [ -58.566539964298414, -34.552962818728737 ], [ -58.565546230189931, -34.553735316734063 ], [ -58.566340955991258, -34.554402636110851 ], [ -58.565305304777297, -34.555161669032287 ], [ -58.566156334729612, -34.55583903438874 ] ] ] ] } },
{ "type": "Feature", "properties": { "NOMPROV": "BUENOS AIRES", "PROV": "06", "NOMDEPTO": "GENERAL SAN MARTIN", "DEPTO": "371", "FRAC": "19", "RADIO": "10", "TIPO": "U", "LINK": "063711910", "IDRADIO_9": "063711910", "hog_tot": 312, "hog_nbi": 4, "pob_tot": 766, "pct_nbi": 1.2820512820512819 }, "geometry": { "type": "MultiPolygon", "coordinates": [ [ [ [ -58.560698808071322, -34.557499962809956 ], [ -58.561349780776723, -34.558243381058119 ], [ -58.56207978569882, -34.557706660536532 ], [ -58.563304247355916, -34.556773526280331 ], [ -58.562507442672, -34.556075730715229 ], [ -58.561727783210664, -34.555376010287517 ], [ -58.561093772704837, -34.554809596802663 ], [ -58.561070902006357, -34.554872421522234 ], [ -58.55991153669401, -34.555769108472745 ], [ -58.559415168913112, -34.556123789493924 ], [ -58.55999294926648, -34.556734508328688 ], [ -58.560003531078316, -34.556752660097807 ], [ -58.560698808071322, -34.557499962809956 ] ] ] ] } },
{ "type": "Feature", "properties": { "NOMPROV": "BUENOS AIRES", "PROV": "06", "NOMDEPTO": "GENERAL SAN MARTIN", "DEPTO": "371", "FRAC": "20", "RADIO": "09", "TIPO": "U", "LINK": "063712009", "IDRADIO_9": "063712009", "hog_tot": 225, "hog_nbi": 5, "pob_tot": 560, "pct_nbi": 2.2222222222222219 }, "geometry": { "type": "MultiPolygon", "coordinates": [ [ [ [ -58.559392179620943, -34.561121185457523 ], [ -58.56043599492596, -34.562003587257003 ], [ -58.56149492376727, -34.561249929058228 ], [ -58.562288837043127, -34.560700449833845 ], [ -58.563083879845301, -34.560123774104916 ], [ -58.562731593181368, -34.559761227531496 ], [ -58.562057695478686, -34.558990148212409 ], [ -58.561316202616595, -34.559607375530803 ], [ -58.560532255053594, -34.560211046884007 ], [ -58.559392179620943, -34.561121185457523 ] ] ] ] } },
{ "type": "Feature", "properties": { "NOMPROV": "BUENOS AIRES", "PROV": "06", "NOMDEPTO": "GENERAL SAN MARTIN", "DEPTO": "371", "FRAC": "21", "RADIO": "10", "TIPO": "U", "LINK": "063712110", "IDRADIO_9": "063712110", "hog_tot": 231, "hog_nbi": 3, "pob_tot": 613, "pct_nbi": 1.2987012987012989 }, "geometry": { "type": "MultiPolygon", "coordinates": [ [ [ [ -58.541285862737162, -34.570519233665358 ], [ -58.541586492185665, -34.57077520237037 ], [ -58.542691791763744, -34.569878051454062 ], [ -58.543720024194137, -34.569025037672191 ], [ -58.542967825735566, -34.568421174670064 ], [ -58.542259684146394, -34.567790793053526 ], [ -58.542216738152803, -34.567754226389759 ], [ -58.542109374406962, -34.567662810581567 ], [ -58.541400616182599, -34.567068470421745 ], [ -58.541389879867495, -34.567059328685247 ], [ -58.540318546605604, -34.567884767337837 ], [ -58.539279558671019, -34.568728610167582 ], [ -58.540009471716836, -34.56935926834668 ], [ -58.5399541352512, -34.569408180189455 ], [ -58.54007247259063, -34.569495223326847 ], [ -58.540834608172688, -34.570153303281593 ], [ -58.541285862737162, -34.570519233665358 ] ] ] ] } },
{ "type": "Feature", "properties": { "NOMPROV": "BUENOS AIRES", "PROV": "06", "NOMDEPTO": "GENERAL SAN MARTIN", "DEPTO": "371", "FRAC": "49", "RADIO": "03", "TIPO": "U", "LINK": "063714903", "IDRADIO_9": "063714903", "hog_tot": 297, "hog_nbi": 1, "pob_tot": 747, "pct_nbi": 0.336700336700337 }, "geometry": { "type": "MultiPolygon", "coordinates": [ [ [ [ -58.545587949565672, -34.570633672732143 ], [ -58.546146444644648, -34.571100011092078 ], [ -58.547195819543234, -34.570283273482218 ], [ -58.548245017293162, -34.569475537796016 ], [ -58.547719672742183, -34.568982563089861 ], [ -58.547654935749513, -34.568945739006985 ], [ -58.547194020843669, -34.568507609375715 ], [ -58.546701056452918, -34.568033042673648 ], [ -58.545596451526158, -34.56889418562767 ], [ -58.544514083175024, -34.569728542163766 ], [ -58.545061829072118, -34.570185744674319 ], [ -58.545587949565672, -34.570633672732143 ] ] ] ] } },
{ "type": "Feature", "properties": { "NOMPROV": "BUENOS AIRES", "PROV": "06", "NOMDEPTO": "GENERAL SAN MARTIN", "DEPTO": "371", "FRAC": "06", "RADIO": "03", "TIPO": "U", "LINK": "063710603", "IDRADIO_9": "063710603", "hog_tot": 443, "hog_nbi": 15, "pob_tot": 1322, "pct_nbi": 3.386004514672686 }, "geometry": { "type": "MultiPolygon", "coordinates": [ [ [ [ -58.527389743216055, -34.54418913500357 ], [ -58.528030946346789, -34.54468215565538 ], [ -58.528741592226041, -34.545216242275778 ], [ -58.528820280821158, -34.545159109733319 ], [ -58.529351705191239, -34.544629342544667 ], [ -58.529904520827088, -34.545017550354181 ], [ -58.53018604095503, -34.545234147539823 ], [ -58.529653931294185, -34.545759532251587 ], [ -58.529734582443389, -34.545819090029006 ], [ -58.530149002597405, -34.546114997143299 ], [ -58.530228108390091, -34.546161315080049 ], [ -58.530490644265768, -34.546384960484424 ], [ -58.531937382180629, -34.545286596611653 ], [ -58.533963949288982, -34.543726461577783 ], [ -58.533476006296496, -34.543315764069327 ], [ -58.532141137425768, -34.544315766653192 ], [ -58.531759821743698, -34.544009231917713 ], [ -58.531593232990566, -34.543881040131801 ], [ -58.531088763508514, -34.544384230277728 ], [ -58.530776734935849, -34.544164152963731 ], [ -58.530238857935949, -34.543779115072844 ], [ -58.530260956037992, -34.54376135421397 ], [ -58.530526924584834, -34.543503166783708 ], [ -58.529850487369401, -34.542945203956151 ], [ -58.529088046851484, -34.542323107217605 ], [ -58.529032484818096, -34.542385531911748 ], [ -58.527389743216055, -34.54418913500357 ] ] ] ] } },
{ "type": "Feature", "properties": { "NOMPROV": "BUENOS AIRES", "PROV": "06", "NOMDEPTO": "GENERAL SAN MARTIN", "DEPTO": "371", "FRAC": "06", "RADIO": "01", "TIPO": "U", "LINK": "063710601", "IDRADIO_9": "063710601", "hog_tot": 315, "hog_nbi": 8, "pob_tot": 775, "pct_nbi": 2.53968253968254 }, "geometry": { "type": "MultiPolygon", "coordinates": [ [ [ [ -58.529995022409807, -34.541384218313318 ], [ -58.530792617458189, -34.541997151203162 ], [ -58.531281274843792, -34.542369533647857 ], [ -58.531491183087446, -34.542559345459999 ], [ -58.531971210197675, -34.54206853324218 ], [ -58.532629140985755, -34.541525278177659 ], [ -58.53313550234602, -34.541966199748252 ], [ -58.533618613473841, -34.542368594134878 ], [ -58.53417168923184, -34.542804658174887 ], [ -58.534458329476401, -34.542593486329494 ], [ -58.534925614384882, -34.542997199016831 ], [ -58.534936189041332, -34.54301535281715 ], [ -58.535386327446609, -34.543435371560854 ], [ -58.53590056635872, -34.54388139597134 ], [ -58.536806834261391, -34.543182001550889 ], [ -58.536803472920177, -34.543178256736368 ], [ -58.536700860090889, -34.543063947712135 ], [ -58.533457581853618, -34.539611905475603 ], [ -58.532210113188015, -34.538836429228851 ], [ -58.5318005021538, -34.538580358866156 ], [ -58.531698379716175, -34.538514806289612 ], [ -58.529764401832445, -34.537310772919966 ], [ -58.52886214445212, -34.539066537590237 ], [ -58.528190757484126, -34.540360488925899 ], [ -58.529774742264451, -34.541247720707645 ], [ -58.529995022409807, -34.541384218313318 ] ] ] ] } },
{ "type": "Feature", "properties": { "NOMPROV": "BUENOS AIRES", "PROV": "06", "NOMDEPTO": "GENERAL SAN MARTIN", "DEPTO": "371", "FRAC": "06", "RADIO": "13", "TIPO": "U", "LINK": "063710613", "IDRADIO_9": "063710613", "hog_tot": 261, "hog_nbi": 9, "pob_tot": 763, "pct_nbi": 3.4482758620689649 }, "geometry": { "type": "MultiPolygon", "coordinates": [ [ [ [ -58.529032484818096, -34.542385531911748 ], [ -58.529088046851484, -34.542323107217605 ], [ -58.529850487369401, -34.542945203956151 ], [ -58.530526924584834, -34.543503166783708 ], [ -58.531003611316102, -34.543031191642477 ], [ -58.531491183087446, -34.542559345459999 ], [ -58.531281274843792, -34.542369533647857 ], [ -58.530792617458189, -34.541997151203162 ], [ -58.529995022409807, -34.541384218313318 ], [ -58.529774742264451, -34.541247720707645 ], [ -58.528190757484126, -34.540360488925899 ], [ -58.527881435912541, -34.540962162144758 ], [ -58.527725457418036, -34.541257224738828 ], [ -58.527510070608209, -34.541672317403467 ], [ -58.529032484818096, -34.542385531911748 ] ] ] ] } },
{ "type": "Feature", "properties": { "NOMPROV": "BUENOS AIRES", "PROV": "06", "NOMDEPTO": "GENERAL SAN MARTIN", "DEPTO": "371", "FRAC": "03", "RADIO": "06", "TIPO": "U", "LINK": "063710306", "IDRADIO_9": "063710306", "hog_tot": 221, "hog_nbi": 12, "pob_tot": 715, "pct_nbi": 5.4298642533936663 }, "geometry": { "type": "MultiPolygon", "coordinates": [ [ [ [ -58.565297834519676, -34.528855193480538 ], [ -58.565685040705709, -34.529139161140002 ], [ -58.566413899786347, -34.528552828883711 ], [ -58.566855627157246, -34.52819747408293 ], [ -58.567976871969989, -34.527243339415826 ], [ -58.567615193045526, -34.526955826010848 ], [ -58.567285699640671, -34.526683456924339 ], [ -58.567202424282279, -34.526620723738027 ], [ -58.566847399071953, -34.52632388867189 ], [ -58.565705522553976, -34.527309661489276 ], [ -58.564599959558237, -34.528270128109909 ], [ -58.564943606577003, -34.528553586047572 ], [ -58.565297834519676, -34.528855193480538 ] ] ] ] } },
{ "type": "Feature", "properties": { "NOMPROV": "BUENOS AIRES", "PROV": "06", "NOMDEPTO": "GENERAL SAN MARTIN", "DEPTO": "371", "FRAC": "04", "RADIO": "09", "TIPO": "U", "LINK": "063710409", "IDRADIO_9": "063710409", "hog_tot": 233, "hog_nbi": 9, "pob_tot": 576, "pct_nbi": 3.8626609442060089 }, "geometry": { "type": "MultiPolygon", "coordinates": [ [ [ [ -58.555050801581437, -34.533187028539238 ], [ -58.555693887996469, -34.533789526673658 ], [ -58.556831009307764, -34.532815024961096 ], [ -58.558068675736173, -34.531870681516082 ], [ -58.558709410975467, -34.531346451303733 ], [ -58.557875135679375, -34.530627154777648 ], [ -58.557102394901648, -34.52994583168833 ], [ -58.556653029841776, -34.530807665729533 ], [ -58.555507861457464, -34.53165501156149 ], [ -58.554398553935656, -34.532566560187874 ], [ -58.555050801581437, -34.533187028539238 ] ] ] ] } },
{ "type": "Feature", "properties": { "NOMPROV": "BUENOS AIRES", "PROV": "06", "NOMDEPTO": "GENERAL SAN MARTIN", "DEPTO": "371", "FRAC": "49", "RADIO": "08", "TIPO": "U", "LINK": "063714908", "IDRADIO_9": "063714908", "hog_tot": 421, "hog_nbi": 16, "pob_tot": 1036, "pct_nbi": 3.800475059382423 }, "geometry": { "type": "MultiPolygon", "coordinates": [ [ [ [ -58.552700834392425, -34.569519445520875 ], [ -58.552502241973997, -34.569661305374005 ], [ -58.551452769035656, -34.570487101783172 ], [ -58.55042475109245, -34.571331170487106 ], [ -58.549396867824946, -34.572166218309839 ], [ -58.548380016261468, -34.572992374878531 ], [ -58.54734135537138, -34.57381826299838 ], [ -58.546257996816493, -34.574706703425058 ], [ -58.546998909508872, -34.575337452523058 ], [ -58.54750359597405, -34.575767090479346 ], [ -58.547514334063187, -34.575776231710357 ], [ -58.54756802454412, -34.575821937851792 ], [ -58.547739834493605, -34.575968196452095 ], [ -58.547808799279608, -34.576044628950839 ], [ -58.547869519419848, -34.57598973775707 ], [ -58.547907778243847, -34.575937669070541 ], [ -58.547946144454791, -34.57587942294581 ], [ -58.548003344498973, -34.57581213148967 ], [ -58.54808717011683, -34.575717350365245 ], [ -58.548228195225668, -34.575555277603769 ], [ -58.548425506176606, -34.575378426065583 ], [ -58.548634074192613, -34.575198618268566 ], [ -58.548797235090468, -34.575052256178552 ], [ -58.549816195736547, -34.574237048713726 ], [ -58.550497846154379, -34.573700669805589 ], [ -58.55084629485853, -34.573423651948097 ], [ -58.551884240435562, -34.572587867824055 ], [ -58.552054753729628, -34.572447767126192 ], [ -58.552813242529304, -34.571870295452747 ], [ -58.552951825656777, -34.571764784247321 ], [ -58.553664134905688, -34.571181562357005 ], [ -58.553218456802192, -34.570388423172282 ], [ -58.552700834392425, -34.569519445520875 ] ] ] ] } },
{ "type": "Feature", "properties": { "NOMPROV": "BUENOS AIRES", "PROV": "06", "NOMDEPTO": "GENERAL SAN MARTIN", "DEPTO": "371", "FRAC": "18", "RADIO": "02", "TIPO": "U", "LINK": "063711802", "IDRADIO_9": "063711802", "hog_tot": 406, "hog_nbi": 12, "pob_tot": 1104, "pct_nbi": 2.9556650246305418 }, "geometry": { "type": "MultiPolygon", "coordinates": [ [ [ [ -58.566793688223875, -34.545791075314654 ], [ -58.565910036738579, -34.546501776115008 ], [ -58.565015169561647, -34.547230366288709 ], [ -58.564352101397056, -34.547781405085438 ], [ -58.565715432094812, -34.548320211326626 ], [ -58.566722145955985, -34.54869257428264 ], [ -58.567295528372277, -34.548924641053958 ], [ -58.568180976770734, -34.549147662936498 ], [ -58.56942114974845, -34.549481363540835 ], [ -58.569486036234494, -34.549509164369596 ], [ -58.570402826688301, -34.548771785604018 ], [ -58.569521452319414, -34.548076437538008 ], [ -58.569103324678451, -34.547683957206594 ], [ -58.567825020065222, -34.546632417874889 ], [ -58.566793688223875, -34.545791075314654 ] ] ] ] } },
{ "type": "Feature", "properties": { "NOMPROV": "BUENOS AIRES", "PROV": "06", "NOMDEPTO": "GENERAL SAN MARTIN", "DEPTO": "371", "FRAC": "05", "RADIO": "11", "TIPO": "U", "LINK": "063710511", "IDRADIO_9": "063710511", "hog_tot": 264, "hog_nbi": 9, "pob_tot": 628, "pct_nbi": 3.4090909090909092 }, "geometry": { "type": "MultiPolygon", "coordinates": [ [ [ [ -58.544597289256458, -34.541605063771904 ], [ -58.545268904424589, -34.542177053337056 ], [ -58.546602387528154, -34.541135778198679 ], [ -58.547883979166734, -34.540096453079215 ], [ -58.547185706945676, -34.539504548099508 ], [ -58.54649389220058, -34.538955281306222 ], [ -58.545196078766736, -34.539985820599853 ], [ -58.543945545547793, -34.541030025764975 ], [ -58.544597289256458, -34.541605063771904 ] ] ] ] } },
{ "type": "Feature", "properties": { "NOMPROV": "BUENOS AIRES", "PROV": "06", "NOMDEPTO": "GENERAL SAN MARTIN", "DEPTO": "371", "FRAC": "05", "RADIO": "12", "TIPO": "U", "LINK": "063710512", "IDRADIO_9": "063710512", "hog_tot": 233, "hog_nbi": 4, "pob_tot": 579, "pct_nbi": 1.716738197424893 }, "geometry": { "type": "MultiPolygon", "coordinates": [ [ [ [ -58.544077359618271, -34.545396093992998 ], [ -58.544731975151073, -34.545962732614363 ], [ -58.546024555302402, -34.544923560075645 ], [ -58.547312164911865, -34.543857269193396 ], [ -58.546608485305327, -34.54330458264986 ], [ -58.545948566790308, -34.542742576918513 ], [ -58.544704284329413, -34.543799175832717 ], [ -58.543422909982233, -34.544820440446024 ], [ -58.544077359618271, -34.545396093992998 ] ] ] ] } },
{ "type": "Feature", "properties": { "NOMPROV": "BUENOS AIRES", "PROV": "06", "NOMDEPTO": "GENERAL SAN MARTIN", "DEPTO": "371", "FRAC": "07", "RADIO": "04", "TIPO": "U", "LINK": "063710704", "IDRADIO_9": "063710704", "hog_tot": 298, "hog_nbi": 16, "pob_tot": 793, "pct_nbi": 5.3691275167785237 }, "geometry": { "type": "MultiPolygon", "coordinates": [ [ [ [ -58.530170343547034, -34.551135836836146 ], [ -58.530728168930381, -34.55213351323939 ], [ -58.532113466712794, -34.55161720892086 ], [ -58.533421838653013, -34.551100241171525 ], [ -58.534781872384478, -34.550575767115866 ], [ -58.5361751220237, -34.550022849126726 ], [ -58.535898233473503, -34.549825745915577 ], [ -58.535064240355403, -34.549222048740518 ], [ -58.53418411782949, -34.548650564977649 ], [ -58.533871622434106, -34.548437669902867 ], [ -58.533625008759458, -34.54853617584498 ], [ -58.533169681937409, -34.54870865453988 ], [ -58.532278318384222, -34.549050519915397 ], [ -58.530899197319236, -34.549591707106181 ], [ -58.529607429712321, -34.550094376956238 ], [ -58.530170343547034, -34.551135836836146 ] ] ] ] } },
{ "type": "Feature", "properties": { "NOMPROV": "BUENOS AIRES", "PROV": "06", "NOMDEPTO": "GENERAL SAN MARTIN", "DEPTO": "371", "FRAC": "48", "RADIO": "07", "TIPO": "U", "LINK": "063714807", "IDRADIO_9": "063714807", "hog_tot": 399, "hog_nbi": 26, "pob_tot": 1036, "pct_nbi": 6.5162907268170418 }, "geometry": { "type": "MultiPolygon", "coordinates": [ [ [ [ -58.562346386017815, -34.552630420470379 ], [ -58.561390125786033, -34.55341600388293 ], [ -58.561368031465427, -34.553433770452706 ], [ -58.560793576938998, -34.553895698874904 ], [ -58.560771482364899, -34.553913465329011 ], [ -58.560331762601542, -34.554142630528226 ], [ -58.561093772704837, -34.554809596802663 ], [ -58.561727783210664, -34.555376010287517 ], [ -58.562507442672, -34.556075730715229 ], [ -58.563304247355916, -34.556773526280331 ], [ -58.56398007541209, -34.556219739134264 ], [ -58.564494945234379, -34.555813327536697 ], [ -58.565305304777297, -34.555161669032287 ], [ -58.564547341531345, -34.554502387185615 ], [ -58.563741463534043, -34.553807005848967 ], [ -58.563041986039323, -34.553222554119095 ], [ -58.562346386017815, -34.552630420470379 ] ] ] ] } },
{ "type": "Feature", "properties": { "NOMPROV": "BUENOS AIRES", "PROV": "06", "NOMDEPTO": "GENERAL SAN MARTIN", "DEPTO": "371", "FRAC": "18", "RADIO": "07", "TIPO": "U", "LINK": "063711807", "IDRADIO_9": "063711807", "hog_tot": 317, "hog_nbi": 9, "pob_tot": 889, "pct_nbi": 2.8391167192429019 }, "geometry": { "type": "MultiPolygon", "coordinates": [ [ [ [ -58.569380699928153, -34.553753275286724 ], [ -58.570569523960884, -34.554809249302892 ], [ -58.571536191853504, -34.553977449633578 ], [ -58.572392378522267, -34.554743961443094 ], [ -58.57319920572796, -34.554068371063146 ], [ -58.574116687737266, -34.55329989288623 ], [ -58.573225395298849, -34.552572679018176 ], [ -58.572020859598837, -34.551602347052345 ], [ -58.571137195507362, -34.55233169305879 ], [ -58.570341725024001, -34.552980362521545 ], [ -58.569380699928153, -34.553753275286724 ] ] ] ] } },
{ "type": "Feature", "properties": { "NOMPROV": "BUENOS AIRES", "PROV": "06", "NOMDEPTO": "GENERAL SAN MARTIN", "DEPTO": "371", "FRAC": "48", "RADIO": "05", "TIPO": "U", "LINK": "063714805", "IDRADIO_9": "063714805", "hog_tot": 241, "hog_nbi": 6, "pob_tot": 688, "pct_nbi": 2.489626556016598 }, "geometry": { "type": "MultiPolygon", "coordinates": [ [ [ [ -58.565989129789784, -34.550874929395746 ], [ -58.564973188801417, -34.551668005154042 ], [ -58.565728271663374, -34.552276271147868 ], [ -58.566539964298414, -34.552962818728737 ], [ -58.567314547571314, -34.553629628521485 ], [ -58.568087038525348, -34.554313782436317 ], [ -58.568566006657868, -34.554693247627249 ], [ -58.569380699928153, -34.553753275286724 ], [ -58.56911210217104, -34.553533804411835 ], [ -58.568494506505033, -34.55300225548131 ], [ -58.567622022775488, -34.552249073759612 ], [ -58.566719675658739, -34.551517047783619 ], [ -58.565989129789784, -34.550874929395746 ] ] ] ] } },
{ "type": "Feature", "properties": { "NOMPROV": "BUENOS AIRES", "PROV": "06", "NOMDEPTO": "GENERAL SAN MARTIN", "DEPTO": "371", "FRAC": "19", "RADIO": "05", "TIPO": "U", "LINK": "063711905", "IDRADIO_9": "063711905", "hog_tot": 351, "hog_nbi": 5, "pob_tot": 839, "pct_nbi": 1.424501424501424 }, "geometry": { "type": "MultiPolygon", "coordinates": [ [ [ [ -58.547221445621574, -34.558160524897765 ], [ -58.546150128684395, -34.558995031824438 ], [ -58.547137834316601, -34.559836028244469 ], [ -58.548103930666102, -34.56066774543622 ], [ -58.548715901066309, -34.561188788801992 ], [ -58.5490916757308, -34.56150872591099 ], [ -58.550174047783649, -34.560665311372837 ], [ -58.551681769051179, -34.559465224665665 ], [ -58.550702331575977, -34.558651435419485 ], [ -58.549678527130233, -34.557829207423289 ], [ -58.548679769194621, -34.556997113336948 ], [ -58.547221445621574, -34.558160524897765 ] ] ] ] } },
{ "type": "Feature", "properties": { "NOMPROV": "BUENOS AIRES", "PROV": "06", "NOMDEPTO": "GENERAL SAN MARTIN", "DEPTO": "371", "FRAC": "23", "RADIO": "08", "TIPO": "U", "LINK": "063712308", "IDRADIO_9": "063712308", "hog_tot": 279, "hog_nbi": 6, "pob_tot": 541, "pct_nbi": 2.150537634408602 }, "geometry": { "type": "MultiPolygon", "coordinates": [ [ [ [ -58.533925102897122, -34.578290708064443 ], [ -58.534670699527652, -34.578942889443852 ], [ -58.535759432794244, -34.578087397540003 ], [ -58.534975635284518, -34.577420012780678 ], [ -58.534224061526466, -34.576780050346017 ], [ -58.533162951467368, -34.577632585297209 ], [ -58.533925102897122, -34.578290708064443 ] ] ] ] } },
{ "type": "Feature", "properties": { "NOMPROV": "BUENOS AIRES", "PROV": "06", "NOMDEPTO": "GENERAL SAN MARTIN", "DEPTO": "371", "FRAC": "20", "RADIO": "02", "TIPO": "U", "LINK": "063712002", "IDRADIO_9": "063712002", "hog_tot": 438, "hog_nbi": 26, "pob_tot": 1177, "pct_nbi": 5.93607305936073 }, "geometry": { "type": "MultiPolygon", "coordinates": [ [ [ [ -58.562731593181368, -34.559761227531496 ], [ -58.563083879845301, -34.560123774104916 ], [ -58.563410618427213, -34.560452032813295 ], [ -58.564174916718095, -34.561263457952748 ], [ -58.564955865080243, -34.562101879306681 ], [ -58.565099488529249, -34.561986392711027 ], [ -58.56606049482037, -34.561222529662288 ], [ -58.567252199777457, -34.560291934284216 ], [ -58.567850175245184, -34.559809141521242 ], [ -58.568407705355753, -34.559358994078316 ], [ -58.567456169482305, -34.558702548510645 ], [ -58.56652908363062, -34.558042600726431 ], [ -58.565691653184274, -34.557455640585189 ], [ -58.564848645162442, -34.558140064370981 ], [ -58.563624787302366, -34.559073481491183 ], [ -58.562731593181368, -34.559761227531496 ] ] ] ] } },
{ "type": "Feature", "properties": { "NOMPROV": "BUENOS AIRES", "PROV": "06", "NOMDEPTO": "GENERAL SAN MARTIN", "DEPTO": "371", "FRAC": "31", "RADIO": "07", "TIPO": "U", "LINK": "063713107", "IDRADIO_9": "063713107", "hog_tot": 311, "hog_nbi": 4, "pob_tot": 832, "pct_nbi": 1.2861736334405141 }, "geometry": { "type": "MultiPolygon", "coordinates": [ [ [ [ -58.566181921024437, -34.58612157783103 ], [ -58.567375318436468, -34.587124885816884 ], [ -58.568113295454246, -34.586543213050909 ], [ -58.569049625677188, -34.585796700432034 ], [ -58.569839594785677, -34.585170516015069 ], [ -58.568660800765961, -34.584165078554754 ], [ -58.567819192215268, -34.583407538496452 ], [ -58.566998060598912, -34.58404750867917 ], [ -58.566061076549786, -34.584816851652647 ], [ -58.565334952701228, -34.585388471754953 ], [ -58.566181921024437, -34.58612157783103 ] ] ] ] } },
{ "type": "Feature", "properties": { "NOMPROV": "BUENOS AIRES", "PROV": "06", "NOMDEPTO": "GENERAL SAN MARTIN", "DEPTO": "371", "FRAC": "12", "RADIO": "08", "TIPO": "U", "LINK": "063711208", "IDRADIO_9": "063711208", "hog_tot": 288, "hog_nbi": 2, "pob_tot": 741, "pct_nbi": 0.69444444444444398 }, "geometry": { "type": "MultiPolygon", "coordinates": [ [ [ [ -58.556197226302658, -34.545008235157304 ], [ -58.557088412448437, -34.545757875668968 ], [ -58.558358904415321, -34.544727322766406 ], [ -58.559640566344171, -34.543678861765798 ], [ -58.558760113379947, -34.542938379836578 ], [ -58.557841741849032, -34.542166139942985 ], [ -58.557010299109393, -34.541448515790186 ], [ -58.55699925312765, -34.541457398723978 ], [ -58.556358583276527, -34.541972606165253 ], [ -58.555717749856306, -34.542496820743267 ], [ -58.55508795477688, -34.543012149865561 ], [ -58.554436214713441, -34.543536229238761 ], [ -58.555305744641821, -34.544276611722978 ], [ -58.556197226302658, -34.545008235157304 ] ] ] ] } },
{ "type": "Feature", "properties": { "NOMPROV": "BUENOS AIRES", "PROV": "06", "NOMDEPTO": "GENERAL SAN MARTIN", "DEPTO": "371", "FRAC": "12", "RADIO": "06", "TIPO": "U", "LINK": "063711206", "IDRADIO_9": "063711206", "hog_tot": 292, "hog_nbi": 3, "pob_tot": 698, "pct_nbi": 1.027397260273972 }, "geometry": { "type": "MultiPolygon", "coordinates": [ [ [ [ -58.549711643907415, -34.545877775197937 ], [ -58.550613670215846, -34.546627590130761 ], [ -58.551851268056296, -34.545614743689129 ], [ -58.55314375799594, -34.544575493352006 ], [ -58.553133023157876, -34.54456635265629 ], [ -58.552230304728546, -34.543833714064654 ], [ -58.551527955053899, -34.543202376382389 ], [ -58.550230808633536, -34.544207439450631 ], [ -58.548906399027473, -34.545201210946516 ], [ -58.549711643907415, -34.545877775197937 ] ] ] ] } },
{ "type": "Feature", "properties": { "NOMPROV": "BUENOS AIRES", "PROV": "06", "NOMDEPTO": "GENERAL SAN MARTIN", "DEPTO": "371", "FRAC": "11", "RADIO": "07", "TIPO": "U", "LINK": "063711107", "IDRADIO_9": "063711107", "hog_tot": 409, "hog_nbi": 3, "pob_tot": 950, "pct_nbi": 0.73349633251833701 }, "geometry": { "type": "MultiPolygon", "coordinates": [ [ [ [ -58.549756545474743, -34.550195749905988 ], [ -58.548651743066557, -34.551083964471957 ], [ -58.547358782053799, -34.552141185411791 ], [ -58.548250274485213, -34.552872865449409 ], [ -58.549130576516674, -34.553622433912295 ], [ -58.549999845885203, -34.554380877653102 ], [ -58.550762085824296, -34.555029884093926 ], [ -58.550854735227837, -34.555099608878386 ], [ -58.550993297221616, -34.555203884576102 ], [ -58.551672226030732, -34.554689162076109 ], [ -58.551717200315856, -34.554608574536125 ], [ -58.553219591439294, -34.553409575377358 ], [ -58.553396358030326, -34.553267454832735 ], [ -58.553281024770001, -34.55317393347854 ], [ -58.553170748651659, -34.553084512691619 ], [ -58.55238703517913, -34.552417239524168 ], [ -58.551517294710074, -34.551685846448358 ], [ -58.550647725734052, -34.55094543676541 ], [ -58.549756545474743, -34.550195749905988 ] ] ] ] } },
{ "type": "Feature", "properties": { "NOMPROV": "BUENOS AIRES", "PROV": "06", "NOMDEPTO": "GENERAL SAN MARTIN", "DEPTO": "371", "FRAC": "32", "RADIO": "06", "TIPO": "U", "LINK": "063713206", "IDRADIO_9": "063713206", "hog_tot": 451, "hog_nbi": 21, "pob_tot": 1377, "pct_nbi": 4.6563192904656319 }, "geometry": { "type": "MultiPolygon", "coordinates": [ [ [ [ -58.576154423273223, -34.573076219354114 ], [ -58.575325794354669, -34.573742557249517 ], [ -58.574508200867406, -34.574400005612361 ], [ -58.575614222687634, -34.57535933169909 ], [ -58.575624963894001, -34.575368470531657 ], [ -58.576720423516484, -34.576309636566769 ], [ -58.57752697083864, -34.575661058296802 ], [ -58.578344399443026, -34.575012602126129 ], [ -58.579183606126698, -34.574364392894267 ], [ -58.578066660194217, -34.573404971388918 ], [ -58.576971529042666, -34.572445794210672 ], [ -58.576154423273223, -34.573076219354114 ] ] ] ] } },
{ "type": "Feature", "properties": { "NOMPROV": "BUENOS AIRES", "PROV": "06", "NOMDEPTO": "GENERAL SAN MARTIN", "DEPTO": "371", "FRAC": "12", "RADIO": "12", "TIPO": "U", "LINK": "063711212", "IDRADIO_9": "063711212", "hog_tot": 245, "hog_nbi": 2, "pob_tot": 534, "pct_nbi": 0.81632653061224503 }, "geometry": { "type": "MultiPolygon", "coordinates": [ [ [ [ -58.552868955134542, -34.542201697257447 ], [ -58.551527955053899, -34.543202376382389 ], [ -58.552230304728546, -34.543833714064654 ], [ -58.553133023157876, -34.54456635265629 ], [ -58.55314375799594, -34.544575493352006 ], [ -58.554436214713441, -34.543536229238761 ], [ -58.55508795477688, -34.543012149865561 ], [ -58.554167500543585, -34.542263083149628 ], [ -58.55354071908377, -34.54276062294516 ], [ -58.552868955134542, -34.542201697257447 ] ] ] ] } },
{ "type": "Feature", "properties": { "NOMPROV": "BUENOS AIRES", "PROV": "06", "NOMDEPTO": "GENERAL SAN MARTIN", "DEPTO": "371", "FRAC": "09", "RADIO": "08", "TIPO": "U", "LINK": "063710908", "IDRADIO_9": "063710908", "hog_tot": 283, "hog_nbi": 4, "pob_tot": 800, "pct_nbi": 1.4134275618374561 }, "geometry": { "type": "MultiPolygon", "coordinates": [ [ [ [ -58.530362250711107, -34.568351154300167 ], [ -58.529311629532629, -34.569230824277128 ], [ -58.529064721127249, -34.56902054034223 ], [ -58.528003343939602, -34.569891055621248 ], [ -58.528497162577203, -34.570311626360471 ], [ -58.529012933151471, -34.570723446323186 ], [ -58.529797095565129, -34.571363832789856 ], [ -58.530847738372422, -34.57048415947056 ], [ -58.531886674031938, -34.569649402910478 ], [ -58.531124772898558, -34.568982258307024 ], [ -58.530362250711107, -34.568351154300167 ] ] ] ] } },
{ "type": "Feature", "properties": { "NOMPROV": "BUENOS AIRES", "PROV": "06", "NOMDEPTO": "GENERAL SAN MARTIN", "DEPTO": "371", "FRAC": "43", "RADIO": "06", "TIPO": "U", "LINK": "063714306", "IDRADIO_9": "063714306", "hog_tot": 236, "hog_nbi": 3, "pob_tot": 579, "pct_nbi": 1.271186440677966 }, "geometry": { "type": "MultiPolygon", "coordinates": [ [ [ [ -58.540530537455069, -34.560117740425639 ], [ -58.539425821112033, -34.560987841191675 ], [ -58.539372144458525, -34.560942131713531 ], [ -58.538299453465591, -34.561848658816274 ], [ -58.539083608509905, -34.562488985297321 ], [ -58.539804230334767, -34.563104732396987 ], [ -58.540339437955616, -34.563572099897144 ], [ -58.541265945221973, -34.562503176991243 ], [ -58.541406280934929, -34.562642820929689 ], [ -58.541498095198001, -34.562734183121513 ], [ -58.541995835004172, -34.56230748580365 ], [ -58.542250150060646, -34.562094201830007 ], [ -58.542559399546498, -34.561854532049232 ], [ -58.54244606259843, -34.561705841450816 ], [ -58.542379937393498, -34.561619089754693 ], [ -58.541451607194894, -34.560872869698557 ], [ -58.540541272809008, -34.560126882222896 ], [ -58.540530537455069, -34.560117740425639 ] ] ] ] } },
{ "type": "Feature", "properties": { "NOMPROV": "BUENOS AIRES", "PROV": "06", "NOMDEPTO": "GENERAL SAN MARTIN", "DEPTO": "371", "FRAC": "11", "RADIO": "11", "TIPO": "U", "LINK": "063711111", "IDRADIO_9": "063711111", "hog_tot": 127, "hog_nbi": 5, "pob_tot": 237, "pct_nbi": 3.9370078740157481 }, "geometry": { "type": "MultiPolygon", "coordinates": [ [ [ [ -58.556451812428058, -34.549504454869535 ], [ -58.556883536739953, -34.549830793042332 ], [ -58.558151801740983, -34.548839145774032 ], [ -58.557997834986786, -34.548668081163441 ], [ -58.557513488806329, -34.548268640557467 ], [ -58.55663285274003, -34.547537155624127 ], [ -58.555373343289133, -34.5485588048479 ], [ -58.556210101259822, -34.549307807678701 ], [ -58.556451812428058, -34.549504454869535 ] ] ] ] } },
{ "type": "Feature", "properties": { "NOMPROV": "BUENOS AIRES", "PROV": "06", "NOMDEPTO": "GENERAL SAN MARTIN", "DEPTO": "371", "FRAC": "11", "RADIO": "12", "TIPO": "U", "LINK": "063711112", "IDRADIO_9": "063711112", "hog_tot": 108, "hog_nbi": 1, "pob_tot": 215, "pct_nbi": 0.92592592592592604 }, "geometry": { "type": "MultiPolygon", "coordinates": [ [ [ [ -58.551059867671334, -34.549165666712113 ], [ -58.551918688187875, -34.54989693249864 ], [ -58.553233184245961, -34.548848931225741 ], [ -58.554503457881232, -34.547836444571274 ], [ -58.553623165266799, -34.547086915393884 ], [ -58.552971695625388, -34.547592962334129 ], [ -58.552363471057426, -34.548117544498872 ], [ -58.551059867671334, -34.549165666712113 ] ] ] ] } },
{ "type": "Feature", "properties": { "NOMPROV": "BUENOS AIRES", "PROV": "06", "NOMDEPTO": "GENERAL SAN MARTIN", "DEPTO": "371", "FRAC": "11", "RADIO": "14", "TIPO": "U", "LINK": "063711114", "IDRADIO_9": "063711114", "hog_tot": 98, "hog_nbi": 0, "pob_tot": 221, "pct_nbi": 0.0 }, "geometry": { "type": "MultiPolygon", "coordinates": [ [ [ [ -58.549595361967874, -34.550067647403459 ], [ -58.548186288364491, -34.550285247130724 ], [ -58.548080035582849, -34.55013075462896 ], [ -58.547481316371716, -34.55010560540746 ], [ -58.54740037673821, -34.550375046127094 ], [ -58.545840693893751, -34.550482664916593 ], [ -58.54542681481464, -34.550477734149311 ], [ -58.545608991471823, -34.550651160371089 ], [ -58.546478668248028, -34.551382593195925 ], [ -58.545904305297519, -34.551835438383684 ], [ -58.545307681935455, -34.552315055850549 ], [ -58.546087886843608, -34.553180627043623 ], [ -58.546806202026303, -34.552594293996322 ], [ -58.547358782053799, -34.552141185411791 ], [ -58.548651743066557, -34.551083964471957 ], [ -58.549756545474743, -34.550195749905988 ], [ -58.549595361967874, -34.550067647403459 ] ] ] ] } },
{ "type": "Feature", "properties": { "NOMPROV": "BUENOS AIRES", "PROV": "06", "NOMDEPTO": "GENERAL SAN MARTIN", "DEPTO": "371", "FRAC": "12", "RADIO": "11", "TIPO": "U", "LINK": "063711211", "IDRADIO_9": "063711211", "hog_tot": 236, "hog_nbi": 2, "pob_tot": 578, "pct_nbi": 0.84745762711864403 }, "geometry": { "type": "MultiPolygon", "coordinates": [ [ [ [ -58.54542681481464, -34.550477734149311 ], [ -58.545840693893751, -34.550482664916593 ], [ -58.546890745374121, -34.549611851243277 ], [ -58.548017640579317, -34.548705888256414 ], [ -58.547126507755522, -34.547956184023306 ], [ -58.546310060413845, -34.547297496469128 ], [ -58.54521646803213, -34.548167786908607 ], [ -58.543912619996419, -34.549224842081571 ], [ -58.544728595373883, -34.549910579326038 ], [ -58.54542681481464, -34.550477734149311 ] ] ] ] } },
{ "type": "Feature", "properties": { "NOMPROV": "BUENOS AIRES", "PROV": "06", "NOMDEPTO": "GENERAL SAN MARTIN", "DEPTO": "371", "FRAC": "44", "RADIO": "03", "TIPO": "U", "LINK": "063714403", "IDRADIO_9": "063714403", "hog_tot": 215, "hog_nbi": 2, "pob_tot": 546, "pct_nbi": 0.93023255813953498 }, "geometry": { "type": "MultiPolygon", "coordinates": [ [ [ [ -58.557010299109393, -34.541448515790186 ], [ -58.557841741849032, -34.542166139942985 ], [ -58.559153360830386, -34.541157024011035 ], [ -58.560469786399786, -34.540107674186274 ], [ -58.559548549019759, -34.539346751288562 ], [ -58.558671136857747, -34.538631017002913 ], [ -58.557374754814639, -34.539651597117953 ], [ -58.556675456330822, -34.540220435408465 ], [ -58.556112433082461, -34.540699068939979 ], [ -58.557010299109393, -34.541448515790186 ] ] ] ] } },
{ "type": "Feature", "properties": { "NOMPROV": "BUENOS AIRES", "PROV": "06", "NOMDEPTO": "GENERAL SAN MARTIN", "DEPTO": "371", "FRAC": "13", "RADIO": "01", "TIPO": "U", "LINK": "063711301", "IDRADIO_9": "063711301", "hog_tot": 188, "hog_nbi": 3, "pob_tot": 500, "pct_nbi": 1.595744680851064 }, "geometry": { "type": "MultiPolygon", "coordinates": [ [ [ [ -58.569397169966024, -34.532823249739728 ], [ -58.570324588134739, -34.533601171137583 ], [ -58.571585108475787, -34.53253071400124 ], [ -58.572331267503401, -34.531903140812581 ], [ -58.572955301801031, -34.531379263098813 ], [ -58.573622419179785, -34.53087993520117 ], [ -58.57399030455818, -34.5305965851609 ], [ -58.574258021864225, -34.530350097932661 ], [ -58.574686216977263, -34.53000169708784 ], [ -58.574141196081456, -34.529008706395707 ], [ -58.573360158024585, -34.52962311810056 ], [ -58.572751448412596, -34.53016020729946 ], [ -58.572071656473653, -34.530660688344092 ], [ -58.571450630285121, -34.531203958729876 ], [ -58.57072547931763, -34.531812178010256 ], [ -58.569397169966024, -34.532823249739728 ] ] ] ] } },
{ "type": "Feature", "properties": { "NOMPROV": "BUENOS AIRES", "PROV": "06", "NOMDEPTO": "GENERAL SAN MARTIN", "DEPTO": "371", "FRAC": "15", "RADIO": "02", "TIPO": "U", "LINK": "063711502", "IDRADIO_9": "063711502", "hog_tot": 317, "hog_nbi": 35, "pob_tot": 987, "pct_nbi": 11.041009463722396 }, "geometry": { "type": "MultiPolygon", "coordinates": [ [ [ [ -58.586706242763185, -34.528957264031874 ], [ -58.586420725594046, -34.52919504809725 ], [ -58.586347681052011, -34.529255880388803 ], [ -58.586213389458102, -34.52936771965549 ], [ -58.586079097504893, -34.529479558763605 ], [ -58.586651829375114, -34.529988824777334 ], [ -58.586769438721213, -34.530093400049708 ], [ -58.587030691493077, -34.530289279816763 ], [ -58.587484650840999, -34.530629642776368 ], [ -58.588208227190236, -34.531280387004003 ], [ -58.589045379956296, -34.531932621518472 ], [ -58.589685896656121, -34.532399102441403 ], [ -58.589879584849449, -34.532482249425897 ], [ -58.590486093866204, -34.531968419591863 ], [ -58.590555108259927, -34.531921468757886 ], [ -58.590895391906187, -34.531689968500707 ], [ -58.591235806988024, -34.531458376840213 ], [ -58.591559793362812, -34.531191564450459 ], [ -58.591900609458222, -34.530910889505293 ], [ -58.592391708674654, -34.53050644585057 ], [ -58.593410184476575, -34.529454441142391 ], [ -58.593784854253819, -34.529163850847475 ], [ -58.594018456947815, -34.529568054019542 ], [ -58.594317463954106, -34.529852808510803 ], [ -58.593593436579887, -34.528294168344203 ], [ -58.592922812433088, -34.526202286944084 ], [ -58.592319531513908, -34.524276554178911 ], [ -58.591531091672813, -34.522091763959502 ], [ -58.591458181061405, -34.522126157064037 ], [ -58.59115378636146, -34.522174116928497 ], [ -58.591015505828295, -34.52220353998554 ], [ -58.58942641251474, -34.522297146856197 ], [ -58.589043221373046, -34.523684796466341 ], [ -58.588827620178357, -34.524596543820266 ], [ -58.58872479159389, -34.524720830507583 ], [ -58.588621336284994, -34.524886892185229 ], [ -58.587956551528883, -34.525454548560191 ], [ -58.587599466895405, -34.52570156277919 ], [ -58.587254527774412, -34.52598003580696 ], [ -58.587151696198589, -34.526104321956765 ], [ -58.586333897627021, -34.526774846005061 ], [ -58.585085342856594, -34.527719706499894 ], [ -58.585266283163413, -34.527826350979801 ], [ -58.585379287474353, -34.527891129890492 ], [ -58.58594438668942, -34.528345160457363 ], [ -58.586706242763185, -34.528957264031874 ] ] ] ] } },
{ "type": "Feature", "properties": { "NOMPROV": "BUENOS AIRES", "PROV": "06", "NOMDEPTO": "GENERAL SAN MARTIN", "DEPTO": "371", "FRAC": "15", "RADIO": "04", "TIPO": "U", "LINK": "063711504", "IDRADIO_9": "063711504", "hog_tot": 288, "hog_nbi": 38, "pob_tot": 1025, "pct_nbi": 13.194444444444445 }, "geometry": { "type": "MultiPolygon", "coordinates": [ [ [ [ -58.585968814573356, -34.531909918943242 ], [ -58.586613863203873, -34.532476921447923 ], [ -58.586695485282995, -34.532436072209919 ], [ -58.587458865094725, -34.533038334387328 ], [ -58.587552029975363, -34.533111834990407 ], [ -58.588357214253818, -34.53374650748011 ], [ -58.588360794826187, -34.533743576208856 ], [ -58.588409250735481, -34.533703905352446 ], [ -58.588816376075421, -34.533370596200221 ], [ -58.589123581644088, -34.53311908819142 ], [ -58.589879584849449, -34.532482249425897 ], [ -58.589685896656121, -34.532399102441403 ], [ -58.589045379956296, -34.531932621518472 ], [ -58.588208227190236, -34.531280387004003 ], [ -58.587484650840999, -34.530629642776368 ], [ -58.586699407507112, -34.531292867115241 ], [ -58.586334112396557, -34.531601393165829 ], [ -58.585968814573356, -34.531909918943242 ] ] ] ] } },
{ "type": "Feature", "properties": { "NOMPROV": "BUENOS AIRES", "PROV": "06", "NOMDEPTO": "GENERAL SAN MARTIN", "DEPTO": "371", "FRAC": "15", "RADIO": "06", "TIPO": "U", "LINK": "063711506", "IDRADIO_9": "063711506", "hog_tot": 236, "hog_nbi": 24, "pob_tot": 769, "pct_nbi": 10.16949152542373 }, "geometry": { "type": "MultiPolygon", "coordinates": [ [ [ [ -58.584184039530527, -34.531043796908122 ], [ -58.583938324070793, -34.531239289681594 ], [ -58.583892751651852, -34.531275547234678 ], [ -58.583848550376104, -34.531310713809376 ], [ -58.584562975017477, -34.532441098857035 ], [ -58.58504885865662, -34.533209859465551 ], [ -58.585772579668969, -34.53289694804721 ], [ -58.586464214308819, -34.532551814179101 ], [ -58.586613863203873, -34.532476921447923 ], [ -58.585968814573356, -34.531909918943242 ], [ -58.585046701584915, -34.531099355056242 ], [ -58.584673860772938, -34.531213290893817 ], [ -58.584430141345827, -34.530847995328131 ], [ -58.584184039530527, -34.531043796908122 ] ] ] ] } },
{ "type": "Feature", "properties": { "NOMPROV": "BUENOS AIRES", "PROV": "06", "NOMDEPTO": "GENERAL SAN MARTIN", "DEPTO": "371", "FRAC": "16", "RADIO": "08", "TIPO": "U", "LINK": "063711608", "IDRADIO_9": "063711608", "hog_tot": 311, "hog_nbi": 18, "pob_tot": 904, "pct_nbi": 5.7877813504823159 }, "geometry": { "type": "MultiPolygon", "coordinates": [ [ [ [ -58.580912950266139, -34.535881030170806 ], [ -58.580171769276355, -34.536196172419331 ], [ -58.579429429377477, -34.536506756482453 ], [ -58.579932326125089, -34.537320034282132 ], [ -58.58046345652059, -34.538204776621008 ], [ -58.581020956590606, -34.539367014202298 ], [ -58.582047868779412, -34.539045409843581 ], [ -58.583240635770878, -34.538678265123863 ], [ -58.582588153167727, -34.537275839998081 ], [ -58.582147067258994, -34.536407751922212 ], [ -58.581625966429655, -34.535574642702798 ], [ -58.580913039131339, -34.535880992445456 ], [ -58.580912950266139, -34.535881030170806 ] ] ] ] } },
{ "type": "Feature", "properties": { "NOMPROV": "BUENOS AIRES", "PROV": "06", "NOMDEPTO": "GENERAL SAN MARTIN", "DEPTO": "371", "FRAC": "16", "RADIO": "07", "TIPO": "U", "LINK": "063711607", "IDRADIO_9": "063711607", "hog_tot": 361, "hog_nbi": 23, "pob_tot": 1101, "pct_nbi": 6.3711911357340716 }, "geometry": { "type": "MultiPolygon", "coordinates": [ [ [ [ -58.581625966429655, -34.535574642702798 ], [ -58.582147067258994, -34.536407751922212 ], [ -58.582588153167727, -34.537275839998081 ], [ -58.583240635770878, -34.538678265123863 ], [ -58.584430216845348, -34.538311406954442 ], [ -58.585591523212088, -34.537951639349252 ], [ -58.585292789929845, -34.537281769302183 ], [ -58.584835608962869, -34.536351184535285 ], [ -58.584655118910192, -34.536423464052618 ], [ -58.584363463896921, -34.53547662123588 ], [ -58.584086911012406, -34.534599901420194 ], [ -58.58405707496339, -34.534552244302269 ], [ -58.583019796818334, -34.534979213648754 ], [ -58.582348490675002, -34.535277746265955 ], [ -58.582321523799926, -34.535289738439801 ], [ -58.581625966429655, -34.535574642702798 ] ] ] ] } },
{ "type": "Feature", "properties": { "NOMPROV": "BUENOS AIRES", "PROV": "06", "NOMDEPTO": "GENERAL SAN MARTIN", "DEPTO": "371", "FRAC": "16", "RADIO": "05", "TIPO": "U", "LINK": "063711605", "IDRADIO_9": "063711605", "hog_tot": 233, "hog_nbi": 13, "pob_tot": 705, "pct_nbi": 5.5793991416309021 }, "geometry": { "type": "MultiPolygon", "coordinates": [ [ [ [ -58.577888559949095, -34.536930057640568 ], [ -58.577970044027026, -34.53715163604307 ], [ -58.578670644697915, -34.53684136204803 ], [ -58.579429429377477, -34.536506756482453 ], [ -58.580171769276355, -34.536196172419331 ], [ -58.580912950266139, -34.535881030170806 ], [ -58.580913039131339, -34.535880992445456 ], [ -58.581625966429655, -34.535574642702798 ], [ -58.582321523799926, -34.535289738439801 ], [ -58.582348490675002, -34.535277746265955 ], [ -58.581884896928599, -34.53452553876911 ], [ -58.581213623546901, -34.53343633162757 ], [ -58.580492778472738, -34.534020203038835 ], [ -58.579998997524157, -34.534420195727577 ], [ -58.57938284977805, -34.534925778506988 ], [ -58.578383224681801, -34.535730008775225 ], [ -58.578171007787489, -34.535900740738725 ], [ -58.577861673739442, -34.536158890959207 ], [ -58.577684520529182, -34.536328081704482 ], [ -58.577888559949095, -34.536930057640568 ] ] ] ] } },
{ "type": "Feature", "properties": { "NOMPROV": "BUENOS AIRES", "PROV": "06", "NOMDEPTO": "GENERAL SAN MARTIN", "DEPTO": "371", "FRAC": "31", "RADIO": "09", "TIPO": "U", "LINK": "063713109", "IDRADIO_9": "063713109", "hog_tot": 243, "hog_nbi": 15, "pob_tot": 645, "pct_nbi": 6.1728395061728403 }, "geometry": { "type": "MultiPolygon", "coordinates": [ [ [ [ -58.570223655688267, -34.582904606531464 ], [ -58.56942237360397, -34.583540741077982 ], [ -58.568600374910496, -34.582791606914292 ], [ -58.567819192215268, -34.583407538496452 ], [ -58.568660800765961, -34.584165078554754 ], [ -58.569839594785677, -34.585170516015069 ], [ -58.570618654862017, -34.584544197575795 ], [ -58.571430778038724, -34.583895728313991 ], [ -58.57224281153389, -34.583251759089976 ], [ -58.571292297940168, -34.582520819864584 ], [ -58.571019359304266, -34.582305172438652 ], [ -58.570223655688267, -34.582904606531464 ] ] ] ] } },
{ "type": "Feature", "properties": { "NOMPROV": "BUENOS AIRES", "PROV": "06", "NOMDEPTO": "GENERAL SAN MARTIN", "DEPTO": "371", "FRAC": "27", "RADIO": "03", "TIPO": "U", "LINK": "063712703", "IDRADIO_9": "063712703", "hog_tot": 235, "hog_nbi": 14, "pob_tot": 674, "pct_nbi": 5.9574468085106398 }, "geometry": { "type": "MultiPolygon", "coordinates": [ [ [ [ -58.552690418193031, -34.592909336993444 ], [ -58.552709015620785, -34.592906581373846 ], [ -58.555692092060873, -34.592452706131596 ], [ -58.557166393042273, -34.592226291554304 ], [ -58.560111078471166, -34.591780804742982 ], [ -58.56021086235048, -34.591765625630416 ], [ -58.560131217644532, -34.591719624963389 ], [ -58.559903982187642, -34.591588379289497 ], [ -58.559677324308673, -34.591459515954625 ], [ -58.558975870146561, -34.591054643829082 ], [ -58.558652077092873, -34.590870550844279 ], [ -58.557605829726505, -34.590236262802236 ], [ -58.557584191900091, -34.590226993586974 ], [ -58.55655944256003, -34.589610976793196 ], [ -58.556659835964595, -34.590107901514102 ], [ -58.555195459113186, -34.590333931391221 ], [ -58.555428455962165, -34.591355204276034 ], [ -58.555567528416248, -34.591963038017944 ], [ -58.555631107841783, -34.592240916206165 ], [ -58.555113909177344, -34.592318865047993 ], [ -58.554882554207317, -34.592353732594233 ], [ -58.554599016472643, -34.592396464943633 ], [ -58.554133998694965, -34.592466545237265 ], [ -58.552658677378531, -34.592692414233504 ], [ -58.552690418193031, -34.592909336993444 ] ] ] ] } },
{ "type": "Feature", "properties": { "NOMPROV": "BUENOS AIRES", "PROV": "06", "NOMDEPTO": "GENERAL SAN MARTIN", "DEPTO": "371", "FRAC": "37", "RADIO": "01", "TIPO": "U", "LINK": "063713701", "IDRADIO_9": "063713701", "hog_tot": 468, "hog_nbi": 63, "pob_tot": 1561, "pct_nbi": 13.461538461538462 }, "geometry": { "type": "MultiPolygon", "coordinates": [ [ [ [ -58.598349050482682, -34.549940239850216 ], [ -58.598686958390566, -34.550242042441297 ], [ -58.598913312164441, -34.550444208203956 ], [ -58.598987286631392, -34.550510979450536 ], [ -58.599046835868968, -34.550564730914139 ], [ -58.599096704278999, -34.550609742603491 ], [ -58.599448539346938, -34.550927317085389 ], [ -58.599482206697424, -34.550954515887184 ], [ -58.599558675529003, -34.55101629126699 ], [ -58.60007552475021, -34.551488115298866 ], [ -58.600525065431306, -34.551890574401234 ], [ -58.600618901489149, -34.551867035039272 ], [ -58.600847808620124, -34.551809611568544 ], [ -58.600974435205742, -34.551778681686983 ], [ -58.601015674505994, -34.551768608458104 ], [ -58.601170507080582, -34.551645179336241 ], [ -58.601539999002348, -34.551374279011945 ], [ -58.60161165880973, -34.551321739767602 ], [ -58.602023804624515, -34.55101956281711 ], [ -58.602140262008163, -34.551131670925855 ], [ -58.603082926028414, -34.550414361302892 ], [ -58.603410361132347, -34.550709322418392 ], [ -58.6034805863397, -34.550772583290815 ], [ -58.603657050901255, -34.550953187967743 ], [ -58.603756939062137, -34.551113186855638 ], [ -58.603950468191528, -34.551049503081913 ], [ -58.603952546158432, -34.551048821986249 ], [ -58.604072996842781, -34.551155376542205 ], [ -58.604686047270519, -34.551697694633305 ], [ -58.605435413121391, -34.552360587179201 ], [ -58.605436757229477, -34.552361776096674 ], [ -58.60766887543496, -34.550681171490936 ], [ -58.608140407186717, -34.55029397707434 ], [ -58.608932259160518, -34.550615539224808 ], [ -58.609275437241386, -34.550748728690387 ], [ -58.6095616262444, -34.550847247396575 ], [ -58.609986688918681, -34.551001780477307 ], [ -58.610272992805541, -34.551093494514284 ], [ -58.610747236216866, -34.55120855657097 ], [ -58.611001939088588, -34.551271895182182 ], [ -58.611414675439498, -34.551359567511248 ], [ -58.611715320302487, -34.551403643370705 ], [ -58.612059663779249, -34.551460834293522 ], [ -58.612119079267856, -34.551467303703191 ], [ -58.612358853139483, -34.551493410568426 ], [ -58.612813725197455, -34.551543327970663 ], [ -58.613339832614592, -34.551145964917197 ], [ -58.614210911699203, -34.550457708799883 ], [ -58.616649106608072, -34.548518599848776 ], [ -58.617089244508087, -34.548182917082741 ], [ -58.617325533642521, -34.547565260353977 ], [ -58.617416065310898, -34.547326750243947 ], [ -58.616591166408263, -34.546885843526624 ], [ -58.615511722935963, -34.545931594396087 ], [ -58.613802301113012, -34.544731700299508 ], [ -58.613272282241489, -34.544105621352408 ], [ -58.612476396912449, -34.542918541659226 ], [ -58.611065967711667, -34.540292019440741 ], [ -58.609785514210408, -34.538002506208208 ], [ -58.608689847059928, -34.536302749077365 ], [ -58.608100173933515, -34.535543610369409 ], [ -58.60637834111624, -34.534248528542022 ], [ -58.604418084329936, -34.535722674899375 ], [ -58.60422190434619, -34.535872364149391 ], [ -58.603902204914732, -34.535992429292307 ], [ -58.603245926324476, -34.536124108398198 ], [ -58.602197014022856, -34.536266755221369 ], [ -58.601688913995098, -34.536477447615546 ], [ -58.601235055078888, -34.536797013832711 ], [ -58.600648588253243, -34.537223313170976 ], [ -58.600494971186698, -34.537468992559646 ], [ -58.600453459706081, -34.537715955879463 ], [ -58.600502008191029, -34.538164996937489 ], [ -58.600421058009836, -34.538535229059981 ], [ -58.60028612222321, -34.538781121333308 ], [ -58.600025090539965, -34.539019086935937 ], [ -58.599732100089703, -34.539286184979474 ], [ -58.599875460533248, -34.539531426491891 ], [ -58.599877646131212, -34.539535165136975 ], [ -58.600860376498893, -34.541216241794835 ], [ -58.601502523974737, -34.542349049332451 ], [ -58.602389772720137, -34.543871174815678 ], [ -58.602445567885304, -34.543969110237299 ], [ -58.603321382401695, -34.545479848309405 ], [ -58.603593742453342, -34.545949642820254 ], [ -58.603158929837527, -34.546277606491167 ], [ -58.600781999511192, -34.548070361895896 ], [ -58.600697646334133, -34.548133981579667 ], [ -58.600642981528154, -34.548175210265931 ], [ -58.600526427393902, -34.548263115451554 ], [ -58.600424323402528, -34.548342434037423 ], [ -58.600408254326865, -34.548354917442012 ], [ -58.60031244576215, -34.548429344348413 ], [ -58.600063732280177, -34.548622553198641 ], [ -58.599983950787866, -34.548678065741001 ], [ -58.599658247964975, -34.548904688210413 ], [ -58.599270578192431, -34.549218572697747 ], [ -58.598349050482682, -34.549940239850216 ] ] ] ] } },
{ "type": "Feature", "properties": { "NOMPROV": "BUENOS AIRES", "PROV": "06", "NOMDEPTO": "GENERAL SAN MARTIN", "DEPTO": "371", "FRAC": "37", "RADIO": "06", "TIPO": "U", "LINK": "063713706", "IDRADIO_9": "063713706", "hog_tot": 229, "hog_nbi": 48, "pob_tot": 760, "pct_nbi": 20.960698689956331 }, "geometry": { "type": "MultiPolygon", "coordinates": [ [ [ [ -58.599078111110146, -34.544360714827327 ], [ -58.599636589249094, -34.544849203027425 ], [ -58.599967002910631, -34.545103577929623 ], [ -58.60003482296495, -34.545287510787567 ], [ -58.599518228304881, -34.545432738490895 ], [ -58.599048609043621, -34.545539946720986 ], [ -58.598882700415317, -34.545587967886291 ], [ -58.598692885585884, -34.545648443349279 ], [ -58.5986677331598, -34.545663249620048 ], [ -58.598199137491193, -34.545939093357234 ], [ -58.598179325311669, -34.545955232651593 ], [ -58.598033198259891, -34.546074268491445 ], [ -58.598007446437997, -34.546095245617003 ], [ -58.597181505556527, -34.546685242808998 ], [ -58.597791720059384, -34.547231683325236 ], [ -58.598016125358804, -34.547067265880777 ], [ -58.598277760216384, -34.546875569660749 ], [ -58.598354148882692, -34.546819600128842 ], [ -58.598397440753246, -34.546787880069637 ], [ -58.598438442977503, -34.54675783816856 ], [ -58.598623432437201, -34.546643898044266 ], [ -58.598664484339665, -34.546617706316539 ], [ -58.598740177356305, -34.546569413491305 ], [ -58.599089513448675, -34.546346532906206 ], [ -58.599204079858488, -34.546270039017465 ], [ -58.599257209727121, -34.546234564714517 ], [ -58.599671799808938, -34.545957630567997 ], [ -58.600282270357553, -34.545543421192711 ], [ -58.60057134348169, -34.545394568456842 ], [ -58.600954486950798, -34.54520134856876 ], [ -58.601149671836922, -34.545102916462341 ], [ -58.601175743726067, -34.545021347881153 ], [ -58.601188174881358, -34.544950208510365 ], [ -58.601177303930378, -34.544834313109547 ], [ -58.601123297997901, -34.544716221718765 ], [ -58.601091637927041, -34.544659865022901 ], [ -58.600997690244668, -34.544606477517775 ], [ -58.600863005455309, -34.54455804654782 ], [ -58.600791402762667, -34.544487434093547 ], [ -58.600310427722363, -34.544606224829955 ], [ -58.600174967648442, -34.544687962296763 ], [ -58.600092532207206, -34.544757130725145 ], [ -58.599700183462033, -34.544405339522029 ], [ -58.599263385781825, -34.543979817420613 ], [ -58.598961150588586, -34.543685380648689 ], [ -58.598544394238452, -34.543878313073883 ], [ -58.598690283843801, -34.544011252741782 ], [ -58.598849165924804, -34.544151220481432 ], [ -58.59887863681751, -34.544178990510268 ], [ -58.599078111110146, -34.544360714827327 ] ] ] ] } },
{ "type": "Feature", "properties": { "NOMPROV": "BUENOS AIRES", "PROV": "06", "NOMDEPTO": "GENERAL SAN MARTIN", "DEPTO": "371", "FRAC": "45", "RADIO": "07", "TIPO": "U", "LINK": "063714507", "IDRADIO_9": "063714507", "hog_tot": 451, "hog_nbi": 52, "pob_tot": 1536, "pct_nbi": 11.529933481152993 }, "geometry": { "type": "MultiPolygon", "coordinates": [ [ [ [ -58.595189787459006, -34.540356456031589 ], [ -58.595765608834284, -34.540876464291642 ], [ -58.594441248789749, -34.541875347534784 ], [ -58.594717017248662, -34.54212259773503 ], [ -58.595015393579928, -34.542390113937522 ], [ -58.595203990177517, -34.542625540034102 ], [ -58.596599149167204, -34.541624097730477 ], [ -58.597353320531312, -34.54106133630016 ], [ -58.599361168289192, -34.539563000748998 ], [ -58.599732100089703, -34.539286184979474 ], [ -58.5996194671851, -34.539092170003201 ], [ -58.598799146347211, -34.537679095836168 ], [ -58.597871601613235, -34.538370270671727 ], [ -58.596530710422321, -34.539363370732289 ], [ -58.595189787459006, -34.540356456031589 ] ] ] ] } },
{ "type": "Feature", "properties": { "NOMPROV": "BUENOS AIRES", "PROV": "06", "NOMDEPTO": "GENERAL SAN MARTIN", "DEPTO": "371", "FRAC": "37", "RADIO": "08", "TIPO": "U", "LINK": "063713708", "IDRADIO_9": "063713708", "hog_tot": 243, "hog_nbi": 44, "pob_tot": 770, "pct_nbi": 18.106995884773664 }, "geometry": { "type": "MultiPolygon", "coordinates": [ [ [ [ -58.599553783015971, -34.548810279122037 ], [ -58.599658247964975, -34.548904688210413 ], [ -58.599983950787866, -34.548678065741001 ], [ -58.600063732280177, -34.548622553198641 ], [ -58.599876491303831, -34.54844396234823 ], [ -58.59974302695872, -34.548307210540926 ], [ -58.59970734510987, -34.548188730256776 ], [ -58.599700433112993, -34.548165778225709 ], [ -58.599700617087166, -34.548137176779555 ], [ -58.599700971592505, -34.548082076590795 ], [ -58.599745625972311, -34.547894067949578 ], [ -58.599790809246848, -34.547798024159171 ], [ -58.599830727843845, -34.547741435315814 ], [ -58.599794349049013, -34.547705723775159 ], [ -58.599785340324054, -34.547348849319356 ], [ -58.599805092903608, -34.547270852780535 ], [ -58.599821995642948, -34.547156574708382 ], [ -58.59982706735105, -34.547060285365156 ], [ -58.59980288341653, -34.546960560731947 ], [ -58.599693962320906, -34.546869186891783 ], [ -58.599638282061477, -34.546822476429043 ], [ -58.599521763212884, -34.546724728345403 ], [ -58.59936304716836, -34.546575801203844 ], [ -58.59930296539671, -34.546525442790752 ], [ -58.599089513448675, -34.546346532906206 ], [ -58.598740177356305, -34.546569413491305 ], [ -58.598664484339665, -34.546617706316539 ], [ -58.598623432437201, -34.546643898044266 ], [ -58.598438442977503, -34.54675783816856 ], [ -58.598397440753246, -34.546787880069637 ], [ -58.598354148882692, -34.546819600128842 ], [ -58.598277760216384, -34.546875569660749 ], [ -58.598016125358804, -34.547067265880777 ], [ -58.597791720059384, -34.547231683325236 ], [ -58.598168349390789, -34.547577003225058 ], [ -58.598269532223682, -34.547668494166167 ], [ -58.598360049518625, -34.547747311226246 ], [ -58.598627683885105, -34.547981430308432 ], [ -58.598957946004369, -34.548270332546885 ], [ -58.599121687488349, -34.548419779368025 ], [ -58.599232110461401, -34.548519573365219 ], [ -58.599553783015971, -34.548810279122037 ] ] ] ] } },
{ "type": "Feature", "properties": { "NOMPROV": "BUENOS AIRES", "PROV": "06", "NOMDEPTO": "GENERAL SAN MARTIN", "DEPTO": "371", "FRAC": "46", "RADIO": "09", "TIPO": "U", "LINK": "063714609", "IDRADIO_9": "063714609", "hog_tot": 440, "hog_nbi": 15, "pob_tot": 1226, "pct_nbi": 3.4090909090909092 }, "geometry": { "type": "MultiPolygon", "coordinates": [ [ [ [ -58.586684475718833, -34.54451770795113 ], [ -58.585966502268661, -34.545104285965166 ], [ -58.585745479436305, -34.545291009778062 ], [ -58.585171060626116, -34.545762069086607 ], [ -58.584928100496356, -34.54595755064333 ], [ -58.584563656553847, -34.546250771087792 ], [ -58.584364867863428, -34.546410709512735 ], [ -58.583945201457993, -34.546748355272186 ], [ -58.583370915215767, -34.547210394662457 ], [ -58.582466650406005, -34.547944841846366 ], [ -58.582916798521836, -34.549078419884523 ], [ -58.583147017178767, -34.549716118228631 ], [ -58.583516441283834, -34.550683711579687 ], [ -58.583735416600774, -34.551176682686169 ], [ -58.583788541264667, -34.551285760363761 ], [ -58.583997109369363, -34.551704532732614 ], [ -58.584333412640333, -34.551547301349899 ], [ -58.584499307635156, -34.551431672646856 ], [ -58.584676817889033, -34.551275486878794 ], [ -58.584767141533185, -34.551104725688155 ], [ -58.584803734832178, -34.550941231986037 ], [ -58.584808524492459, -34.550919833549855 ], [ -58.5848272108922, -34.550784412140104 ], [ -58.584829201101606, -34.550666882788931 ], [ -58.584825574922498, -34.550558329782611 ], [ -58.584817021267931, -34.550418071407996 ], [ -58.584835554409921, -34.55029169146561 ], [ -58.585712976618915, -34.549572406708215 ], [ -58.585912450296988, -34.549756470464914 ], [ -58.586595522036006, -34.54921005767261 ], [ -58.587576977127021, -34.548415398111409 ], [ -58.588421471696641, -34.547748414208641 ], [ -58.589110379294198, -34.547224101296372 ], [ -58.589799791338955, -34.546669374028035 ], [ -58.589626715879746, -34.546525225114792 ], [ -58.589775687974836, -34.546408826471847 ], [ -58.590680151069527, -34.545721298379704 ], [ -58.590175942777549, -34.545325147950294 ], [ -58.589448680895757, -34.544709846084118 ], [ -58.588454917661601, -34.545466582330505 ], [ -58.587785820580031, -34.54487094369717 ], [ -58.58690518861853, -34.544349006723195 ], [ -58.586684475718833, -34.54451770795113 ] ] ] ] } },
{ "type": "Feature", "properties": { "NOMPROV": "BUENOS AIRES", "PROV": "06", "NOMDEPTO": "GENERAL SAN MARTIN", "DEPTO": "371", "FRAC": "32", "RADIO": "10", "TIPO": "U", "LINK": "063713210", "IDRADIO_9": "063713210", "hog_tot": 257, "hog_nbi": 11, "pob_tot": 742, "pct_nbi": 4.2801556420233462 }, "geometry": { "type": "MultiPolygon", "coordinates": [ [ [ [ -58.580468267397187, -34.576816383299651 ], [ -58.580951764468644, -34.576436327235889 ], [ -58.581802784409597, -34.575761787373963 ], [ -58.582104275991611, -34.575522023294752 ], [ -58.582359317399153, -34.575319196891932 ], [ -58.582945635990924, -34.574852909781676 ], [ -58.58194657566029, -34.574008951219234 ], [ -58.580829754834966, -34.573040542594207 ], [ -58.580012058293235, -34.57370703994961 ], [ -58.579183606126698, -34.574364392894267 ], [ -58.578344399443026, -34.575012602126129 ], [ -58.579483159585678, -34.57597227509148 ], [ -58.580468267397187, -34.576816383299651 ] ] ] ] } },
{ "type": "Feature", "properties": { "NOMPROV": "BUENOS AIRES", "PROV": "06", "NOMDEPTO": "GENERAL SAN MARTIN", "DEPTO": "371", "FRAC": "52", "RADIO": "08", "TIPO": "U", "LINK": "063715208", "IDRADIO_9": "063715208", "hog_tot": 245, "hog_nbi": 13, "pob_tot": 756, "pct_nbi": 5.3061224489795924 }, "geometry": { "type": "MultiPolygon", "coordinates": [ [ [ [ -58.57264241750832, -34.579541869502435 ], [ -58.573756418186875, -34.580547697866557 ], [ -58.574714376860996, -34.581340511220446 ], [ -58.57480324945913, -34.581269642573787 ], [ -58.57539411771765, -34.58080410620601 ], [ -58.575508658235286, -34.580713865707835 ], [ -58.575985702355716, -34.580338029901924 ], [ -58.57632807210495, -34.580068295830159 ], [ -58.575395573375694, -34.579232560055353 ], [ -58.574278916902593, -34.578255080760165 ], [ -58.57345037455994, -34.578912392073242 ], [ -58.57264241750832, -34.579541869502435 ] ] ] ] } },
{ "type": "Feature", "properties": { "NOMPROV": "BUENOS AIRES", "PROV": "06", "NOMDEPTO": "GENERAL SAN MARTIN", "DEPTO": "371", "FRAC": "45", "RADIO": "08", "TIPO": "U", "LINK": "063714508", "IDRADIO_9": "063714508", "hog_tot": 302, "hog_nbi": 31, "pob_tot": 1012, "pct_nbi": 10.264900662251655 }, "geometry": { "type": "MultiPolygon", "coordinates": [ [ [ [ -58.592521099442585, -34.542364390141138 ], [ -58.593099809240535, -34.542887322104647 ], [ -58.593383598613023, -34.543143756047108 ], [ -58.593688225563817, -34.54341852764086 ], [ -58.593881289302765, -34.543565858418667 ], [ -58.595203990177517, -34.542625540034102 ], [ -58.595015393579928, -34.542390113937522 ], [ -58.594717017248662, -34.54212259773503 ], [ -58.594441248789749, -34.541875347534784 ], [ -58.595765608834284, -34.540876464291642 ], [ -58.595189787459006, -34.540356456031589 ], [ -58.593861704828825, -34.541355731913086 ], [ -58.593298857196174, -34.541779218373911 ], [ -58.592521099442585, -34.542364390141138 ] ] ] ] } },
{ "type": "Feature", "properties": { "NOMPROV": "BUENOS AIRES", "PROV": "06", "NOMDEPTO": "GENERAL SAN MARTIN", "DEPTO": "371", "FRAC": "45", "RADIO": "10", "TIPO": "U", "LINK": "063714510", "IDRADIO_9": "063714510", "hog_tot": 239, "hog_nbi": 21, "pob_tot": 781, "pct_nbi": 8.7866108786610884 }, "geometry": { "type": "MultiPolygon", "coordinates": [ [ [ [ -58.591115848430547, -34.543397954921659 ], [ -58.590387205953625, -34.543990382682956 ], [ -58.589448680895757, -34.544709846084118 ], [ -58.590175942777549, -34.545325147950294 ], [ -58.590680151069527, -34.545721298379704 ], [ -58.590827525125071, -34.545829263607104 ], [ -58.59112894481045, -34.545597354984949 ], [ -58.591302844624238, -34.545457421121512 ], [ -58.591725341884661, -34.545107443552297 ], [ -58.592492603676121, -34.544596831807048 ], [ -58.593881289302765, -34.543565858418667 ], [ -58.593688225563817, -34.54341852764086 ], [ -58.593383598613023, -34.543143756047108 ], [ -58.593099809240535, -34.542887322104647 ], [ -58.592521099442585, -34.542364390141138 ], [ -58.591115848430547, -34.543397954921659 ] ] ] ] } },
{ "type": "Feature", "properties": { "NOMPROV": "BUENOS AIRES", "PROV": "06", "NOMDEPTO": "GENERAL SAN MARTIN", "DEPTO": "371", "FRAC": "45", "RADIO": "03", "TIPO": "U", "LINK": "063714503", "IDRADIO_9": "063714503", "hog_tot": 240, "hog_nbi": 12, "pob_tot": 797, "pct_nbi": 5.0 }, "geometry": { "type": "MultiPolygon", "coordinates": [ [ [ [ -58.590222409232702, -34.536095470120074 ], [ -58.589219301259035, -34.536852873266767 ], [ -58.588338446323966, -34.537579001873866 ], [ -58.589220937142628, -34.538391604694574 ], [ -58.59007137779507, -34.539103697082759 ], [ -58.590992282258703, -34.53840225663189 ], [ -58.59188217074373, -34.537691507128955 ], [ -58.592890811614268, -34.536997080126923 ], [ -58.592067424323766, -34.536263185421248 ], [ -58.591084161326641, -34.535387439555016 ], [ -58.590994190106656, -34.53546136248594 ], [ -58.590813397839405, -34.535609905895129 ], [ -58.590672091612653, -34.535726006263744 ], [ -58.590648432302331, -34.535745444893813 ], [ -58.590435421750236, -34.535920458163041 ], [ -58.590222409232702, -34.536095470120074 ] ] ] ] } },
{ "type": "Feature", "properties": { "NOMPROV": "BUENOS AIRES", "PROV": "06", "NOMDEPTO": "GENERAL SAN MARTIN", "DEPTO": "371", "FRAC": "46", "RADIO": "01", "TIPO": "U", "LINK": "063714601", "IDRADIO_9": "063714601", "hog_tot": 273, "hog_nbi": 10, "pob_tot": 864, "pct_nbi": 3.6630036630036629 }, "geometry": { "type": "MultiPolygon", "coordinates": [ [ [ [ -58.586044332432643, -34.538987646980196 ], [ -58.586324397341812, -34.539655036623422 ], [ -58.586723731074528, -34.540421609339774 ], [ -58.587129554524736, -34.541386158686471 ], [ -58.58729230391809, -34.541424096043713 ], [ -58.587359170111164, -34.541334735333628 ], [ -58.588154703861392, -34.540667923362811 ], [ -58.588474786931457, -34.540419246274894 ], [ -58.589347599980137, -34.539690225758044 ], [ -58.59007137779507, -34.539103697082759 ], [ -58.589220937142628, -34.538391604694574 ], [ -58.588514434315726, -34.538962954616089 ], [ -58.587536376072293, -34.539271376489822 ], [ -58.587142126924057, -34.538434013335817 ], [ -58.586772163683342, -34.537556334850166 ], [ -58.586212578477927, -34.536994977297979 ], [ -58.585381657872787, -34.536086479654934 ], [ -58.584835608962869, -34.536351184535285 ], [ -58.585292789929845, -34.537281769302183 ], [ -58.585591523212088, -34.537951639349252 ], [ -58.585959779222826, -34.538786514223069 ], [ -58.586044332432643, -34.538987646980196 ] ] ] ] } },
{ "type": "Feature", "properties": { "NOMPROV": "BUENOS AIRES", "PROV": "06", "NOMDEPTO": "GENERAL SAN MARTIN", "DEPTO": "371", "FRAC": "15", "RADIO": "08", "TIPO": "U", "LINK": "063711508", "IDRADIO_9": "063711508", "hog_tot": 417, "hog_nbi": 62, "pob_tot": 1438, "pct_nbi": 14.86810551558753 }, "geometry": { "type": "MultiPolygon", "coordinates": [ [ [ [ -58.587635861596645, -34.534337058782185 ], [ -58.587098624727055, -34.534768369588328 ], [ -58.58608853991484, -34.535569702787321 ], [ -58.585637295435028, -34.535927682424919 ], [ -58.585381657872787, -34.536086479654934 ], [ -58.586212578477927, -34.536994977297979 ], [ -58.586772163683342, -34.537556334850166 ], [ -58.587142126924057, -34.538434013335817 ], [ -58.587536376072293, -34.539271376489822 ], [ -58.588514434315726, -34.538962954616089 ], [ -58.589220937142628, -34.538391604694574 ], [ -58.588338446323966, -34.537579001873866 ], [ -58.589219301259035, -34.536852873266767 ], [ -58.590222409232702, -34.536095470120074 ], [ -58.590435421750236, -34.535920458163041 ], [ -58.590648432302331, -34.535745444893813 ], [ -58.590672091612653, -34.535726006263744 ], [ -58.590813397839405, -34.535609905895129 ], [ -58.590994190106656, -34.53546136248594 ], [ -58.591084161326641, -34.535387439555016 ], [ -58.591185042448508, -34.535304552275605 ], [ -58.591385299788598, -34.535140013878525 ], [ -58.591573730763713, -34.534985191429755 ], [ -58.590739802089331, -34.534306405852 ], [ -58.590661729134922, -34.534357887859976 ], [ -58.590593574377145, -34.534402829600303 ], [ -58.590198531790435, -34.53403680804103 ], [ -58.590658691552179, -34.533663791023535 ], [ -58.590945721039041, -34.533431115464431 ], [ -58.59096719758444, -34.533413705759436 ], [ -58.590517841969948, -34.533024513788874 ], [ -58.589879584849449, -34.532482249425897 ], [ -58.589123581644088, -34.53311908819142 ], [ -58.588816376075421, -34.533370596200221 ], [ -58.588409250735481, -34.533703905352446 ], [ -58.588360794826187, -34.533743576208856 ], [ -58.588357214253818, -34.53374650748011 ], [ -58.587845093544701, -34.534165768030824 ], [ -58.587635861596645, -34.534337058782185 ] ] ] ] } },
{ "type": "Feature", "properties": { "NOMPROV": "BUENOS AIRES", "PROV": "06", "NOMDEPTO": "GENERAL SAN MARTIN", "DEPTO": "371", "FRAC": "16", "RADIO": "06", "TIPO": "U", "LINK": "063711606", "IDRADIO_9": "063711606", "hog_tot": 318, "hog_nbi": 42, "pob_tot": 1032, "pct_nbi": 13.20754716981132 }, "geometry": { "type": "MultiPolygon", "coordinates": [ [ [ [ -58.582348490675002, -34.535277746265955 ], [ -58.583019796818334, -34.534979213648754 ], [ -58.58405707496339, -34.534552244302269 ], [ -58.58400101408094, -34.534460889204688 ], [ -58.58360059430688, -34.53382309025757 ], [ -58.583116170860315, -34.533049288939488 ], [ -58.582636718002966, -34.532283411333388 ], [ -58.582302714226351, -34.532553993330467 ], [ -58.581834569943766, -34.532933239403668 ], [ -58.581213623546901, -34.53343633162757 ], [ -58.581884896928599, -34.53452553876911 ], [ -58.582348490675002, -34.535277746265955 ] ] ] ] } },
{ "type": "Feature", "properties": { "NOMPROV": "BUENOS AIRES", "PROV": "06", "NOMDEPTO": "GENERAL SAN MARTIN", "DEPTO": "371", "FRAC": "15", "RADIO": "07", "TIPO": "U", "LINK": "063711507", "IDRADIO_9": "063711507", "hog_tot": 458, "hog_nbi": 47, "pob_tot": 1494, "pct_nbi": 10.262008733624455 }, "geometry": { "type": "MultiPolygon", "coordinates": [ [ [ [ -58.584363463896921, -34.53547662123588 ], [ -58.584655118910192, -34.536423464052618 ], [ -58.584835608962869, -34.536351184535285 ], [ -58.585381657872787, -34.536086479654934 ], [ -58.585637295435028, -34.535927682424919 ], [ -58.58608853991484, -34.535569702787321 ], [ -58.585745223585477, -34.53489609686121 ], [ -58.586037127553716, -34.534773440300171 ], [ -58.58551718553116, -34.533950826152932 ], [ -58.58504885865662, -34.533209859465551 ], [ -58.584562975017477, -34.532441098857035 ], [ -58.583848550376104, -34.531310713809376 ], [ -58.58322648607831, -34.531805624868113 ], [ -58.582636718002966, -34.532283411333388 ], [ -58.583116170860315, -34.533049288939488 ], [ -58.58360059430688, -34.53382309025757 ], [ -58.58400101408094, -34.534460889204688 ], [ -58.58405707496339, -34.534552244302269 ], [ -58.584086911012406, -34.534599901420194 ], [ -58.584363463896921, -34.53547662123588 ] ] ] ] } },
{ "type": "Feature", "properties": { "NOMPROV": "BUENOS AIRES", "PROV": "06", "NOMDEPTO": "GENERAL SAN MARTIN", "DEPTO": "371", "FRAC": "37", "RADIO": "02", "TIPO": "U", "LINK": "063713702", "IDRADIO_9": "063713702", "hog_tot": 61, "hog_nbi": 11, "pob_tot": 216, "pct_nbi": 18.032786885245901 }, "geometry": { "type": "MultiPolygon", "coordinates": [ [ [ [ -58.598212636961073, -34.543559812858113 ], [ -58.598487153676807, -34.543832301665283 ], [ -58.598544394238452, -34.543878313073883 ], [ -58.598961150588586, -34.543685380648689 ], [ -58.599263385781825, -34.543979817420613 ], [ -58.599700183462033, -34.544405339522029 ], [ -58.600092532207206, -34.544757130725145 ], [ -58.600174967648442, -34.544687962296763 ], [ -58.600310427722363, -34.544606224829955 ], [ -58.600791402762667, -34.544487434093547 ], [ -58.600764747659589, -34.5444079536448 ], [ -58.600761573249564, -34.544322062363911 ], [ -58.600740277471282, -34.544216886229776 ], [ -58.600714338593029, -34.544113563239947 ], [ -58.600688240109989, -34.544019778348883 ], [ -58.600686988210931, -34.543956804398825 ], [ -58.600706834816016, -34.543873086030885 ], [ -58.600735806967776, -34.543795194945162 ], [ -58.600743920089435, -34.543768123811923 ], [ -58.600752901956227, -34.543738154865238 ], [ -58.600744383048117, -34.543696083860944 ], [ -58.600723930918178, -34.543678672348804 ], [ -58.600723308639132, -34.543678038775518 ], [ -58.600703527193502, -34.543657458573868 ], [ -58.600694881680091, -34.543623017882695 ], [ -58.600698207975455, -34.543562003666722 ], [ -58.600727020360061, -34.543493650682159 ], [ -58.600778863734384, -34.543427445470655 ], [ -58.600779615604139, -34.543425608113601 ], [ -58.600805296343239, -34.543362904961185 ], [ -58.600806445729852, -34.543294234923593 ], [ -58.600814415034812, -34.543231366644285 ], [ -58.600850303630303, -34.543153554783352 ], [ -58.600888367866126, -34.543083399610737 ], [ -58.600896183775106, -34.543011337551768 ], [ -58.600927710084207, -34.542936944987062 ], [ -58.60099107890823, -34.542862788398217 ], [ -58.601035868129721, -34.542804156534466 ], [ -58.601054893732353, -34.542785602023692 ], [ -58.601502523974737, -34.542349049332451 ], [ -58.600860376498893, -34.541216241794835 ], [ -58.599877646131212, -34.539535165136975 ], [ -58.599875460533248, -34.539531426491891 ], [ -58.599732100089703, -34.539286184979474 ], [ -58.599361168289192, -34.539563000748998 ], [ -58.597353320531312, -34.54106133630016 ], [ -58.597439817949194, -34.541225485018735 ], [ -58.596902425276888, -34.541609347176035 ], [ -58.596728690106303, -34.541730779208685 ], [ -58.596488321362472, -34.541912798386669 ], [ -58.596699398171687, -34.542146553553607 ], [ -58.597016468740783, -34.542460480516617 ], [ -58.597084381438926, -34.542527719537148 ], [ -58.597274053706954, -34.542715508391602 ], [ -58.597461086866154, -34.542897944143888 ], [ -58.597943961218334, -34.543327037481475 ], [ -58.598003777260196, -34.543369220919807 ], [ -58.598162444331074, -34.54351401021372 ], [ -58.598212636961073, -34.543559812858113 ] ] ] ] } },
{ "type": "Feature", "properties": { "NOMPROV": "BUENOS AIRES", "PROV": "06", "NOMDEPTO": "GENERAL SAN MARTIN", "DEPTO": "371", "FRAC": "36", "RADIO": "01", "TIPO": "U", "LINK": "063713601", "IDRADIO_9": "063713601", "hog_tot": 125, "hog_nbi": 7, "pob_tot": 453, "pct_nbi": 5.6 }, "geometry": { "type": "MultiPolygon", "coordinates": [ [ [ [ -58.59417755016289, -34.546179035933797 ], [ -58.594750332935718, -34.546725297421546 ], [ -58.596081043295356, -34.545725997904967 ], [ -58.595461490621673, -34.545158531062405 ], [ -58.594839799140999, -34.544586793845333 ], [ -58.594492738409784, -34.54427868674685 ], [ -58.594211647296113, -34.544029142098907 ], [ -58.593946562990965, -34.543803816651547 ], [ -58.594071677840653, -34.54371056669877 ], [ -58.593881289302765, -34.543565858418667 ], [ -58.592492603676121, -34.544596831807048 ], [ -58.592659759472554, -34.544763390022403 ], [ -58.59293503497647, -34.54502449501426 ], [ -58.593547040275169, -34.545602878617366 ], [ -58.59417755016289, -34.546179035933797 ] ] ] ] } },
{ "type": "Feature", "properties": { "NOMPROV": "BUENOS AIRES", "PROV": "06", "NOMDEPTO": "GENERAL SAN MARTIN", "DEPTO": "371", "FRAC": "37", "RADIO": "15", "TIPO": "U", "LINK": "063713715", "IDRADIO_9": "063713715", "hog_tot": 232, "hog_nbi": 16, "pob_tot": 779, "pct_nbi": 6.8965517241379324 }, "geometry": { "type": "MultiPolygon", "coordinates": [ [ [ [ -58.60766887543496, -34.550681171490936 ], [ -58.605436757229477, -34.552361776096674 ], [ -58.604906659131629, -34.552753916590447 ], [ -58.604989365629457, -34.552832303352645 ], [ -58.605909362725988, -34.552109349028811 ], [ -58.606881850567518, -34.55295028689234 ], [ -58.607788708476669, -34.553875119330307 ], [ -58.608671650307897, -34.554683467310994 ], [ -58.609571751499423, -34.55397976216662 ], [ -58.610518892497403, -34.553265546651879 ], [ -58.611445072122535, -34.55254411399838 ], [ -58.612269289208825, -34.551942637257397 ], [ -58.612421002258841, -34.551831922277707 ], [ -58.612813725197455, -34.551543327970663 ], [ -58.612358853139483, -34.551493410568426 ], [ -58.612119079267856, -34.551467303703191 ], [ -58.612059663779249, -34.551460834293522 ], [ -58.611715320302487, -34.551403643370705 ], [ -58.611414675439498, -34.551359567511248 ], [ -58.611001939088588, -34.551271895182182 ], [ -58.610747236216866, -34.55120855657097 ], [ -58.610272992805541, -34.551093494514284 ], [ -58.609986688918681, -34.551001780477307 ], [ -58.6095616262444, -34.550847247396575 ], [ -58.609275437241386, -34.550748728690387 ], [ -58.608932259160518, -34.550615539224808 ], [ -58.608140407186717, -34.55029397707434 ], [ -58.60766887543496, -34.550681171490936 ] ] ] ] } },
{ "type": "Feature", "properties": { "NOMPROV": "BUENOS AIRES", "PROV": "06", "NOMDEPTO": "GENERAL SAN MARTIN", "DEPTO": "371", "FRAC": "54", "RADIO": "12", "TIPO": "U", "LINK": "063715412", "IDRADIO_9": "063715412", "hog_tot": 340, "hog_nbi": 34, "pob_tot": 1036, "pct_nbi": 10.0 }, "geometry": { "type": "MultiPolygon", "coordinates": [ [ [ [ -58.601797450877584, -34.555113014397328 ], [ -58.601292989180536, -34.55548483360289 ], [ -58.601110727141638, -34.555619170230457 ], [ -58.600629583963908, -34.555973794606338 ], [ -58.600713246172312, -34.556056726273873 ], [ -58.600276599456329, -34.556410942562202 ], [ -58.60063950008761, -34.556552951638416 ], [ -58.601703999582384, -34.55689386712428 ], [ -58.602047838415572, -34.556646518087 ], [ -58.602788278092547, -34.556109151476889 ], [ -58.603580938615451, -34.5554996420015 ], [ -58.604449180567613, -34.55637654940999 ], [ -58.60538344770081, -34.557189430260216 ], [ -58.606795895683021, -34.55611492333481 ], [ -58.606842390448797, -34.556077503390512 ], [ -58.605950497004237, -34.555238267946685 ], [ -58.605061422147728, -34.554358969711906 ], [ -58.604080340222964, -34.553499646131954 ], [ -58.60399631903249, -34.553420540673862 ], [ -58.603261871617462, -34.553981639823235 ], [ -58.602973003727463, -34.55420393942417 ], [ -58.602833388780354, -34.554311381864963 ], [ -58.602524599900228, -34.554549013318727 ], [ -58.602521635343962, -34.554551303970335 ], [ -58.602472675105922, -34.554588991483811 ], [ -58.601797450877584, -34.555113014397328 ] ] ] ] } },
{ "type": "Feature", "properties": { "NOMPROV": "BUENOS AIRES", "PROV": "06", "NOMDEPTO": "GENERAL SAN MARTIN", "DEPTO": "371", "FRAC": "54", "RADIO": "08", "TIPO": "U", "LINK": "063715408", "IDRADIO_9": "063715408", "hog_tot": 315, "hog_nbi": 53, "pob_tot": 1134, "pct_nbi": 16.825396825396826 }, "geometry": { "type": "MultiPolygon", "coordinates": [ [ [ [ -58.60144361728004, -34.554802304586147 ], [ -58.601797450877584, -34.555113014397328 ], [ -58.602472675105922, -34.554588991483811 ], [ -58.602521635343962, -34.554551303970335 ], [ -58.602524599900228, -34.554549013318727 ], [ -58.602833388780354, -34.554311381864963 ], [ -58.602973003727463, -34.55420393942417 ], [ -58.603261871617462, -34.553981639823235 ], [ -58.602852921427541, -34.55361985915512 ], [ -58.60277711900271, -34.553552799782729 ], [ -58.602710913171009, -34.553494229189965 ], [ -58.602634952074681, -34.553427030007597 ], [ -58.602355016740738, -34.553179379192485 ], [ -58.602160240895529, -34.553003378023966 ], [ -58.602077691346281, -34.552928784971009 ], [ -58.602003384108983, -34.552861639494338 ], [ -58.601783664443097, -34.552663095861774 ], [ -58.60177926327281, -34.552659119156907 ], [ -58.601526959480445, -34.552431129606006 ], [ -58.601160538004095, -34.552095804860052 ], [ -58.601049630049644, -34.55199430796457 ], [ -58.600847808620124, -34.551809611568544 ], [ -58.600618901489149, -34.551867035039272 ], [ -58.600525065431306, -34.551890574401234 ], [ -58.600509135745469, -34.551896059492506 ], [ -58.599707906569449, -34.552171941566392 ], [ -58.599934227820178, -34.552318173437243 ], [ -58.59994354312574, -34.552326058048408 ], [ -58.600016148152989, -34.552387515725755 ], [ -58.600226361876551, -34.552565452211446 ], [ -58.600313631075593, -34.552639321841006 ], [ -58.600380746474052, -34.552696131179118 ], [ -58.600463088617076, -34.552765830438226 ], [ -58.600540311293344, -34.552831195835772 ], [ -58.600752086967802, -34.553010452694792 ], [ -58.60049273939957, -34.553216751361703 ], [ -58.600461494562765, -34.553241604900364 ], [ -58.600342430988995, -34.553336314135727 ], [ -58.600326517355384, -34.553351295136146 ], [ -58.600303362335069, -34.553378240589254 ], [ -58.600068540168898, -34.553607871620912 ], [ -58.600609661133234, -34.554075777794338 ], [ -58.600889989016579, -34.554317932488999 ], [ -58.600989590367128, -34.554403611001952 ], [ -58.60144361728004, -34.554802304586147 ] ] ] ] } },
{ "type": "Feature", "properties": { "NOMPROV": "BUENOS AIRES", "PROV": "06", "NOMDEPTO": "GENERAL SAN MARTIN", "DEPTO": "371", "FRAC": "16", "RADIO": "03", "TIPO": "U", "LINK": "063711603", "IDRADIO_9": "063711603", "hog_tot": 347, "hog_nbi": 50, "pob_tot": 1174, "pct_nbi": 14.409221902017292 }, "geometry": { "type": "MultiPolygon", "coordinates": [ [ [ [ -58.581369586335803, -34.532185951378203 ], [ -58.581834569943766, -34.532933239403668 ], [ -58.582302714226351, -34.532553993330467 ], [ -58.582636718002966, -34.532283411333388 ], [ -58.58322648607831, -34.531805624868113 ], [ -58.582580798028602, -34.530796500510689 ], [ -58.583134063546431, -34.530457119751617 ], [ -58.583286314693517, -34.530272078867803 ], [ -58.583069482110417, -34.530025985659023 ], [ -58.582902441898689, -34.529826950034241 ], [ -58.582843165005308, -34.529768104060203 ], [ -58.584069559746304, -34.528816471256413 ], [ -58.584025931008981, -34.528654755468459 ], [ -58.58274801997706, -34.529670392719453 ], [ -58.582501724513207, -34.529863335903883 ], [ -58.582250900292465, -34.530065474780955 ], [ -58.58151780571918, -34.530641388854313 ], [ -58.580764918373688, -34.5312464136587 ], [ -58.580849358839615, -34.531369535644522 ], [ -58.581087422429029, -34.531747525675492 ], [ -58.581369586335803, -34.532185951378203 ] ] ] ] } },
{ "type": "Feature", "properties": { "NOMPROV": "BUENOS AIRES", "PROV": "06", "NOMDEPTO": "GENERAL SAN MARTIN", "DEPTO": "371", "FRAC": "36", "RADIO": "07", "TIPO": "U", "LINK": "063713607", "IDRADIO_9": "063713607", "hog_tot": 117, "hog_nbi": 8, "pob_tot": 401, "pct_nbi": 6.8376068376068382 }, "geometry": { "type": "MultiPolygon", "coordinates": [ [ [ [ -58.589830079693996, -34.552277878866782 ], [ -58.59046245230401, -34.552782864433134 ], [ -58.591086784990388, -34.553334626982249 ], [ -58.591549325464989, -34.553716975619146 ], [ -58.591715646640409, -34.553853637552827 ], [ -58.592403879190009, -34.553300186366542 ], [ -58.592879272079081, -34.553709324902542 ], [ -58.593224262195314, -34.554006231437768 ], [ -58.593618680419539, -34.553695457038295 ], [ -58.59368607297975, -34.553642356019317 ], [ -58.593803523954456, -34.553549812477755 ], [ -58.593931084170293, -34.553443436835437 ], [ -58.594342187202713, -34.553095154925671 ], [ -58.594434748701119, -34.553016737673865 ], [ -58.593644379352469, -34.552295921710403 ], [ -58.593193124460917, -34.552661245578314 ], [ -58.593078637823069, -34.552561062261887 ], [ -58.593034570448076, -34.552574096289014 ], [ -58.593007313716363, -34.55256662720781 ], [ -58.592559189807133, -34.552173030109067 ], [ -58.591965082245991, -34.551651205078151 ], [ -58.591338640642569, -34.551100970254403 ], [ -58.590546119157501, -34.551722694232623 ], [ -58.589830079693996, -34.552277878866782 ] ] ] ] } },
{ "type": "Feature", "properties": { "NOMPROV": "BUENOS AIRES", "PROV": "06", "NOMDEPTO": "GENERAL SAN MARTIN", "DEPTO": "371", "FRAC": "36", "RADIO": "09", "TIPO": "U", "LINK": "063713609", "IDRADIO_9": "063713609", "hog_tot": 133, "hog_nbi": 11, "pob_tot": 419, "pct_nbi": 8.2706766917293244 }, "geometry": { "type": "MultiPolygon", "coordinates": [ [ [ [ -58.586595522036006, -34.54921005767261 ], [ -58.585912450296988, -34.549756470464914 ], [ -58.585712976618915, -34.549572406708215 ], [ -58.584835554409921, -34.55029169146561 ], [ -58.584817021267931, -34.550418071407996 ], [ -58.584825574922498, -34.550558329782611 ], [ -58.584829201101606, -34.550666882788931 ], [ -58.5848272108922, -34.550784412140104 ], [ -58.584808524492459, -34.550919833549855 ], [ -58.584803734832178, -34.550941231986037 ], [ -58.584767141533185, -34.551104725688155 ], [ -58.584676817889033, -34.551275486878794 ], [ -58.584499307635156, -34.551431672646856 ], [ -58.584333412640333, -34.551547301349899 ], [ -58.583997109369363, -34.551704532732614 ], [ -58.584116695715913, -34.551884357543869 ], [ -58.584345724547113, -34.552343602033829 ], [ -58.584658060930806, -34.552254854124214 ], [ -58.584888469924302, -34.552158376660188 ], [ -58.585031438702153, -34.55207891319349 ], [ -58.585196801388939, -34.551963654147421 ], [ -58.585318443375648, -34.551856901729259 ], [ -58.585429192051521, -34.551750022956973 ], [ -58.585539854119489, -34.55160241732456 ], [ -58.585608190838705, -34.551472679025046 ], [ -58.585653893581743, -34.551347019360819 ], [ -58.585711250557949, -34.551176428030558 ], [ -58.585746366159135, -34.551032618641315 ], [ -58.585748348719896, -34.550915465939219 ], [ -58.585749873758843, -34.55082534847449 ], [ -58.58572992022728, -34.550716956055723 ], [ -58.585731597779194, -34.550617826841993 ], [ -58.585754906324134, -34.550527961732165 ], [ -58.585789259053634, -34.550429211043522 ], [ -58.585866721142402, -34.550358000263508 ], [ -58.586231635334542, -34.550037741185761 ], [ -58.586854222055486, -34.550592301676538 ], [ -58.588188857554556, -34.549609717551476 ], [ -58.588808090599358, -34.550142908873696 ], [ -58.590061432277707, -34.549196228462186 ], [ -58.591447289899996, -34.548146584308185 ], [ -58.59081338060524, -34.547579080033294 ], [ -58.590225956892475, -34.547028356209779 ], [ -58.589799791338955, -34.546669374028035 ], [ -58.589110379294198, -34.547224101296372 ], [ -58.588421471696641, -34.547748414208641 ], [ -58.587576977127021, -34.548415398111409 ], [ -58.586595522036006, -34.54921005767261 ] ] ] ] } },
{ "type": "Feature", "properties": { "NOMPROV": "BUENOS AIRES", "PROV": "06", "NOMDEPTO": "GENERAL SAN MARTIN", "DEPTO": "371", "FRAC": "53", "RADIO": "02", "TIPO": "U", "LINK": "063715302", "IDRADIO_9": "063715302", "hog_tot": 264, "hog_nbi": 27, "pob_tot": 777, "pct_nbi": 10.227272727272728 }, "geometry": { "type": "MultiPolygon", "coordinates": [ [ [ [ -58.586304270776864, -34.557530480201891 ], [ -58.586867933891789, -34.558989901771866 ], [ -58.587373651216538, -34.55852364513926 ], [ -58.588102017348142, -34.55797323565637 ], [ -58.589271861582404, -34.557085412161989 ], [ -58.590121845601722, -34.556428234397451 ], [ -58.589225071332194, -34.555666047516546 ], [ -58.588554220739503, -34.555067108118756 ], [ -58.58837163883674, -34.55491176718678 ], [ -58.587469938567118, -34.554117162088431 ], [ -58.586939267901151, -34.554516644587224 ], [ -58.585857562873095, -34.555405450178647 ], [ -58.585583986166547, -34.555591188351592 ], [ -58.585898079009489, -34.5564225763612 ], [ -58.585981829024661, -34.556651009559907 ], [ -58.586304270776864, -34.557530480201891 ] ] ] ] } },
{ "type": "Feature", "properties": { "NOMPROV": "BUENOS AIRES", "PROV": "06", "NOMDEPTO": "GENERAL SAN MARTIN", "DEPTO": "371", "FRAC": "53", "RADIO": "05", "TIPO": "U", "LINK": "063715305", "IDRADIO_9": "063715305", "hog_tot": 327, "hog_nbi": 24, "pob_tot": 966, "pct_nbi": 7.3394495412844041 }, "geometry": { "type": "MultiPolygon", "coordinates": [ [ [ [ -58.592255985542515, -34.559490094883714 ], [ -58.592219155787461, -34.560203249863157 ], [ -58.593513032989584, -34.560215454364574 ], [ -58.594744813565136, -34.560218800082914 ], [ -58.59596349250441, -34.56022198266259 ], [ -58.597564029381864, -34.558956624122821 ], [ -58.596973546995976, -34.558436068863038 ], [ -58.596199713049018, -34.55780524012291 ], [ -58.595469460362509, -34.557174908023562 ], [ -58.594762630682297, -34.557743637240712 ], [ -58.593132029810413, -34.558175528681922 ], [ -58.591862849711468, -34.558494394104123 ], [ -58.592255985542515, -34.559490094883714 ] ] ] ] } },
{ "type": "Feature", "properties": { "NOMPROV": "BUENOS AIRES", "PROV": "06", "NOMDEPTO": "GENERAL SAN MARTIN", "DEPTO": "371", "FRAC": "37", "RADIO": "05", "TIPO": "U", "LINK": "063713705", "IDRADIO_9": "063713705", "hog_tot": 427, "hog_nbi": 49, "pob_tot": 1403, "pct_nbi": 11.475409836065573 }, "geometry": { "type": "MultiPolygon", "coordinates": [ [ [ [ -58.596649187701196, -34.546187056349098 ], [ -58.597181505556527, -34.546685242808998 ], [ -58.598007446437997, -34.546095245617003 ], [ -58.598033198259891, -34.546074268491445 ], [ -58.598179325311669, -34.545955232651593 ], [ -58.598199137491193, -34.545939093357234 ], [ -58.5986677331598, -34.545663249620048 ], [ -58.598692885585884, -34.545648443349279 ], [ -58.598882700415317, -34.545587967886291 ], [ -58.599048609043621, -34.545539946720986 ], [ -58.599518228304881, -34.545432738490895 ], [ -58.60003482296495, -34.545287510787567 ], [ -58.599967002910631, -34.545103577929623 ], [ -58.599636589249094, -34.544849203027425 ], [ -58.599078111110146, -34.544360714827327 ], [ -58.59887863681751, -34.544178990510268 ], [ -58.598849165924804, -34.544151220481432 ], [ -58.598690283843801, -34.544011252741782 ], [ -58.598544394238452, -34.543878313073883 ], [ -58.598487153676807, -34.543832301665283 ], [ -58.598212636961073, -34.543559812858113 ], [ -58.598162444331074, -34.54351401021372 ], [ -58.598003777260196, -34.543369220919807 ], [ -58.597943961218334, -34.543327037481475 ], [ -58.597569532053235, -34.54355466263943 ], [ -58.59670694487496, -34.544215043821112 ], [ -58.597246538399048, -34.544686229740748 ], [ -58.596837334057682, -34.545005964275688 ], [ -58.596894759199209, -34.545063230167898 ], [ -58.596081419869314, -34.545726342045612 ], [ -58.596649187701196, -34.546187056349098 ] ] ] ] } },
{ "type": "Feature", "properties": { "NOMPROV": "BUENOS AIRES", "PROV": "06", "NOMDEPTO": "GENERAL SAN MARTIN", "DEPTO": "371", "FRAC": "37", "RADIO": "04", "TIPO": "U", "LINK": "063713704", "IDRADIO_9": "063713704", "hog_tot": 247, "hog_nbi": 29, "pob_tot": 766, "pct_nbi": 11.740890688259109 }, "geometry": { "type": "MultiPolygon", "coordinates": [ [ [ [ -58.596081043295356, -34.545725997904967 ], [ -58.596081419869314, -34.545726342045612 ], [ -58.596894759199209, -34.545063230167898 ], [ -58.596837334057682, -34.545005964275688 ], [ -58.597246538399048, -34.544686229740748 ], [ -58.59670694487496, -34.544215043821112 ], [ -58.597569532053235, -34.54355466263943 ], [ -58.597943961218334, -34.543327037481475 ], [ -58.597461086866154, -34.542897944143888 ], [ -58.597274053706954, -34.542715508391602 ], [ -58.596064447459007, -34.543648402400486 ], [ -58.594839799140999, -34.544586793845333 ], [ -58.595461490621673, -34.545158531062405 ], [ -58.596081043295356, -34.545725997904967 ] ] ] ] } },
{ "type": "Feature", "properties": { "NOMPROV": "BUENOS AIRES", "PROV": "06", "NOMDEPTO": "GENERAL SAN MARTIN", "DEPTO": "371", "FRAC": "36", "RADIO": "05", "TIPO": "U", "LINK": "063713605", "IDRADIO_9": "063713605", "hog_tot": 138, "hog_nbi": 18, "pob_tot": 428, "pct_nbi": 13.043478260869565 }, "geometry": { "type": "MultiPolygon", "coordinates": [ [ [ [ -58.593969052395721, -34.548216963624057 ], [ -58.594564040295758, -34.548766957331914 ], [ -58.595901661046973, -34.547736668640241 ], [ -58.597181505556527, -34.546685242808998 ], [ -58.596649187701196, -34.546187056349098 ], [ -58.596081419869314, -34.545726342045612 ], [ -58.596081043295356, -34.545725997904967 ], [ -58.594750332935718, -34.546725297421546 ], [ -58.59341522144846, -34.547727235211617 ], [ -58.593969052395721, -34.548216963624057 ] ] ] ] } },
{ "type": "Feature", "properties": { "NOMPROV": "BUENOS AIRES", "PROV": "06", "NOMDEPTO": "GENERAL SAN MARTIN", "DEPTO": "371", "FRAC": "37", "RADIO": "14", "TIPO": "U", "LINK": "063713714", "IDRADIO_9": "063713714", "hog_tot": 252, "hog_nbi": 14, "pob_tot": 813, "pct_nbi": 5.5555555555555562 }, "geometry": { "type": "MultiPolygon", "coordinates": [ [ [ [ -58.605909362725988, -34.552109349028811 ], [ -58.604989365629457, -34.552832303352645 ], [ -58.604906659131629, -34.552753916590447 ], [ -58.604371915644457, -34.553145501333688 ], [ -58.604305910575519, -34.553193835323725 ], [ -58.604295495744083, -34.553201461580265 ], [ -58.604214141279449, -34.55326103566761 ], [ -58.60399631903249, -34.553420540673862 ], [ -58.604080340222964, -34.553499646131954 ], [ -58.605061422147728, -34.554358969711906 ], [ -58.605950497004237, -34.555238267946685 ], [ -58.606842390448797, -34.556077503390512 ], [ -58.606906323981619, -34.556026049171066 ], [ -58.607744818510739, -34.55539565518599 ], [ -58.60785132846523, -34.55531382999758 ], [ -58.608671650307897, -34.554683467310994 ], [ -58.607788708476669, -34.553875119330307 ], [ -58.606881850567518, -34.55295028689234 ], [ -58.605909362725988, -34.552109349028811 ] ] ] ] } },
{ "type": "Feature", "properties": { "NOMPROV": "BUENOS AIRES", "PROV": "06", "NOMDEPTO": "GENERAL SAN MARTIN", "DEPTO": "371", "FRAC": "37", "RADIO": "07", "TIPO": "U", "LINK": "063713707", "IDRADIO_9": "063713707", "hog_tot": 274, "hog_nbi": 58, "pob_tot": 884, "pct_nbi": 21.167883211678831 }, "geometry": { "type": "MultiPolygon", "coordinates": [ [ [ [ -58.600791402762667, -34.544487434093547 ], [ -58.600863005455309, -34.54455804654782 ], [ -58.600997690244668, -34.544606477517775 ], [ -58.601091637927041, -34.544659865022901 ], [ -58.601123297997901, -34.544716221718765 ], [ -58.601177303930378, -34.544834313109547 ], [ -58.601188174881358, -34.544950208510365 ], [ -58.601175743726067, -34.545021347881153 ], [ -58.601149671836922, -34.545102916462341 ], [ -58.600954486950798, -34.54520134856876 ], [ -58.60057134348169, -34.545394568456842 ], [ -58.600282270357553, -34.545543421192711 ], [ -58.599671799808938, -34.545957630567997 ], [ -58.599257209727121, -34.546234564714517 ], [ -58.599204079858488, -34.546270039017465 ], [ -58.599089513448675, -34.546346532906206 ], [ -58.59930296539671, -34.546525442790752 ], [ -58.59936304716836, -34.546575801203844 ], [ -58.599521763212884, -34.546724728345403 ], [ -58.599638282061477, -34.546822476429043 ], [ -58.599693962320906, -34.546869186891783 ], [ -58.59980288341653, -34.546960560731947 ], [ -58.59982706735105, -34.547060285365156 ], [ -58.599821995642948, -34.547156574708382 ], [ -58.599805092903608, -34.547270852780535 ], [ -58.599785340324054, -34.547348849319356 ], [ -58.599794349049013, -34.547705723775159 ], [ -58.599830727843845, -34.547741435315814 ], [ -58.599790809246848, -34.547798024159171 ], [ -58.599745625972311, -34.547894067949578 ], [ -58.599700971592505, -34.548082076590795 ], [ -58.599700617087166, -34.548137176779555 ], [ -58.599700433112993, -34.548165778225709 ], [ -58.59970734510987, -34.548188730256776 ], [ -58.59974302695872, -34.548307210540926 ], [ -58.599876491303831, -34.54844396234823 ], [ -58.600063732280177, -34.548622553198641 ], [ -58.60031244576215, -34.548429344348413 ], [ -58.600408254326865, -34.548354917442012 ], [ -58.600424323402528, -34.548342434037423 ], [ -58.600526427393902, -34.548263115451554 ], [ -58.600642981528154, -34.548175210265931 ], [ -58.600697646334133, -34.548133981579667 ], [ -58.600781999511192, -34.548070361895896 ], [ -58.603158929837527, -34.546277606491167 ], [ -58.603593742453342, -34.545949642820254 ], [ -58.603321382401695, -34.545479848309405 ], [ -58.602445567885304, -34.543969110237299 ], [ -58.602389772720137, -34.543871174815678 ], [ -58.601502523974737, -34.542349049332451 ], [ -58.601054893732353, -34.542785602023692 ], [ -58.601035868129721, -34.542804156534466 ], [ -58.60099107890823, -34.542862788398217 ], [ -58.600927710084207, -34.542936944987062 ], [ -58.600896183775106, -34.543011337551768 ], [ -58.600888367866126, -34.543083399610737 ], [ -58.600850303630303, -34.543153554783352 ], [ -58.600814415034812, -34.543231366644285 ], [ -58.600806445729852, -34.543294234923593 ], [ -58.600805296343239, -34.543362904961185 ], [ -58.600779615604139, -34.543425608113601 ], [ -58.600778863734384, -34.543427445470655 ], [ -58.600727020360061, -34.543493650682159 ], [ -58.600698207975455, -34.543562003666722 ], [ -58.600694881680091, -34.543623017882695 ], [ -58.600703527193502, -34.543657458573868 ], [ -58.600723308639132, -34.543678038775518 ], [ -58.600723930918178, -34.543678672348804 ], [ -58.600744383048117, -34.543696083860944 ], [ -58.600752901956227, -34.543738154865238 ], [ -58.600743920089435, -34.543768123811923 ], [ -58.600735806967776, -34.543795194945162 ], [ -58.600706834816016, -34.543873086030885 ], [ -58.600686988210931, -34.543956804398825 ], [ -58.600688240109989, -34.544019778348883 ], [ -58.600714338593029, -34.544113563239947 ], [ -58.600740277471282, -34.544216886229776 ], [ -58.600761573249564, -34.544322062363911 ], [ -58.600764747659589, -34.5444079536448 ], [ -58.600791402762667, -34.544487434093547 ] ] ] ] } },
{ "type": "Feature", "properties": { "NOMPROV": "BUENOS AIRES", "PROV": "06", "NOMDEPTO": "GENERAL SAN MARTIN", "DEPTO": "371", "FRAC": "37", "RADIO": "11", "TIPO": "U", "LINK": "063713711", "IDRADIO_9": "063713711", "hog_tot": 211, "hog_nbi": 28, "pob_tot": 672, "pct_nbi": 13.270142180094785 }, "geometry": { "type": "MultiPolygon", "coordinates": [ [ [ [ -58.594953228845135, -34.55130630781084 ], [ -58.59574118762162, -34.55199736199485 ], [ -58.595945132168282, -34.551839185044116 ], [ -58.596029876764597, -34.551773457804032 ], [ -58.596119785835498, -34.551703725695205 ], [ -58.596261412622624, -34.551593880430516 ], [ -58.5964122787856, -34.551476869111802 ], [ -58.596558004241594, -34.551363843770837 ], [ -58.596715154483491, -34.551241956781006 ], [ -58.597042418437908, -34.550988127836213 ], [ -58.59628867112005, -34.550313686145977 ], [ -58.595713569779846, -34.54979304404845 ], [ -58.5951065177224, -34.549284776736904 ], [ -58.593767781150504, -34.550280947705097 ], [ -58.594350742620605, -34.550787182058585 ], [ -58.594953228845135, -34.55130630781084 ] ] ] ] } },
{ "type": "Feature", "properties": { "NOMPROV": "BUENOS AIRES", "PROV": "06", "NOMDEPTO": "GENERAL SAN MARTIN", "DEPTO": "371", "FRAC": "36", "RADIO": "02", "TIPO": "U", "LINK": "063713602", "IDRADIO_9": "063713602", "hog_tot": 74, "hog_nbi": 10, "pob_tot": 310, "pct_nbi": 13.513513513513514 }, "geometry": { "type": "MultiPolygon", "coordinates": [ [ [ [ -58.592156791391943, -34.546570562506453 ], [ -58.592762689711286, -34.547160600749969 ], [ -58.59417755016289, -34.546179035933797 ], [ -58.593547040275169, -34.545602878617366 ], [ -58.59293503497647, -34.54502449501426 ], [ -58.592659759472554, -34.544763390022403 ], [ -58.592492603676121, -34.544596831807048 ], [ -58.591725341884661, -34.545107443552297 ], [ -58.591302844624238, -34.545457421121512 ], [ -58.59112894481045, -34.545597354984949 ], [ -58.591326931165405, -34.545798873706147 ], [ -58.591561578115162, -34.546045363513073 ], [ -58.592156791391943, -34.546570562506453 ] ] ] ] } },
{ "type": "Feature", "properties": { "NOMPROV": "BUENOS AIRES", "PROV": "06", "NOMDEPTO": "GENERAL SAN MARTIN", "DEPTO": "371", "FRAC": "36", "RADIO": "03", "TIPO": "U", "LINK": "063713603", "IDRADIO_9": "063713603", "hog_tot": 75, "hog_nbi": 5, "pob_tot": 259, "pct_nbi": 6.6666666666666679 }, "geometry": { "type": "MultiPolygon", "coordinates": [ [ [ [ -58.590680151069527, -34.545721298379704 ], [ -58.589775687974836, -34.546408826471847 ], [ -58.589626715879746, -34.546525225114792 ], [ -58.589799791338955, -34.546669374028035 ], [ -58.590225956892475, -34.547028356209779 ], [ -58.59081338060524, -34.547579080033294 ], [ -58.591447289899996, -34.548146584308185 ], [ -58.592762689711286, -34.547160600749969 ], [ -58.592156791391943, -34.546570562506453 ], [ -58.591561578115162, -34.546045363513073 ], [ -58.591326931165405, -34.545798873706147 ], [ -58.59112894481045, -34.545597354984949 ], [ -58.590827525125071, -34.545829263607104 ], [ -58.590680151069527, -34.545721298379704 ] ] ] ] } },
{ "type": "Feature", "properties": { "NOMPROV": "BUENOS AIRES", "PROV": "06", "NOMDEPTO": "GENERAL SAN MARTIN", "DEPTO": "371", "FRAC": "36", "RADIO": "04", "TIPO": "U", "LINK": "063713604", "IDRADIO_9": "063713604", "hog_tot": 133, "hog_nbi": 8, "pob_tot": 466, "pct_nbi": 6.0150375939849621 }, "geometry": { "type": "MultiPolygon", "coordinates": [ [ [ [ -58.592617539560337, -34.54921817944188 ], [ -58.593156584583298, -34.54972377790186 ], [ -58.594564040295758, -34.548766957331914 ], [ -58.593969052395721, -34.548216963624057 ], [ -58.59341522144846, -34.547727235211617 ], [ -58.594750332935718, -34.546725297421546 ], [ -58.59417755016289, -34.546179035933797 ], [ -58.592762689711286, -34.547160600749969 ], [ -58.591447289899996, -34.548146584308185 ], [ -58.592112237419805, -34.548705024165912 ], [ -58.592617539560337, -34.54921817944188 ] ] ] ] } },
{ "type": "Feature", "properties": { "NOMPROV": "BUENOS AIRES", "PROV": "06", "NOMDEPTO": "GENERAL SAN MARTIN", "DEPTO": "371", "FRAC": "01", "RADIO": "09", "TIPO": "U", "LINK": "063710109", "IDRADIO_9": "063710109", "hog_tot": 237, "hog_nbi": 24, "pob_tot": 802, "pct_nbi": 10.126582278481013 }, "geometry": { "type": "MultiPolygon", "coordinates": [ [ [ [ -58.583529823981102, -34.511959695400904 ], [ -58.584301025315412, -34.51248799013451 ], [ -58.584981832562612, -34.511943923743068 ], [ -58.585324475540652, -34.511630718041005 ], [ -58.585749522640413, -34.511296414703317 ], [ -58.585011754675065, -34.51072777864858 ], [ -58.584665232015823, -34.510455958969786 ], [ -58.58425432345593, -34.51013363085125 ], [ -58.583540796974255, -34.509532139480349 ], [ -58.582798848584588, -34.510134052619414 ], [ -58.582082933767452, -34.510729109207702 ], [ -58.582724133390293, -34.511325690218598 ], [ -58.583529143774157, -34.511959160218993 ], [ -58.583529823981102, -34.511959695400904 ] ] ] ] } },
{ "type": "Feature", "properties": { "NOMPROV": "BUENOS AIRES", "PROV": "06", "NOMDEPTO": "GENERAL SAN MARTIN", "DEPTO": "371", "FRAC": "54", "RADIO": "13", "TIPO": "U", "LINK": "063715413", "IDRADIO_9": "063715413", "hog_tot": 427, "hog_nbi": 30, "pob_tot": 1245, "pct_nbi": 7.0257611241217797 }, "geometry": { "type": "MultiPolygon", "coordinates": [ [ [ [ -58.601078502424023, -34.559039265321445 ], [ -58.601995834823668, -34.559774168419338 ], [ -58.602216238481539, -34.559604877629283 ], [ -58.60318732846563, -34.558867873111737 ], [ -58.603811060497229, -34.55838741771224 ], [ -58.60538344770081, -34.557189430260216 ], [ -58.604449180567613, -34.55637654940999 ], [ -58.603580938615451, -34.5554996420015 ], [ -58.602788278092547, -34.556109151476889 ], [ -58.602047838415572, -34.556646518087 ], [ -58.601703999582384, -34.55689386712428 ], [ -58.60090774645964, -34.557372517573782 ], [ -58.600002975988367, -34.558072992907874 ], [ -58.600525519704313, -34.558561428349009 ], [ -58.601078502424023, -34.559039265321445 ] ] ] ] } },
{ "type": "Feature", "properties": { "NOMPROV": "BUENOS AIRES", "PROV": "06", "NOMDEPTO": "GENERAL SAN MARTIN", "DEPTO": "371", "FRAC": "54", "RADIO": "14", "TIPO": "U", "LINK": "063715414", "IDRADIO_9": "063715414", "hog_tot": 237, "hog_nbi": 10, "pob_tot": 683, "pct_nbi": 4.2194092827004219 }, "geometry": { "type": "MultiPolygon", "coordinates": [ [ [ [ -58.600182257540112, -34.5612020404417 ], [ -58.600549206561631, -34.560910761508474 ], [ -58.601343924811729, -34.56029793837326 ], [ -58.601487796895988, -34.56016438491617 ], [ -58.601995834823668, -34.559774168419338 ], [ -58.601078502424023, -34.559039265321445 ], [ -58.600525519704313, -34.558561428349009 ], [ -58.600002975988367, -34.558072992907874 ], [ -58.599089732081403, -34.558807863265109 ], [ -58.598197939827131, -34.559486687936285 ], [ -58.598732495338801, -34.559988187049811 ], [ -58.599275150727046, -34.560449754989008 ], [ -58.600182257540112, -34.5612020404417 ] ] ] ] } },
{ "type": "Feature", "properties": { "NOMPROV": "BUENOS AIRES", "PROV": "06", "NOMDEPTO": "GENERAL SAN MARTIN", "DEPTO": "371", "FRAC": "02", "RADIO": "01", "TIPO": "U", "LINK": "063710201", "IDRADIO_9": "063710201", "hog_tot": 484, "hog_nbi": 47, "pob_tot": 1650, "pct_nbi": 9.7107438016528924 }, "geometry": { "type": "MultiPolygon", "coordinates": [ [ [ [ -58.585617527086107, -34.519880619583958 ], [ -58.585739095037511, -34.519916198717461 ], [ -58.585832767730331, -34.519710607086935 ], [ -58.586615659775262, -34.517992280023222 ], [ -58.58670666476651, -34.51779253357401 ], [ -58.587336303189815, -34.516360817282809 ], [ -58.587965919286191, -34.514929097791182 ], [ -58.588396486014176, -34.513949976299919 ], [ -58.59009467343558, -34.510087998759417 ], [ -58.590030681888237, -34.509389922051518 ], [ -58.589355148431771, -34.510228522167722 ], [ -58.587396834328779, -34.511727639182133 ], [ -58.586383482585347, -34.512543395885849 ], [ -58.585326472625006, -34.513364527614137 ], [ -58.584503622694569, -34.514027550149486 ], [ -58.584328077582477, -34.514168993443334 ], [ -58.58378981262311, -34.514602696202907 ], [ -58.583312900218125, -34.51497372119394 ], [ -58.583033234092262, -34.515212291801554 ], [ -58.582323511808681, -34.515784119688306 ], [ -58.583057178728431, -34.516399175680434 ], [ -58.583846376238093, -34.517060770987747 ], [ -58.584628357841687, -34.517716301673872 ], [ -58.583940563109813, -34.518259218549041 ], [ -58.583799078017329, -34.518370644937491 ], [ -58.583339842075191, -34.518732313835471 ], [ -58.583256431486241, -34.518878728700095 ], [ -58.583419590187113, -34.519065473967288 ], [ -58.583588494372933, -34.519103405175088 ], [ -58.583571723285608, -34.519142306959637 ], [ -58.583523037112371, -34.519255331104389 ], [ -58.583759457362461, -34.519315593833987 ], [ -58.583850469471237, -34.519338792804518 ], [ -58.584355377868, -34.519500488125828 ], [ -58.584421694890608, -34.519521724799816 ], [ -58.58547628201115, -34.519838229825162 ], [ -58.585617527086107, -34.519880619583958 ] ] ] ] } },
{ "type": "Feature", "properties": { "NOMPROV": "BUENOS AIRES", "PROV": "06", "NOMDEPTO": "GENERAL SAN MARTIN", "DEPTO": "371", "FRAC": "14", "RADIO": "08", "TIPO": "U", "LINK": "063711408", "IDRADIO_9": "063711408", "hog_tot": 222, "hog_nbi": 52, "pob_tot": 792, "pct_nbi": 23.423423423423426 }, "geometry": { "type": "MultiPolygon", "coordinates": [ [ [ [ -58.584059904427541, -34.52115495719648 ], [ -58.583407124603909, -34.521612659315707 ], [ -58.582885692435141, -34.521025178141876 ], [ -58.582591529581045, -34.520693754987327 ], [ -58.581872313239543, -34.521242864754413 ], [ -58.582503065579218, -34.521925025597199 ], [ -58.582613720961461, -34.522135380092834 ], [ -58.582949405605149, -34.522740820049016 ], [ -58.582986934336581, -34.522918092310945 ], [ -58.582995602050062, -34.523054968067775 ], [ -58.583055054105827, -34.523210455655743 ], [ -58.58305879687272, -34.523329741108014 ], [ -58.582925309458219, -34.52338542825013 ], [ -58.583010257468359, -34.523762962988279 ], [ -58.583320100717842, -34.523672829474847 ], [ -58.583592082397736, -34.523845799560817 ], [ -58.583661139291941, -34.523884859394833 ], [ -58.584423102934231, -34.522338256480744 ], [ -58.584899696102561, -34.521353999924507 ], [ -58.585547843247724, -34.520019079191599 ], [ -58.585357032787172, -34.519962958141022 ], [ -58.585317642041765, -34.520045062421254 ], [ -58.58524262360573, -34.520132519941512 ], [ -58.584806452368426, -34.520627183280766 ], [ -58.584059904427541, -34.52115495719648 ] ] ] ] } },
{ "type": "Feature", "properties": { "NOMPROV": "BUENOS AIRES", "PROV": "06", "NOMDEPTO": "GENERAL SAN MARTIN", "DEPTO": "371", "FRAC": "14", "RADIO": "11", "TIPO": "U", "LINK": "063711411", "IDRADIO_9": "063711411", "hog_tot": 258, "hog_nbi": 17, "pob_tot": 805, "pct_nbi": 6.5891472868217056 }, "geometry": { "type": "MultiPolygon", "coordinates": [ [ [ [ -58.58164541020971, -34.525299950580674 ], [ -58.580982782865277, -34.525826204051434 ], [ -58.58029989956615, -34.525232887994598 ], [ -58.580183151336279, -34.525131451524643 ], [ -58.579373528893974, -34.525763821406294 ], [ -58.578539766731772, -34.526418306051212 ], [ -58.577761622694766, -34.527075039654392 ], [ -58.578515492072569, -34.527736753394116 ], [ -58.57950906555898, -34.528305349851429 ], [ -58.580162890101917, -34.527568055183835 ], [ -58.580813730629835, -34.526818898138977 ], [ -58.581579319335809, -34.527150552672026 ], [ -58.582074141530995, -34.526410467417563 ], [ -58.582318918723082, -34.526016803592391 ], [ -58.582251713231429, -34.52541479209885 ], [ -58.582306690027295, -34.525208201760925 ], [ -58.582363084033425, -34.52511107750589 ], [ -58.582349052865752, -34.525006765821956 ], [ -58.58226158645882, -34.524809171321643 ], [ -58.58164541020971, -34.525299950580674 ] ] ] ] } },
{ "type": "Feature", "properties": { "NOMPROV": "BUENOS AIRES", "PROV": "06", "NOMDEPTO": "GENERAL SAN MARTIN", "DEPTO": "371", "FRAC": "14", "RADIO": "15", "TIPO": "U", "LINK": "063711415", "IDRADIO_9": "063711415", "hog_tot": 290, "hog_nbi": 49, "pob_tot": 936, "pct_nbi": 16.896551724137932 }, "geometry": { "type": "MultiPolygon", "coordinates": [ [ [ [ -58.582074141530995, -34.526410467417563 ], [ -58.581579319335809, -34.527150552672026 ], [ -58.580813730629835, -34.526818898138977 ], [ -58.580162890101917, -34.527568055183835 ], [ -58.57950906555898, -34.528305349851429 ], [ -58.580581443429473, -34.528729643600762 ], [ -58.580164007386436, -34.529385390018597 ], [ -58.579688214184856, -34.530083383955173 ], [ -58.579212944815509, -34.530919701810191 ], [ -58.578008651604343, -34.531405422426843 ], [ -58.577081173401126, -34.531852608113489 ], [ -58.575911747067856, -34.532430209321141 ], [ -58.576240163521703, -34.533059498397805 ], [ -58.57669232201922, -34.533828792153336 ], [ -58.576753074624342, -34.533940217922314 ], [ -58.57687146868912, -34.534157364504381 ], [ -58.57696568885185, -34.534342842352281 ], [ -58.578807021683801, -34.532845329149772 ], [ -58.579896995570948, -34.531955214330821 ], [ -58.580425311347064, -34.531525984911973 ], [ -58.580764918373688, -34.5312464136587 ], [ -58.58151780571918, -34.530641388854313 ], [ -58.582250900292465, -34.530065474780955 ], [ -58.582501724513207, -34.529863335903883 ], [ -58.58274801997706, -34.529670392719453 ], [ -58.582602416793144, -34.529520863578611 ], [ -58.582619044241468, -34.529389890663822 ], [ -58.582511493886685, -34.529313061031836 ], [ -58.582265892302779, -34.529137612279229 ], [ -58.582008486133709, -34.528953729904195 ], [ -58.581848810904908, -34.528839662484408 ], [ -58.582054502898337, -34.528466651629095 ], [ -58.582386724730895, -34.527795315364564 ], [ -58.582956498860909, -34.526594743863782 ], [ -58.583472835300192, -34.525433475824414 ], [ -58.584465743291943, -34.523200273094155 ], [ -58.584544125370705, -34.523023973408819 ], [ -58.58553530463697, -34.520434682414702 ], [ -58.585705802195442, -34.519989269150621 ], [ -58.585739095037511, -34.519916198717461 ], [ -58.585617527086107, -34.519880619583958 ], [ -58.585602431962464, -34.51991061223422 ], [ -58.585547843247724, -34.520019079191599 ], [ -58.584899696102561, -34.521353999924507 ], [ -58.584423102934231, -34.522338256480744 ], [ -58.583661139291941, -34.523884859394833 ], [ -58.58331274590531, -34.524438249381191 ], [ -58.582318918723082, -34.526016803592391 ], [ -58.582074141530995, -34.526410467417563 ] ] ] ] } },
{ "type": "Feature", "properties": { "NOMPROV": "BUENOS AIRES", "PROV": "06", "NOMDEPTO": "GENERAL SAN MARTIN", "DEPTO": "371", "FRAC": "07", "RADIO": "01", "TIPO": "U", "LINK": "063710701", "IDRADIO_9": "063710701", "hog_tot": 315, "hog_nbi": 20, "pob_tot": 904, "pct_nbi": 6.3492063492063497 }, "geometry": { "type": "MultiPolygon", "coordinates": [ [ [ [ -58.526644275029064, -34.545011187008122 ], [ -58.527024827888241, -34.545669251429295 ], [ -58.527473232421471, -34.546423123005987 ], [ -58.52768616025476, -34.546783923816548 ], [ -58.527770561214147, -34.546935459740304 ], [ -58.528049863968931, -34.547433442646003 ], [ -58.528347544964319, -34.547926108611854 ], [ -58.528621170404101, -34.547806655525157 ], [ -58.528797490521576, -34.547691605830117 ], [ -58.52939369598348, -34.547239104873434 ], [ -58.530107715178232, -34.546710142421936 ], [ -58.530490644265768, -34.546384960484424 ], [ -58.530228108390091, -34.546161315080049 ], [ -58.530149002597405, -34.546114997143299 ], [ -58.529734582443389, -34.545819090029006 ], [ -58.529653931294185, -34.545759532251587 ], [ -58.53018604095503, -34.545234147539823 ], [ -58.529904520827088, -34.545017550354181 ], [ -58.529351705191239, -34.544629342544667 ], [ -58.528820280821158, -34.545159109733319 ], [ -58.528741592226041, -34.545216242275778 ], [ -58.528030946346789, -34.54468215565538 ], [ -58.527389743216055, -34.54418913500357 ], [ -58.526957893395092, -34.544669892881828 ], [ -58.526644275029064, -34.545011187008122 ] ] ] ] } },
{ "type": "Feature", "properties": { "NOMPROV": "BUENOS AIRES", "PROV": "06", "NOMDEPTO": "GENERAL SAN MARTIN", "DEPTO": "371", "FRAC": "07", "RADIO": "03", "TIPO": "U", "LINK": "063710703", "IDRADIO_9": "063710703", "hog_tot": 253, "hog_nbi": 21, "pob_tot": 715, "pct_nbi": 8.3003952569169961 }, "geometry": { "type": "MultiPolygon", "coordinates": [ [ [ [ -58.530107715178232, -34.546710142421936 ], [ -58.52939369598348, -34.547239104873434 ], [ -58.528797490521576, -34.547691605830117 ], [ -58.528621170404101, -34.547806655525157 ], [ -58.528347544964319, -34.547926108611854 ], [ -58.528618929858077, -34.548423994780933 ], [ -58.528778282504284, -34.548698998051421 ], [ -58.529016377289125, -34.54912445759183 ], [ -58.529607429712321, -34.550094376956238 ], [ -58.530899197319236, -34.549591707106181 ], [ -58.532278318384222, -34.549050519915397 ], [ -58.533169681937409, -34.54870865453988 ], [ -58.533625008759458, -34.54853617584498 ], [ -58.533871622434106, -34.548437669902867 ], [ -58.533434767985348, -34.548117960788161 ], [ -58.532729523968648, -34.54759380861065 ], [ -58.531828875690024, -34.546944671149774 ], [ -58.531480313749455, -34.54722227413022 ], [ -58.530961965436525, -34.546780721077297 ], [ -58.530490644265768, -34.546384960484424 ], [ -58.530107715178232, -34.546710142421936 ] ] ] ] } },
{ "type": "Feature", "properties": { "NOMPROV": "BUENOS AIRES", "PROV": "06", "NOMDEPTO": "GENERAL SAN MARTIN", "DEPTO": "371", "FRAC": "37", "RADIO": "10", "TIPO": "U", "LINK": "063713710", "IDRADIO_9": "063713710", "hog_tot": 315, "hog_nbi": 17, "pob_tot": 977, "pct_nbi": 5.3968253968253981 }, "geometry": { "type": "MultiPolygon", "coordinates": [ [ [ [ -58.59628867112005, -34.550313686145977 ], [ -58.597042418437908, -34.550988127836213 ], [ -58.597432307001071, -34.550675450682164 ], [ -58.597583911064852, -34.550553869262856 ], [ -58.597756443523899, -34.550415502383089 ], [ -58.598138047160255, -34.550109462624363 ], [ -58.598349050482682, -34.549940239850216 ], [ -58.597650259857986, -34.549289147008011 ], [ -58.597052550104287, -34.548772208356681 ], [ -58.596498240662548, -34.548251350055708 ], [ -58.595901661046973, -34.547736668640241 ], [ -58.594564040295758, -34.548766957331914 ], [ -58.5951065177224, -34.549284776736904 ], [ -58.595713569779846, -34.54979304404845 ], [ -58.59628867112005, -34.550313686145977 ] ] ] ] } },
{ "type": "Feature", "properties": { "NOMPROV": "BUENOS AIRES", "PROV": "06", "NOMDEPTO": "GENERAL SAN MARTIN", "DEPTO": "371", "FRAC": "53", "RADIO": "07", "TIPO": "U", "LINK": "063715307", "IDRADIO_9": "063715307", "hog_tot": 234, "hog_nbi": 4, "pob_tot": 578, "pct_nbi": 1.70940170940171 }, "geometry": { "type": "MultiPolygon", "coordinates": [ [ [ [ -58.59723328895322, -34.562637411791968 ], [ -58.595964101200849, -34.562635781336155 ], [ -58.594746099944196, -34.562618523406591 ], [ -58.594522692021599, -34.562625673997154 ], [ -58.593461245507015, -34.562616687445015 ], [ -58.59219592108844, -34.562618303563291 ], [ -58.592201757121394, -34.562950967430332 ], [ -58.592231054498306, -34.56379857299175 ], [ -58.592233647425992, -34.563866404279324 ], [ -58.59260827712032, -34.564881820690893 ], [ -58.593013456096976, -34.565862669765771 ], [ -58.593315954840733, -34.56666766324706 ], [ -58.593337958246082, -34.566650582974603 ], [ -58.594607888691826, -34.565646688225719 ], [ -58.595226274582309, -34.565158065131271 ], [ -58.595844653230877, -34.564669439590141 ], [ -58.596040010273214, -34.564515123124998 ], [ -58.596451979660515, -34.564189696301824 ], [ -58.596860112440162, -34.563892437114504 ], [ -58.597097426455313, -34.563710388018997 ], [ -58.597163620001282, -34.563661574505311 ], [ -58.597920563573297, -34.563030314304456 ], [ -58.598124890109915, -34.562865911222801 ], [ -58.598142550620373, -34.562854291932453 ], [ -58.598185484451513, -34.562826046337413 ], [ -58.598242657039854, -34.562774913990161 ], [ -58.598385843689364, -34.562646856535508 ], [ -58.59723328895322, -34.562637411791968 ] ] ] ] } },
{ "type": "Feature", "properties": { "NOMPROV": "BUENOS AIRES", "PROV": "06", "NOMDEPTO": "GENERAL SAN MARTIN", "DEPTO": "371", "FRAC": "26", "RADIO": "08", "TIPO": "U", "LINK": "063712608", "IDRADIO_9": "063712608", "hog_tot": 295, "hog_nbi": 9, "pob_tot": 718, "pct_nbi": 3.050847457627119 }, "geometry": { "type": "MultiPolygon", "coordinates": [ [ [ [ -58.541469022858394, -34.593090951208069 ], [ -58.540584648090537, -34.593801445255316 ], [ -58.540123638808659, -34.59336328811434 ], [ -58.539748548089221, -34.59299826382572 ], [ -58.539699643760933, -34.592942465184358 ], [ -58.539197858138145, -34.593325167037491 ], [ -58.538679058459117, -34.593709783809402 ], [ -58.53822882294893, -34.594204936123134 ], [ -58.537869506700225, -34.594645517739117 ], [ -58.538280436732357, -34.594906873402195 ], [ -58.538527678803064, -34.595059700870401 ], [ -58.542173004268818, -34.59449989093671 ], [ -58.544308624445996, -34.594183022955782 ], [ -58.544132591952156, -34.594022793346909 ], [ -58.543823151957135, -34.593722967233646 ], [ -58.543083048857312, -34.593038128076145 ], [ -58.542342644103371, -34.592371307699914 ], [ -58.54227631748175, -34.592424595634718 ], [ -58.541889096650578, -34.59275346328451 ], [ -58.541469022858394, -34.593090951208069 ] ] ] ] } },
{ "type": "Feature", "properties": { "NOMPROV": "BUENOS AIRES", "PROV": "06", "NOMDEPTO": "GENERAL SAN MARTIN", "DEPTO": "371", "FRAC": "34", "RADIO": "10", "TIPO": "U", "LINK": "063713410", "IDRADIO_9": "063713410", "hog_tot": 170, "hog_nbi": 5, "pob_tot": 426, "pct_nbi": 2.9411764705882351 }, "geometry": { "type": "MultiPolygon", "coordinates": [ [ [ [ -58.564076555632326, -34.56508400219213 ], [ -58.565087808156285, -34.565867824331001 ], [ -58.565840202504944, -34.565701655804766 ], [ -58.566093180640756, -34.565646390314967 ], [ -58.566451728609948, -34.565566397395841 ], [ -58.567543335412594, -34.565322148750816 ], [ -58.568594913017748, -34.565086395513852 ], [ -58.567751464571835, -34.564270904140123 ], [ -58.567118336207606, -34.563704638932244 ], [ -58.566473704493113, -34.563174289274343 ], [ -58.565733642685288, -34.563760482262921 ], [ -58.565247832793695, -34.564133337279756 ], [ -58.564662274972854, -34.564604165420391 ], [ -58.564076555632326, -34.56508400219213 ] ] ] ] } },
{ "type": "Feature", "properties": { "NOMPROV": "BUENOS AIRES", "PROV": "06", "NOMDEPTO": "GENERAL SAN MARTIN", "DEPTO": "371", "FRAC": "37", "RADIO": "09", "TIPO": "U", "LINK": "063713709", "IDRADIO_9": "063713709", "hog_tot": 409, "hog_nbi": 46, "pob_tot": 1218, "pct_nbi": 11.246943765281173 }, "geometry": { "type": "MultiPolygon", "coordinates": [ [ [ [ -58.597650259857986, -34.549289147008011 ], [ -58.598349050482682, -34.549940239850216 ], [ -58.599270578192431, -34.549218572697747 ], [ -58.599658247964975, -34.548904688210413 ], [ -58.599553783015971, -34.548810279122037 ], [ -58.599232110461401, -34.548519573365219 ], [ -58.599121687488349, -34.548419779368025 ], [ -58.598957946004369, -34.548270332546885 ], [ -58.598627683885105, -34.547981430308432 ], [ -58.598360049518625, -34.547747311226246 ], [ -58.598269532223682, -34.547668494166167 ], [ -58.598168349390789, -34.547577003225058 ], [ -58.597791720059384, -34.547231683325236 ], [ -58.597181505556527, -34.546685242808998 ], [ -58.595901661046973, -34.547736668640241 ], [ -58.596498240662548, -34.548251350055708 ], [ -58.597052550104287, -34.548772208356681 ], [ -58.597650259857986, -34.549289147008011 ] ] ] ] } },
{ "type": "Feature", "properties": { "NOMPROV": "BUENOS AIRES", "PROV": "06", "NOMDEPTO": "GENERAL SAN MARTIN", "DEPTO": "371", "FRAC": "01", "RADIO": "04", "TIPO": "U", "LINK": "063710104", "IDRADIO_9": "063710104", "hog_tot": 337, "hog_nbi": 21, "pob_tot": 1028, "pct_nbi": 6.2314540059347179 }, "geometry": { "type": "MultiPolygon", "coordinates": [ [ [ [ -58.581265184919253, -34.510124075613462 ], [ -58.582082933767452, -34.510729109207702 ], [ -58.582798848584588, -34.510134052619414 ], [ -58.583540796974255, -34.509532139480349 ], [ -58.582804631779439, -34.50894169788581 ], [ -58.58174615548235, -34.508126926353505 ], [ -58.580534979693482, -34.507192553272787 ], [ -58.579632931502459, -34.507976209286227 ], [ -58.579167434306243, -34.508380601584335 ], [ -58.580240334855361, -34.509315359387038 ], [ -58.581265184919253, -34.510124075613462 ] ] ] ] } },
{ "type": "Feature", "properties": { "NOMPROV": "BUENOS AIRES", "PROV": "06", "NOMDEPTO": "GENERAL SAN MARTIN", "DEPTO": "371", "FRAC": "11", "RADIO": "06", "TIPO": "U", "LINK": "063711106", "IDRADIO_9": "063711106", "hog_tot": 312, "hog_nbi": 2, "pob_tot": 607, "pct_nbi": 0.64102564102564097 }, "geometry": { "type": "MultiPolygon", "coordinates": [ [ [ [ -58.55832929532064, -34.549127340550257 ], [ -58.558151801740983, -34.548839145774032 ], [ -58.556883536739953, -34.549830793042332 ], [ -58.556451812428058, -34.549504454869535 ], [ -58.556210101259822, -34.549307807678701 ], [ -58.554961139256804, -34.550347603631302 ], [ -58.553646951843717, -34.551377600879917 ], [ -58.553635904164388, -34.55138648345347 ], [ -58.55238703517913, -34.552417239524168 ], [ -58.553170748651659, -34.553084512691619 ], [ -58.553281024770001, -34.55317393347854 ], [ -58.553396358030326, -34.553267454832735 ], [ -58.554684583576204, -34.55225761961951 ], [ -58.555516741157483, -34.551607048754448 ], [ -58.556466816713296, -34.550843130306397 ], [ -58.557438970221646, -34.550061438082835 ], [ -58.558420956532274, -34.549263706246265 ], [ -58.55832929532064, -34.549127340550257 ] ] ] ] } },
{ "type": "Feature", "properties": { "NOMPROV": "BUENOS AIRES", "PROV": "06", "NOMDEPTO": "GENERAL SAN MARTIN", "DEPTO": "371", "FRAC": "04", "RADIO": "04", "TIPO": "U", "LINK": "063710404", "IDRADIO_9": "063710404", "hog_tot": 248, "hog_nbi": 12, "pob_tot": 689, "pct_nbi": 4.8387096774193559 }, "geometry": { "type": "MultiPolygon", "coordinates": [ [ [ [ -58.551717829212748, -34.536969252146299 ], [ -58.552404790724744, -34.537554260787047 ], [ -58.553080872949387, -34.538139136709844 ], [ -58.553768166462582, -34.538706113887073 ], [ -58.555049789122371, -34.537657699214961 ], [ -58.55633091286726, -34.536636305061805 ], [ -58.555654663350985, -34.536060458383915 ], [ -58.554373696492441, -34.537072833904205 ], [ -58.553686567662226, -34.536496847680695 ], [ -58.553021228758354, -34.535921116791997 ], [ -58.551717829212748, -34.536969252146299 ] ] ] ] } },
{ "type": "Feature", "properties": { "NOMPROV": "BUENOS AIRES", "PROV": "06", "NOMDEPTO": "GENERAL SAN MARTIN", "DEPTO": "371", "FRAC": "26", "RADIO": "07", "TIPO": "U", "LINK": "063712607", "IDRADIO_9": "063712607", "hog_tot": 289, "hog_nbi": 8, "pob_tot": 717, "pct_nbi": 2.7681660899653981 }, "geometry": { "type": "MultiPolygon", "coordinates": [ [ [ [ -58.537279659776004, -34.594265002263413 ], [ -58.537869506700225, -34.594645517739117 ], [ -58.53822882294893, -34.594204936123134 ], [ -58.538679058459117, -34.593709783809402 ], [ -58.539197858138145, -34.593325167037491 ], [ -58.539699643760933, -34.592942465184358 ], [ -58.538645740064489, -34.59225586864963 ], [ -58.537814094998069, -34.59167633082572 ], [ -58.537439198749937, -34.591442802736751 ], [ -58.536491572032496, -34.591580720304698 ], [ -58.535405451193036, -34.591694646424223 ], [ -58.534977867389891, -34.591738744111439 ], [ -58.533493836377147, -34.591944800927216 ], [ -58.534371930583319, -34.592436762308829 ], [ -58.535242604342869, -34.592975765672527 ], [ -58.536112450550704, -34.59353642387331 ], [ -58.53701091182544, -34.594094852995141 ], [ -58.537279659776004, -34.594265002263413 ] ] ] ] } },
{ "type": "Feature", "properties": { "NOMPROV": "BUENOS AIRES", "PROV": "06", "NOMDEPTO": "GENERAL SAN MARTIN", "DEPTO": "371", "FRAC": "05", "RADIO": "02", "TIPO": "U", "LINK": "063710502", "IDRADIO_9": "063710502", "hog_tot": 193, "hog_nbi": 5, "pob_tot": 506, "pct_nbi": 2.590673575129534 }, "geometry": { "type": "MultiPolygon", "coordinates": [ [ [ [ -58.547185706945676, -34.539504548099508 ], [ -58.547883979166734, -34.540096453079215 ], [ -58.549154648854028, -34.539056985025617 ], [ -58.550447223109074, -34.538008748826613 ], [ -58.549813938850576, -34.537469435193373 ], [ -58.54911610688039, -34.536884283036883 ], [ -58.547792015326792, -34.537905056683847 ], [ -58.54649389220058, -34.538955281306222 ], [ -58.547185706945676, -34.539504548099508 ] ] ] ] } },
{ "type": "Feature", "properties": { "NOMPROV": "BUENOS AIRES", "PROV": "06", "NOMDEPTO": "GENERAL SAN MARTIN", "DEPTO": "371", "FRAC": "19", "RADIO": "02", "TIPO": "U", "LINK": "063711902", "IDRADIO_9": "063711902", "hog_tot": 337, "hog_nbi": 3, "pob_tot": 654, "pct_nbi": 0.89020771513353103 }, "geometry": { "type": "MultiPolygon", "coordinates": [ [ [ [ -58.554684583576204, -34.55225761961951 ], [ -58.555663463265098, -34.553104402268509 ], [ -58.556653200971482, -34.553927934577288 ], [ -58.557640957415408, -34.554768847817215 ], [ -58.558270517528307, -34.554271531574123 ], [ -58.557359937687799, -34.553377455535255 ], [ -58.556438329694458, -34.552492255892794 ], [ -58.555516741157483, -34.551607048754448 ], [ -58.554684583576204, -34.55225761961951 ] ] ] ] } },
{ "type": "Feature", "properties": { "NOMPROV": "BUENOS AIRES", "PROV": "06", "NOMDEPTO": "GENERAL SAN MARTIN", "DEPTO": "371", "FRAC": "21", "RADIO": "03", "TIPO": "U", "LINK": "063712103", "IDRADIO_9": "063712103", "hog_tot": 389, "hog_nbi": 1, "pob_tot": 992, "pct_nbi": 0.25706940874035999 }, "geometry": { "type": "MultiPolygon", "coordinates": [ [ [ [ -58.545122204525512, -34.55983905960931 ], [ -58.544086207383309, -34.560640795545758 ], [ -58.543012299418407, -34.561499402469614 ], [ -58.544011208440146, -34.562322530714134 ], [ -58.545009980202785, -34.563154661837082 ], [ -58.546091751847385, -34.56230820653029 ], [ -58.547076161172328, -34.561502777855104 ], [ -58.547109310363005, -34.561476132109142 ], [ -58.548103930666102, -34.56066774543622 ], [ -58.547137834316601, -34.559836028244469 ], [ -58.546150128684395, -34.558995031824438 ], [ -58.545122204525512, -34.55983905960931 ] ] ] ] } },
{ "type": "Feature", "properties": { "NOMPROV": "BUENOS AIRES", "PROV": "06", "NOMDEPTO": "GENERAL SAN MARTIN", "DEPTO": "371", "FRAC": "40", "RADIO": "02", "TIPO": "U", "LINK": "063714002", "IDRADIO_9": "063714002", "hog_tot": 356, "hog_nbi": 21, "pob_tot": 1192, "pct_nbi": 5.8988764044943824 }, "geometry": { "type": "MultiPolygon", "coordinates": [ [ [ [ -58.524602840354838, -34.550441343266783 ], [ -58.524294195673413, -34.550888374956827 ], [ -58.523630808814545, -34.551900366929829 ], [ -58.52403287522538, -34.552103551254561 ], [ -58.52425430416497, -34.552219466658883 ], [ -58.524490128923468, -34.552342917836874 ], [ -58.524582895807896, -34.552391479439969 ], [ -58.524713891665421, -34.552458518118705 ], [ -58.524948946726191, -34.552578808028372 ], [ -58.525198461209399, -34.552706497343465 ], [ -58.525826090610941, -34.553006040315914 ], [ -58.526210992769926, -34.552546526215274 ], [ -58.526953101787669, -34.55162897070889 ], [ -58.526313997609776, -34.551322492599574 ], [ -58.525781014294552, -34.551045950078731 ], [ -58.525686978740744, -34.550997157743389 ], [ -58.524603556569623, -34.550440327997627 ], [ -58.524602840354838, -34.550441343266783 ] ] ] ] } },
{ "type": "Feature", "properties": { "NOMPROV": "BUENOS AIRES", "PROV": "06", "NOMDEPTO": "GENERAL SAN MARTIN", "DEPTO": "371", "FRAC": "39", "RADIO": "04", "TIPO": "U", "LINK": "063713904", "IDRADIO_9": "063713904", "hog_tot": 236, "hog_nbi": 7, "pob_tot": 621, "pct_nbi": 2.9661016949152539 }, "geometry": { "type": "MultiPolygon", "coordinates": [ [ [ [ -58.560050844312578, -34.532506989615925 ], [ -58.560693663490007, -34.533073751729596 ], [ -58.561378248943264, -34.532585730469989 ], [ -58.561687644111927, -34.5323279845488 ], [ -58.561732072217318, -34.53229463331126 ], [ -58.562018659801829, -34.532079505927442 ], [ -58.562460889160782, -34.531697133109553 ], [ -58.561741079536816, -34.531120806870327 ], [ -58.561043056821781, -34.530544733207371 ], [ -58.560366357364863, -34.529995947541558 ], [ -58.559626418170645, -34.530599493766651 ], [ -58.558709410975467, -34.531346451303733 ], [ -58.55933428293995, -34.531888802840037 ], [ -58.560050844312578, -34.532506989615925 ] ] ] ] } },
{ "type": "Feature", "properties": { "NOMPROV": "BUENOS AIRES", "PROV": "06", "NOMDEPTO": "GENERAL SAN MARTIN", "DEPTO": "371", "FRAC": "44", "RADIO": "07", "TIPO": "U", "LINK": "063714407", "IDRADIO_9": "063714407", "hog_tot": 418, "hog_nbi": 6, "pob_tot": 1038, "pct_nbi": 1.435406698564593 }, "geometry": { "type": "MultiPolygon", "coordinates": [ [ [ [ -58.564787899581603, -34.539530186052893 ], [ -58.563495630261301, -34.540569565183397 ], [ -58.562214219292578, -34.541609058810963 ], [ -58.563072909049886, -34.54234925914627 ], [ -58.563942504662677, -34.543089582734652 ], [ -58.564715818492211, -34.543747995761414 ], [ -58.564771493689456, -34.543918651970387 ], [ -58.564839682343539, -34.544127667955053 ], [ -58.565756143623084, -34.54340834638068 ], [ -58.566308716017566, -34.542946135579193 ], [ -58.566629180018225, -34.542679494325419 ], [ -58.567556655015451, -34.541951274457993 ], [ -58.56852875475537, -34.541160475939904 ], [ -58.568854574011006, -34.540898397222634 ], [ -58.568692207517088, -34.540758251090601 ], [ -58.56855466059676, -34.540639525192574 ], [ -58.567768536683538, -34.539953190954506 ], [ -58.566927940551146, -34.53923083801071 ], [ -58.566069091072762, -34.538499675148536 ], [ -58.564787899581603, -34.539530186052893 ] ] ] ] } },
{ "type": "Feature", "properties": { "NOMPROV": "BUENOS AIRES", "PROV": "06", "NOMDEPTO": "GENERAL SAN MARTIN", "DEPTO": "371", "FRAC": "45", "RADIO": "04", "TIPO": "U", "LINK": "063714504", "IDRADIO_9": "063714504", "hog_tot": 474, "hog_nbi": 63, "pob_tot": 1533, "pct_nbi": 13.291139240506327 }, "geometry": { "type": "MultiPolygon", "coordinates": [ [ [ [ -58.590992282258703, -34.53840225663189 ], [ -58.59007137779507, -34.539103697082759 ], [ -58.589347599980137, -34.539690225758044 ], [ -58.590141934890902, -34.540384427461746 ], [ -58.590942928765408, -34.541045395030771 ], [ -58.591621364842716, -34.540500650754673 ], [ -58.592307582620627, -34.540006738481502 ], [ -58.592659295361727, -34.540314322112138 ], [ -58.593300444663477, -34.540852500843215 ], [ -58.593861704828825, -34.541355731913086 ], [ -58.595189787459006, -34.540356456031589 ], [ -58.594628757598478, -34.539849795862871 ], [ -58.593958183864743, -34.539244872504369 ], [ -58.593596617435814, -34.5389364435568 ], [ -58.593473476573081, -34.539035974017352 ], [ -58.592663933151897, -34.538385661230365 ], [ -58.59188217074373, -34.537691507128955 ], [ -58.590992282258703, -34.53840225663189 ] ] ] ] } },
{ "type": "Feature", "properties": { "NOMPROV": "BUENOS AIRES", "PROV": "06", "NOMDEPTO": "GENERAL SAN MARTIN", "DEPTO": "371", "FRAC": "52", "RADIO": "05", "TIPO": "U", "LINK": "063715205", "IDRADIO_9": "063715205", "hog_tot": 250, "hog_nbi": 12, "pob_tot": 706, "pct_nbi": 4.8 }, "geometry": { "type": "MultiPolygon", "coordinates": [ [ [ [ -58.571548620001714, -34.578601716144384 ], [ -58.57264241750832, -34.579541869502435 ], [ -58.57345037455994, -34.578912392073242 ], [ -58.574278916902593, -34.578255080760165 ], [ -58.573172411662455, -34.577322777416626 ], [ -58.572055652573887, -34.57635429040711 ], [ -58.571238163122565, -34.577002702775047 ], [ -58.570464549359336, -34.577633597404137 ], [ -58.571548620001714, -34.578601716144384 ] ] ] ] } },
{ "type": "Feature", "properties": { "NOMPROV": "BUENOS AIRES", "PROV": "06", "NOMDEPTO": "GENERAL SAN MARTIN", "DEPTO": "371", "FRAC": "34", "RADIO": "12", "TIPO": "U", "LINK": "063713412", "IDRADIO_9": "063713412", "hog_tot": 130, "hog_nbi": 8, "pob_tot": 425, "pct_nbi": 6.1538461538461542 }, "geometry": { "type": "MultiPolygon", "coordinates": [ [ [ [ -58.568733125294564, -34.561613927688676 ], [ -58.569228197766343, -34.562047790821119 ], [ -58.570299430902445, -34.56115947404566 ], [ -58.570929404375448, -34.560667766021538 ], [ -58.570295725190974, -34.560129751649711 ], [ -58.569983373630116, -34.560381774423711 ], [ -58.569810281520226, -34.560520947067161 ], [ -58.569671654093355, -34.560632407581991 ], [ -58.569508008863323, -34.560759450175851 ], [ -58.569173979082926, -34.561018763713967 ], [ -58.568793148514075, -34.561314406182397 ], [ -58.568580085825729, -34.561479808043231 ], [ -58.568733125294564, -34.561613927688676 ] ] ] ] } },
{ "type": "Feature", "properties": { "NOMPROV": "BUENOS AIRES", "PROV": "06", "NOMDEPTO": "GENERAL SAN MARTIN", "DEPTO": "371", "FRAC": "01", "RADIO": "12", "TIPO": "U", "LINK": "063710112", "IDRADIO_9": "063710112", "hog_tot": 245, "hog_nbi": 58, "pob_tot": 832, "pct_nbi": 23.673469387755102 }, "geometry": { "type": "MultiPolygon", "coordinates": [ [ [ [ -58.587202030291223, -34.509535412753515 ], [ -58.58780871473148, -34.508804947824778 ], [ -58.587809735017771, -34.508803719353011 ], [ -58.588120692015167, -34.508432858634144 ], [ -58.588253860237849, -34.5082871006923 ], [ -58.588279617481824, -34.508258907374874 ], [ -58.588544777048376, -34.507982656282245 ], [ -58.58849107936215, -34.507948023943058 ], [ -58.588481972318647, -34.507942150014344 ], [ -58.588129710031481, -34.507718367470908 ], [ -58.587697210293321, -34.507436005395164 ], [ -58.587751288228795, -34.507304271683736 ], [ -58.587379996725431, -34.507028105436476 ], [ -58.586899370995646, -34.506737536891613 ], [ -58.586517082893167, -34.507081265780506 ], [ -58.586325175352002, -34.507253814512211 ], [ -58.586111121483597, -34.507446274452448 ], [ -58.585624528065644, -34.50780299480148 ], [ -58.58527753084082, -34.508057374716124 ], [ -58.586020827487729, -34.50866269165499 ], [ -58.586863404837153, -34.509286486806303 ], [ -58.587202030291223, -34.509535412753515 ] ] ] ] } },
{ "type": "Feature", "properties": { "NOMPROV": "BUENOS AIRES", "PROV": "06", "NOMDEPTO": "GENERAL SAN MARTIN", "DEPTO": "371", "FRAC": "01", "RADIO": "05", "TIPO": "U", "LINK": "063710105", "IDRADIO_9": "063710105", "hog_tot": 193, "hog_nbi": 23, "pob_tot": 574, "pct_nbi": 11.917098445595855 }, "geometry": { "type": "MultiPolygon", "coordinates": [ [ [ [ -58.582804631779439, -34.50894169788581 ], [ -58.583540796974255, -34.509532139480349 ], [ -58.58457622847822, -34.508642424179222 ], [ -58.58527753084082, -34.508057374716124 ], [ -58.584533597422507, -34.507496656826561 ], [ -58.584188626535088, -34.507766627155192 ], [ -58.583757375077298, -34.508106044369612 ], [ -58.583296863338035, -34.508471494329058 ], [ -58.583224302486748, -34.508540808022531 ], [ -58.582804631779439, -34.50894169788581 ] ] ] ] } },
{ "type": "Feature", "properties": { "NOMPROV": "BUENOS AIRES", "PROV": "06", "NOMDEPTO": "GENERAL SAN MARTIN", "DEPTO": "371", "FRAC": "37", "RADIO": "13", "TIPO": "U", "LINK": "063713713", "IDRADIO_9": "063713713", "hog_tot": 220, "hog_nbi": 26, "pob_tot": 696, "pct_nbi": 11.818181818181818 }, "geometry": { "type": "MultiPolygon", "coordinates": [ [ [ [ -58.602896664084568, -34.551907224909613 ], [ -58.60255967946469, -34.552160631237648 ], [ -58.602226474356236, -34.551866203908581 ], [ -58.60188229111079, -34.552144167117582 ], [ -58.601736088173197, -34.552262239186391 ], [ -58.601526959480445, -34.552431129606006 ], [ -58.60177926327281, -34.552659119156907 ], [ -58.601783664443097, -34.552663095861774 ], [ -58.602003384108983, -34.552861639494338 ], [ -58.602077691346281, -34.552928784971009 ], [ -58.602160240895529, -34.553003378023966 ], [ -58.602355016740738, -34.553179379192485 ], [ -58.602634952074681, -34.553427030007597 ], [ -58.602710913171009, -34.553494229189965 ], [ -58.60277711900271, -34.553552799782729 ], [ -58.602852921427541, -34.55361985915512 ], [ -58.603261871617462, -34.553981639823235 ], [ -58.60399631903249, -34.553420540673862 ], [ -58.604214141279449, -34.55326103566761 ], [ -58.604295495744083, -34.553201461580265 ], [ -58.604305910575519, -34.553193835323725 ], [ -58.604371915644457, -34.553145501333688 ], [ -58.604906659131629, -34.552753916590447 ], [ -58.605436757229477, -34.552361776096674 ], [ -58.605435413121391, -34.552360587179201 ], [ -58.604686047270519, -34.551697694633305 ], [ -58.604684486793658, -34.551698830530263 ], [ -58.604160677325829, -34.552080292869334 ], [ -58.603825007012539, -34.551815268141183 ], [ -58.603767052392314, -34.551769510582446 ], [ -58.603431796395448, -34.551504809510838 ], [ -58.603241040806552, -34.55164825701479 ], [ -58.603162842956301, -34.551707061633138 ], [ -58.602918549845633, -34.551890766988173 ], [ -58.602896664084568, -34.551907224909613 ] ] ] ] } },
{ "type": "Feature", "properties": { "NOMPROV": "BUENOS AIRES", "PROV": "06", "NOMDEPTO": "GENERAL SAN MARTIN", "DEPTO": "371", "FRAC": "20", "RADIO": "07", "TIPO": "U", "LINK": "063712007", "IDRADIO_9": "063712007", "hog_tot": 439, "hog_nbi": 10, "pob_tot": 1110, "pct_nbi": 2.2779043280182232 }, "geometry": { "type": "MultiPolygon", "coordinates": [ [ [ [ -58.555780650900616, -34.560048434774423 ], [ -58.555075968372833, -34.560614968785075 ], [ -58.55449398410704, -34.561032125030856 ], [ -58.553774734337352, -34.561571377947949 ], [ -58.553095076475593, -34.562086919914442 ], [ -58.552443400075497, -34.562563629059412 ], [ -58.551944969917287, -34.562927061843986 ], [ -58.551236479482156, -34.563374644721684 ], [ -58.550551143033346, -34.563869958613651 ], [ -58.550139369825025, -34.563918747539773 ], [ -58.550191646673738, -34.564045556738037 ], [ -58.550589233504681, -34.565019919885231 ], [ -58.550938703335056, -34.564923735355784 ], [ -58.551709384290376, -34.564655900416405 ], [ -58.552031371779364, -34.564540335785409 ], [ -58.552456082186858, -34.564308038635396 ], [ -58.552932140504325, -34.564061882166726 ], [ -58.553217323273039, -34.563910893183625 ], [ -58.554116827797493, -34.563390760841969 ], [ -58.555048383575397, -34.562886035554833 ], [ -58.555476144561702, -34.562637591782227 ], [ -58.555788921993795, -34.563423590545177 ], [ -58.556379673938373, -34.564401882387685 ], [ -58.557707653393955, -34.56366516312513 ], [ -58.559091025285447, -34.562916101760365 ], [ -58.559267026856361, -34.562819031315605 ], [ -58.559774329255966, -34.562464480818434 ], [ -58.558566890646745, -34.561720139231703 ], [ -58.557596318562723, -34.561140826576157 ], [ -58.55671970301276, -34.560603407735286 ], [ -58.555780650900616, -34.560048434774423 ] ] ] ] } },
{ "type": "Feature", "properties": { "NOMPROV": "BUENOS AIRES", "PROV": "06", "NOMDEPTO": "GENERAL SAN MARTIN", "DEPTO": "371", "FRAC": "22", "RADIO": "01", "TIPO": "U", "LINK": "063712201", "IDRADIO_9": "063712201", "hog_tot": 432, "hog_nbi": 4, "pob_tot": 976, "pct_nbi": 0.92592592592592604 }, "geometry": { "type": "MultiPolygon", "coordinates": [ [ [ [ -58.536179064545706, -34.569070024251147 ], [ -58.53623803347925, -34.569124812014628 ], [ -58.536289155359285, -34.569163043534068 ], [ -58.535945229881705, -34.569601227417557 ], [ -58.535144631404741, -34.570621217784868 ], [ -58.535139987061022, -34.570626514205358 ], [ -58.536008368944906, -34.571348366502491 ], [ -58.536759751520577, -34.571997329125878 ], [ -58.536888904365412, -34.572089011703426 ], [ -58.537541296142052, -34.571547013782947 ], [ -58.53792795878465, -34.571245191351331 ], [ -58.538027426723417, -34.571165262178809 ], [ -58.538978045081805, -34.570392480403278 ], [ -58.54007247259063, -34.569495223326847 ], [ -58.5399541352512, -34.569408180189455 ], [ -58.540009471716836, -34.56935926834668 ], [ -58.539279558671019, -34.568728610167582 ], [ -58.538721276157034, -34.568253230037357 ], [ -58.538237994619244, -34.567850852180577 ], [ -58.537787083363355, -34.567466888009434 ], [ -58.537683219275081, -34.567386859098079 ], [ -58.537561313145289, -34.567292928836252 ], [ -58.537483163560793, -34.567400152555955 ], [ -58.536669765384943, -34.568426944368611 ], [ -58.536179064545706, -34.569070024251147 ] ] ] ] } },
{ "type": "Feature", "properties": { "NOMPROV": "BUENOS AIRES", "PROV": "06", "NOMDEPTO": "GENERAL SAN MARTIN", "DEPTO": "371", "FRAC": "34", "RADIO": "07", "TIPO": "U", "LINK": "063713407", "IDRADIO_9": "063713407", "hog_tot": 395, "hog_nbi": 9, "pob_tot": 1103, "pct_nbi": 2.278481012658228 }, "geometry": { "type": "MultiPolygon", "coordinates": [ [ [ [ -58.565099488529249, -34.561986392711027 ], [ -58.565786128004376, -34.56260737779256 ], [ -58.566473704493113, -34.563174289274343 ], [ -58.567118336207606, -34.563704638932244 ], [ -58.567751464571835, -34.564270904140123 ], [ -58.568594913017748, -34.565086395513852 ], [ -58.56955032359221, -34.564875130503808 ], [ -58.571019526805863, -34.564540409326881 ], [ -58.572239096568936, -34.564286221511374 ], [ -58.572510363083822, -34.564222499074511 ], [ -58.571828884714705, -34.563657066972297 ], [ -58.57110526687233, -34.56303038880089 ], [ -58.570189030425723, -34.562301394318375 ], [ -58.569818264032769, -34.562582760569725 ], [ -58.569228197766343, -34.562047790821119 ], [ -58.568733125294564, -34.561613927688676 ], [ -58.568580085825729, -34.561479808043231 ], [ -58.568198169822786, -34.561138971024114 ], [ -58.567919328406113, -34.560890119603684 ], [ -58.567719237104228, -34.560710707572191 ], [ -58.567612721454893, -34.560615200151645 ], [ -58.567492640973647, -34.560507528397949 ], [ -58.567424412109688, -34.5604463508908 ], [ -58.567252199777457, -34.560291934284216 ], [ -58.56606049482037, -34.561222529662288 ], [ -58.565099488529249, -34.561986392711027 ] ] ] ] } },
{ "type": "Feature", "properties": { "NOMPROV": "BUENOS AIRES", "PROV": "06", "NOMDEPTO": "GENERAL SAN MARTIN", "DEPTO": "371", "FRAC": "19", "RADIO": "09", "TIPO": "U", "LINK": "063711909", "IDRADIO_9": "063711909", "hog_tot": 380, "hog_nbi": 2, "pob_tot": 794, "pct_nbi": 0.52631578947368396 }, "geometry": { "type": "MultiPolygon", "coordinates": [ [ [ [ -58.557662275094536, -34.554796140105665 ], [ -58.558284535478684, -34.555353311613707 ], [ -58.558549213128956, -34.555167154492679 ], [ -58.559415168913112, -34.556123789493924 ], [ -58.55991153669401, -34.555769108472745 ], [ -58.561070902006357, -34.554872421522234 ], [ -58.561093772704837, -34.554809596802663 ], [ -58.560331762601542, -34.554142630528226 ], [ -58.559408560594015, -34.553347567928917 ], [ -58.558270517528307, -34.554271531574123 ], [ -58.557640957415408, -34.554768847817215 ], [ -58.557662275094536, -34.554796140105665 ] ] ] ] } },
{ "type": "Feature", "properties": { "NOMPROV": "BUENOS AIRES", "PROV": "06", "NOMDEPTO": "GENERAL SAN MARTIN", "DEPTO": "371", "FRAC": "14", "RADIO": "03", "TIPO": "U", "LINK": "063711403", "IDRADIO_9": "063711403", "hog_tot": 207, "hog_nbi": 11, "pob_tot": 578, "pct_nbi": 5.3140096618357484 }, "geometry": { "type": "MultiPolygon", "coordinates": [ [ [ [ -58.576980744568985, -34.526400498535359 ], [ -58.577761622694766, -34.527075039654392 ], [ -58.578539766731772, -34.526418306051212 ], [ -58.579373528893974, -34.525763821406294 ], [ -58.578638466432267, -34.525135339387411 ], [ -58.577862481551911, -34.524475620475428 ], [ -58.577034746013382, -34.523755380738507 ], [ -58.576213018776485, -34.524424230431364 ], [ -58.575449413315511, -34.525082711693166 ], [ -58.576202470990559, -34.525743356469519 ], [ -58.576980744568985, -34.526400498535359 ] ] ] ] } },
{ "type": "Feature", "properties": { "NOMPROV": "BUENOS AIRES", "PROV": "06", "NOMDEPTO": "GENERAL SAN MARTIN", "DEPTO": "371", "FRAC": "17", "RADIO": "03", "TIPO": "U", "LINK": "063711703", "IDRADIO_9": "063711703", "hog_tot": 213, "hog_nbi": 12, "pob_tot": 588, "pct_nbi": 5.6338028169014098 }, "geometry": { "type": "MultiPolygon", "coordinates": [ [ [ [ -58.576124041624794, -34.538739445646414 ], [ -58.576423291134425, -34.539937878555072 ], [ -58.577413254293113, -34.539523373404151 ], [ -58.578628965312866, -34.538969780444489 ], [ -58.578328720661453, -34.538199788604125 ], [ -58.578260520937057, -34.538007939400615 ], [ -58.577970044027026, -34.53715163604307 ], [ -58.577888559949095, -34.536930057640568 ], [ -58.576623958896882, -34.53722987953013 ], [ -58.575616775984898, -34.537444330135123 ], [ -58.576124041624794, -34.538739445646414 ] ] ] ] } },
{ "type": "Feature", "properties": { "NOMPROV": "BUENOS AIRES", "PROV": "06", "NOMDEPTO": "GENERAL SAN MARTIN", "DEPTO": "371", "FRAC": "06", "RADIO": "02", "TIPO": "U", "LINK": "063710602", "IDRADIO_9": "063710602", "hog_tot": 296, "hog_nbi": 16, "pob_tot": 862, "pct_nbi": 5.4054054054054061 }, "geometry": { "type": "MultiPolygon", "coordinates": [ [ [ [ -58.533476006296496, -34.543315764069327 ], [ -58.53417168923184, -34.542804658174887 ], [ -58.533618613473841, -34.542368594134878 ], [ -58.53313550234602, -34.541966199748252 ], [ -58.532629140985755, -34.541525278177659 ], [ -58.531971210197675, -34.54206853324218 ], [ -58.531491183087446, -34.542559345459999 ], [ -58.531003611316102, -34.543031191642477 ], [ -58.530526924584834, -34.543503166783708 ], [ -58.530260956037992, -34.54376135421397 ], [ -58.530238857935949, -34.543779115072844 ], [ -58.530776734935849, -34.544164152963731 ], [ -58.531088763508514, -34.544384230277728 ], [ -58.531593232990566, -34.543881040131801 ], [ -58.531759821743698, -34.544009231917713 ], [ -58.532141137425768, -34.544315766653192 ], [ -58.533476006296496, -34.543315764069327 ] ] ] ] } },
{ "type": "Feature", "properties": { "NOMPROV": "BUENOS AIRES", "PROV": "06", "NOMDEPTO": "GENERAL SAN MARTIN", "DEPTO": "371", "FRAC": "06", "RADIO": "12", "TIPO": "U", "LINK": "063710612", "IDRADIO_9": "063710612", "hog_tot": 350, "hog_nbi": 15, "pob_tot": 1047, "pct_nbi": 4.2857142857142856 }, "geometry": { "type": "MultiPolygon", "coordinates": [ [ [ [ -58.541189530072167, -34.550108194413831 ], [ -58.540181980245187, -34.550986436428147 ], [ -58.538985568553379, -34.551928974716148 ], [ -58.538103935271543, -34.551322374351543 ], [ -58.537521430485803, -34.551695112899409 ], [ -58.538345017909457, -34.552394127702719 ], [ -58.539189153156805, -34.553095648026556 ], [ -58.540008991753147, -34.553802107943405 ], [ -58.540755893621487, -34.553146354788673 ], [ -58.541769472447854, -34.552315872572969 ], [ -58.542384961240629, -34.551839131673141 ], [ -58.542838414989959, -34.55147462599114 ], [ -58.543844874256592, -34.550612102515935 ], [ -58.543139229331537, -34.549846555074922 ], [ -58.542764470641536, -34.549472531460367 ], [ -58.54242223328901, -34.549107908469743 ], [ -58.542234408040272, -34.54925889357196 ], [ -58.541189530072167, -34.550108194413831 ] ] ] ] } },
{ "type": "Feature", "properties": { "NOMPROV": "BUENOS AIRES", "PROV": "06", "NOMDEPTO": "GENERAL SAN MARTIN", "DEPTO": "371", "FRAC": "12", "RADIO": "13", "TIPO": "U", "LINK": "063711213", "IDRADIO_9": "063711213", "hog_tot": 277, "hog_nbi": 6, "pob_tot": 725, "pct_nbi": 2.1660649819494582 }, "geometry": { "type": "MultiPolygon", "coordinates": [ [ [ [ -58.554904610475639, -34.5460565292721 ], [ -58.55577416897777, -34.546796909772674 ], [ -58.557088412448437, -34.545757875668968 ], [ -58.556197226302658, -34.545008235157304 ], [ -58.555305744641821, -34.544276611722978 ], [ -58.554436214713441, -34.543536229238761 ], [ -58.55314375799594, -34.544575493352006 ], [ -58.554046270054158, -34.545298249507873 ], [ -58.554904610475639, -34.5460565292721 ] ] ] ] } },
{ "type": "Feature", "properties": { "NOMPROV": "BUENOS AIRES", "PROV": "06", "NOMDEPTO": "GENERAL SAN MARTIN", "DEPTO": "371", "FRAC": "52", "RADIO": "02", "TIPO": "U", "LINK": "063715202", "IDRADIO_9": "063715202", "hog_tot": 385, "hog_nbi": 22, "pob_tot": 1156, "pct_nbi": 5.7142857142857144 }, "geometry": { "type": "MultiPolygon", "coordinates": [ [ [ [ -58.568020482109439, -34.573999567320598 ], [ -58.567876687832502, -34.57412406837593 ], [ -58.567081132617837, -34.574763696906288 ], [ -58.568186916774224, -34.575732099909267 ], [ -58.569314978886062, -34.576673714793898 ], [ -58.570453808451852, -34.577624458127282 ], [ -58.570464549359336, -34.577633597404137 ], [ -58.571238163122565, -34.577002702775047 ], [ -58.572055652573887, -34.57635429040711 ], [ -58.570938611968913, -34.575403816984988 ], [ -58.569822058760678, -34.574426298861667 ], [ -58.568705068242451, -34.573475805955468 ], [ -58.568020482109439, -34.573999567320598 ] ] ] ] } },
{ "type": "Feature", "properties": { "NOMPROV": "BUENOS AIRES", "PROV": "06", "NOMDEPTO": "GENERAL SAN MARTIN", "DEPTO": "371", "FRAC": "28", "RADIO": "06", "TIPO": "U", "LINK": "063712806", "IDRADIO_9": "063712806", "hog_tot": 215, "hog_nbi": 18, "pob_tot": 676, "pct_nbi": 8.3720930232558164 }, "geometry": { "type": "MultiPolygon", "coordinates": [ [ [ [ -58.555264789068922, -34.588847541310997 ], [ -58.555793263295058, -34.58916926725685 ], [ -58.55655944256003, -34.589610976793196 ], [ -58.557584191900091, -34.590226993586974 ], [ -58.558060227505592, -34.589799977004702 ], [ -58.558913437339967, -34.588989837518653 ], [ -58.557955472348404, -34.588293500357921 ], [ -58.556792830611734, -34.587459534662834 ], [ -58.555907551074604, -34.588233226210306 ], [ -58.555264789068922, -34.588847541310997 ] ] ] ] } },
{ "type": "Feature", "properties": { "NOMPROV": "BUENOS AIRES", "PROV": "06", "NOMDEPTO": "GENERAL SAN MARTIN", "DEPTO": "371", "FRAC": "52", "RADIO": "07", "TIPO": "U", "LINK": "063715207", "IDRADIO_9": "063715207", "hog_tot": 469, "hog_nbi": 23, "pob_tot": 1356, "pct_nbi": 4.9040511727078897 }, "geometry": { "type": "MultiPolygon", "coordinates": [ [ [ [ -58.575395573375694, -34.579232560055353 ], [ -58.57632807210495, -34.580068295830159 ], [ -58.576334862170796, -34.580062946240034 ], [ -58.576604522152429, -34.579850494474222 ], [ -58.577163330819019, -34.579410232036828 ], [ -58.577981394626406, -34.578765700238797 ], [ -58.578786978234838, -34.578134528565329 ], [ -58.579458434354287, -34.577608511369625 ], [ -58.580083168179087, -34.577119088506151 ], [ -58.580468267397187, -34.576816383299651 ], [ -58.579483159585678, -34.57597227509148 ], [ -58.578344399443026, -34.575012602126129 ], [ -58.57752697083864, -34.575661058296802 ], [ -58.576720423516484, -34.576309636566769 ], [ -58.575913863686537, -34.576958208227929 ], [ -58.575096243368591, -34.577615659545003 ], [ -58.574278916902593, -34.578255080760165 ], [ -58.575395573375694, -34.579232560055353 ] ] ] ] } },
{ "type": "Feature", "properties": { "NOMPROV": "BUENOS AIRES", "PROV": "06", "NOMDEPTO": "GENERAL SAN MARTIN", "DEPTO": "371", "FRAC": "11", "RADIO": "13", "TIPO": "U", "LINK": "063711113", "IDRADIO_9": "063711113", "hog_tot": 129, "hog_nbi": 1, "pob_tot": 250, "pct_nbi": 0.775193798449612 }, "geometry": { "type": "MultiPolygon", "coordinates": [ [ [ [ -58.551918688187875, -34.54989693249864 ], [ -58.550647725734052, -34.55094543676541 ], [ -58.551517294710074, -34.551685846448358 ], [ -58.552798993726711, -34.550646474895387 ], [ -58.551918688187875, -34.54989693249864 ] ] ] ] } },
{ "type": "Feature", "properties": { "NOMPROV": "BUENOS AIRES", "PROV": "06", "NOMDEPTO": "GENERAL SAN MARTIN", "DEPTO": "371", "FRAC": "18", "RADIO": "08", "TIPO": "U", "LINK": "063711808", "IDRADIO_9": "063711808", "hog_tot": 255, "hog_nbi": 10, "pob_tot": 723, "pct_nbi": 3.9215686274509798 }, "geometry": { "type": "MultiPolygon", "coordinates": [ [ [ [ -58.57319920572796, -34.554068371063146 ], [ -58.572392378522267, -34.554743961443094 ], [ -58.571536191853504, -34.553977449633578 ], [ -58.570569523960884, -34.554809249302892 ], [ -58.571413239062736, -34.555536373513192 ], [ -58.572269705388926, -34.556226532614438 ], [ -58.573221605280992, -34.555460938596212 ], [ -58.573573174196383, -34.555179899244543 ], [ -58.5740492343337, -34.554790101563889 ], [ -58.574782281922225, -34.554209121328078 ], [ -58.575121334297876, -34.553917434074421 ], [ -58.574116687737266, -34.55329989288623 ], [ -58.57319920572796, -34.554068371063146 ] ] ] ] } },
{ "type": "Feature", "properties": { "NOMPROV": "BUENOS AIRES", "PROV": "06", "NOMDEPTO": "GENERAL SAN MARTIN", "DEPTO": "371", "FRAC": "33", "RADIO": "04", "TIPO": "U", "LINK": "063713304", "IDRADIO_9": "063713304", "hog_tot": 323, "hog_nbi": 20, "pob_tot": 927, "pct_nbi": 6.1919504643962862 }, "geometry": { "type": "MultiPolygon", "coordinates": [ [ [ [ -58.575591929733427, -34.565748825996714 ], [ -58.574774444142164, -34.566462262860597 ], [ -58.573968429133721, -34.567083790521579 ], [ -58.572940521112784, -34.56793706683704 ], [ -58.572241361898783, -34.568676466248391 ], [ -58.572739660929074, -34.569164653933434 ], [ -58.572777493257782, -34.569188031123488 ], [ -58.573377863656958, -34.569762898083496 ], [ -58.573621076254817, -34.569558430978717 ], [ -58.574206467016481, -34.569096571502293 ], [ -58.574438473883156, -34.56890999963246 ], [ -58.57527779951937, -34.568252804177902 ], [ -58.576095017894282, -34.56761337264998 ], [ -58.576933895625288, -34.566907319668488 ], [ -58.576182024524861, -34.566280025267787 ], [ -58.575591929733427, -34.565748825996714 ] ] ] ] } },
{ "type": "Feature", "properties": { "NOMPROV": "BUENOS AIRES", "PROV": "06", "NOMDEPTO": "GENERAL SAN MARTIN", "DEPTO": "371", "FRAC": "18", "RADIO": "04", "TIPO": "U", "LINK": "063711804", "IDRADIO_9": "063711804", "hog_tot": 281, "hog_nbi": 8, "pob_tot": 739, "pct_nbi": 2.8469750889679708 }, "geometry": { "type": "MultiPolygon", "coordinates": [ [ [ [ -58.566719675658739, -34.551517047783619 ], [ -58.567622022775488, -34.552249073759612 ], [ -58.568494506505033, -34.55300225548131 ], [ -58.56911210217104, -34.553533804411835 ], [ -58.569380699928153, -34.553753275286724 ], [ -58.570341725024001, -34.552980362521545 ], [ -58.571137195507362, -34.55233169305879 ], [ -58.570224961793187, -34.551585960203703 ], [ -58.569337878730018, -34.550834050931499 ], [ -58.568498075868106, -34.550156841031445 ], [ -58.568199482356356, -34.550366525472377 ], [ -58.567654823773807, -34.550771059298548 ], [ -58.566719675658739, -34.551517047783619 ] ] ] ] } },
{ "type": "Feature", "properties": { "NOMPROV": "BUENOS AIRES", "PROV": "06", "NOMDEPTO": "GENERAL SAN MARTIN", "DEPTO": "371", "FRAC": "37", "RADIO": "03", "TIPO": "U", "LINK": "063713703", "IDRADIO_9": "063713703", "hog_tot": 215, "hog_nbi": 43, "pob_tot": 751, "pct_nbi": 20.0 }, "geometry": { "type": "MultiPolygon", "coordinates": [ [ [ [ -58.594492738409784, -34.54427868674685 ], [ -58.594839799140999, -34.544586793845333 ], [ -58.596064447459007, -34.543648402400486 ], [ -58.597274053706954, -34.542715508391602 ], [ -58.597084381438926, -34.542527719537148 ], [ -58.597016468740783, -34.542460480516617 ], [ -58.596699398171687, -34.542146553553607 ], [ -58.596488321362472, -34.541912798386669 ], [ -58.596728690106303, -34.541730779208685 ], [ -58.596902425276888, -34.541609347176035 ], [ -58.597439817949194, -34.541225485018735 ], [ -58.597353320531312, -34.54106133630016 ], [ -58.596599149167204, -34.541624097730477 ], [ -58.595203990177517, -34.542625540034102 ], [ -58.593881289302765, -34.543565858418667 ], [ -58.594071677840653, -34.54371056669877 ], [ -58.593946562990965, -34.543803816651547 ], [ -58.594211647296113, -34.544029142098907 ], [ -58.594492738409784, -34.54427868674685 ] ] ] ] } },
{ "type": "Feature", "properties": { "NOMPROV": "BUENOS AIRES", "PROV": "06", "NOMDEPTO": "GENERAL SAN MARTIN", "DEPTO": "371", "FRAC": "54", "RADIO": "04", "TIPO": "U", "LINK": "063715404", "IDRADIO_9": "063715404", "hog_tot": 215, "hog_nbi": 51, "pob_tot": 680, "pct_nbi": 23.720930232558139 }, "geometry": { "type": "MultiPolygon", "coordinates": [ [ [ [ -58.59555315019837, -34.554803209694882 ], [ -58.59572527514532, -34.554857853193575 ], [ -58.59599203177487, -34.554577229097738 ], [ -58.595993902744254, -34.55457526043093 ], [ -58.596121254381956, -34.554441287905149 ], [ -58.59644549841925, -34.554082999062324 ], [ -58.595795383346058, -34.553900251850841 ], [ -58.595622520206774, -34.553851658865312 ], [ -58.595546335439849, -34.553830243267058 ], [ -58.595299079241592, -34.553760737921529 ], [ -58.595088448728951, -34.553597230644883 ], [ -58.594928618390099, -34.553473156915828 ], [ -58.594816385146103, -34.553406639603509 ], [ -58.594745410346349, -34.553364575816964 ], [ -58.594549840106588, -34.553248667442183 ], [ -58.594342187202713, -34.553095154925671 ], [ -58.593931084170293, -34.553443436835437 ], [ -58.593803523954456, -34.553549812477755 ], [ -58.59368607297975, -34.553642356019317 ], [ -58.593618680419539, -34.553695457038295 ], [ -58.593224262195314, -34.554006231437768 ], [ -58.593197698937303, -34.554027171083902 ], [ -58.593233221087559, -34.554057390858823 ], [ -58.593291657320989, -34.554096221195948 ], [ -58.593357500598621, -34.554123213773913 ], [ -58.593770113134397, -34.55425603711025 ], [ -58.593901218514617, -34.554298240665304 ], [ -58.5942105488378, -34.554397814433898 ], [ -58.594452132652286, -34.554475579763817 ], [ -58.594532356315135, -34.554479763630226 ], [ -58.594556026150158, -34.5544865276864 ], [ -58.594671489157975, -34.554519523285585 ], [ -58.59555315019837, -34.554803209694882 ] ] ] ] } },
{ "type": "Feature", "properties": { "NOMPROV": "BUENOS AIRES", "PROV": "06", "NOMDEPTO": "GENERAL SAN MARTIN", "DEPTO": "371", "FRAC": "30", "RADIO": "07", "TIPO": "U", "LINK": "063713007", "IDRADIO_9": "063713007", "hog_tot": 208, "hog_nbi": 13, "pob_tot": 576, "pct_nbi": 6.25 }, "geometry": { "type": "MultiPolygon", "coordinates": [ [ [ [ -58.549816195736547, -34.574237048713726 ], [ -58.55075021155244, -34.575015760263476 ], [ -58.551515246870615, -34.575679571424381 ], [ -58.552417601969765, -34.576429377964082 ], [ -58.552969803844924, -34.577283210177498 ], [ -58.553828186887984, -34.57658831702917 ], [ -58.554434261892318, -34.576088388499578 ], [ -58.555434066100815, -34.575313597009355 ], [ -58.554692597390911, -34.57467258756899 ], [ -58.553554089846898, -34.573729815419618 ], [ -58.552054753729628, -34.572447767126192 ], [ -58.551884240435562, -34.572587867824055 ], [ -58.55084629485853, -34.573423651948097 ], [ -58.550497846154379, -34.573700669805589 ], [ -58.549816195736547, -34.574237048713726 ] ] ] ] } },
{ "type": "Feature", "properties": { "NOMPROV": "BUENOS AIRES", "PROV": "06", "NOMDEPTO": "GENERAL SAN MARTIN", "DEPTO": "371", "FRAC": "14", "RADIO": "04", "TIPO": "U", "LINK": "063711404", "IDRADIO_9": "063711404", "hog_tot": 283, "hog_nbi": 32, "pob_tot": 961, "pct_nbi": 11.307420494699649 }, "geometry": { "type": "MultiPolygon", "coordinates": [ [ [ [ -58.577034746013382, -34.523755380738507 ], [ -58.577862481551911, -34.524475620475428 ], [ -58.578684741138382, -34.523829700666617 ], [ -58.579375616246772, -34.523257832551835 ], [ -58.580101671199756, -34.522649087564062 ], [ -58.580290567905109, -34.522486025744605 ], [ -58.579773255243268, -34.521927653547174 ], [ -58.579590483187054, -34.521697924158595 ], [ -58.57773407304434, -34.523002082416113 ], [ -58.576881269772358, -34.523623327763048 ], [ -58.577034746013382, -34.523755380738507 ] ] ] ] } },
{ "type": "Feature", "properties": { "NOMPROV": "BUENOS AIRES", "PROV": "06", "NOMDEPTO": "GENERAL SAN MARTIN", "DEPTO": "371", "FRAC": "04", "RADIO": "10", "TIPO": "U", "LINK": "063710410", "IDRADIO_9": "063710410", "hog_tot": 215, "hog_nbi": 7, "pob_tot": 599, "pct_nbi": 3.2558139534883721 }, "geometry": { "type": "MultiPolygon", "coordinates": [ [ [ [ -58.553775387617648, -34.531991163226216 ], [ -58.552255984914147, -34.533196973859489 ], [ -58.551768133700037, -34.532768199082078 ], [ -58.551271314223371, -34.532350412496591 ], [ -58.550666547571808, -34.532896210584184 ], [ -58.550029815707965, -34.533442899551837 ], [ -58.550970387439641, -34.534217886038107 ], [ -58.551649798601609, -34.534796490749379 ], [ -58.552943548335698, -34.533762552594204 ], [ -58.554398553935656, -34.532566560187874 ], [ -58.553775387617648, -34.531991163226216 ] ] ] ] } },
{ "type": "Feature", "properties": { "NOMPROV": "BUENOS AIRES", "PROV": "06", "NOMDEPTO": "GENERAL SAN MARTIN", "DEPTO": "371", "FRAC": "54", "RADIO": "01", "TIPO": "U", "LINK": "063715401", "IDRADIO_9": "063715401", "hog_tot": 225, "hog_nbi": 22, "pob_tot": 733, "pct_nbi": 9.7777777777777786 }, "geometry": { "type": "MultiPolygon", "coordinates": [ [ [ [ -58.597965842125731, -34.55181722640048 ], [ -58.598157108773314, -34.551985791941831 ], [ -58.598296310473167, -34.552112691937651 ], [ -58.598303640163323, -34.552119374001805 ], [ -58.598366942099354, -34.552177081654939 ], [ -58.598480734517437, -34.552280816969997 ], [ -58.598495631089904, -34.5522943974198 ], [ -58.598501641010408, -34.552299876337337 ], [ -58.598706616228121, -34.55248673543754 ], [ -58.598863157271012, -34.552347588603403 ], [ -58.59890548445123, -34.55231652074864 ], [ -58.599018495392436, -34.552233570994922 ], [ -58.599125959199434, -34.552154692884478 ], [ -58.599296945682923, -34.552029189168294 ], [ -58.599411801129648, -34.551944884735647 ], [ -58.59966979942584, -34.552142720636908 ], [ -58.599707906569449, -34.552171941566392 ], [ -58.600509135745469, -34.551896059492506 ], [ -58.600525065431306, -34.551890574401234 ], [ -58.60007552475021, -34.551488115298866 ], [ -58.599558675529003, -34.55101629126699 ], [ -58.599482206697424, -34.550954515887184 ], [ -58.599448539346938, -34.550927317085389 ], [ -58.599096704278999, -34.550609742603491 ], [ -58.599046835868968, -34.550564730914139 ], [ -58.598987286631392, -34.550510979450536 ], [ -58.598913312164441, -34.550444208203956 ], [ -58.598686958390566, -34.550242042441297 ], [ -58.598349050482682, -34.549940239850216 ], [ -58.598138047160255, -34.550109462624363 ], [ -58.597756443523899, -34.550415502383089 ], [ -58.597583911064852, -34.550553869262856 ], [ -58.597432307001071, -34.550675450682164 ], [ -58.597042418437908, -34.550988127836213 ], [ -58.59719614656958, -34.551127786102832 ], [ -58.597336757312796, -34.551255527201228 ], [ -58.597345597001606, -34.55126355796984 ], [ -58.597418404872776, -34.551329702025768 ], [ -58.597623247418831, -34.551515289579221 ], [ -58.597965842125731, -34.55181722640048 ] ] ] ] } },
{ "type": "Feature", "properties": { "NOMPROV": "BUENOS AIRES", "PROV": "06", "NOMDEPTO": "GENERAL SAN MARTIN", "DEPTO": "371", "FRAC": "18", "RADIO": "05", "TIPO": "U", "LINK": "063711805", "IDRADIO_9": "063711805", "hog_tot": 325, "hog_nbi": 7, "pob_tot": 923, "pct_nbi": 2.1538461538461542 }, "geometry": { "type": "MultiPolygon", "coordinates": [ [ [ [ -58.56942114974845, -34.549481363540835 ], [ -58.568498075868106, -34.550156841031445 ], [ -58.569337878730018, -34.550834050931499 ], [ -58.570224961793187, -34.551585960203703 ], [ -58.571137195507362, -34.55233169305879 ], [ -58.572020859598837, -34.551602347052345 ], [ -58.572893785257548, -34.550901071152708 ], [ -58.572008596848818, -34.550134617512867 ], [ -58.571154442691451, -34.549411528698641 ], [ -58.570402826688301, -34.548771785604018 ], [ -58.569486036234494, -34.549509164369596 ], [ -58.56942114974845, -34.549481363540835 ] ] ] ] } },
{ "type": "Feature", "properties": { "NOMPROV": "BUENOS AIRES", "PROV": "06", "NOMDEPTO": "GENERAL SAN MARTIN", "DEPTO": "371", "FRAC": "42", "RADIO": "04", "TIPO": "U", "LINK": "063714204", "IDRADIO_9": "063714204", "hog_tot": 293, "hog_nbi": 14, "pob_tot": 683, "pct_nbi": 4.7781569965870316 }, "geometry": { "type": "MultiPolygon", "coordinates": [ [ [ [ -58.523120642854927, -34.575501480010672 ], [ -58.524004768137964, -34.576034952288865 ], [ -58.524479200456007, -34.576320103782784 ], [ -58.524901180025338, -34.576574243415841 ], [ -58.525816312238859, -34.577120427726719 ], [ -58.526452432017429, -34.577506672091559 ], [ -58.526574765751477, -34.577579561419356 ], [ -58.527056373281496, -34.577283917093155 ], [ -58.527752336669415, -34.576751059290181 ], [ -58.527611978558696, -34.576637357336864 ], [ -58.5270213467874, -34.576143507308856 ], [ -58.526258952245499, -34.575503366024307 ], [ -58.525485832793912, -34.574854077991418 ], [ -58.52473515244197, -34.574169001936689 ], [ -58.523927585476329, -34.57485326632348 ], [ -58.523628970041194, -34.57510202906338 ], [ -58.523120642854927, -34.575501480010672 ] ] ] ] } },
{ "type": "Feature", "properties": { "NOMPROV": "BUENOS AIRES", "PROV": "06", "NOMDEPTO": "GENERAL SAN MARTIN", "DEPTO": "371", "FRAC": "16", "RADIO": "04", "TIPO": "U", "LINK": "063711604", "IDRADIO_9": "063711604", "hog_tot": 468, "hog_nbi": 72, "pob_tot": 1633, "pct_nbi": 15.384615384615387 }, "geometry": { "type": "MultiPolygon", "coordinates": [ [ [ [ -58.577450471072211, -34.535641279243364 ], [ -58.577684520529182, -34.536328081704482 ], [ -58.577861673739442, -34.536158890959207 ], [ -58.578171007787489, -34.535900740738725 ], [ -58.578383224681801, -34.535730008775225 ], [ -58.57938284977805, -34.534925778506988 ], [ -58.579998997524157, -34.534420195727577 ], [ -58.580492778472738, -34.534020203038835 ], [ -58.581213623546901, -34.53343633162757 ], [ -58.581834569943766, -34.532933239403668 ], [ -58.581369586335803, -34.532185951378203 ], [ -58.581087422429029, -34.531747525675492 ], [ -58.580849358839615, -34.531369535644522 ], [ -58.580764918373688, -34.5312464136587 ], [ -58.580425311347064, -34.531525984911973 ], [ -58.579896995570948, -34.531955214330821 ], [ -58.578807021683801, -34.532845329149772 ], [ -58.57696568885185, -34.534342842352281 ], [ -58.577450471072211, -34.535641279243364 ] ] ] ] } },
{ "type": "Feature", "properties": { "NOMPROV": "BUENOS AIRES", "PROV": "06", "NOMDEPTO": "GENERAL SAN MARTIN", "DEPTO": "371", "FRAC": "35", "RADIO": "12", "TIPO": "U", "LINK": "063713512", "IDRADIO_9": "063713512", "hog_tot": 338, "hog_nbi": 19, "pob_tot": 1105, "pct_nbi": 5.6213017751479297 }, "geometry": { "type": "MultiPolygon", "coordinates": [ [ [ [ -58.58274022811058, -34.562332849765028 ], [ -58.582990560944566, -34.562568469265287 ], [ -58.584413508157347, -34.562569517683791 ], [ -58.585753984930648, -34.5625815584945 ], [ -58.587526758213635, -34.562579115153468 ], [ -58.587526142473017, -34.56239219418643 ], [ -58.587548919133297, -34.562345620908467 ], [ -58.587584888190122, -34.562290011921135 ], [ -58.587636048954728, -34.562233613362501 ], [ -58.587700084402911, -34.562175431255085 ], [ -58.587793337665552, -34.562115655567766 ], [ -58.587967815651233, -34.562045778836023 ], [ -58.587706452886948, -34.561260745469788 ], [ -58.587564146659211, -34.560826262386087 ], [ -58.587564073112063, -34.560826037098828 ], [ -58.587162866876469, -34.559718350330762 ], [ -58.586867933891789, -34.558989901771866 ], [ -58.586558961982817, -34.559219204505141 ], [ -58.586059639748022, -34.559691009180696 ], [ -58.585254455097029, -34.560331861133804 ], [ -58.585017897173117, -34.560520135885419 ], [ -58.584697737430346, -34.560774947419453 ], [ -58.584468532437285, -34.560957366422727 ], [ -58.58441163938312, -34.561002646619443 ], [ -58.584072382178121, -34.561267728475272 ], [ -58.583786728458094, -34.561499993934241 ], [ -58.58344188581632, -34.561774439978294 ], [ -58.58274022811058, -34.562332849765028 ] ] ] ] } },
{ "type": "Feature", "properties": { "NOMPROV": "BUENOS AIRES", "PROV": "06", "NOMDEPTO": "GENERAL SAN MARTIN", "DEPTO": "371", "FRAC": "31", "RADIO": "05", "TIPO": "U", "LINK": "063713105", "IDRADIO_9": "063713105", "hog_tot": 363, "hog_nbi": 17, "pob_tot": 984, "pct_nbi": 4.6831955922865021 }, "geometry": { "type": "MultiPolygon", "coordinates": [ [ [ [ -58.56231164607928, -34.58279264339518 ], [ -58.562419207733519, -34.582875031552021 ], [ -58.563310532987764, -34.583642655901045 ], [ -58.564320026291362, -34.584510812044954 ], [ -58.565334952701228, -34.585388471754953 ], [ -58.566061076549786, -34.584816851652647 ], [ -58.566998060598912, -34.58404750867917 ], [ -58.567819192215268, -34.583407538496452 ], [ -58.566752288152927, -34.582493358392377 ], [ -58.565978279467842, -34.583142245164986 ], [ -58.56543033312326, -34.582685133422942 ], [ -58.564925356209052, -34.582264578371024 ], [ -58.564882392779865, -34.58222801933573 ], [ -58.563969585993412, -34.581442125740651 ], [ -58.563029804041008, -34.582224243451208 ], [ -58.56231164607928, -34.58279264339518 ] ] ] ] } },
{ "type": "Feature", "properties": { "NOMPROV": "BUENOS AIRES", "PROV": "06", "NOMDEPTO": "GENERAL SAN MARTIN", "DEPTO": "371", "FRAC": "48", "RADIO": "04", "TIPO": "U", "LINK": "063714804", "IDRADIO_9": "063714804", "hog_tot": 406, "hog_nbi": 34, "pob_tot": 1062, "pct_nbi": 8.3743842364532028 }, "geometry": { "type": "MultiPolygon", "coordinates": [ [ [ [ -58.560773051904718, -34.550659625284403 ], [ -58.561712582419318, -34.551485963845529 ], [ -58.561367862467371, -34.551770783854863 ], [ -58.562346386017815, -34.552630420470379 ], [ -58.563041986039323, -34.553222554119095 ], [ -58.564019262076393, -34.552418387272816 ], [ -58.564973188801417, -34.551668005154042 ], [ -58.565989129789784, -34.550874929395746 ], [ -58.565283869354126, -34.550274591156267 ], [ -58.564280051261967, -34.549439036519416 ], [ -58.563292287093859, -34.54859817620374 ], [ -58.562352569699001, -34.549398325140295 ], [ -58.561402562091232, -34.550162292222844 ], [ -58.560773051904718, -34.550659625284403 ] ] ] ] } },
{ "type": "Feature", "properties": { "NOMPROV": "BUENOS AIRES", "PROV": "06", "NOMDEPTO": "GENERAL SAN MARTIN", "DEPTO": "371", "FRAC": "46", "RADIO": "06", "TIPO": "U", "LINK": "063714606", "IDRADIO_9": "063714606", "hog_tot": 126, "hog_nbi": 8, "pob_tot": 357, "pct_nbi": 6.3492063492063497 }, "geometry": { "type": "MultiPolygon", "coordinates": [ [ [ [ -58.582573621185993, -34.542770419985224 ], [ -58.582973828602817, -34.543645454346155 ], [ -58.583163600279441, -34.544017210175447 ], [ -58.583378058275144, -34.544217996195449 ], [ -58.583947032307186, -34.544711325985169 ], [ -58.584279615118341, -34.545012628297087 ], [ -58.585171060626116, -34.545762069086607 ], [ -58.585745479436305, -34.545291009778062 ], [ -58.585966502268661, -34.545104285965166 ], [ -58.586684475718833, -34.54451770795113 ], [ -58.585890283636587, -34.543814472175534 ], [ -58.585050404973096, -34.543147513985261 ], [ -58.584625362175117, -34.543249990582012 ], [ -58.584283016262148, -34.543525439586404 ], [ -58.584024842955756, -34.543333162558007 ], [ -58.583932757290448, -34.543130344882094 ], [ -58.583636555602546, -34.542477998559583 ], [ -58.583625779144107, -34.542454221159815 ], [ -58.582573621185993, -34.542770419985224 ] ] ] ] } },
{ "type": "Feature", "properties": { "NOMPROV": "BUENOS AIRES", "PROV": "06", "NOMDEPTO": "GENERAL SAN MARTIN", "DEPTO": "371", "FRAC": "30", "RADIO": "02", "TIPO": "U", "LINK": "063713002", "IDRADIO_9": "063713002", "hog_tot": 420, "hog_nbi": 28, "pob_tot": 1236, "pct_nbi": 6.6666666666666679 }, "geometry": { "type": "MultiPolygon", "coordinates": [ [ [ [ -58.563783017329563, -34.568848167520336 ], [ -58.563676246789967, -34.568720722631248 ], [ -58.562560442513004, -34.569608929882477 ], [ -58.561754463510184, -34.570221361013331 ], [ -58.560969951769181, -34.570852067530858 ], [ -58.560958902192574, -34.570860950695 ], [ -58.560189529278986, -34.571532527098789 ], [ -58.560895990321129, -34.572153587517633 ], [ -58.561590853756009, -34.572761221407866 ], [ -58.562353193833523, -34.573419171611782 ], [ -58.563170558984389, -34.572779829971608 ], [ -58.563966123777412, -34.572140227012142 ], [ -58.564772570793487, -34.571500745714211 ], [ -58.565523758829499, -34.570905677560155 ], [ -58.565150200959344, -34.570450614357888 ], [ -58.564872062136281, -34.570149899966282 ], [ -58.564434540415753, -34.56961296133607 ], [ -58.564284656198161, -34.569457970369427 ], [ -58.563783017329563, -34.568848167520336 ] ] ] ] } },
{ "type": "Feature", "properties": { "NOMPROV": "BUENOS AIRES", "PROV": "06", "NOMDEPTO": "GENERAL SAN MARTIN", "DEPTO": "371", "FRAC": "50", "RADIO": "02", "TIPO": "U", "LINK": "063715002", "IDRADIO_9": "063715002", "hog_tot": 285, "hog_nbi": 2, "pob_tot": 528, "pct_nbi": 0.70175438596491202 }, "geometry": { "type": "MultiPolygon", "coordinates": [ [ [ [ -58.536590013667222, -34.573599678725223 ], [ -58.537341579477882, -34.574239625754522 ], [ -58.538402919273253, -34.573369028777051 ], [ -58.537640143709794, -34.572746980706917 ], [ -58.536888904365412, -34.572089011703426 ], [ -58.535827724052766, -34.572950584184284 ], [ -58.536590013667222, -34.573599678725223 ] ] ] ] } }
]
}
