{"type": "FeatureCollection", "features": [{"type": "Feature", "properties": {"CODIGO": "02", "NOMBRE": "Ciudad Autónoma de Buenos Aires", "SUPERFICIE": 203.871, "LATITUD_CE": -34.614509, "LONGITUD_C": -58.446392}, "geometry": {"type": "MultiPolygon", "coordinates": [[[[-58.456478039382375, -34.52760101138132], [-58.45643903225569, -34.527612068040376], [-58.456361423232565, -34.52762971317968], [-58.45631350741388, -34.52764920297035], [-58.45624791166745, -34.5276541144208], [-58.4561864988924, -34.52767276564643], [-58.45614897529066, -34.52769739431016], [-58.45608756246881, -34.527716045478414], [-58.456053816498795, -34.5277588820527], [-58.4560002266688, -34.52784092556673], [-58.45597579460407, -34.52787086083184], [-58.45595986597286, -34.52789683108436], [-58.45593813326593, -34.52792693404689], [-58.455925309285035, -34.52794860386927], [-58.455920583474004, -34.52797077682039], [-58.455913831234966, -34.528015290431675], [-58.45590330133864, -34.52804159609181], [-58.45588615678104, -34.528080970722925], [-58.45588102565725, -34.52810761180178], [-58.45587899921486, -34.52812995246035], [-58.45588385509793, -34.52816620064924], [-58.45588412276177, -34.52819317715125], [-58.455888978645646, -34.52822942534077], [-58.45588884101734, -34.52826086997469], [-58.4559024680627, -34.528320129671926], [-58.455918121571145, -34.528357048710774], [-58.45593336980102, -34.528398435881265], [-58.45594402980688, -34.52843055136434], [-58.455960356307386, -34.52848997877542], [-58.45597600986095, -34.52852689781409], [-58.455976277533765, -34.52855387431974], [-58.45596885225844, -34.52857587955826], [-58.45594671403687, -34.5286104506312], [-58.455912156958696, -34.52866222337187], [-58.45589163987147, -34.52867892190287], [-58.45587422748909, -34.52869132001234], [-58.455830493860546, -34.528724549337504], [-58.455813081459695, -34.528736947435696], [-58.455787165500446, -34.5287533105121], [-58.455769753087424, -34.5287657086023], [-58.45574154299956, -34.52877743581972], [-58.45571414351945, -34.5287802267703], [-58.45568201807546, -34.52880519064145], [-58.45565920680072, -34.52881725327412], [-58.45563680083208, -34.528824847773016], [-58.455611695441604, -34.528832274546524], [-58.45558389062902, -34.528839533592866], [-58.45553286919332, -34.528863323364796], [-58.4555073584654, -34.52887521824117], [-58.455467134668034, -34.5288996788722], [-58.4554362250815, -34.52891123828234], [-58.45540882555912, -34.528914029156624], [-58.45538601422123, -34.528926091728636], [-58.4553524051966, -34.52893748338834], [-58.45532999917583, -34.5289450778224], [-58.45530988724042, -34.528957308104786], [-58.45527128468834, -34.52896389615809], [-58.45519974580614, -34.529004384160814], [-58.45517774509688, -34.52900751043863], [-58.4551495348622, -34.529019237495824], [-58.45512091927763, -34.52903543266858], [-58.45509540844916, -34.529047327443436], [-58.45505518446244, -34.52907178791033], [-58.45502926826641, -34.52908815079063], [-58.4549913383147, -34.52911724708773], [-58.45495651311428, -34.529142042984624], [-58.45493370165747, -34.5291541054544], [-58.454906163987374, -34.529188340785595], [-58.454885241220566, -34.529209507222554], [-58.454867017869205, -34.52923084139351], [-58.45485149393507, -34.52925234329982], [-58.45482517228132, -34.52927317424363], [-58.45481315848194, -34.529285907642944], [-58.45476321454966, -34.529327737242724], [-58.45463038979295, -34.52944529611452], [-58.454578824155774, -34.52950499808304], [-58.45451295049769, -34.52957279751338], [-58.45446408412532, -34.52963266715969], [-58.45440293665814, -34.52967829367665], [-58.45433557945566, -34.52973252087787], [-58.45428766199881, -34.529752009643495], [-58.45423272403583, -34.52978903533081], [-58.454175086583774, -34.52982589323021], [-58.45409855298716, -34.5298615767873], [-58.45405441264556, -34.5298992734069], [-58.454031867816, -34.5299383120895], [-58.454021603941186, -34.52999159390224], [-58.45399366017006, -34.5300302970503], [-58.45397610874282, -34.53007413934765], [-58.45393736712029, -34.53011217142682], [-58.45390254118561, -34.53013696692377], [-58.45391401131393, -34.53016014629224], [-58.45391306194277, -34.53020052704449], [-58.45388039144606, -34.53026140293389], [-58.45385784640929, -34.53030044156009], [-58.45382247636489, -34.5303611496573], [-58.45380762420592, -34.53040515967595], [-58.45378467364971, -34.53044866638734], [-58.45374457681656, -34.530531547217805], [-58.4537213593639, -34.53054807749318], [-58.45369287114819, -34.53062269315696], [-58.45367180902903, -34.53067530381581], [-58.45362645167312, -34.53072640451673], [-58.4536030954566, -34.53077437927547], [-58.45359175344288, -34.530809620803744], [-58.45357420156985, -34.530853462993], [-58.45356285952708, -34.53088870451559], [-58.45356109899936, -34.53093802145234], [-58.45356122702752, -34.53099644237511], [-58.45356998695551, -34.53110931944156], [-58.453573625363745, -34.53115897192946], [-58.45357456428842, -34.531208456642055], [-58.45356740475705, -34.5312574380266], [-58.45356065067239, -34.5313019513042], [-58.45357157660072, -34.53136104333298], [-58.453587229329884, -34.53139796261155], [-58.45360328753051, -34.53143041378405], [-58.453629332786335, -34.53147247227088], [-58.45365038453939, -34.53150972709872], [-58.45369424863121, -34.53153491980416], [-58.45374607254722, -34.53159206034073], [-58.45377414518707, -34.5316117782761], [-58.45384364934132, -34.53168349751935], [-58.45390127789845, -34.53173650545029], [-58.4539373105014, -34.53178817120347], [-58.45397496493119, -34.531821964514734], [-58.454034482282864, -34.53188407639438], [-58.45408334026959, -34.53191407264626], [-58.454136380993845, -34.53195780874864], [-58.454179840041405, -34.53198746943837], [-58.45421250107147, -34.532016459056806], [-58.454253933004104, -34.53206846028671], [-58.45430886256669, -34.532121300326786], [-58.45437189075318, -34.53217464363789], [-58.454443156052534, -34.53219704565173], [-58.454507806084266, -34.532232516453405], [-58.454576233536585, -34.53228619520445], [-58.45462590280937, -34.532307255061774], [-58.45467516669372, -34.532332783018234], [-58.45472861342148, -34.53237205081862], [-58.454776661143725, -34.53241098309363], [-58.454872489642284, -34.5324618711426], [-58.45495603681475, -34.53249851602102], [-58.45504525027191, -34.53256247281679], [-58.45512218237268, -34.53261218646554], [-58.45518710022955, -34.5326746334565], [-58.4552728037382, -34.53274735862843], [-58.45533502226604, -34.53280963782312], [-58.455390358402155, -34.53285800940044], [-58.455470801308095, -34.53289895438456], [-58.455525059556294, -34.53292928567963], [-58.45561116900609, -34.53299754255853], [-58.45565422378459, -34.53303167098191], [-58.45569147411461, -34.533069932046985], [-58.4557052392115, -34.5330977472247], [-58.45572048775534, -34.53313913451758], [-58.455747474571766, -34.53323067762037], [-58.45574612040104, -34.53327552662248], [-58.455738556346674, -34.533328976403794], [-58.45571128456078, -34.53339018827297], [-58.45566714265429, -34.533427885331065], [-58.45562866711386, -34.533492894338664], [-58.45557790981247, -34.53354366024578], [-58.45551122224287, -34.533620396152656], [-58.45542712090613, -34.533709529904684], [-58.45533883643671, -34.53378492371321], [-58.455250551805456, -34.53386031743612], [-58.455174281575765, -34.533922977721346], [-58.45512932829707, -34.533969610753275], [-58.4550951732954, -34.534016914778505], [-58.45506601199705, -34.5340690224176], [-58.455034556495995, -34.53411649417043], [-58.45501538260996, -34.53417820904818], [-58.4550047128821, -34.534235959071964], [-58.45500983524846, -34.53429918375452], [-58.455019545941866, -34.53437168018862], [-58.455027367903874, -34.534435072630316], [-58.45506326372903, -34.53451818287487], [-58.45509201006323, -34.5345604090226], [-58.45511306304704, -34.53459766378019], [-58.45512169592642, -34.534652119989424], [-58.455114942039195, -34.53469663342343], [-58.45508848003754, -34.534748908794484], [-58.45507092768543, -34.534792751192285], [-58.455042576876444, -34.53483592255104], [-58.45497467127708, -34.53492606231283], [-58.45493079508755, -34.5349907354133], [-58.454917830919854, -34.53504384952854], [-58.45491337102341, -34.535092998811585], [-58.45492659210266, -34.53515672678275], [-58.45491011737113, -34.53521860936341], [-58.454936975068165, -34.53525173157239], [-58.45500743219266, -34.53528306984943], [-58.45505521452408, -34.53529502577936], [-58.455088015446506, -34.53529257078067], [-58.4553574244966, -34.53543512484664], [-58.45556218157278, -34.535542207830545], [-58.45557945734781, -34.535561254572684], [-58.455594033494414, -34.53558013356394], [-58.455671779283506, -34.53562091101824], [-58.45575573525271, -34.535653087675406], [-58.45580459596534, -34.535683083597775], [-58.45585804518994, -34.5357223512454], [-58.45588153116435, -34.535732797194655], [-58.455934713222305, -34.53574508831416], [-58.45598897335123, -34.5357754196627], [-58.456022447148385, -34.5357954728102], [-58.45617254040266, -34.53587669175741], [-58.45646314536285, -34.53602505388133], [-58.456507418016564, -34.53604577785107], [-58.45658205973213, -34.53609085523485], [-58.456722166231245, -34.53616246644888], [-58.45691693918367, -34.53625994041218], [-58.456997791383365, -34.536296416765225], [-58.45708863164393, -34.536342500229296], [-58.457149102678855, -34.536364230324], [-58.457198369718725, -34.53638975766219], [-58.457224150416394, -34.536404839253635], [-58.45725573581149, -34.53641578813375], [-58.45730041424809, -34.536432043725114], [-58.457386260837126, -34.536473323433654], [-58.4574563147835, -34.53650912867705], [-58.45752758477883, -34.536531529459694], [-58.457597638846536, -34.53656733463532], [-58.45771007725685, -34.53661475938887], [-58.45777554275121, -34.53664129277591], [-58.45781212238582, -34.53665704508861], [-58.457835608922444, -34.53666749072372], [-58.45786138983914, -34.53668257220521], [-58.4579114679448, -34.536699163012514], [-58.45793724888725, -34.53671424448076], [-58.457958035771284, -34.5367245223936], [-58.45799232110248, -34.53673563881143], [-58.45801810207308, -34.53675072026574], [-58.458073174338764, -34.53677211456531], [-58.45822867107016, -34.536853666844465], [-58.45828914286156, -34.53687539645493], [-58.45831451864588, -34.536894946009085], [-58.458363786421074, -34.53692047295888], [-58.458394966920324, -34.53693588973696], [-58.45843964592251, -34.536952144971806], [-58.458489319059844, -34.536973203727435], [-58.458559373987924, -34.53700900844689], [-58.458606347494786, -34.5370298994726], [-58.45865642600582, -34.53704649001736], [-58.45867640252989, -34.53706570413681], [-58.45874848398536, -34.53707916799395], [-58.4587734546803, -34.53710318562859], [-58.458670591454094, -34.53715970306065], [-58.458470669313115, -34.537268604841316], [-58.458444888098, -34.5372535234522], [-58.45842950043175, -34.53724358098641], [-58.458411413062365, -34.537233470824816], [-58.45837523833755, -34.53721325049514], [-58.45835485657017, -34.53719850448104], [-58.458315171580566, -34.53718705274273], [-58.458273192197396, -34.537170965145876], [-58.45824930015962, -34.53716498772003], [-58.45820232669904, -34.5371440965571], [-58.45816304706749, -34.53712817662595], [-58.45812066244687, -34.53711655713222], [-58.45809987544791, -34.537106279232184], [-58.45807868314763, -34.537100469477195], [-58.45804898644165, -34.537098624761526], [-58.4580228000581, -34.5370880114465], [-58.458007007169506, -34.53708253708456], [-58.457985409573084, -34.53708119546192], [-58.457959223205435, -34.53707058213482], [-58.45783787431023, -34.53703159068812], [-58.45780628858926, -34.53702064192001], [-58.45776471473921, -34.53700008602507], [-58.45773623406113, -34.536984836804336], [-58.45771045308848, -34.536969755287146], [-58.45767036300549, -34.53696277150648], [-58.45765497549867, -34.53695282896085], [-58.457579116390605, -34.536921156493534], [-58.4575529301386, -34.53691054309155], [-58.45752674389405, -34.53689992968478], [-58.45749826330159, -34.53688468041804], [-58.457466272358715, -34.536878199715844], [-58.45743968080087, -34.53687205443458], [-58.45741079489804, -34.53686127329185], [-58.4573962181243, -34.53684239443746], [-58.457320764582484, -34.5368062536931], [-58.457305377151684, -34.53679631111221], [-58.45726569255537, -34.53678485907254], [-58.45723991174304, -34.53676977747372], [-58.457216425277025, -34.536759331728746], [-58.45717485173126, -34.53673877566638], [-58.457143671586664, -34.53672335861208], [-58.4571147857842, -34.536712577410285], [-58.4570885996719, -34.53670196392366], [-58.45706052459603, -34.53668224643504], [-58.45702394513755, -34.53666649391167], [-58.4570031584133, -34.53665621585495], [-58.45696927865848, -34.53664063104071], [-58.45695389130548, -34.53663068842438], [-58.4569219005271, -34.53662420759606], [-58.45688761544078, -34.53661309089881], [-58.456866828750094, -34.536602812822466], [-58.45684644742991, -34.536588066607635], [-58.45680676302028, -34.536576614438204], [-58.456791375701215, -34.536566671805176], [-58.45674899163758, -34.53655505189179], [-58.45673131002656, -34.536540473390005], [-58.456673133320706, -34.536523378946896], [-58.456640469819476, -34.53649438965478], [-58.45660119087013, -34.536478469293925], [-58.45653302632218, -34.536451767602756], [-58.45649374741885, -34.53643584721242], [-58.45646756149279, -34.53642523361264], [-58.456444480626246, -34.53641031961105], [-58.456423694051296, -34.53640004147218], [-58.456317466984856, -34.536344014866685], [-58.456293575389495, -34.536338037102894], [-58.45626738952597, -34.53632742346706], [-58.456241203669904, -34.536316809826424], [-58.456196120178475, -34.53630502200699], [-58.456180732992024, -34.53629507931215], [-58.45614226504275, -34.53627022256846], [-58.45611689002253, -34.536250672648734], [-58.45604602619714, -34.53622380298606], [-58.45603023364268, -34.53621832840376], [-58.45600175360418, -34.53620307884979], [-58.45598636646248, -34.53619313613558], [-58.45596639082054, -34.53617392167871], [-58.45593251149684, -34.53615833662422], [-58.455884055889044, -34.53612387258566], [-58.45586326946731, -34.53611359436863], [-58.455834789499505, -34.53609834478392], [-58.4558102254345, -34.536069858565206], [-58.45578714479754, -34.536054944466], [-58.45575637062837, -34.536035058995225], [-58.45571668668859, -34.536023606521056], [-58.45570129961742, -34.536013663779315], [-58.455680513249504, -34.53600338553706], [-58.455651627938025, -34.53599260404207], [-58.455625442284294, -34.53598199029184], [-58.45560465593556, -34.53597171203883], [-58.455571182198355, -34.53595165877951], [-58.45553959727559, -34.5359407095102], [-58.45550612356877, -34.53592065623649], [-58.45548034338837, -34.535905574338095], [-58.45545766829173, -34.535886192067636], [-58.45543647656158, -34.53588038191306], [-58.455410696407924, -34.535865300003024], [-58.45538262205282, -34.53584558221252], [-58.45535103720217, -34.53583463290226], [-58.45531297517566, -34.53580530783384], [-58.45528179578859, -34.535789890388564], [-58.455257904459586, -34.535783912450064], [-58.4552371182137, -34.53577363414617], [-58.45522173125258, -34.53576369135655], [-58.45517705370683, -34.53574743509524], [-58.45515586203956, -34.53574162489847], [-58.45512967654321, -34.53573101105906], [-58.45505962445615, -34.5356952046804], [-58.455009953166226, -34.53567414472502], [-58.45498376771446, -34.535663530859146], [-58.45496068735612, -34.53564861663587], [-58.45494611135953, -34.53562973758519], [-58.45489765650625, -34.53559527324367], [-58.45482301630281, -34.53555019499454], [-58.45479993600709, -34.53553528074817], [-58.4547679459134, -34.53552879942549], [-58.454736361287736, -34.535517849980586], [-58.454707476299916, -34.535507068297484], [-58.454681290948244, -34.535496454377785], [-58.45466630957743, -34.53548204341896], [-58.45462703157419, -34.535466122526884], [-58.45457776602379, -34.53544059431259], [-58.45451540785787, -34.535409759106734], [-58.454491922190506, -34.53539931292583], [-58.45446114860975, -34.53537942719642], [-58.45442227617959, -34.53535903813762], [-58.454406889404005, -34.53534909526674], [-58.4543576240014, -34.53532356698041], [-58.45433103328262, -34.53531742110851], [-58.454292160918804, -34.53529703201569], [-58.45427178041832, -34.53528228546691], [-58.45424370655668, -34.53526256747203], [-58.45422332607369, -34.535247820917206], [-58.45418445377249, -34.535227431797395], [-58.454158674079, -34.53521234967562], [-58.454137888135904, -34.53520207121869], [-58.45412020730221, -34.535187492430914], [-58.45408281819796, -34.53518067538994], [-58.45406203227395, -34.535170396922084], [-58.454040840862305, -34.53516458655869], [-58.45401776083064, -34.535149672194905], [-58.45399778591434, -34.53513045750364], [-58.453980105122135, -34.53511587870068], [-58.453964718450024, -34.5351059357861], [-58.45394204394668, -34.53508655330506], [-58.4539270627829, -34.53507214228068], [-58.45390087769067, -34.53506152822243], [-58.45387239849852, -34.53504627826806], [-58.453856606352076, -34.535040803449064], [-58.45383541499328, -34.53503499305583], [-58.45380693582421, -34.535019743088675], [-58.45377575706037, -34.535004325328984], [-58.45375456571871, -34.53499851492367], [-58.453731485789724, -34.534983600517606], [-58.45371650468297, -34.534969189474225], [-58.453696124373266, -34.5349544428519], [-58.4536364665576, -34.53492377507043], [-58.45361959690037, -34.53490026002186], [-58.45362432405939, -34.53487808729527], [-58.45364173819681, -34.534865689724384], [-58.45363067325674, -34.53483804215411], [-58.45362109138997, -34.53482396668399], [-58.45361731423422, -34.53480575869038], [-58.453621635873716, -34.53478805406675], [-58.45363904998991, -34.534775656494006], [-58.45365417001141, -34.53475862302515], [-58.453667806949746, -34.534728017453205], [-58.45366214120134, -34.534700705463734], [-58.45364985974523, -34.534686462208626], [-58.45364068339479, -34.53466791863812], [-58.45362624681938, -34.53461759497493], [-58.4536255747624, -34.53459508666789], [-58.45363111289937, -34.53456397773104], [-58.45363624552463, -34.53453733689724], [-58.45364218915431, -34.53450175985503], [-58.45364381117203, -34.53448388743958], [-58.45364313910438, -34.534461379132004], [-58.45366811875286, -34.534395532084275], [-58.453672845844736, -34.53437335935014], [-58.45366758559766, -34.53434157925949], [-58.45366380843338, -34.53432337126864], [-58.453651932521836, -34.5343046599168], [-58.45363776253461, -34.534281312673016], [-58.453608878141424, -34.534270530801265], [-58.45358309884175, -34.534255448608526], [-58.453554619971996, -34.53424019862254], [-58.45353963901037, -34.53422578757845], [-58.45350616650969, -34.53420573390204], [-58.45347998174227, -34.534195119794845], [-58.453443809692914, -34.53417489831418], [-58.453394139781, -34.53415383786479], [-58.45337875335082, -34.53414389490767], [-58.45335607922691, -34.53412451236819], [-58.45334069280695, -34.5341145694076], [-58.45329223951384, -34.53408010462226], [-58.45327725862798, -34.53406569355508], [-58.45325998369324, -34.53404664659196], [-58.453242708766155, -34.534027599627244], [-58.453218146174734, -34.53399911307528], [-58.45319047850968, -34.53397492682406], [-58.45317549765943, -34.53396051574914], [-58.453169021040104, -34.53394213996283], [-58.4531467525415, -34.533918289298185], [-58.45312718362142, -34.53389460642812], [-58.45308494072397, -34.53385154098385], [-58.4530572731449, -34.53382735471344], [-58.45304539743195, -34.533808643328726], [-58.45303622128607, -34.53379009974206], [-58.45301395286314, -34.533766249063206], [-58.453004371200386, -34.533752173573546], [-58.45298210279584, -34.533728322891136], [-58.45297832578913, -34.53371011490198], [-58.45295524634412, -34.53369520041189], [-58.452923396327975, -34.533657274231295], [-58.45290882110846, -34.53363839503975], [-58.45289114080795, -34.53362381614291], [-58.452869683531986, -34.53359102925539], [-58.45285011475952, -34.53356734636054], [-58.45282366393994, -34.53352975576928], [-58.452806389210735, -34.53351070876895], [-58.45280301777872, -34.533488032684474], [-58.45278574306177, -34.53346898568299], [-58.452771167901844, -34.533450106483], [-58.452758886761565, -34.53343586318091], [-58.45273783511341, -34.53339860818751], [-58.452728253532634, -34.533384532687364], [-58.45271138438913, -34.533361017585236], [-58.45268952170129, -34.53333269877838], [-58.4526370258927, -34.53325304946652], [-58.45261124709192, -34.5332379671299], [-58.45259937154773, -34.53321925572503], [-58.45258439092654, -34.533204844607575], [-58.45256671077044, -34.533190265682485], [-58.45255753478132, -34.53317172208205], [-58.452545659256934, -34.53315301067478], [-58.452525685123746, -34.53313379584594], [-58.45250800499252, -34.533119216915615], [-58.45249882902222, -34.533100673313406], [-58.45248695351942, -34.53308196190329], [-58.452477777556766, -34.53306341830064], [-58.45245469837864, -34.533048503749804], [-58.45245092149396, -34.53303029576286], [-58.45243364694329, -34.533011248733665], [-58.452387222399345, -34.53295444325627], [-58.45235955530539, -34.53293025689092], [-58.45234349744431, -34.53289780557942], [-58.45233513262809, -34.532870325789595], [-58.452312459078925, -34.53285094313047], [-58.452303283173734, -34.532832399522846], [-58.45228641424534, -34.53280888439114], [-58.45226873422159, -34.53279430544011], [-58.45225308196725, -34.53275738603374], [-58.45223891258887, -34.53273403871055], [-58.452216239096984, -34.53271465604112], [-58.452196265137346, -34.53269544118129], [-58.452183984194676, -34.53268119784775], [-58.45218020737271, -34.532662989862146], [-58.45216833199213, -34.532644278437914], [-58.4521545682085, -34.532616463020744], [-58.45213230032283, -34.53259261225236], [-58.45211003244951, -34.53256876148167], [-58.452069007372394, -34.532512291569546], [-58.45204714509614, -34.53248397270354], [-58.452024471713585, -34.53246459001271], [-58.451998021561835, -34.53242699933405], [-58.45198385230007, -34.53240365199736], [-58.451971571431926, -34.53238940865255], [-58.45196280120178, -34.53236639694738], [-58.45195632492218, -34.532348021146504], [-58.451941750120014, -34.53232914189607], [-58.45191988792831, -34.53230082301879], [-58.45190841821158, -34.53227764349586], [-58.451872386835916, -34.532225977274074], [-58.451840132243504, -34.53219251903123], [-58.45182285798876, -34.532173471955225], [-58.45180909437718, -34.5321456565234], [-58.45180221257441, -34.532131748807444], [-58.45178304997464, -34.53210359773699], [-58.45177616817861, -34.53208969002041], [-58.451755788889955, -34.53207494320633], [-58.4517439136727, -34.532056231763804], [-58.45173514352685, -34.53203322005464], [-58.45172988401944, -34.53200143999375], [-58.4517342057902, -34.531983735470035], [-58.451741227053596, -34.5319661987655], [-58.45175837463011, -34.53192682508661], [-58.45176350751942, -34.531900184387894], [-58.45177525608217, -34.531860475066196], [-58.45178808186838, -34.53183880590622], [-58.45179861371871, -34.53181250083947], [-58.45180293545767, -34.53179479631007], [-58.45180577438872, -34.53176351970246], [-58.45179389919056, -34.5317448082689], [-58.45178782853441, -34.53172196438327], [-58.45178364624434, -34.53170822448854], [-58.45176218979856, -34.531675437524015], [-58.451746804008934, -34.531665494443615], [-58.45170334614772, -34.531635833012615], [-58.45168296697097, -34.531621086202264], [-58.45166569285115, -34.53160203912368], [-58.451672714080615, -34.53158450242057], [-58.451666237896845, -34.531566126620135], [-58.451638837512036, -34.53156891650792], [-58.45162385732553, -34.53155450533114], [-58.451600373133424, -34.53154405877587], [-58.451581071198795, -34.531547352113385], [-58.4515516429625, -34.531572482403945], [-58.45153652326465, -34.531589515629705], [-58.45150857775697, -34.531628217980455], [-58.45146362416136, -34.531674849542796], [-58.45144081155081, -34.53168691119501], [-58.45140746699019, -34.53172527786174], [-58.45139194164899, -34.53174677914454], [-58.45137911578569, -34.53176844825096], [-58.45133564476113, -34.531828651819225], [-58.451306621934506, -34.53184931394554], [-58.451291502130516, -34.53186634712752], [-58.45127908180966, -34.531883548136136], [-58.45124141521954, -34.531939619231196], [-58.45119605569221, -34.531990718732715], [-58.451183635329784, -34.53200791972641], [-58.45113328233805, -34.53205421545037], [-58.4511119522615, -34.53207984909234], [-58.45108400636444, -34.53211855129698], [-58.4510552492243, -34.53216618964927], [-58.45103931808691, -34.53219215894247], [-58.45099935727998, -34.53224359400792], [-58.45097721587989, -34.53227816377009], [-58.45096708930858, -34.532300000645506], [-58.45093455548459, -34.53232943096546], [-58.45092213500856, -34.53234663191857], [-58.45090039916211, -34.53237673358178], [-58.45087785205721, -34.53241577139245], [-58.450837079778054, -34.5324761425296], [-58.45081534386055, -34.53250624416892], [-58.45079900694127, -34.5325366814879], [-58.45078847465342, -34.53256298641378], [-58.45077645973423, -34.53257571926766], [-58.450765927432265, -34.5326020241899], [-58.45075850026289, -34.532624028879084], [-58.45075377259957, -34.53264620141152], [-58.45074863930116, -34.532672842018656], [-58.45074728249494, -34.532717690614874], [-58.45074673694849, -34.53275360306069], [-58.45074119800114, -34.532784711741385], [-58.45073308531142, -34.532874073240656], [-58.45072740640741, -34.532936626288375], [-58.45072146179017, -34.53297220304023], [-58.45071511152656, -34.53301224786564], [-58.450714565940046, -34.53304816030915], [-58.45070632741535, -34.53307910113683], [-58.45070699874012, -34.533101609356294], [-58.450699977126604, -34.533119145959304], [-58.45069565503601, -34.533136850409214], [-58.450700102843555, -34.53317756662095], [-58.4506949694629, -34.533204207218944], [-58.45069294124974, -34.5332265475901], [-58.450687402217135, -34.5332576562612], [-58.45067727540486, -34.53327949308644], [-58.450665526004116, -34.53331920220563], [-58.450641761512315, -34.53337164414478], [-58.45062582995136, -34.53339761333575], [-58.45062920077551, -34.53342028940327], [-58.45061326919857, -34.533446258590956], [-58.450608947059564, -34.53346396303296], [-58.450612317878296, -34.53348663910056], [-58.45061298915964, -34.533509147317446], [-58.450600162746824, -34.533530816278386], [-58.45059543494432, -34.53355298879199], [-58.45056127780782, -34.53360029122045], [-58.45054372353796, -34.5336441326814], [-58.450533190965274, -34.533670437555415], [-58.4505207701592, -34.533687638429825], [-58.45050483848358, -34.533713607591935], [-58.4504835077075, -34.53373924104117], [-58.45046028869892, -34.533755770486714], [-58.450445168317444, -34.53377280349416], [-58.450389008946864, -34.53382323107174], [-58.45035107514934, -34.5338523254145], [-58.450332849506836, -34.53387365861424], [-58.450339325464384, -34.533892034470455], [-58.45031420335252, -34.53398932485367], [-58.450301642266666, -34.5340379700403], [-58.45028516457305, -34.53409985157123], [-58.45027382047894, -34.53413509254279], [-58.45026746980696, -34.534175137304075], [-58.45025194361622, -34.534196638341115], [-58.450239788122815, -34.53424081544345], [-58.45023816539242, -34.534258687718484], [-58.4502372138049, -34.534299068199665], [-58.45023126877226, -34.53433464488633], [-58.450226135101786, -34.53436128543476], [-58.45023261105223, -34.534379661298345], [-58.450191431414574, -34.53444450009659], [-58.45018170996329, -34.53446186877579], [-58.45015727360351, -34.53449180233214], [-58.45013594248468, -34.5345174356795], [-58.4501262210111, -34.534534804351594], [-58.45011879340785, -34.53455680895587], [-58.450113659674685, -34.53458344949311], [-58.45010123861628, -34.534600650294784], [-58.450091517122885, -34.53461801896182], [-58.45007909605374, -34.53463521976012], [-58.45007396229845, -34.534661860293184], [-58.45007422768359, -34.53468883656143], [-58.45006247767569, -34.53472854555734], [-58.450055455729014, -34.53474608208673], [-58.45005113335358, -34.534763786483964], [-58.45004411140016, -34.53478132301193], [-58.45004518817128, -34.53479936314629], [-58.45003694910612, -34.534830303872184], [-58.450027087219524, -34.53487911686121], [-58.450015337145544, -34.534918825845935], [-58.450006551983435, -34.534985678963906], [-58.450006005914375, -34.535021591361144], [-58.45000627125617, -34.53504856762663], [-58.45000653659654, -34.53507554389212], [-58.450016648495414, -34.53514357210505], [-58.45001502566261, -34.535161444368185], [-58.450031894238215, -34.53518495979468], [-58.450051056704766, -34.53521311115681], [-58.45006293182565, -34.53523182277395], [-58.450089381673294, -34.5352694138769], [-58.450115831542874, -34.53530700497717], [-58.45013270017168, -34.535330520397096], [-58.45015226840396, -34.53535420368496], [-58.4501645492674, -34.53536844723041], [-58.450179529730576, -34.5353828586439], [-58.45026185981786, -34.535432911086446], [-58.450298031400564, -34.53545313349064], [-58.450336091209735, -34.53548245988955], [-58.45036227582093, -34.53549307467913], [-58.45039075434704, -34.535508325397686], [-58.45042733168998, -34.53552407970194], [-58.4504504110357, -34.535538994681865], [-58.4504711964768, -34.535549273725614], [-58.45049279330113, -34.53555061662545], [-58.45052060070809, -34.53554335910358], [-58.45054300890525, -34.53553576585257], [-58.45056501141431, -34.535532640668016], [-58.450602400175995, -34.53553945878191], [-58.45066678498619, -34.53554795547193], [-58.45069918023747, -34.53554996976848], [-58.45077665742729, -34.53556377376323], [-58.45080824134864, -34.53557472417874], [-58.450910420721684, -34.535585570715384], [-58.45098209312579, -34.53560350695579], [-58.451067263613254, -34.535622282407736], [-58.45109156009559, -34.5356237930541], [-58.45113515950199, -34.53562201055853], [-58.451183752475984, -34.53562503181928], [-58.45121614779592, -34.535627045982515], [-58.45124354954817, -34.53562425636722], [-58.45128796025652, -34.53561353765917], [-58.451405666077164, -34.53560288261752], [-58.45143806140528, -34.53560489672071], [-58.451498264120175, -34.53559965305956], [-58.45151986100899, -34.53560099577963], [-58.45155806120053, -34.53559887744888], [-58.45160395459699, -34.5356017307018], [-58.45163095071549, -34.535603409077815], [-58.451657541208945, -34.53560955553041], [-58.451701406495815, -34.53563474916141], [-58.451722597779565, -34.53564055992972], [-58.45175296503156, -34.5356649143681], [-58.451776044698896, -34.5356798291305], [-58.4517914311487, -34.53568977230372], [-58.45181842730743, -34.53569145064208], [-58.45185041708244, -34.53569793272468], [-58.45187201401433, -34.53569927538568], [-58.45188861733055, -34.535695814294094], [-58.451922635188865, -34.53567995593325], [-58.45197244512006, -34.53566957262801], [-58.45205235642928, -34.53565656732842], [-58.45209636150264, -34.53565031639833], [-58.45212916250385, -34.53564786223346], [-58.45218356043871, -34.53564675066333], [-58.452215955842235, -34.535648764562424], [-58.452250645270006, -34.535655414365536], [-58.45228762872861, -34.53566670007142], [-58.45231421931772, -34.535672846388294], [-58.4523358162664, -34.53567418896634], [-58.45239061982258, -34.535668609215016], [-58.45251642464211, -34.53565845654378], [-58.45256042971344, -34.535652205440144], [-58.452587020329815, -34.535658351698935], [-58.4526132053739, -34.53566896604478], [-58.45266760335744, -34.5356678542575], [-58.45270229285387, -34.535674503936434], [-58.45272969463578, -34.53567171397928], [-58.45275587970802, -34.535682328297064], [-58.45277707111248, -34.53568813889138], [-58.45279866808824, -34.53568948138816], [-58.452868452705346, -34.53569831257159], [-58.452925144788736, -34.53570183657605], [-58.452984536505696, -34.5357055283624], [-58.45302233124024, -34.535707877666084], [-58.45306471412038, -34.53571949876448], [-58.45312100069294, -34.53572749077722], [-58.45315757880201, -34.53574324433372], [-58.453177959166254, -34.53575799105952], [-58.45321224322123, -34.53576910870055], [-58.45323262360252, -34.53578385541906], [-58.4532598862424, -34.53581250983861], [-58.45328755444426, -34.53583669615529], [-58.45332332155478, -34.53586138587099], [-58.45334599606932, -34.53588076847655], [-58.45336556542149, -34.53590445137921], [-58.45338945657598, -34.53591042967929], [-58.45342023002074, -34.53593031567401], [-58.453463285045444, -34.535964444957585], [-58.45351673311808, -34.53600371352145], [-58.453554794478094, -34.53603303908565], [-58.453572475349176, -34.53604761796642], [-58.453586645524965, -34.53607096525381], [-58.45360972568915, -34.53608587972312], [-58.45367316142243, -34.5361347556252], [-58.453695836094354, -34.53615413818529], [-58.45371581113339, -34.53617335294902], [-58.45373308653735, -34.53619239991738], [-58.45411275307475, -34.53652603545667], [-58.454127328981286, -34.536544914603354], [-58.454139610744534, -34.53655915785571], [-58.45414338802542, -34.53657736585775], [-58.45415526428664, -34.536596077217055], [-58.45416444089216, -34.5366146207904], [-58.45420816870464, -34.53667125821955], [-58.45424460859086, -34.53671845607104], [-58.454275649183536, -34.53676531834937], [-58.45430831182342, -34.53679430818781], [-58.454330581315716, -34.536818158780505], [-58.4543478569847, -34.53683720569637], [-58.454379708675134, -34.53687513174188], [-58.45448484611825, -34.53700298530357], [-58.45459741069226, -34.53710883381264], [-58.45468918906276, -34.53720440381815], [-58.4547678746926, -34.537294666792846], [-58.454831845583406, -34.53739749521098], [-58.4548365620691, -34.53746518801914], [-58.45483601787454, -34.53750110070601], [-58.45483330752526, -34.53759079853544], [-58.45481602091712, -34.537661617255836], [-58.45476970979747, -34.53775309877011], [-58.454757961245114, -34.53779280845641], [-58.45468559182311, -34.537932096932096], [-58.45481395049755, -34.538043420227034], [-58.454829604513236, -34.538080339575146], [-58.45491733982362, -34.53813072510609], [-58.45489911407702, -34.53815205902419], [-58.454827299515884, -34.53816556928661], [-58.454823660834975, -34.538115916706076], [-58.45478060420365, -34.53808178769144], [-58.45463428644733, -34.538018774683735], [-58.45460484530581, -34.53813377110812], [-58.45435453788417, -34.53846869302588], [-58.45426960697609, -34.53865662689985], [-58.45423707122902, -34.53868605793453], [-58.454098828813635, -34.5388032785671], [-58.45403160198882, -34.538826060068146], [-58.453212709725484, -34.53923347766523], [-58.45318057899124, -34.539258440241056], [-58.453141160224405, -34.53927396315699], [-58.45311875109607, -34.53928155678946], [-58.45309323661772, -34.53929345069142], [-58.453058811694454, -34.539313777311804], [-58.45302438675511, -34.5393341039202], [-58.452999277861565, -34.53934152970463], [-58.45297146922297, -34.53934878765985], [-58.452948654448285, -34.53936084934945], [-58.45293353327668, -34.53937788260017], [-58.45287170524057, -34.539400999001586], [-58.452829180996616, -34.53942082206531], [-58.45280677180825, -34.53942841563091], [-58.45278557949128, -34.53942260491766], [-58.45275777081467, -34.539429862817634], [-58.45274035547742, -34.53944226011789], [-58.452722940135175, -34.53945465741494], [-58.45270134219068, -34.539453314777475], [-58.45268122709771, -34.53946554423741], [-58.45265760099042, -34.53948654204241], [-58.45262547000357, -34.53951150443572], [-58.45259104488943, -34.53953183089597], [-58.45257511233851, -34.53955780026662], [-58.45256269080102, -34.53957500128945], [-58.45254756951138, -34.53959203447667], [-58.45252516025755, -34.539599627980536], [-58.45249775714994, -34.53960241772151], [-58.45246536019344, -34.53960040369665], [-58.45243336888651, -34.5395939215755], [-58.452405560133876, -34.53960117938274], [-58.45237356883431, -34.53959469724641], [-58.45233617805122, -34.539587879425255], [-58.452295681878404, -34.53958536184018], [-58.45224249830149, -34.53957306886794], [-58.45217230496616, -34.53956870499299], [-58.451895099766475, -34.53918302003275], [-58.4519375123553, -34.53901491135058], [-58.451670282886965, -34.53872869894347], [-58.4516480138448, -34.53870484789363], [-58.45142869509222, -34.538489013357605], [-58.45133422011567, -34.53839327332277], [-58.45130681742675, -34.53839606284001], [-58.45127752641686, -34.53838974834078], [-58.4512513408031, -34.53837913361621], [-58.45127741565622, -34.53824146253066], [-58.451185640797306, -34.53814589029431], [-58.45109318009554, -34.538117674857475], [-58.45106740028935, -34.53810259203253], [-58.45101232962061, -34.538081194656485], [-58.45098452133924, -34.53808845218626], [-58.45086169309202, -34.53803588187753], [-58.45083861304517, -34.5380209668771], [-58.45068393485847, -34.53793046959632], [-58.4506654428064, -34.53792482644779], [-58.45036607480898, -34.5377534390159], [-58.450348394284475, -34.53773885969184], [-58.450247570140064, -34.537683163804296], [-58.45007927027953, -34.537533405930816], [-58.450058484447624, -34.537523126761656], [-58.449882492025125, -34.53736839699772], [-58.449879201233486, -34.536896396384904], [-58.45002538828555, -34.53612365381364], [-58.44908817467909, -34.53556212119253], [-58.449048492293, -34.53555066667457], [-58.449026895540975, -34.53554932351929], [-58.44900030537136, -34.53554317651488], [-58.448977897084575, -34.53555076946088], [-58.44895589456521, -34.535553894347544], [-58.44894158505403, -34.53556199097429], [-58.44891917675846, -34.53556958390795], [-58.44890135609902, -34.53558644873988], [-58.44886423249288, -34.53560660633414], [-58.44877890508969, -34.535709138417054], [-58.44880198412358, -34.53572405368039], [-58.448789156818755, -34.535745722341744], [-58.448789015937315, -34.53577716661098], [-58.44879508582182, -34.53580001057681], [-58.448803855309805, -34.53582302244353], [-58.44882612281266, -34.53584687381267], [-58.44928474135767, -34.53611803425717], [-58.44930512098686, -34.53613278155931], [-58.44932820023861, -34.53614769674964], [-58.449347362605415, -34.53617584822066], [-58.44936463688467, -34.536194895684], [-58.449376106177915, -34.53621807542497], [-58.44938487585801, -34.53624108727588], [-58.44939054016419, -34.53626839929573], [-58.449388511370614, -34.53629073958819], [-58.44938877643636, -34.536317715828716], [-58.449383642256876, -34.53634435628922], [-58.4493785080726, -34.536370996749014], [-58.4493656807748, -34.53639266547805], [-58.44935015384563, -34.53641416631365], [-58.448971170061895, -34.5368803652547], [-58.448714635866594, -34.53722387331376], [-58.448719082523326, -34.53726458949717], [-58.448852142634074, -34.53744361037103], [-58.44889369678104, -34.5375540338445], [-58.44908952062147, -34.537759424582255], [-58.449206525054635, -34.53790599356098], [-58.4491739881087, -34.537935423035755], [-58.449120947185406, -34.53789168460092], [-58.44903579217738, -34.53778304274444], [-58.44889678512138, -34.53763959846505], [-58.44883645716799, -34.537586420125805], [-58.44878396346385, -34.5375067692758], [-58.448697997619455, -34.5374070633903], [-58.44858759406658, -34.53733729052432], [-58.44846623347016, -34.537388154883004], [-58.44812401268645, -34.53756906668596], [-58.44489476725717, -34.5393452008299], [-58.44313321261501, -34.54029597833436], [-58.44317194030842, -34.54034781494927], [-58.44288154154605, -34.540495989671456], [-58.44266052213217, -34.54065746903112], [-58.44178687990472, -34.54112879407553], [-58.4417839178781, -34.54110165006236], [-58.44218207211825, -34.54084336155329], [-58.442387825797496, -34.54073035881386], [-58.44257673647669, -34.54050397544776], [-58.442675193654566, -34.54031689378116], [-58.44272395630635, -34.54019861091641], [-58.4428605662275, -34.54018914157474], [-58.44308965904963, -34.54011802971159], [-58.44333093571299, -34.53991287757569], [-58.44347055480671, -34.539750823521246], [-58.44352552752135, -34.539623940219606], [-58.443535154628904, -34.53945828832616], [-58.44358757040996, -34.5392997929218], [-58.44361177084414, -34.539153021165276], [-58.4437772863466, -34.53906447082426], [-58.44389984701915, -34.53909007193687], [-58.4439678879785, -34.53905836046982], [-58.443974385415046, -34.53898687246523], [-58.444044050600404, -34.538937288937106], [-58.44411481363734, -34.53881588129299], [-58.44429437519781, -34.53869225812484], [-58.44443220093228, -34.5386693826428], [-58.444510513356114, -34.53858439074555], [-58.444605550324184, -34.538554358903646], [-58.444857046841044, -34.53847565091934], [-58.44500514380116, -34.538399494582364], [-58.445258263636916, -34.538302913597825], [-58.445416225298985, -34.538177944477795], [-58.4455321891336, -34.53812674761558], [-58.445621583056976, -34.53797953849788], [-58.445803150059476, -34.53792343678687], [-58.44588578391524, -34.53782073961406], [-58.44604185599752, -34.53768666541352], [-58.44620424064031, -34.53769227546417], [-58.446319107580365, -34.5377129020296], [-58.44646097108024, -34.53773520810241], [-58.44664414129533, -34.537751097317596], [-58.446722978892666, -34.53772005584252], [-58.446866627362326, -34.53760318068035], [-58.44697181030219, -34.53746144591349], [-58.44707670955326, -34.53738259937051], [-58.44722145187529, -34.537193899197334], [-58.44729854243803, -34.53712230904291], [-58.44736617481355, -34.53709506331607], [-58.447486034847536, -34.537120492614655], [-58.44754502095233, -34.53712865521716], [-58.44771306873301, -34.53716157515043], [-58.44778865859804, -34.537166277181726], [-58.44794213217074, -34.537180317074174], [-58.4480113698362, -34.53722506343386], [-58.44810827444809, -34.53729399713376], [-58.44815187460278, -34.53729221583874], [-58.44812138472371, -34.53720944013121], [-58.447922317845354, -34.53703979264297], [-58.4478027404007, -34.53695147533857], [-58.44782677256708, -34.53692601050708], [-58.4478269138991, -34.53689456628741], [-58.44779007213355, -34.536851835004626], [-58.447752560047846, -34.53678659558179], [-58.447559017167634, -34.53667570395062], [-58.447466984118186, -34.53655315350261], [-58.44733350391547, -34.53646846425855], [-58.44716978087244, -34.53641783979677], [-58.447010400129436, -34.53625964644324], [-58.446825628499354, -34.53617176585341], [-58.44663882778383, -34.536106225181946], [-58.446240911379206, -34.53606349586168], [-58.4458880767655, -34.536032556758315], [-58.445675742926014, -34.53606877141661], [-58.44514956616838, -34.536152856274796], [-58.44479886205863, -34.53624785824438], [-58.44456438227149, -34.53631863894692], [-58.44435892821994, -34.536368759127996], [-58.44406046974698, -34.53642657069597], [-58.44371759933918, -34.53649509722247], [-58.44331923240712, -34.53663655418168], [-58.443141299110934, -34.53674230432064], [-58.442979969080525, -34.5368445943506], [-58.44284023546927, -34.53694822841335], [-58.44272412896868, -34.53703086664987], [-58.44260018622763, -34.537139976582694], [-58.442480710721256, -34.537199938498304], [-58.442357698975044, -34.53735853203785], [-58.44223416140704, -34.53746317348376], [-58.44213425128047, -34.537546819297766], [-58.4420144876872, -34.537669668482366], [-58.44186447803975, -34.537826580715], [-58.44176834157429, -34.53792843416005], [-58.44156782520927, -34.53816308041883], [-58.441468962972024, -34.53835462917249], [-58.44132783674826, -34.53859297241195], [-58.44116336923549, -34.538789422816336], [-58.44108882788249, -34.53889262011984], [-58.441008074522315, -34.539004417118875], [-58.44094607442108, -34.539148834525975], [-58.44091601142898, -34.53947946419664], [-58.440900167222594, -34.53965371495259], [-58.440852332978295, -34.53982148061236], [-58.440843984206666, -34.540211874698485], [-58.44074366275863, -34.54029998670906], [-58.440638112684255, -34.540266454957816], [-58.44053674321899, -34.540246663221126], [-58.44041226859567, -34.540301818140335], [-58.440388287084495, -34.54014755394816], [-58.440354608269026, -34.5399207937387], [-58.44028726067921, -34.539885147262], [-58.44029190130869, -34.53971469230137], [-58.439934216274295, -34.54006535973832], [-58.43971522511096, -34.54020449332697], [-58.43948868527856, -34.540307210296746], [-58.43935370092046, -34.54029880393989], [-58.43923479806393, -34.54023298660866], [-58.439094704330515, -34.5401613561677], [-58.438938006420486, -34.54009318472232], [-58.43877103285112, -34.54007829217362], [-58.438508903111156, -34.54003500645861], [-58.438309011337715, -34.53996414394888], [-58.43807335673068, -34.53986858729287], [-58.43796537016149, -34.53986186104185], [-58.437817962624734, -34.5398706521965], [-58.43767932154523, -34.53990245549445], [-58.43750451089679, -34.53991403254328], [-58.437345898218595, -34.539926618362244], [-58.43722804133141, -34.539968702336324], [-58.43712719526249, -34.54000285938365], [-58.43700730580066, -34.54006728275189], [-58.43685258125531, -34.54015649533659], [-58.436735536846484, -34.540189642904835], [-58.43661767936075, -34.540231726193596], [-58.43643259068001, -34.540296580262826], [-58.43623548350597, -34.54037416497677], [-58.436110600112826, -34.54043378297886], [-58.436026878623, -34.54051843166692], [-58.43594356349895, -34.54059861235869], [-58.435842017401114, -34.5407001232995], [-58.435733445457856, -34.54081916935465], [-58.43566429501444, -34.54092269860755], [-58.435597291211224, -34.54106230752282], [-58.43550288365194, -34.54120470210917], [-58.435430073301035, -34.541348442339554], [-58.435329159627884, -34.541562323254844], [-58.435259828651816, -34.541787158541496], [-58.435227886610804, -34.54201881683076], [-58.435122791687284, -34.54221895722107], [-58.435034301166326, -34.5424156389477], [-58.435011303634006, -34.5425490031592], [-58.434895881768256, -34.54256427679027], [-58.434762634947745, -34.542596412476385], [-58.4346015774381, -34.54263580137013], [-58.43445834482122, -34.54265832791645], [-58.434285674861826, -34.542705979161], [-58.43409599299916, -34.54276155639235], [-58.433905497560275, -34.54282606907812], [-58.43376644395866, -34.542862334931286], [-58.43374403269577, -34.542869924607906], [-58.43371540856782, -34.54288611353357], [-58.43368759782548, -34.54289336666971], [-58.433653980909654, -34.542904751157906], [-58.43361995728414, -34.5429206035255], [-58.43359214652538, -34.542927856637036], [-58.43356392905764, -34.54293957763099], [-58.43353571158271, -34.542951298617126], [-58.43350209462895, -34.54296268305718], [-58.43347347042887, -34.54297887191508], [-58.43344525293067, -34.542990592876706], [-58.433417442139486, -34.54299784594294], [-58.43338341843954, -34.54301369823291], [-58.43335520091975, -34.54302541917038], [-58.43332739011232, -34.543032672213165], [-58.43329917258009, -34.54304439313553], [-58.433275947793206, -34.54306091848595], [-58.4332423307699, -34.54307230284323], [-58.43321411321477, -34.543084023742416], [-58.43318508219656, -34.543104680404575], [-58.433156864623925, -34.54311640128786], [-58.43313903926904, -34.543133263160826], [-58.433110008215834, -34.54315391980007], [-58.43307639113818, -34.543165304103255], [-58.43305316627632, -34.54318182940057], [-58.43302454192437, -34.543198018130745], [-58.43299591756184, -34.543214206852575], [-58.43297849889471, -34.54322660081168], [-58.432944475031434, -34.54324245295474], [-58.43291625738455, -34.54325417377106], [-58.43288803973064, -34.54326589457992], [-58.43285941532149, -34.54328208326275], [-58.432836190386894, -34.54329860850855], [-58.432807972708744, -34.543310329295025], [-58.432774355537646, -34.54332171350033], [-58.4327507238216, -34.54334270660652], [-58.432722506118935, -34.543354427369636], [-58.432693881650806, -34.54337061600505], [-58.43267564939013, -34.543391945669924], [-58.43264203217241, -34.54340332983172], [-58.43261880716356, -34.54341985502538], [-58.432589775889724, -34.543440511509544], [-58.43256655086054, -34.54345703669041], [-58.432543732590155, -34.54346909398726], [-58.43252050754427, -34.54348561915712], [-58.43248607672998, -34.54350593902344], [-58.43246285166286, -34.54352246417926], [-58.432439626586785, -34.5435389893294], [-58.43241599472552, -34.54355998235094], [-58.432392769629715, -34.54357650748953], [-58.43236414502658, -34.5435926960284], [-58.43233552041296, -34.54360888455882], [-58.432317288005734, -34.54363021415052], [-58.43229406287148, -34.54364673926495], [-58.43226543822651, -34.54366292777468], [-58.432241806286015, -34.54368392075164], [-58.43222398062561, -34.54370078244901], [-58.43220075545351, -34.54371730754044], [-58.432166731262576, -34.54373315941838], [-58.432143099277226, -34.54375415237011], [-58.43211987407484, -34.54377067744191], [-58.43210204837082, -34.54378753911566], [-58.4320597770339, -34.5438343294621], [-58.43203655179235, -34.543850854512854], [-58.432013326541735, -34.54386737955774], [-58.43199010128207, -34.54388390459712], [-58.43196606240256, -34.54390936537479], [-58.43194283712175, -34.54392589040218], [-58.431925011347026, -34.543942752040664], [-58.4319013792392, -34.54396374492916], [-58.4318777471192, -34.54398473781161], [-58.43185411498705, -34.54400573068767], [-58.43183088965712, -34.54402225568708], [-58.4318068506863, -34.544047716421495], [-58.43178902485669, -34.5440645780328], [-58.43176539267852, -34.54408557088559], [-58.431747160011945, -34.54410690035836], [-58.431729334156756, -34.54412376195749], [-58.43170529512297, -34.54414922266366], [-58.43169246195235, -34.54417088875232], [-58.431663837015535, -34.54418707708024], [-58.43164560429824, -34.544208406531155], [-58.431621565212225, -34.544233867214054], [-58.431608732004044, -34.54425553328921], [-58.43158509972302, -34.54427652609368], [-58.43156686696345, -34.544297855527546], [-58.431542827824956, -34.54432331618815], [-58.43153040141465, -34.544340514383194], [-58.43150676908816, -34.54436150716653], [-58.43147773721152, -34.544382163303595], [-58.43146449709833, -34.54440829722209], [-58.43144626427562, -34.544429626629665], [-58.43142843828534, -34.54444648816734], [-58.43140979860034, -34.54447228543317], [-58.43139696529197, -34.54449395147378], [-58.43137832558459, -34.54451974873198], [-58.43136009271204, -34.544541078120545], [-58.43134725937756, -34.544562744152714], [-58.431329026486274, -34.544584073534175], [-58.431310386733955, -34.54460987077656], [-58.431302139221415, -34.5446408091796], [-58.43127850674509, -34.54466180189943], [-58.43126027381135, -34.54468313126544], [-58.431242040867566, -34.54470446062744], [-58.431234200171204, -34.54473093115739], [-58.43121556035023, -34.54475672837695], [-58.43119732737644, -34.54477805772848], [-58.43118989351535, -34.54480006038942], [-58.431171253662136, -34.54482585759814], [-58.431158420223554, -34.544847523597895], [-58.43114558677743, -34.54486918959533], [-58.43113153272866, -34.54490425917857], [-58.431113299695795, -34.54492558851038], [-58.431100466222674, -34.54494725449992], [-58.43108722587358, -34.544973388349405], [-58.43106359323943, -34.544994381007506], [-58.43105035286894, -34.545020514850506], [-58.43103711248885, -34.54504664869084], [-58.43102427897256, -34.545068314667056], [-58.43101144544863, -34.54508998064114], [-58.430998205041725, -34.54511611447419], [-58.43098537150172, -34.54513778044365], [-58.43097131732123, -34.54517284999323], [-58.430958483763014, -34.5451945159578], [-58.43094565019734, -34.545216181920075], [-58.43093240974318, -34.545242315740424], [-58.430919576161344, -34.545263981697985], [-58.430906335688974, -34.54529011551345], [-58.43089350209106, -34.545311781466395], [-58.4308852543078, -34.545342719811174], [-58.43087242069399, -34.54536438576021], [-58.430859180185564, -34.54539051956626], [-58.43085133926441, -34.54541699004665], [-58.43083809873822, -34.545443123848436], [-58.43082526509234, -34.54546478978877], [-58.43081742414925, -34.54549126026444], [-58.430803776704565, -34.54552186191837], [-58.43079094303425, -34.5455435278523], [-58.43078310206833, -34.54556999832327], [-58.43076486877586, -34.545591327571415], [-58.430757027794485, -34.5456177980391], [-58.43074877990962, -34.54564873636372], [-58.430735946199974, -34.54567040228717], [-58.4307276982985, -34.54570134060867], [-58.43071985728852, -34.54572781107103], [-58.43071242317235, -34.545749813674504], [-58.43070458215013, -34.54577628413446], [-58.430696741121324, -34.54580275459335], [-58.43068890008594, -34.54582922505118], [-58.43068105904399, -34.54585569550758], [-58.43067861762049, -34.54588250265129], [-58.430665376940645, -34.545908636417195], [-58.43066293550728, -34.54593544355966], [-58.430655094440816, -34.545961914011976], [-58.430647253367866, -34.54598838446323], [-58.430644811921354, -34.54601519160427], [-58.43063697083696, -34.54604166205357], [-58.430628722836275, -34.546072600358464], [-58.43063748756255, -34.546095613025436], [-58.4306296464634, -34.546122083473136], [-58.43062180535759, -34.54614855391959], [-58.43061936388843, -34.54617536105815], [-58.430611522771166, -34.54620183150283], [-58.43060908129384, -34.54622863864067], [-58.430607046726834, -34.54625097792203], [-58.43059879867961, -34.54628191622044], [-58.43059635719082, -34.54630872335713], [-58.430593915698836, -34.54633553049355], [-58.43059106728746, -34.54636680548557], [-58.43058862578846, -34.54639361262146], [-58.43058659120351, -34.54641595190104], [-58.430584149698646, -34.546442759036395], [-58.43058130127217, -34.54647403402717], [-58.43057885976029, -34.5465008411619], [-58.43057641824521, -34.54652764829646], [-58.43057397672693, -34.54655445543048], [-58.430571535205374, -34.546581262564416], [-58.4305695006016, -34.54660360184249], [-58.430572458746, -34.54663074567527], [-58.43056421062141, -34.54666168396454], [-58.43056176908688, -34.546688491097406], [-58.43056472722648, -34.546715634930365], [-58.43056768536635, -34.5467427787635], [-58.430570643506485, -34.546769922596816], [-58.43056860888814, -34.54679226187409], [-58.430566167343216, -34.54681906900669], [-58.43056871855606, -34.5468506806956], [-58.430566277005894, -34.54687748782803], [-58.430563835452446, -34.54690429496001], [-58.43057178635239, -34.54693624335114], [-58.430574744488794, -34.54696338718534], [-58.43057770262537, -34.54699053101963], [-58.430580253835544, -34.54702214270952], [-58.4305778122734, -34.547048949841766], [-58.430580770408824, -34.547076093676594], [-58.43057914269788, -34.547093965097915], [-58.43056630865081, -34.54711563096781], [-58.43046667240276, -34.547136377389904], [-58.42999553842586, -34.54682392473744], [-58.4300486119953, -34.54677780891508], [-58.429960073183466, -34.54673634178633], [-58.42993063308591, -34.54676146524058], [-58.42990699960309, -34.546782457566856], [-58.42988876578251, -34.546803786617915], [-58.42987053195206, -34.546825115665065], [-58.42984689843496, -34.54684610797518], [-58.429833657296996, -34.54687224159507], [-58.42981542343547, -34.54689357063005], [-58.42979678259691, -34.54691936750828], [-58.42978394839609, -34.546941033271956], [-58.429770707218694, -34.5469671668803], [-58.429757873001805, -34.546988832639265], [-58.42974463180611, -34.54701496624281], [-58.42973719726078, -34.547036968736684], [-58.42972935573761, -34.54706343907638], [-58.429710307852034, -34.547093703779126], [-58.429702873286885, -34.54711570626891], [-58.429694624764934, -34.54714664444982], [-58.42968678321157, -34.547173114783476], [-58.42969514074437, -34.54720059534548], [-58.42969269888211, -34.54722740242177], [-58.429696063695246, -34.54725007839514], [-58.42969902153144, -34.547277222214774], [-58.4297015723899, -34.54730883388059], [-58.429709929933, -34.54733631444384], [-58.429707488063094, -34.547363121520576], [-58.4297108528789, -34.54738579749456], [-58.429724610139914, -34.54741361480213], [-58.42973337467328, -34.547436627520085], [-58.42974132525392, -34.54746857593058], [-58.42975589649032, -34.54748745754472], [-58.42977006075546, -34.547510807004684], [-58.42978422502761, -34.54753415646394], [-58.429803789028966, -34.54755784266369], [-58.42981795331693, -34.547581192121264], [-58.42983130366069, -34.547613477272705], [-58.429845467963666, -34.54763682672912], [-58.429865845952385, -34.5476515772294], [-58.42988001027037, -34.54767492668404], [-58.429899981301155, -34.54769414502838], [-58.42993075180854, -34.547714036844575], [-58.42995612259588, -34.54773359191911], [-58.42997650062847, -34.547748342406344], [-58.430007271175654, -34.54776823420815], [-58.43003304896595, -34.547783321421846], [-58.430065040439246, -34.54778980966424], [-58.430091632177835, -34.54779596116843], [-58.430123216700295, -34.54780691724643], [-58.43014592731191, -34.547736441827595], [-58.43007358670437, -34.54769598482336], [-58.43048116549126, -34.54733498322426], [-58.43060495205857, -34.547347195329365], [-58.43061330991556, -34.54737467586952], [-58.43061586112342, -34.547406287561714], [-58.430618819262044, -34.54743343139867], [-58.43062177740093, -34.54746057523572], [-58.43062473554, -34.54748771907294], [-58.430622293949696, -34.54751452620599], [-58.43063024488703, -34.54754647460342], [-58.43062780329316, -34.54757328173656], [-58.430630761431345, -34.547600425574316], [-58.430628319832685, -34.547627232707185], [-58.43063168490313, -34.54764990868988], [-58.4306346430406, -34.54767705252799], [-58.43063179450186, -34.547708327516276], [-58.43063567609815, -34.54778495447039], [-58.430523204813866, -34.54782736669603], [-58.43039627138325, -34.547909316043516], [-58.43030754296086, -34.54798915443604], [-58.4302163725913, -34.54809579984605], [-58.430102788962216, -34.54821003392443], [-58.4300336241312, -34.548313558215966], [-58.42993675525189, -34.54848275319364], [-58.42982857044197, -34.54859732363752], [-58.42973118491176, -34.548712567453705], [-58.429627992286996, -34.54883194224056], [-58.42953223421646, -34.5489293144497], [-58.42935395915579, -34.549097925053935], [-58.42927887721912, -34.54914716105614], [-58.4291655894198, -34.54919850736282], [-58.42906595042754, -34.54921925225538], [-58.42899453163782, -34.549228277506145], [-58.428921783508876, -34.54919228755281], [-58.428811236757035, -34.549153939980144], [-58.42873645350198, -34.54914028910851], [-58.4286384427939, -34.54914316230717], [-58.42857079561608, -34.54917039544842], [-58.42852515471649, -34.549194507961474], [-58.428475035990346, -34.54926776660507], [-58.4284381592652, -34.5493148918613], [-58.4282936931758, -34.549350812855835], [-58.42818925296137, -34.54924544728499], [-58.42813178287375, -34.549160984436625], [-58.42796886705362, -34.54910139654263], [-58.42784925729322, -34.54910292175974], [-58.42774798985576, -34.549141536834966], [-58.42765630058855, -34.54919422898321], [-58.42751744872237, -34.54934732296444], [-58.42744787257824, -34.549455313048156], [-58.42741438048194, -34.54976325581846], [-58.427308119350315, -34.54979706570704], [-58.42723792149718, -34.54979268637139], [-58.427136846420254, -34.54970999595518], [-58.426984836961545, -34.549709498931165], [-58.42693287452062, -34.54968379100187], [-58.42690454721567, -34.54963709152878], [-58.426847999361, -34.549602111055506], [-58.42677902325369, -34.54958432803467], [-58.42669099753018, -34.549596808984546], [-58.42661417859897, -34.549605495853726], [-58.42656639463445, -34.54959352812505], [-58.42651942505226, -34.54957262475668], [-58.42645126344648, -34.5495459059393], [-58.42633868187229, -34.54952989523818], [-58.42620450114754, -34.54951253677205], [-58.426060441438835, -34.54954398711402], [-58.42594012295984, -34.54961286435989], [-58.42582398243712, -34.54969548180664], [-58.425830408544684, -34.54980371990903], [-58.42580769350195, -34.54987419396069], [-58.42575420837229, -34.54992477515184], [-58.42575390698848, -34.549987661335564], [-58.42573903502438, -34.550031665482734], [-58.42573119180284, -34.55005813535756], [-58.425601987357474, -34.54980743960185], [-58.425624401084704, -34.54979985178028], [-58.42557814042522, -34.54971159409325], [-58.42556112652933, -34.54971951885605], [-58.42537190674016, -34.54935274768795], [-58.42540012737026, -34.54934102904696], [-58.42533970400714, -34.5492294214835], [-58.42531688318671, -34.54924147706812], [-58.42518309562382, -34.54898150864089], [-58.425195931357095, -34.54895984356547], [-58.425181768316136, -34.548936493704936], [-58.42516098379527, -34.54892621027909], [-58.425138977540676, -34.54892933024249], [-58.42512654904742, -34.54894652751321], [-58.42511911305444, -34.54896852953945], [-58.42524872235187, -34.54921475765717], [-58.42532208697247, -34.54936311850478], [-58.42551049206284, -34.5497388253267], [-58.425488485587, -34.54974194532749], [-58.42553474615491, -34.54983020303858], [-58.42555176007754, -34.54982227828289], [-58.42567138641571, -34.55005889677906], [-58.426574613197516, -34.551827169727304], [-58.42625286396422, -34.5519014519102], [-58.426151999593145, -34.55193559729503], [-58.42612825771206, -34.55189817014929], [-58.42603778598408, -34.55193745711826], [-58.42569372725475, -34.55207774388535], [-58.42426077536516, -34.54926992714331], [-58.42425160503542, -34.54925138198963], [-58.424230005989045, -34.54925003398374], [-58.42420219258014, -34.549257284546115], [-58.424184771388184, -34.54926967689708], [-58.42418314217649, -34.54928754804609], [-58.42419231249228, -34.54930609320358], [-58.424213096947504, -34.54931637679303], [-58.4250483200421, -34.550936631436464], [-58.425570539065774, -34.551939753592826], [-58.42556646636901, -34.55198443158977], [-58.425574008119526, -34.55202084791928], [-58.42557574264325, -34.552061395082774], [-58.42557207720241, -34.552101605279724], [-58.42556178997072, -34.552154881907185], [-58.42542730345306, -34.55220040819215], [-58.42454070876936, -34.55251352204318], [-58.42422986031189, -34.55264689051624], [-58.42278105098338, -34.55305070927583], [-58.4227276593718, -34.55292156653808], [-58.42221660038396, -34.55304692412746], [-58.4222595986816, -34.55317092498903], [-58.42127028311373, -34.553419188508556], [-58.4203868235381, -34.55363810820977], [-58.42017550997848, -34.55369231022695], [-58.42000861897613, -34.55373580643901], [-58.41986995063842, -34.55376758534926], [-58.419770305038114, -34.55378832154318], [-58.419714674615534, -34.55380282010411], [-58.41967025178923, -34.55381352538531], [-58.41960300610794, -34.55383628487773], [-58.419480945150596, -34.553864607299474], [-58.419375491762, -34.553889473621986], [-58.419281653597736, -34.55390607889985], [-58.41923101541094, -34.5539253822092], [-58.41917538484403, -34.55393988049701], [-58.41906993131377, -34.553964746528116], [-58.41893625476474, -34.55400132926806], [-58.41878057044907, -34.55404103043975], [-58.41863110136672, -34.5540721332296], [-58.41849742453285, -34.55410871543549], [-58.4183919706856, -34.5541335808192], [-58.418241685984384, -34.554173618530655], [-58.41811921659908, -34.55420640716966], [-58.41800877027366, -34.5542264671532], [-58.417897100769174, -34.55425993018306], [-58.41776963889497, -34.55428791339063], [-58.417630153756946, -34.55432862492522], [-58.41750269173548, -34.55435660782513], [-58.41738643740922, -34.55438079756334], [-58.41723034422533, -34.55442496425577], [-58.417096258704156, -34.554466012464076], [-58.416946380814856, -34.554501580692616], [-58.41682309510104, -34.55454330329985], [-58.4167288482509, -34.554564374134614], [-58.41657815452247, -34.55460887727135], [-58.41642165285093, -34.55465751050799], [-58.41629836672615, -34.55469923251428], [-58.41616387265241, -34.554744747268025], [-58.416007778390096, -34.55478891220382], [-58.41585046049583, -34.55484648000537], [-58.41568234237516, -34.55490337271769], [-58.41554784773849, -34.55494888669712], [-58.41541834514051, -34.55499920563946], [-58.415289250271314, -34.555045056731984], [-58.41516514743158, -34.555095712809276], [-58.415036052312274, -34.5551415635928], [-58.4149007412651, -34.55519601212728], [-58.414776638018495, -34.55524666774431], [-58.41463011870164, -34.55530490867133], [-58.41450560725275, -34.55536003164898], [-58.41438690361081, -34.55541102428549], [-58.41425576805267, -34.55547921251256], [-58.414130032335535, -34.5555477380713], [-58.41401672828317, -34.55559906778049], [-58.413889768362196, -34.55568099606651], [-58.41379225619461, -34.55573780573815], [-58.41367273573033, -34.555797732890454], [-58.41355861516081, -34.55585799743208], [-58.41346650264062, -34.5559151443137], [-58.41336399786377, -34.55596714835984], [-58.41325028485685, -34.556022944880844], [-58.41313076364925, -34.556082871391176], [-58.413032842545405, -34.556144147985286], [-58.41294154539912, -34.55619235904594], [-58.41283323191347, -34.55624849265668], [-58.41276394286191, -34.5562935861505], [-58.41267223738963, -34.55634626462782], [-58.41258593188404, -34.5563992805981], [-58.41251786668869, -34.556430970933874], [-58.412448169287416, -34.556480531863905], [-58.41235646342905, -34.55653321004776], [-58.41228136576576, -34.55658243326802], [-58.412183851556165, -34.55663924135621], [-58.412108345640775, -34.55669293209908], [-58.41202203944516, -34.55674594757127], [-58.41195814966423, -34.55679137809568], [-58.41187724337421, -34.55684473104725], [-58.411813761521366, -34.55688569382158], [-58.41175608779211, -34.556922526521134], [-58.41168098944377, -34.55697174927465], [-58.41141962028554, -34.557157600215334], [-58.411146225371276, -34.55735617807491], [-58.4110251932061, -34.55725425388778], [-58.410743665447214, -34.55730404785086], [-58.410643009894166, -34.55721687693913], [-58.410677859400465, -34.5571920971132], [-58.41063211550087, -34.557157784601706], [-58.41008055498139, -34.55665600541231], [-58.410040305522514, -34.55668044737942], [-58.41001035418492, -34.55665161541354], [-58.409974594635024, -34.55662691338201], [-58.40994922704522, -34.55660735436876], [-58.40992885134685, -34.55659260068213], [-58.40990307560131, -34.55657750929532], [-58.40987648350851, -34.55657135317011], [-58.409849891420606, -34.556565197039575], [-58.409829107571205, -34.55655491097229], [-58.409797115442615, -34.55654841713029], [-58.40977011518707, -34.55654672861581], [-58.40974352311923, -34.55654057246395], [-58.40971652286956, -34.55653888393792], [-58.40968870624562, -34.55654613066816], [-58.409667106047095, -34.55654477983796], [-58.409634297560686, -34.55654722121608], [-58.40960607273732, -34.556558935556154], [-58.40958946439497, -34.55656239005258], [-58.40956164775717, -34.55656963675093], [-58.4095392311654, -34.55657722115639], [-58.409515998173774, -34.55659374081545], [-58.40948777332163, -34.55660545512355], [-58.40947034856568, -34.55661784485919], [-58.40944752375235, -34.55662989687333], [-58.40943468263147, -34.556651559577496], [-58.409416849653184, -34.55666841693123], [-58.409399016667514, -34.55668527428141], [-58.409381183674384, -34.55670213162804], [-58.409374150787755, -34.55671966441642], [-58.4093609014218, -34.55674579473584], [-58.40935386852567, -34.55676332752199], [-58.40934642741554, -34.5567853279346], [-58.409344386362875, -34.55680766607092], [-58.409336945244135, -34.55682966648219], [-58.40933490418553, -34.556852004617795], [-58.409338263191216, -34.55687468047863], [-58.4093362221295, -34.55689701861424], [-58.40933958113511, -34.556919694475425], [-58.40934334835418, -34.556937902709635], [-58.40935210743359, -34.55696091629658], [-58.40936127472932, -34.55697946225628], [-58.4093696256038, -34.557006943470654], [-58.409390001272506, -34.55702169725187], [-58.40939916858146, -34.557040243210686], [-58.409414144184176, -34.55705465926535], [-58.409469054771094, -34.557107518121924], [-58.409428396713196, -34.55713642746049], [-58.40944836421134, -34.557155648865404], [-58.410025290979306, -34.5576769899208], [-58.4100551489172, -34.557647404988785], [-58.41015539601325, -34.5577390440128], [-58.410063560348846, -34.55797143854406], [-58.41016839156278, -34.55807235058154], [-58.410085850166745, -34.558143572553774], [-58.41000371682422, -34.55821032681784], [-58.409932791880436, -34.55827328879881], [-58.40984566632451, -34.55833523757896], [-58.40975690778896, -34.55841505680077], [-58.40966315712351, -34.558490070580575], [-58.40959763185555, -34.55855337002422], [-58.40950968929964, -34.55862425374613], [-58.409432955198966, -34.55869134523121], [-58.409362029400754, -34.55875430676578], [-58.40927907837533, -34.55882999563117], [-58.40917870185268, -34.558918074043916], [-58.4090833170568, -34.559010957722705], [-58.40896592295044, -34.55910695787871], [-58.408888371407926, -34.559182984142836], [-58.40881163627199, -34.55925007509883], [-58.40876893543188, -34.559301322144634], [-58.408709625595286, -34.55935602346553], [-58.408638698658876, -34.55941898442802], [-58.40859640590708, -34.55946576376949], [-58.40853668753817, -34.559524932592126], [-58.408476969081235, -34.559584101373915], [-58.40841643392905, -34.55965220534598], [-58.408321047384966, -34.55974508819894], [-58.408254295103134, -34.55982178948968], [-58.40815228295489, -34.55992773719913], [-58.408062296029954, -34.56002095757135], [-58.407953658104816, -34.560139970070765], [-58.40789271373588, -34.560212541279896], [-58.40783839455429, -34.56027204743812], [-58.40776705778215, -34.560339475306385], [-58.40769408747538, -34.56042477354694], [-58.40762193372795, -34.56050113651045], [-58.407560988772296, -34.56057370747889], [-58.40750045207105, -34.56064181079725], [-58.407441548752374, -34.56069204365406], [-58.40739262919561, -34.56075188736964], [-58.40732505839688, -34.56083752313354], [-58.40724128654245, -34.56092214528461], [-58.40716872351442, -34.56100297546698], [-58.40708953483774, -34.56109687052866], [-58.40700576245919, -34.56118149244995], [-58.40692575659122, -34.56128432255536], [-58.406841983839726, -34.56136894431624], [-58.40676279440187, -34.561462839068575], [-58.40671346541911, -34.56152714998108], [-58.40663468409418, -34.561616577014505], [-58.40660359809232, -34.561659563536935], [-58.40645306886377, -34.561820884843826], [-58.40634860104102, -34.56195363595748], [-58.40626441850932, -34.562042724742454], [-58.40617320157611, -34.562149345896046], [-58.40609981938353, -34.56223911033655], [-58.40603224587069, -34.56232474504095], [-58.405964263731136, -34.562414847277196], [-58.40588008027058, -34.56250393567785], [-58.40580007154746, -34.56260676468485], [-58.40569641853959, -34.5627305797951], [-58.40561100893265, -34.56283307068066], [-58.40551398126257, -34.56294382075208], [-58.405421945219615, -34.56305937624437], [-58.40533113446851, -34.56316152889045], [-58.405256116238135, -34.56326916290042], [-58.40517774002737, -34.563354120978325], [-58.40509813803162, -34.56345248171868], [-58.40493312443407, -34.56365333256565], [-58.40487757497206, -34.56372623954202], [-58.40485810516283, -34.563760966201436], [-58.404723821805604, -34.563685164976405], [-58.4045890777027, -34.563851964530485], [-58.40366825086828, -34.563349508986825], [-58.40373623623166, -34.56325940847266], [-58.40340032900758, -34.56307213644642], [-58.40332154271222, -34.56316156065428], [-58.40234378050218, -34.56262857322373], [-58.400782193384345, -34.56165014826251], [-58.400135279906806, -34.56124120291621], [-58.40009298177381, -34.561287978525996], [-58.40066216127663, -34.56165611162626], [-58.40221376343875, -34.562624926694966], [-58.40328963714861, -34.56321348114024], [-58.403221242755706, -34.56330804890275], [-58.403562959380395, -34.56349119197448], [-58.40363094499353, -34.563401091549935], [-58.404552180637566, -34.5638990798512], [-58.404422836262356, -34.564066217126324], [-58.404557936989676, -34.5641330835867], [-58.4040352423151, -34.564859709639265], [-58.40330436289226, -34.56471511131946], [-58.4032777690621, -34.56470895346337], [-58.40325657573296, -34.564703133662995], [-58.40323039057003, -34.56469250823961], [-58.40319340442691, -34.564681206684625], [-58.4031406254808, -34.56466442336634], [-58.40309823887627, -34.56465278371958], [-58.403072053755, -34.56464215826653], [-58.403029667175595, -34.564630518598456], [-58.40300929122844, -34.56461576364848], [-58.40297312250141, -34.56459552692383], [-58.402936545121264, -34.56457975774542], [-58.402905776912476, -34.5645598590788], [-58.402881226548075, -34.56453136337416], [-58.40285626752478, -34.56450733522065], [-58.40282549936289, -34.564487436539544], [-58.40281093264164, -34.56446855208981], [-58.40279137413039, -34.56444486200631], [-58.40278220789541, -34.56442631563405], [-58.402742682238, -34.56438340301375], [-58.40272394112357, -34.564350777819115], [-58.40269979955802, -34.56431781454114], [-58.40268727629479, -34.564276592321725], [-58.402664360804934, -34.56423022638468], [-58.40265061152135, -34.56420240682185], [-58.40263604488199, -34.56418352236243], [-58.402616895160804, -34.564155364714125], [-58.402592753684345, -34.564122401427625], [-58.402562394409244, -34.564098035154984], [-58.402527043391935, -34.56406886323819], [-58.402496684156006, -34.56404449695391], [-58.40246591624957, -34.564024598214544], [-58.40244472317134, -34.564018778301815], [-58.402418947037575, -34.56400368519407], [-58.40231919956064, -34.56396598856035], [-58.402246045653435, -34.56393444990244], [-58.40214548095278, -34.563905688240766], [-58.402098511907596, -34.56388477511496], [-58.40206152632642, -34.56387347327993], [-58.40202454075714, -34.56386217143496], [-58.40200375647494, -34.563851883908576], [-58.401950160941325, -34.56384403526009], [-58.4019027832766, -34.56382758961355], [-58.40183339523276, -34.56381425903132], [-58.40179600101206, -34.56380742466731], [-58.40176441594106, -34.56379646086891], [-58.40170042837666, -34.56378346833546], [-58.40167923543663, -34.56377764830336], [-58.401621057052736, -34.56376052631215], [-58.40150887457628, -34.5637400230067], [-58.40141248466138, -34.563725001547425], [-58.401370507615724, -34.56370889384851], [-58.40119270295486, -34.56369326769561], [-58.40111709729828, -34.56368853366058], [-58.401063093268675, -34.563685152178465], [-58.40103069085521, -34.56368312327804], [-58.40099828844504, -34.56368109436909], [-58.40096007687344, -34.563683194832535], [-58.40093806650471, -34.56368630974957], [-58.40088864536384, -34.56369220141397], [-58.400833823819205, -34.56369775489742], [-58.400800195100196, -34.56370912853483], [-58.40073915559297, -34.56372327887715], [-58.40067811607029, -34.56373742918581], [-58.40062828611724, -34.56374778826856], [-58.40059383978976, -34.56376809690404], [-58.40050416305287, -34.56379842638022], [-58.400453924260546, -34.56381325291275], [-58.40040908585707, -34.56382841760181], [-58.400381266246455, -34.56383566175846], [-58.40032562701394, -34.56385015005072], [-58.400281606180386, -34.563856379631126], [-58.400231367328466, -34.563871206061165], [-58.40011591480395, -34.563886441695516], [-58.40006649354593, -34.56389233299967], [-58.39999465303532, -34.56390580654009], [-58.3999456405878, -34.5639072302678], [-58.3998571900235, -34.563924156641974], [-58.39983517958559, -34.56392727134407], [-58.39979074987661, -34.56393796825765], [-58.39976293020009, -34.56394521225975], [-58.39962383176092, -34.563981432164965], [-58.39958480241263, -34.56399246721091], [-58.399539963807364, -34.56400763154328], [-58.39951795334555, -34.564010746182845], [-58.39947311472216, -34.5640259104875], [-58.39942205797684, -34.5640496715853], [-58.39939922979714, -34.56406172123786], [-58.399337781055756, -34.56408033832343], [-58.39930955245079, -34.56409204972701], [-58.399286724245776, -34.56410409935452], [-58.399239841229104, -34.56414160114367], [-58.39916849445573, -34.564209022572015], [-58.399010825928514, -34.56432944797811], [-58.39895150629229, -34.56438414318363], [-58.398922459770034, -34.56440478950206], [-58.39888138572854, -34.56443816184553], [-58.39878843669251, -34.564504229963795], [-58.39875317187176, -34.564533472995876], [-58.39867265909318, -34.56458234747359], [-58.39865523109982, -34.56459473521438], [-58.398620784001054, -34.564615043176886], [-58.3985979555612, -34.56462709264205], [-58.398574309302916, -34.56464807712038], [-58.39855066303255, -34.56466906159258], [-58.398532417185585, -34.564690384328514], [-58.398519571765306, -34.564712045331376], [-58.39849846351771, -34.56476464061861], [-58.39848561807406, -34.56478630161507], [-58.39842965361211, -34.56486367228717], [-58.398398562195204, -34.56490665597684], [-58.39838072516984, -34.564923511170704], [-58.398352496160484, -34.564935222294864], [-58.39832966759363, -34.56494727169252], [-58.39828564614723, -34.56495350044861], [-58.39826322649513, -34.564961082325866], [-58.398238762193884, -34.56499100172589], [-58.3981980965155, -34.565019906257106], [-58.39817281430407, -34.56505876064792], [-58.398123885552884, -34.56511859938775], [-58.39811063100724, -34.56514472782814], [-58.398086166589465, -34.56517464718278], [-58.39805630169011, -34.565204228234876], [-58.398043047105574, -34.56523035666336], [-58.39802979251126, -34.565256485089094], [-58.398016128961586, -34.56528708101524], [-58.398007865869424, -34.5653180152371], [-58.397997558029864, -34.56537128697079], [-58.39798888596751, -34.565406688691894], [-58.397974813417804, -34.565441752110466], [-58.397947077227926, -34.56550741143591], [-58.39794421455587, -34.56553868394991], [-58.39793636034889, -34.565565150658024], [-58.39794184491245, -34.56562390479007], [-58.39793980013691, -34.56564624229942], [-58.39793734640334, -34.56567304731035], [-58.39791664639958, -34.56572117491305], [-58.397904209576986, -34.56573836830643], [-58.39788940300262, -34.565840782528774], [-58.397877868071475, -34.565907456736525], [-58.3978629774232, -34.56595145512626], [-58.39786052363705, -34.565978260131054], [-58.397858069847615, -34.56600506513567], [-58.397864781221294, -34.56605041676505], [-58.39786772794345, -34.56607756008083], [-58.39787861294293, -34.56613665252483], [-58.3978936715762, -34.56620948578363], [-58.39790586745509, -34.56631359155119], [-58.397908814183815, -34.566340734868746], [-58.397920517147924, -34.56639089231494], [-58.39793884756422, -34.56642798556928], [-58.397956360060384, -34.56647401382568], [-58.39796593424787, -34.566488092950834], [-58.39797968208505, -34.56651591289052], [-58.397996376681775, -34.56657087614989], [-58.39801307129423, -34.56662583940979], [-58.39802600123011, -34.566662594353055], [-58.39802813005646, -34.566698672678356], [-58.39803647737654, -34.56672615430911], [-58.398044006767165, -34.56676257094415], [-58.39804777146381, -34.56678077926185], [-58.39806233729324, -34.56679966419742], [-58.39808148576493, -34.56682782244506], [-58.398096051609116, -34.5668467073785], [-58.398125592280266, -34.56688000973999], [-58.39814056710618, -34.56689442716769], [-58.398176326310846, -34.56691913282086], [-58.39819670172899, -34.56693388854834], [-58.39822288669217, -34.56694451507236], [-58.398259463861734, -34.56696028569867], [-58.398286057800334, -34.56696644470682], [-58.39831142487669, -34.56698600622367], [-58.39834219254803, -34.56700590603507], [-58.398372142328114, -34.56703474085111], [-58.39838752617857, -34.56704469075193], [-58.39846158284115, -34.567125712777376], [-58.39855642414405, -34.56721702295333], [-58.3985921836181, -34.5672417285175], [-58.39862548945308, -34.56729323912075], [-58.39864504715946, -34.567316929810694], [-58.398670005485094, -34.56734095878532], [-58.398738253113976, -34.567426109932526], [-58.398772785916194, -34.567464217989325], [-58.39879733538283, -34.56749271445762], [-58.39881149255844, -34.567516066850615], [-58.39883604205199, -34.56754456331474], [-58.39887638450554, -34.56757854212499], [-58.398911326362864, -34.56761218264816], [-58.39898080123032, -34.56768393118638], [-58.39902990044124, -34.56774092407102], [-58.39906484242584, -34.56777456456656], [-58.39910935894946, -34.56782228413548], [-58.39917384242562, -34.56788922682296], [-58.3992029749525, -34.567926996538404], [-58.399262466841776, -34.56798913341672], [-58.39931696707295, -34.568046464499176], [-58.399406818559825, -34.56813296848608], [-58.39949585240777, -34.56822840746263], [-58.399551988584534, -34.56826786841411], [-58.399571546763255, -34.56829155901808], [-58.39959609672843, -34.56832005539116], [-58.39962522958251, -34.56835782504932], [-58.39965059739481, -34.56837738638107], [-58.39967015562487, -34.56840107697598], [-58.39969012276951, -34.5684203000512], [-58.39971008992332, -34.5684395231242], [-58.39974838865044, -34.56849583933874], [-58.39976794693325, -34.56851952992494], [-58.39979626212593, -34.568566234599025], [-58.399829978052516, -34.568613277516675], [-58.39987948724411, -34.568665802682936], [-58.39993317052291, -34.56873206864054], [-58.40000223825506, -34.568808284348066], [-58.40003178033575, -34.56884158643307], [-58.400091682345064, -34.568899255546555], [-58.400106657860206, -34.568913672822106], [-58.40012703411004, -34.56892842833181], [-58.400156985167946, -34.56895726287563], [-58.400177770324035, -34.56896755085676], [-58.40019814660043, -34.56898230635794], [-58.40020772141373, -34.56899638539214], [-58.4002268710493, -34.56902454345966], [-58.40019160442199, -34.56905378672481], [-58.400168365915576, -34.56907030387903], [-58.400139726659816, -34.569086482791285], [-58.40012147998391, -34.56910780569224], [-58.40009284070673, -34.56912398459055], [-58.40006960216169, -34.569140501720526], [-58.4000459547112, -34.56916148636601], [-58.40002230724864, -34.569182471005284], [-58.399999068673395, -34.56919898811776], [-58.39996421079335, -34.569223763775554], [-58.399561917785554, -34.568812158755975], [-58.39953237592459, -34.56877885658198], [-58.39946748264292, -34.5687163814744], [-58.399368464860586, -34.56861133085198], [-58.39891626034924, -34.56815166669653], [-58.39865873628273, -34.567879427765575], [-58.39843034591175, -34.56764495834783], [-58.39835547098984, -34.567572871256864], [-58.39818698187953, -34.56739607123193], [-58.39806260009706, -34.56727145840476], [-58.397993126407506, -34.567199709486225], [-58.39785417937798, -34.567056211576045], [-58.39760623612352, -34.566798050423415], [-58.39757129515162, -34.56676440963566], [-58.39752678007955, -34.56671668968838], [-58.397506813843506, -34.566697466373704], [-58.397491839172496, -34.56668304888632], [-58.397445688199056, -34.56665319890508], [-58.39741991245165, -34.56663810474165], [-58.39739454571352, -34.566618543078604], [-58.3973683609866, -34.56660791640191], [-58.39734176726542, -34.566601757215594], [-58.39731517354921, -34.56659559802368], [-58.397288170833505, -34.566593906320904], [-58.39725535857109, -34.56659634376386], [-58.397227946850904, -34.56659911954142], [-58.39720593567251, -34.56660223365759], [-58.39715569474669, -34.56661705851617], [-58.39708925217738, -34.56663086830176], [-58.397044002746064, -34.56665049895104], [-58.39700538090247, -34.566657065461044], [-58.396977151119515, -34.5666687761603], [-58.396953912849895, -34.56668529269937], [-58.39689123464532, -34.56671731068248], [-58.39678330685097, -34.566768959161394], [-58.39668740715425, -34.566807881802326], [-58.39657407858665, -34.566859191691904], [-58.396540039086815, -34.56687503138306], [-58.39651720973028, -34.566887080332904], [-58.3964935622638, -34.566908064249375], [-58.39645125879498, -34.56695483792995], [-58.396318538460086, -34.56709928794119], [-58.396258396815, -34.56716291629444], [-58.396245550335834, -34.56718457692613], [-58.39621609307049, -34.56720968985813], [-58.39620324657143, -34.56723135048289], [-58.396166752404895, -34.567273994933], [-58.39606021574931, -34.567429071475715], [-58.39601005663715, -34.56750231141445], [-58.395935431424924, -34.56760547004231], [-58.39587160720461, -34.567709305426604], [-58.39585295082222, -34.567735095056946], [-58.39583470352734, -34.56775641720455], [-58.39578192484281, -34.56773963060586], [-58.39575001259823, -34.567791548244756], [-58.39579739070216, -34.56780799644365], [-58.39575344990263, -34.56787263967762], [-58.39568463370047, -34.56797166900795], [-58.39560256137873, -34.568096826275614], [-58.39540895795646, -34.56837225319342], [-58.39525143932765, -34.56860950308435], [-58.395237774016195, -34.56864009848745], [-58.395223290399215, -34.56867962883018], [-58.39522083551617, -34.568706433657695], [-58.39521338912297, -34.56872843256279], [-58.3952047152776, -34.56876383387996], [-58.39520766103955, -34.56879097715799], [-58.39520438784112, -34.56882671692611], [-58.39521068851231, -34.56887653601186], [-58.39521617088322, -34.568935290040166], [-58.39521453427779, -34.568953159924135], [-58.39518548516641, -34.56897380500969], [-58.395089254636645, -34.56907560898063], [-58.39502248225719, -34.569152300351305], [-58.39494572671963, -34.56921937979882], [-58.39492207813112, -34.56924036326711], [-58.39489049237399, -34.56922939751774], [-58.39485972497559, -34.56920949682713], [-58.39483934977708, -34.56919474054107], [-58.394771186836095, -34.5691680030588], [-58.394740010312425, -34.56915256981034], [-58.394713006932534, -34.569150877428996], [-58.39468518518905, -34.56915811997236], [-58.39465196276593, -34.569165024029154], [-58.3946295416908, -34.56917260503795], [-58.394612112101385, -34.56918499198835], [-58.39458846345194, -34.56920597538133], [-58.39456440559988, -34.56923142623218], [-58.39293772759789, -34.57198707873623], [-58.39278976730676, -34.57223840306593], [-58.39317732107237, -34.572217767764464], [-58.39320972620215, -34.5722197991858], [-58.390700775326025, -34.5735766655433], [-58.38951186295419, -34.5742209977881], [-58.3874781195326, -34.57531104950988], [-58.38523636583918, -34.57653628052208], [-58.38341745230419, -34.57640863585631], [-58.38291313730029, -34.57574794739699], [-58.38288483072854, -34.57570123968942], [-58.38285611427008, -34.575658999316445], [-58.382884686582244, -34.57558441080952], [-58.38291743004041, -34.57552356335506], [-58.382978407837626, -34.5754510091232], [-58.38305435861387, -34.57539287400239], [-58.38316230496821, -34.57534124040855], [-58.38396556870081, -34.57487495869788], [-58.39130085538527, -34.57064435647867], [-58.39132532399978, -34.570614439035126], [-58.39133440918572, -34.570574570811026], [-58.39133187414732, -34.57054296016768], [-58.39131313694602, -34.57051033360898], [-58.39119817901155, -34.570282963597094], [-58.391034206028095, -34.57005701316753], [-58.39090614863052, -34.56997260068172], [-58.39081638408051, -34.569944506436926], [-58.390690940287556, -34.56995011955472], [-58.39067048745639, -34.56987694747903], [-58.39062556611286, -34.56983369271082], [-58.39059185555691, -34.56978664783971], [-58.390568536946844, -34.56974474771705], [-58.39056477393402, -34.56972653936427], [-58.39053736121872, -34.569729313456335], [-58.39052852868286, -34.569647883869266], [-58.3905188773251, -34.5695753891267], [-58.39052419967628, -34.56951731264681], [-58.390487135696304, -34.569447591998795], [-58.39040318194, -34.569415368784476], [-58.39030425461456, -34.56936872724132], [-58.390244438220506, -34.5693694692341], [-58.390189613036995, -34.56937501729424], [-58.39003258527927, -34.56936966292307], [-58.38987097583957, -34.56935503482754], [-58.389725568372704, -34.56934142262124], [-58.3896063451852, -34.56933843859488], [-58.38943352528281, -34.569327599932734], [-58.38922453906106, -34.569296520354094], [-58.3889973037854, -34.569286761271925], [-58.388733492894225, -34.569261228367516], [-58.38863047186207, -34.569259259621816], [-58.388573599226405, -34.56928714395062], [-58.38851378303947, -34.569287885090745], [-58.38847556928038, -34.56928998121899], [-58.38837917743183, -34.56927494880972], [-58.38829112967572, -34.569287398242494], [-58.388190565886696, -34.56925862473181], [-58.388087544959085, -34.569256655524434], [-58.387986981308785, -34.569227881858225], [-58.38788895150425, -34.5692307186564], [-58.387793379024004, -34.569206751014576], [-58.3876251415938, -34.569205183395475], [-58.38742531983502, -34.569192647969444], [-58.3871777121253, -34.569168128161124], [-58.38705267958764, -34.56916927023032], [-58.38687446049056, -34.56915808917522], [-58.386697470321735, -34.56913350571746], [-58.38653463392386, -34.56913227543056], [-58.3863136202087, -34.56911391547319], [-58.38608802538872, -34.569086281514686], [-58.385985005067916, -34.569084310545875], [-58.38586578308985, -34.56908132288767], [-58.385702052746254, -34.56903061153131], [-58.38551884362842, -34.569014622291064], [-58.385290791524994, -34.56901379111949], [-58.38510676325673, -34.5690067360006], [-58.384955957730796, -34.5689927793255], [-58.384810962539206, -34.56897469401998], [-58.38458495940975, -34.56895152472576], [-58.384427524478355, -34.56895063056777], [-58.384207741666316, -34.56891886480548], [-58.38400833194105, -34.56890185652128], [-58.38380352183937, -34.56888450896082], [-58.3835983021178, -34.56887162841344], [-58.383415094363855, -34.56885563607656], [-58.38318868265163, -34.56883693160535], [-58.38301750559022, -34.56880821461931], [-58.38277865397795, -34.568806700792024], [-58.38262703011488, -34.56880167598399], [-58.38256345359306, -34.568784205846654], [-58.38243834980564, -34.56872692879422], [-58.38231659751099, -34.56869232733767], [-58.38215916366272, -34.568691430286265], [-58.38207856621152, -34.56868187749979], [-58.381949364435314, -34.568669273334166], [-58.3818155819711, -34.56864739532978], [-58.38176779738467, -34.5686354092699], [-58.38162082698056, -34.56869807128051], [-58.381507898806106, -34.568744898123], [-58.38142320260112, -34.56878001817431], [-58.38133809644078, -34.56881960548294], [-58.38127001145939, -34.56885127527897], [-58.38122352838227, -34.56888430131714], [-58.38119283683706, -34.568922811877485], [-58.38115469525001, -34.56898331997131], [-58.38113938530683, -34.56903178238246], [-58.381109585168744, -34.56911977254508], [-58.38110466625973, -34.569173380425795], [-58.381066596103636, -34.56929230274703], [-58.38107418945643, -34.56938713377344], [-58.38108424229774, -34.56945516086415], [-58.38108349408975, -34.5695225097905], [-58.3810848670642, -34.56962593638268], [-58.38107174965482, -34.569768890708744], [-58.381076401932674, -34.56983657871896], [-58.38103621009481, -34.56991942331939], [-58.381010990053646, -34.57001668713293], [-58.3810057324735, -34.57013317658781], [-58.38097757130686, -34.570203297360194], [-58.38095645039384, -34.570255887931026], [-58.38092623944125, -34.57034834528409], [-58.380874426065084, -34.570439446222], [-58.38068622557532, -34.57041864293588], [-58.38065799281625, -34.57043034934479], [-58.38062517937815, -34.57043278199993], [-58.38039917500418, -34.570409604494415], [-58.38023879765518, -34.57038156150684], [-58.37991558345489, -34.57035227879494], [-58.37952175235693, -34.57032305350609], [-58.379489759014646, -34.5703165512422], [-58.37946275622202, -34.570314855437374], [-58.37942454229923, -34.57031694860568], [-58.37939254897187, -34.57031044631728], [-58.37936055565099, -34.57030394402107], [-58.37933854340518, -34.570307054659395], [-58.379301149537184, -34.570300213180985], [-58.37925213451723, -34.57030162795746], [-58.37923094232585, -34.57029580396959], [-58.379198539002715, -34.570293768935585], [-58.3791499340241, -34.570290716368405], [-58.37910132905276, -34.570287663782224], [-58.37907432629406, -34.57028596789266], [-58.37904151294967, -34.57028840011837], [-58.37901991074537, -34.5702870433967], [-58.37897547621936, -34.57029773184274], [-58.37894806342324, -34.5703005032248], [-58.378926461220544, -34.570299146486164], [-58.37889822833447, -34.57031085245578], [-58.37887621608547, -34.57031396300715], [-58.37884839323691, -34.57032120166447], [-58.3788035486312, -34.57033635734039], [-58.37877531571945, -34.57034806327741], [-58.37875289340638, -34.570355641102175], [-58.37873587164202, -34.5703635581166], [-58.37870141804791, -34.57038385943429], [-58.378673185108724, -34.57039556534333], [-58.378656163329985, -34.57040348234443], [-58.37863292087252, -34.57041999473695], [-58.37859265661375, -34.57044442411387], [-58.37855321246393, -34.570459918883074], [-58.37841498759789, -34.570545591122155], [-58.378357701381404, -34.570577937360376], [-58.378180031824826, -34.57067910394713], [-58.377795638049534, -34.57090207640434], [-58.37769808662553, -34.570958851294904], [-58.37753121670036, -34.571060695203855], [-58.37738758928542, -34.571146026740536], [-58.37723316041048, -34.571230679531624], [-58.377118586169374, -34.57129537060652], [-58.3770604786678, -34.5713366506531], [-58.37683132948284, -34.57146603226821], [-58.37668811089989, -34.57154689550876], [-58.3765507028506, -34.571623630570265], [-58.37645314981428, -34.571680404229994], [-58.37642491617788, -34.57169210951287], [-58.376287917880376, -34.571764376939754], [-58.376122685637014, -34.57184834937907], [-58.37603135314025, -34.57189652740979], [-58.375996488091275, -34.57192129505168], [-58.375956632629766, -34.57194125608282], [-58.3758702903352, -34.57199424056309], [-58.37581840286062, -34.57202692466776], [-58.37578934855899, -34.572047564306025], [-58.3757598840033, -34.572072671200544], [-58.37572959894573, -34.572106712615565], [-58.37569473372196, -34.5721314801467], [-58.375682291486, -34.57214867051654], [-58.3756283526002, -34.572203690837014], [-58.375603468070125, -34.5722380715544], [-58.37558521490989, -34.57225938982386], [-58.37556655148629, -34.572285175352505], [-58.37554788804998, -34.57231096087689], [-58.375522593191945, -34.57234980883143], [-58.3755143207502, -34.57238074031583], [-58.375502288691294, -34.572393463394775], [-58.37548738481067, -34.57243745730737], [-58.375478291819064, -34.572477323310494], [-58.375465849476356, -34.572494513645076], [-58.37545511540992, -34.57255224869151], [-58.37544766343764, -34.5725742456419], [-58.37544021146038, -34.57259624259123], [-58.37544397105586, -34.572614450996504], [-58.375436519072025, -34.57263644794503], [-58.375428246549895, -34.57266737941531], [-58.37542537468075, -34.572698650244966], [-58.375422502807254, -34.57272992107427], [-58.375420041197856, -34.57275672464172], [-58.37541675904694, -34.57279246273146], [-58.37541511796936, -34.5728103317761], [-58.375412656350186, -34.57283713534302], [-58.37541019472772, -34.57286393890941], [-58.37550658630449, -34.57287898192256], [-58.3755119197515, -34.57282090751514], [-58.37551397107329, -34.5727985712042], [-58.3755197147621, -34.57273602953272], [-58.375522176337576, -34.57270922595878], [-58.37552921804834, -34.57269169626535], [-58.3755266892176, -34.57266008607249], [-58.3755407726212, -34.57262502668287], [-58.375548224576875, -34.57260302972422], [-58.375539884821144, -34.572575547439506], [-58.37554774702865, -34.57254908321758], [-58.375555198971895, -34.57252708625724], [-58.37556265091007, -34.572505089295916], [-58.37557092335564, -34.572474157807704], [-58.375597449004346, -34.57242190805482], [-58.375610301561224, -34.572400250438236], [-58.37561734321533, -34.572382720733614], [-58.37562479511736, -34.572360723764476], [-58.37564345854603, -34.572334938226774], [-58.37566171171336, -34.57231361994861], [-58.37569322762742, -34.572266176771045], [-58.37572932364817, -34.57222800745329], [-58.37575379788494, -34.57219809396783], [-58.37581190660909, -34.57215681471599], [-58.3758542236244, -34.572110050153455], [-58.3758886785657, -34.572089749835406], [-58.37591233223708, -34.572068770838555], [-58.37593516543605, -34.57205672636967], [-58.3759579986289, -34.572044681895626], [-58.37600407522201, -34.57201612566402], [-58.3760559626307, -34.57198344146903], [-58.37609041747447, -34.571963141079834], [-58.37614148438411, -34.57193939137754], [-58.37618674043209, -34.57191976959983], [-58.37647235913002, -34.5717669789469], [-58.37660395669931, -34.571694371990276], [-58.37671853186431, -34.57162968152982], [-58.376804463127485, -34.571581163597656], [-58.376873372138604, -34.571540562287346], [-58.37694768168867, -34.571500300211895], [-58.37718845233955, -34.57136266234581], [-58.37748110863902, -34.57119233894652], [-58.37763054677946, -34.571102879260366], [-58.377797416703466, -34.57100103520922], [-58.37792279124062, -34.57093702183684], [-58.37825112881073, -34.570732993240156], [-58.37832003647972, -34.57069239091723], [-58.37844582027448, -34.57062390959253], [-58.378549181490065, -34.57056300588654], [-58.378601067075934, -34.5705303203448], [-58.378635520757356, -34.57051001906699], [-58.37868118560135, -34.5704859288759], [-58.37870401801411, -34.570473883772586], [-58.378733071091474, -34.57045324326408], [-58.37876711465785, -34.57043740923817], [-58.3788007481604, -34.57042604249924], [-58.37883479170519, -34.57041020845104], [-58.37886842519025, -34.570398841690526], [-58.37889624806537, -34.570391603031695], [-58.37891867038075, -34.57038402517975], [-58.37895148376094, -34.570381592992945], [-58.37897349602832, -34.57037848242976], [-58.37906653560837, -34.57037084661582], [-58.37913797295507, -34.57036185402444], [-58.379129292128795, -34.570397253262556], [-58.37916627598264, -34.570408562100155], [-58.37922397185374, -34.57037174811816], [-58.379395969747264, -34.57039153612975], [-58.37959538060896, -34.57040855238571], [-58.379843396745656, -34.57042862064334], [-58.38031782735325, -34.5704673991775], [-58.38030873702468, -34.57050726587909], [-58.38030381734712, -34.57056087364709], [-58.38029144719199, -34.57063647885576], [-58.380288167385174, -34.57067221736569], [-58.380285707526276, -34.570699021247826], [-58.38027702711362, -34.570734420627964], [-58.380279557864874, -34.5707660309521], [-58.38032317262592, -34.57076427666454], [-58.38035516624292, -34.57077077873862], [-58.38035222548879, -34.5707436357266], [-58.38035468533046, -34.57071683184047], [-58.38035632522303, -34.57069896258293], [-58.380359605003925, -34.5706632240674], [-58.380367465426374, -34.57063675930485], [-58.38036951528239, -34.5706144227319], [-58.380368214401386, -34.570569410461985], [-58.38037313403924, -34.570515802685904], [-58.38038263430745, -34.57047146866074], [-58.38040129584981, -34.570445682136004], [-58.380681716108384, -34.57046778343404], [-58.38067925639453, -34.57049458734184], [-58.381126685427375, -34.57053166724233], [-58.38116620083103, -34.57057458586014], [-58.38114932221404, -34.570699331810246], [-58.381107828588256, -34.570737164073435], [-58.381188427765366, -34.57074671775537], [-58.38106804610562, -34.57081554130809], [-58.3807645957986, -34.570985196334654], [-58.378342282640276, -34.572284328382366], [-58.378314048964526, -34.572296034115375], [-58.3783016071914, -34.57231322482343], [-58.378293745869854, -34.57233968934325], [-58.37824678539923, -34.57267371848875], [-58.378249315282375, -34.57270532876066], [-58.3782692776115, -34.57272455486564], [-58.378278028433435, -34.57274756979098], [-58.37829881100785, -34.57275786131079], [-58.37831918347415, -34.57277262011928], [-58.378351587692386, -34.5727746555138], [-58.37841639613855, -34.57277872627735], [-58.378459601776555, -34.572781440100826], [-58.38352851748523, -34.573185088739784], [-58.38355012066724, -34.573186444762456], [-58.38357630496916, -34.57319707447805], [-58.38359667864293, -34.57321183253221], [-58.38361042201222, -34.57323965362093], [-58.38359190634917, -34.57338226970325], [-58.38357741615452, -34.57342179780813], [-58.38355499322319, -34.57342937647418], [-58.38305021139202, -34.57372119146715], [-58.38189283656244, -34.57437640941514], [-58.381870003311505, -34.57438845504123], [-58.381846760104594, -34.57440496798949], [-58.38182474674244, -34.57440807895075], [-58.381797742479165, -34.57440638348814], [-58.38177032826409, -34.574409155345904], [-58.37611349916766, -34.573959502824195], [-58.37551524713867, -34.57390843275043], [-58.37544257580679, -34.57393082452473], [-58.37329254094411, -34.57516158452531], [-58.370759649974254, -34.57659737299281], [-58.37074139452288, -34.57661869023811], [-58.370699451849724, -34.57701593224158], [-58.37070321038596, -34.577034140683], [-58.370717360103804, -34.57705749554593], [-58.37074894423884, -34.57706846759667], [-58.37077594866385, -34.57707016561777], [-58.37601286526529, -34.57748022017768], [-58.37603945984907, -34.577486384315854], [-58.37606024315153, -34.577496676339976], [-58.37606858327221, -34.577524158673896], [-58.376047590557796, -34.57769357534641], [-58.376040548321754, -34.57771110502723], [-58.376016892786716, -34.5777320838404], [-58.37515791172524, -34.57821277792565], [-58.374303501482586, -34.57870273853338], [-58.368009180320975, -34.57821261546316], [-58.3679767747781, -34.57821057704395], [-58.36795476033326, -34.57821368527229], [-58.36793274588753, -34.57821679349628], [-58.36791032068699, -34.57822436889472], [-58.367881673047876, -34.57824053890352], [-58.36543331779956, -34.57964108258375], [-58.365335748295884, -34.57969784500367], [-58.365318312591626, -34.57971022685335], [-58.36529506497793, -34.57972673598101], [-58.36524064627114, -34.580141161284246], [-58.36525520561074, -34.580160049505096], [-58.36528179976331, -34.580166216023414], [-58.365303403827625, -34.58016757551442], [-58.370562046004, -34.58057924843018], [-58.37058823025903, -34.58058988105243], [-58.370609013410146, -34.58060017402886], [-58.370623163518246, -34.58062352897777], [-58.37059716732318, -34.580788136281996], [-58.3705897129498, -34.580810132662805], [-58.370577678747544, -34.58082285498875], [-58.36983781160968, -34.5812480945747], [-58.369024436217394, -34.58170464978025], [-58.368989975493875, -34.58172494738855], [-58.36895674700982, -34.58173184342385], [-58.36893514235558, -34.58173048452615], [-58.368903146131416, -34.58172397898604], [-58.36887572956374, -34.581726747537914], [-58.365209124264894, -34.581428671026885], [-58.36267431855805, -34.58122869385846], [-58.36263651119929, -34.58122631386875], [-58.36261948588063, -34.58123422811152], [-58.3605446523257, -34.58241105851336], [-58.360527215383144, -34.582423439500616], [-58.3605147683235, -34.582440627686424], [-58.36050648871654, -34.582471557267894], [-58.36046695641235, -34.582841986257336], [-58.36047570255501, -34.5828650019617], [-58.360490261055105, -34.58288389067736], [-58.36051644426884, -34.582894525412314], [-58.360543449929835, -34.5828962259467], [-58.36520348652688, -34.58326146396617], [-58.36609345547102, -34.583330946237396], [-58.366120050698726, -34.58333711271237], [-58.36614001191754, -34.58335634078857], [-58.36614294758676, -34.58338348358911], [-58.366144768800694, -34.58354085364867], [-58.36614811539667, -34.58356352929368], [-58.36613566918017, -34.58358071818985], [-58.36611283139358, -34.58359276019715], [-58.366071735180924, -34.583626118374795], [-58.36554411558046, -34.58404671145871], [-58.3652045387499, -34.58431289451191], [-58.364988251158685, -34.58447900334633], [-58.364959189664674, -34.58449963944361], [-58.364931772195405, -34.584502406960844], [-58.364910578038746, -34.58449658011322], [-58.36053010540941, -34.58416240955053], [-58.35994800861571, -34.58411227419093], [-58.35991436757962, -34.58412363459999], [-58.359894873780604, -34.584158350887435], [-58.359709931381516, -34.58587201214273], [-58.35970746351978, -34.58589881466498], [-58.35972284484897, -34.58590876934508], [-58.359737814872766, -34.585923191111085], [-58.359753196210306, -34.585933145788346], [-58.35977938019142, -34.58594378079695], [-58.35980098547192, -34.58594514145973], [-58.359844607341145, -34.58594339568536], [-58.36362020966109, -34.586239524769375], [-58.36364140410764, -34.586245351890206], [-58.36365678606424, -34.58625530613901], [-58.36365473053978, -34.58627764177963], [-58.36358472760229, -34.58692022814127], [-58.36352417864444, -34.587460070418814], [-58.36350509632835, -34.58749032025754], [-58.36343986759252, -34.58749070719193], [-58.35965423043899, -34.587184950530165], [-58.35961600931539, -34.58718703633334], [-58.3595939923864, -34.58719014268034], [-58.35957074144309, -34.587206650276876], [-58.35955829329055, -34.58722383824206], [-58.35955083519374, -34.58724583347703], [-58.35945230728852, -34.588079817331625], [-58.35947890320351, -34.58808598540621], [-58.359500097668004, -34.588091813278616], [-58.35952170349037, -34.58809317406441], [-58.359548299417526, -34.588099342124785], [-58.3595694938925, -34.58810516998618], [-58.3595965011794, -34.588106870952835], [-58.35961810701056, -34.58810823172193], [-58.35963930149495, -34.58811405957196], [-58.359637244752975, -34.588136394995246], [-58.35963559935769, -34.58815426333388], [-58.35963935542328, -34.58817247186376], [-58.35964810160458, -34.58819548766982], [-58.359651857673185, -34.58821369619997], [-58.35965602509177, -34.58822743764537], [-58.359670584097245, -34.588246326557496], [-58.359685143108834, -34.58826521546882], [-58.35970052482163, -34.58827517020861], [-58.35971009372055, -34.58828925184322], [-58.35972547544089, -34.58829920658097], [-58.35974044581925, -34.58831362840275], [-58.35977162062492, -34.588329070785235], [-58.3598086082616, -34.58834038626037], [-58.359835204298534, -34.58834655427065], [-58.36083752215409, -34.58855345183853], [-58.36082101575988, -34.58867372330971], [-58.36080069828259, -34.58871737384321], [-58.360742322721755, -34.58893834761689], [-58.36077432057892, -34.58894485560357], [-58.360848023310126, -34.58867542402377], [-58.360874098805226, -34.588569234116235], [-58.36140267919348, -34.588669913376364], [-58.36347169298125, -34.58903381167595], [-58.3645338623902, -34.589239953993385], [-58.365195850372594, -34.589366985879906], [-58.36564342024327, -34.589462548523926], [-58.366822796397784, -34.58969401932574], [-58.367996368641435, -34.5899296067887], [-58.36797411879467, -34.590112420954014], [-58.367932906098034, -34.59044231187278], [-58.367778018971, -34.59053141371051], [-58.36773192856236, -34.59055996506681], [-58.367531772415056, -34.59066868351954], [-58.36746818463779, -34.590651203647056], [-58.36743078355538, -34.59064435741432], [-58.367398373230024, -34.590642318204274], [-58.36736637388117, -34.59063581182164], [-58.36732815086957, -34.590637899886296], [-58.36729532957739, -34.59064032781242], [-58.36726250828504, -34.590642755729135], [-58.36723549969146, -34.59064105635072], [-58.36719727668199, -34.5906431443731], [-58.367164044406394, -34.59065003942456], [-58.36713122311298, -34.59065246730468], [-58.36709799083151, -34.59065936233651], [-58.36706516953588, -34.59066179019789], [-58.36703193724838, -34.59066868521045], [-58.36699870495697, -34.590675580213066], [-58.36697046338425, -34.590687282254], [-58.3669314183676, -34.59069830450724], [-58.366903587779014, -34.59070553937124], [-58.366874935185116, -34.59072170854533], [-58.36684669358335, -34.59073341055287], [-58.366818451974474, -34.590745112552774], [-58.36678398662559, -34.59076540896328], [-58.36675574499877, -34.590777110945865], [-58.36673249407696, -34.59079361997787], [-58.36670883213496, -34.59081459616088], [-58.36668017946974, -34.59083076527884], [-58.36665692851844, -34.59084727429229], [-58.36662786481651, -34.59086791055103], [-58.36661001557105, -34.590884759457836], [-58.36658635357185, -34.59090573560932], [-58.366562691560475, -34.590926711754584], [-58.36653902953702, -34.59094768789372], [-58.36652575993924, -34.590973811002996], [-58.36650168686682, -34.59099925428639], [-58.36648342653926, -34.59102057032155], [-58.36636934298208, -34.59119760513289], [-58.36626917611359, -34.5911643437103], [-58.36623101108068, -34.59122484428747], [-58.36631955242515, -34.59126636021043], [-58.365901788696924, -34.591909529909266], [-58.365802443433, -34.5918673337173], [-58.36576345550411, -34.59193676835099], [-58.3658573990312, -34.59197862463476], [-58.365194833171515, -34.59297930526441], [-58.36504586562744, -34.5931811009984], [-58.36438703548171, -34.59419998315278], [-58.364368773801544, -34.594221298702635], [-58.36436712904619, -34.594239167222014], [-58.36436008237317, -34.59425669570681], [-58.36436383953095, -34.59427490426023], [-58.364362194771154, -34.59429277277934], [-58.36436471835854, -34.59432438272209], [-58.364368064326925, -34.594347058405646], [-58.364383036523655, -34.59436147989898], [-58.36439759753596, -34.5943803685212], [-58.36440716781786, -34.59439444997871], [-58.36442255121801, -34.59440440433889], [-58.36445290684261, -34.59442878018539], [-58.364473692184234, -34.59443907457242], [-58.364494477531636, -34.59444936895652], [-58.36451608525338, -34.59445072907529], [-58.36459963789427, -34.594487439437245], [-58.36462042327249, -34.594497733803315], [-58.36464161983477, -34.594503561033925], [-58.36465741446447, -34.59450904823786], [-58.36467861103341, -34.59451487546269], [-58.36470021878145, -34.59451623555118], [-58.36472722846855, -34.594517935656306], [-58.36474384545501, -34.5945144885831], [-58.36476586437823, -34.59451138152609], [-58.3647887056416, -34.594499340196734], [-58.364805733792664, -34.59449142597998], [-58.36482317310923, -34.594479044626], [-58.36482980854925, -34.594465983238294], [-58.36484724785667, -34.59445360187942], [-58.36485928522467, -34.594440880503825], [-58.364867154150446, -34.59441441770814], [-58.364873789576784, -34.59440135631635], [-58.36519533644787, -34.59391837717966], [-58.365681583224315, -34.59318067448731], [-58.3658910875708, -34.59285239012708], [-58.3659085263606, -34.592840008549004], [-58.36592555406126, -34.592832094115096], [-58.365958787289614, -34.59282519953366], [-58.36598497434747, -34.59283583358365], [-58.366099704201446, -34.59288798392494], [-58.36612090052587, -34.59289381085526], [-58.366143741147, -34.59288176918457], [-58.366171572539834, -34.592874534601066], [-58.3661910666514, -34.59283981722791], [-58.36638435811078, -34.5929238693259], [-58.366359462190516, -34.59295824680348], [-58.36636862165606, -34.592976795279654], [-58.3663719682023, -34.59299947097289], [-58.36638735165947, -34.593009425079586], [-58.366778927097855, -34.59318233561721], [-58.366889078233896, -34.59322521110348], [-58.36691567660469, -34.59323137782626], [-58.36693810620571, -34.593223803159674], [-58.36695055411002, -34.593206614351786], [-58.366980440748065, -34.59317704379707], [-58.36716874311554, -34.59325628777574], [-58.36714924925356, -34.593291005347666], [-58.3671471941246, -34.593313341145944], [-58.36715136293736, -34.59332708252775], [-58.36717091537774, -34.59335077793703], [-58.36719751382021, -34.59335694460563], [-58.3672232902222, -34.593372045589646], [-58.36903775735732, -34.59414218491014], [-58.369127125227934, -34.59417476500352], [-58.369057781271664, -34.59421982608319], [-58.36860244533791, -34.59550763850327], [-58.36802941905246, -34.59712951371802], [-58.367992543355925, -34.597235026209745], [-58.367898474612645, -34.59748970305327], [-58.36789683041266, -34.59750757171102], [-58.36787398857358, -34.59751961357906], [-58.3678307712015, -34.597516894317266], [-58.36780916251759, -34.59751553468068], [-58.36773353213536, -34.59751077592294], [-58.367641695266585, -34.59750499736913], [-58.36761468442778, -34.59750329778146], [-58.36751245433157, -34.59749237213396], [-58.36748503243304, -34.59749513967837], [-58.3674418151131, -34.5974924202806], [-58.36710189001267, -34.597466537337525], [-58.366567898989715, -34.597423947767695], [-58.366540888245225, -34.597422247945815], [-58.3665192796512, -34.59742088808399], [-58.36648604451425, -34.59742778258363], [-58.366462380292376, -34.59744875845942], [-58.366454511383296, -34.59747522138674], [-58.366457857900144, -34.5974978971028], [-58.36644669995589, -34.597560097222875], [-58.36642978615485, -34.597684837425575], [-58.366360542844745, -34.59826007963553], [-58.36623089005553, -34.59825192004466], [-58.36609125524213, -34.59823414604443], [-58.36615263131054, -34.59768536712346], [-58.36617612380764, -34.59748915267291], [-58.36617817951658, -34.59746681694071], [-58.36617982408204, -34.59744894835481], [-58.36618146864617, -34.59743107976873], [-58.366166906778545, -34.597412191239414], [-58.366152344917055, -34.59739330270921], [-58.36610372564391, -34.59739024286216], [-58.36524601992741, -34.59732278100064], [-58.363794085153316, -34.597217905316775], [-58.3638090019985, -34.59717391426801], [-58.364402426036676, -34.595508418833916], [-58.36440947285891, -34.59549089035978], [-58.364405715686644, -34.595472681799606], [-58.36440195851527, -34.59545447323961], [-58.364398201344784, -34.59543626467962], [-58.36438863097762, -34.595422183205855], [-58.36437906061339, -34.595408101731735], [-58.36435868627268, -34.59539334016945], [-58.36433831193935, -34.5953785786045], [-58.36432292839211, -34.59536862421128], [-58.36430214286193, -34.595358329770335], [-58.36413714862819, -34.59532098545736], [-58.3641213539008, -34.59531549816958], [-58.364094343993955, -34.59531379789624], [-58.36407273607014, -34.59531243767319], [-58.36405112814767, -34.59531107744642], [-58.36402910900312, -34.595314184341426], [-58.36399006146574, -34.5953252053037], [-58.3639680423171, -34.59532831218681], [-58.3639506026918, -34.59534069337675], [-58.36393357429071, -34.59534860743895], [-58.36391572342583, -34.595365455747036], [-58.36388624612284, -34.595390558169754], [-58.36386757277144, -34.595416340715715], [-58.363426243664314, -34.59666906530822], [-58.36336224150572, -34.596656049899025], [-58.36333523121305, -34.59665434940035], [-58.363308632205346, -34.59664818177865], [-58.36325960240556, -34.59664958797248], [-58.363221788008445, -34.59664720724113], [-58.36318356232644, -34.59664929361389], [-58.363140757172445, -34.59664210563506], [-58.36311997153817, -34.59663181096781], [-58.36308215716147, -34.59662943019428], [-58.3630605489483, -34.596628069747055], [-58.363023145876184, -34.596621221841346], [-58.362974938709925, -34.59661369369346], [-58.362937946958226, -34.59660237864989], [-58.36290013261102, -34.596599997821826], [-58.362868542927785, -34.596589022877936], [-58.3627671379607, -34.596569159213004], [-58.36273554831283, -34.59655818423812], [-58.36270853809157, -34.596556483604886], [-58.36267154641615, -34.596545168487594], [-58.3626183486282, -34.59653283296832], [-58.362586759020644, -34.59652185795889], [-58.36253855198406, -34.59651432964927], [-58.36250655107423, -34.59650782173], [-58.36248535424629, -34.59650199407644], [-58.362459166710686, -34.59649135917388], [-58.36243796989163, -34.596485531513125], [-58.362417595731586, -34.596470769633584], [-58.36239181954559, -34.596455667611195], [-58.36235482797473, -34.59644435240847], [-58.36231865908053, -34.596424102982155], [-58.36229247159626, -34.59641346804922], [-58.36224591001341, -34.596388071209745], [-58.362183553725, -34.5963571868052], [-58.36213616953093, -34.59634072414197], [-58.362104580080405, -34.596329749024086], [-58.36207299063956, -34.5963187738991], [-58.362047625917775, -34.596299204713446], [-58.362016447844674, -34.59628376247245], [-58.36198485843643, -34.596272787328104], [-58.361953269037954, -34.59626181217665], [-58.36192749301388, -34.5962467100745], [-58.36190171699985, -34.59623160796818], [-58.36188093165485, -34.596221313120985], [-58.36186055766879, -34.59620655116879], [-58.36183437032636, -34.596195916153164], [-58.36180319233907, -34.59618047386723], [-58.361761210350956, -34.59616435124346], [-58.36173003239172, -34.59614890894198], [-58.36170384508837, -34.59613827390264], [-58.361683059795865, -34.59612797902764], [-58.36151137566255, -34.59604527974662], [-58.36129688738155, -34.59595539169983], [-58.361099428336615, -34.59585758972274], [-58.361118513985495, -34.59582734063719], [-58.360925223264914, -34.59574327991241], [-58.36091195094424, -34.595769402068406], [-58.360605165830044, -34.59561978426572], [-58.360433484032285, -34.595537083728374], [-58.36040729712933, -34.595526448454464], [-58.360381110233924, -34.595515813175766], [-58.36036696150613, -34.59549245707586], [-58.36034077462752, -34.5954818217905], [-58.36032163539767, -34.59545365837819], [-58.36031870200094, -34.59542651563574], [-58.36031576860448, -34.59539937289346], [-58.36031741429864, -34.59538150454755], [-58.36032734188477, -34.595332706817686], [-58.36034020286061, -34.59531105182771], [-58.360358000862796, -34.59523579179155], [-58.36036504846557, -34.595218263662915], [-58.36036293788381, -34.59518218674653], [-58.36035918163046, -34.59516397817872], [-58.36034626720493, -34.59512722082369], [-58.360327950869014, -34.59509012324908], [-58.36031339078876, -34.595071234240855], [-58.36029841929529, -34.59505681231853], [-58.3602726439767, -34.595041709951], [-58.3602414667543, -34.59502626735606], [-58.36020946669756, -34.595019758926], [-58.36016084948571, -34.595016696893595], [-58.36012344753182, -34.59500984821499], [-58.36008604558627, -34.595002999525555], [-58.36004864364908, -34.59499615082537], [-58.360021634103816, -34.594994449664114], [-58.359983409309024, -34.59499653511166], [-58.359934792136514, -34.59499347299115], [-58.3598911654379, -34.59499521817257], [-58.3598379692564, -34.59498288161093], [-58.359751950223526, -34.59497297064573], [-58.359692117834435, -34.59497369502104], [-58.35964972551651, -34.594962038875835], [-58.35956411801027, -34.59494766070332], [-58.359509687555104, -34.59494872524289], [-58.359434060972866, -34.594943961648035], [-58.359358845876315, -34.594934730930156], [-58.35930482691536, -34.59493132830158], [-58.35926161175316, -34.59492860618171], [-58.359212171751466, -34.594934477929336], [-58.35914693754286, -34.59493486176896], [-58.35908170334037, -34.59493524557306], [-58.35901688063015, -34.59493116226861], [-58.358941665641424, -34.594921931298046], [-58.358839029739784, -34.594915465934776], [-58.358772561086084, -34.59492925078608], [-58.35874472864218, -34.59493648348585], [-58.35871648469207, -34.594948183248704], [-58.35868242734091, -34.59496400978176], [-58.35866709700018, -34.595012466962075], [-58.3586700298568, -34.595039609671936], [-58.358430184688274, -34.59493014753471], [-58.35593951392753, -34.594777709905706], [-58.35429072082539, -34.594687274417986], [-58.35425789819269, -34.59468969853356], [-58.35113869918694, -34.59516699459126], [-58.351142594188595, -34.59536043768631], [-58.35185384535829, -34.59524803195226], [-58.35428546673232, -34.59486216931104], [-58.35732840762252, -34.595094369149066], [-58.35722582317625, -34.59514631446378], [-58.35712817770339, -34.595144655036165], [-58.35698484761923, -34.59516707490053], [-58.35685983216773, -34.59522659248659], [-58.3568099803915, -34.59523693025332], [-58.35648766622975, -34.59537387500095], [-58.35630405266015, -34.59542071349581], [-58.35598914697223, -34.59547724994928], [-58.35581463991036, -34.59548422468927], [-58.35565592684909, -34.595496687502276], [-58.35551300775138, -34.59551463844772], [-58.35534354077848, -34.595584831850715], [-58.3551852890337, -34.59565123885106], [-58.35516126098872, -34.59573509110438], [-58.35508110566395, -34.5957794620648], [-58.35498736362129, -34.59597124495943], [-58.35478424867802, -34.59605279568835], [-58.35467497527161, -34.59605938724623], [-58.35457691742577, -34.59606219264366], [-58.35452418280829, -34.5961037985391], [-58.35414413729581, -34.59627753440035], [-58.353944363998885, -34.59638175910868], [-58.35343147226331, -34.59669987950697], [-58.353298215998976, -34.59684873300432], [-58.35304698805591, -34.597039571714134], [-58.35292211129222, -34.59727431946497], [-58.35281632265668, -34.59747881967063], [-58.352636141173704, -34.5976651505649], [-58.35239992693105, -34.59792882177226], [-58.352281542193396, -34.5979752732209], [-58.35210208767415, -34.59803584584186], [-58.35196507230985, -34.59816648866607], [-58.3517745422042, -34.598406081147566], [-58.351559884320906, -34.59861270104547], [-58.35133355072238, -34.598769161582794], [-58.35116247269907, -34.59891562721859], [-58.350954815607025, -34.59904630689714], [-58.35080154431749, -34.59911751446125], [-58.350673177018926, -34.599154348668755], [-58.350589720148, -34.59923445174475], [-58.35050333309769, -34.599287412166575], [-58.35032524821636, -34.59950981492696], [-58.35022599640949, -34.599584428576264], [-58.35002218126145, -34.59985013763191], [-58.3498693652314, -34.59997528811531], [-58.34973733304825, -34.600110735217285], [-58.349553339625714, -34.6002204398663], [-58.34935396355495, -34.60032018798317], [-58.34906453370198, -34.60057150880395], [-58.3488868094185, -34.60073103031186], [-58.34876347353247, -34.60083108105849], [-58.348616011549666, -34.60089815898144], [-58.348417412890285, -34.60093056002364], [-58.34831316770278, -34.60100036389157], [-58.3480635204138, -34.601114910007276], [-58.34790071920938, -34.601230441759974], [-58.34772752542064, -34.60134082462034], [-58.34754513208199, -34.60137424653375], [-58.34751358705291, -34.6014216787567], [-58.347413874834515, -34.601442345248685], [-58.347266042016706, -34.6015722993169], [-58.34713977420059, -34.60164520545998], [-58.347064230124445, -34.601757255634986], [-58.347024852205024, -34.60188955957985], [-58.34700497861985, -34.60198715056919], [-58.34693021541595, -34.60203185560477], [-58.34691533161501, -34.60213425437432], [-58.34684477664603, -34.60225111212775], [-58.346803663148094, -34.60228446149049], [-58.346822386236056, -34.602317093589114], [-58.34676304764113, -34.60243016607862], [-58.34675694948111, -34.60261399234527], [-58.346747467465676, -34.602716731937306], [-58.34666276622427, -34.60281023213298], [-58.34664701449786, -34.60286315360108], [-58.34670854334903, -34.6029029797979], [-58.34671192703294, -34.60298406646498], [-58.34672194977842, -34.603052093209214], [-58.34666013668733, -34.60319196718544], [-58.346588428600306, -34.60343904758034], [-58.34663466076445, -34.603585739448945], [-58.346564103792446, -34.603702596820725], [-58.34653309696201, -34.60392079486569], [-58.346546460378164, -34.60401149720404], [-58.346474708350996, -34.60420016632703], [-58.346478916214565, -34.60427231910625], [-58.34640840062165, -34.60444758733676], [-58.34634790703666, -34.60469088224542], [-58.34632427825995, -34.60477026427135], [-58.34620299440472, -34.60484797653473], [-58.34607552533698, -34.60499269259671], [-58.346086826515545, -34.60510572959123], [-58.34615004790936, -34.60518609956608], [-58.346131492853466, -34.60538711143634], [-58.34616766035437, -34.60540736571087], [-58.346158673012035, -34.60562246024896], [-58.34612844614942, -34.605773313058314], [-58.34611364369167, -34.60599253356051], [-58.34609001408496, -34.606071915460674], [-58.34606481874803, -34.60628598711317], [-58.34587437502964, -34.6067007985549], [-58.34574360292254, -34.60688124921589], [-58.3456061490824, -34.60701634847531], [-58.345205291335944, -34.60723816028121], [-58.345121820184346, -34.607318257794724], [-58.344929926919335, -34.60745441296666], [-58.344799482290725, -34.60751357344806], [-58.344602597995284, -34.60764492004078], [-58.344004808617996, -34.607939662302215], [-58.34361565247424, -34.60827003755959], [-58.34311844168215, -34.60859358924335], [-58.342808215779044, -34.60889300125018], [-58.34251415642893, -34.60913502485889], [-58.34236296129199, -34.60924229450885], [-58.342204712726804, -34.609367090317384], [-58.34200988321366, -34.60947609712727], [-58.341718746273685, -34.60974526066078], [-58.34146823829985, -34.609868722192175], [-58.34129175392722, -34.610073237878964], [-58.341242380604996, -34.61019592204792], [-58.340862432430384, -34.61066165652184], [-58.340856767291626, -34.61089942433084], [-58.34081373320457, -34.611188747252726], [-58.34070549048259, -34.61153685277704], [-58.34044994382924, -34.612244075042504], [-58.34037111395621, -34.612450263952894], [-58.34022988206772, -34.61321412812019], [-58.33998468000755, -34.613868087112394], [-58.33994133589516, -34.61433710731649], [-58.339948948520885, -34.614548756115155], [-58.33987765380569, -34.61484977213189], [-58.33984992232564, -34.61503223069401], [-58.33984762662885, -34.615351084042985], [-58.33984798850534, -34.615935188451026], [-58.33984809691471, -34.61611041977257], [-58.33998950977231, -34.6162855913189], [-58.340123832555605, -34.61641987845063], [-58.34040324908188, -34.61663072451959], [-58.3405034669009, -34.61672242060551], [-58.340552956676916, -34.61677496892294], [-58.34071512216701, -34.61690202830063], [-58.340823183836676, -34.616908853760826], [-58.341083394449015, -34.616974711295896], [-58.34220299925629, -34.616915125030374], [-58.342392520608584, -34.61692260033839], [-58.342608232188205, -34.61694071508427], [-58.342724624429565, -34.61697502256424], [-58.34291831117736, -34.61699623891896], [-58.34296236148369, -34.61699003456317], [-58.3431531596749, -34.6170425187821], [-58.34329409200159, -34.61710533295161], [-58.34373347376794, -34.61723192038068], [-58.34401072359726, -34.61728986166978], [-58.344237695034195, -34.617362599880614], [-58.34442222765733, -34.617365264128814], [-58.34458770194236, -34.617456583988485], [-58.345362831245765, -34.61747855862029], [-58.34556101872873, -34.61739222394088], [-58.3457975209413, -34.6174206313232], [-58.345878940970415, -34.61736286920171], [-58.34595000735448, -34.61735836900008], [-58.34600276124054, -34.61731676921513], [-58.346314908110045, -34.617349950181726], [-58.34639521203081, -34.61748082155964], [-58.34655025464484, -34.61750857899723], [-58.34669115026695, -34.617512978564875], [-58.34703481069195, -34.61744031554723], [-58.34712039582604, -34.61739629427065], [-58.347498495616634, -34.61724492996591], [-58.34763225511131, -34.617150032833536], [-58.34772241799753, -34.617115285895146], [-58.347821283407704, -34.617045144325616], [-58.34791643687939, -34.61701520511832], [-58.34801410657536, -34.61701687537115], [-58.34812588192629, -34.61698349190005], [-58.3482306044144, -34.61696763514645], [-58.34832823208239, -34.61691089391509], [-58.348430480127085, -34.61692183864493], [-58.3485613936718, -34.61691662014587], [-58.348680676103555, -34.61691965355495], [-58.348842359325474, -34.61693434807992], [-58.34891878624529, -34.616871775696296], [-58.34905881417108, -34.6168266949838], [-58.34916692049693, -34.616891924340024], [-58.34922557355401, -34.61696301945054], [-58.3493743889954, -34.61699936626374], [-58.349603427999156, -34.617049760095604], [-58.34985577256174, -34.61714206054013], [-58.349966353898004, -34.6171804875458], [-58.35005367323173, -34.617235418859345], [-58.3502194806572, -34.61720544200919], [-58.3502610572559, -34.61722603671788], [-58.35027323066849, -34.6173885517387], [-58.350351436538446, -34.61748334472514], [-58.35053189205333, -34.61758908077563], [-58.35058601164117, -34.61770931208933], [-58.350557433172064, -34.617842298588215], [-58.35059575535492, -34.61795704040924], [-58.350676067030356, -34.61808790989888], [-58.35083033231961, -34.618183007559736], [-58.35035067641599, -34.61813927111905], [-58.350150016587946, -34.6182524158743], [-58.35003737216696, -34.6182363236487], [-58.34993008810062, -34.61816216083264], [-58.34979422431799, -34.618220984084864], [-58.34987247311699, -34.618374188776286], [-58.34998474833091, -34.6184531595121], [-58.35010155934893, -34.61848299358483], [-58.35012115402841, -34.618565103275785], [-58.34997823697306, -34.618641453638794], [-58.34996541162303, -34.61872151805558], [-58.35025348004176, -34.61878012797161], [-58.35034149609842, -34.61865089117133], [-58.35040716054759, -34.61864604759068], [-58.350532587081545, -34.61852366358082], [-58.350725044926136, -34.618558269031055], [-58.350691431619154, -34.618628036295114], [-58.35055057636521, -34.618682052554135], [-58.35040564106811, -34.61883914969192], [-58.350369965759896, -34.618931251641186], [-58.35045023445274, -34.61900370993966], [-58.350562467740204, -34.61902426889349], [-58.35066727963101, -34.619125233174515], [-58.350668147629136, -34.61917471067545], [-58.350831072956055, -34.61917600224897], [-58.35112376641041, -34.61930229664178], [-58.35123764948734, -34.619304987148354], [-58.350858307246966, -34.61946976375111], [-58.350877121627775, -34.61961921884235], [-58.3507857197585, -34.61966736886197], [-58.35067632837996, -34.61955712978348], [-58.35016524112647, -34.619736058061186], [-58.34958382286173, -34.61979372942034], [-58.34909702198621, -34.61965069117358], [-58.34832520337967, -34.61906283428917], [-58.34784509181628, -34.61896514314439], [-58.34730434909297, -34.61893551117214], [-58.34722705298266, -34.61894860486369], [-58.34656009435736, -34.61910869424944], [-58.346345572240395, -34.619018773916835], [-58.34596973721729, -34.61885127673058], [-58.345915704464446, -34.61884786612554], [-58.34520123520016, -34.618816244654944], [-58.344586245419634, -34.619002068203315], [-58.34453307706227, -34.61904813403606], [-58.34457526062762, -34.61935631810988], [-58.34466355922655, -34.61963596287944], [-58.345210237516916, -34.619836714165615], [-58.34544427075815, -34.61989192461169], [-58.3459078933089, -34.619579725460454], [-58.346244801367945, -34.61934489252158], [-58.34633364900484, -34.61920672570635], [-58.34655980323414, -34.61928839434735], [-58.3466741788973, -34.61940344435536], [-58.3468929495056, -34.61962392826454], [-58.34715255463961, -34.61999076386572], [-58.34710515647279, -34.62056287191697], [-58.34696622999235, -34.62100789318747], [-58.3464583368091, -34.62162282341243], [-58.34651137420926, -34.62199010108755], [-58.34618673790804, -34.6225626809715], [-58.346061711088126, -34.622680591885775], [-58.34602148997146, -34.62282182777258], [-58.34604648420117, -34.622904278815284], [-58.34593304941259, -34.62295552685621], [-58.34594613445471, -34.62263735256529], [-58.3459543074854, -34.62243119225043], [-58.34609963074931, -34.62221122448021], [-58.346118197522586, -34.62201021317572], [-58.34584130304377, -34.62188939656558], [-58.34575583081883, -34.62210864917392], [-58.345747833128144, -34.62195987662106], [-58.34571991151894, -34.6218502830115], [-58.34562211814288, -34.621673377250076], [-58.34548443794577, -34.62151641830468], [-58.34528195635401, -34.62141377689002], [-58.34503917550214, -34.62133554879962], [-58.34487125672388, -34.62132944081475], [-58.34469587130178, -34.621345325980286], [-58.34452258793138, -34.621397287240825], [-58.344341837562126, -34.621471241569], [-58.34419560938891, -34.62158331890077], [-58.344104653271515, -34.621685406987375], [-58.344086417850434, -34.62176512879937], [-58.34404273928869, -34.62170845552343], [-58.34409046805993, -34.62160363817539], [-58.34408127359164, -34.62152667742801], [-58.344159810384795, -34.621500185442784], [-58.34423872130269, -34.62141081565974], [-58.34424235838247, -34.62125379188727], [-58.344278454377644, -34.62115722588301], [-58.34423263538301, -34.6210060655131], [-58.34423878696056, -34.620880651186], [-58.34428111143693, -34.62077549251294], [-58.344325047765636, -34.620594055359994], [-58.3443378404061, -34.62045558144926], [-58.34431821285993, -34.62031506066527], [-58.344270704593015, -34.620123357114636], [-58.344195844551734, -34.62005123641749], [-58.34419869452444, -34.6199615572835], [-58.34412585935472, -34.61980869124332], [-58.34409748883545, -34.61964515369999], [-58.344034183981826, -34.619447959830225], [-58.343903189923026, -34.619336351223424], [-58.34385283263615, -34.61923432678795], [-58.3436931721086, -34.6191388798297], [-58.34348525703473, -34.618977484511966], [-58.34334349620099, -34.618923603912606], [-58.3432262755891, -34.618898230417656], [-58.34307993728497, -34.618835074589356], [-58.34305993712451, -34.61875743155087], [-58.34300376523292, -34.61865953264393], [-58.34293723771183, -34.61861489518256], [-58.342853675181516, -34.61857816788296], [-58.34267285487887, -34.61853529892533], [-58.34241890395263, -34.61851926213939], [-58.342051485946385, -34.618496059056376], [-58.341612588470866, -34.618481819283105], [-58.341443438270446, -34.61848910793137], [-58.34096968193886, -34.61855803004241], [-58.34053791217518, -34.618643081164194], [-58.34039705250423, -34.61869708468168], [-58.34031431707186, -34.618651422038766], [-58.340168394938544, -34.61858379616551], [-58.339904428909605, -34.618499727341074], [-58.33960642860232, -34.61848988781384], [-58.339209142317124, -34.61855464781786], [-58.338917854425446, -34.618648568095196], [-58.338591704127566, -34.61882565064471], [-58.33843009120861, -34.61892776273469], [-58.338320823296556, -34.618992745619806], [-58.33820536064343, -34.619124730938395], [-58.33812858044941, -34.619308582581105], [-58.33812121570095, -34.61950580618353], [-58.338134947462365, -34.61953363143586], [-58.33813625529239, -34.619637051486336], [-58.33811261186749, -34.619716430286935], [-58.33807234568341, -34.619799251661405], [-58.33801876063883, -34.61984978091019], [-58.337967687787454, -34.619931919386566], [-58.33793695457291, -34.61997041377025], [-58.33787424903819, -34.62006080300101], [-58.337841897852186, -34.620175574929775], [-58.33779216589657, -34.62041954352568], [-58.33775069391427, -34.62057417544095], [-58.33764737520549, -34.620868672897416], [-58.3376382885394, -34.62096694315122], [-58.33759261774497, -34.62104942277399], [-58.33752739877963, -34.62110820241577], [-58.33746716999403, -34.621171790293666], [-58.33736209600496, -34.62130892396129], [-58.33724996606851, -34.62146358332447], [-58.337169429600266, -34.62162922501754], [-58.33715783024306, -34.621695885906085], [-58.3371383156437, -34.621730596073625], [-58.3371308803721, -34.62181099890113], [-58.33713297915493, -34.621847074967], [-58.33707154358896, -34.62198247318399], [-58.33704841111854, -34.62223261525638], [-58.33711999437235, -34.62239888460027], [-58.337142087719414, -34.62251260407118], [-58.33719577538919, -34.622637306079724], [-58.33725108211914, -34.6226857305939], [-58.337335917894436, -34.622767471721275], [-58.337454413602615, -34.62283786116142], [-58.337572875929055, -34.62284984028729], [-58.33780274511088, -34.62289132406788], [-58.33800349830379, -34.62289502410415], [-58.338247858049115, -34.622838578183774], [-58.33853544503303, -34.622784863110496], [-58.338696687746435, -34.622745629025715], [-58.33879560158951, -34.62273390709331], [-58.338874140649736, -34.62270741892645], [-58.33901710790688, -34.62268949436337], [-58.339087765563946, -34.62268946570248], [-58.33920330263044, -34.622674300764814], [-58.339298051860496, -34.622648836470766], [-58.33944600949518, -34.6226357196077], [-58.33958732482084, -34.622635661729376], [-58.33964135922401, -34.62263907546259], [-58.339973069267, -34.62269597490348], [-58.34002170030886, -34.62269904711512], [-58.34012976931692, -34.62270587418345], [-58.34030808325973, -34.622717138639665], [-58.340612328439974, -34.62271838605268], [-58.340750305165045, -34.622695651195926], [-58.34087083281379, -34.622685292805784], [-58.34101338717349, -34.62267183267579], [-58.34106742178156, -34.62267524578026], [-58.341203783136216, -34.62272878840011], [-58.341358455697815, -34.62281943101868], [-58.341524724889744, -34.62284341173813], [-58.34167103167235, -34.622848159623146], [-58.34178157832249, -34.62282818402482], [-58.341842667949095, -34.62281407058889], [-58.34189876691154, -34.622795148972436], [-58.341945710207106, -34.622757677290146], [-58.3420092399444, -34.622658351880204], [-58.34202995460301, -34.62255182942437], [-58.34190522537651, -34.62249003650257], [-58.34187194226256, -34.62243851199915], [-58.341874006396665, -34.62241617763368], [-58.34190721603899, -34.62235088088505], [-58.34193295806563, -34.62230757722226], [-58.34201937642228, -34.62225462684067], [-58.34205843898986, -34.622243615053634], [-58.34211329907549, -34.6222380939068], [-58.342241743397956, -34.62225968469036], [-58.34231532769279, -34.62228679660805], [-58.34241926879261, -34.62233829036336], [-58.34248287189975, -34.62235578594292], [-58.34255064013086, -34.62238702337423], [-58.34267953494329, -34.6224625575519], [-58.34270201166874, -34.62251339942892], [-58.342726965114984, -34.622537440013375], [-58.34284377766883, -34.622567281532675], [-58.34293357292673, -34.622595416823216], [-58.34298970905172, -34.622634905371825], [-58.343062468458314, -34.622670950679364], [-58.3424975747656, -34.62325530426142], [-58.342396633126285, -34.623347774279196], [-58.34232436016276, -34.62342408297829], [-58.34222304209185, -34.623579430327496], [-58.34187834488294, -34.623368956349516], [-58.3418836019889, -34.623135655139876], [-58.34067700758006, -34.62313582243041], [-58.34008775652882, -34.623336724679916], [-58.33849207071884, -34.62466466210003], [-58.33823648521479, -34.62472489175667], [-58.338222339829315, -34.62470153323373], [-58.33779469999679, -34.62480031187784], [-58.337783859393355, -34.62474121869052], [-58.33775766779326, -34.62473057766921], [-58.337507898486336, -34.62478668033075], [-58.33725768271033, -34.624788839059676], [-58.337164996146036, -34.62479196723464], [-58.33704573793082, -34.62484733116533], [-58.337019992484244, -34.62489063334246], [-58.336061536705415, -34.62567472481226], [-58.33602911515499, -34.62567267546747], [-58.33595222530113, -34.62568129405554], [-58.33580845830549, -34.62576655788682], [-58.33573951499825, -34.62586553715845], [-58.33570420092481, -34.625894755358395], [-58.33570798354125, -34.625971374204596], [-58.33514753149772, -34.62644813870252], [-58.33514498351056, -34.627121916254495], [-58.33625070761635, -34.62803648351606], [-58.33619301499607, -34.62819008928523], [-58.33633020699952, -34.62823470457501], [-58.33641491818567, -34.62808280652247], [-58.33697115691444, -34.62823927327216], [-58.336914291726586, -34.62838394590976], [-58.338143596653595, -34.6287267202775], [-58.33821873715435, -34.62856073711766], [-58.338785791607435, -34.6287178793337], [-58.33872645038528, -34.62888935421226], [-58.338864471582596, -34.628925033275166], [-58.33893878481025, -34.62876798317539], [-58.339103825120205, -34.62880536922761], [-58.33917238875764, -34.628769265035615], [-58.33922136836654, -34.62865105045189], [-58.33934400413697, -34.628676770929374], [-58.33939429081978, -34.62866197648335], [-58.339448294958814, -34.62860698042613], [-58.33972884680945, -34.62786539911946], [-58.33974171949424, -34.627843747711324], [-58.34025597458164, -34.627984068043034], [-58.34053889687026, -34.62774584378964], [-58.34063995197445, -34.62782860782198], [-58.34076915959106, -34.627724446517774], [-58.34067309525085, -34.627646490819615], [-58.341068184518726, -34.62731201317084], [-58.34116882684982, -34.627399243621696], [-58.34130302395942, -34.62729988977637], [-58.34119157405198, -34.62721197674991], [-58.34151562051764, -34.626940403958635], [-58.34159288867689, -34.62686890443926], [-58.34169810913075, -34.62696540950844], [-58.34177830352064, -34.62692105238158], [-58.34180446039721, -34.626873282076005], [-58.3418069377891, -34.62684648086089], [-58.341715864006275, -34.62677333417858], [-58.34196721754293, -34.62658253447117], [-58.34211676141754, -34.62643472642732], [-58.34223278956739, -34.62653191362925], [-58.34232544217902, -34.62647037112678], [-58.342356176563385, -34.62643187567693], [-58.34223973549629, -34.62633915546711], [-58.34243374663589, -34.62618067657283], [-58.34273511579245, -34.626213188451445], [-58.342714400196016, -34.626319711021054], [-58.342892722955504, -34.62633097272054], [-58.342907208958124, -34.6262330425951], [-58.343315827541716, -34.626281311966096], [-58.343306332915205, -34.626384050330046], [-58.343470133372136, -34.626434830697065], [-58.34349332487241, -34.62630150655006], [-58.34427814242798, -34.62639599298278], [-58.344369218504085, -34.62646913797187], [-58.34382208926803, -34.626919829969545], [-58.34370647128671, -34.62681817709285], [-58.34357186465696, -34.62692200098491], [-58.343693299145286, -34.627019528329335], [-58.34332313829763, -34.62731964608602], [-58.34320669489853, -34.62722692650566], [-58.34307749076713, -34.62733109092941], [-58.34319352128877, -34.627428277517964], [-58.34281089773522, -34.62774557822571], [-58.34270484924372, -34.627658007584934], [-58.342681995431896, -34.62767004309885], [-58.34257605667075, -34.62775770442185], [-58.34268709606212, -34.62785008333437], [-58.34232191876599, -34.62815500520328], [-58.34219590671648, -34.62804820142182], [-58.34214772134159, -34.62809907343491], [-58.34208167280215, -34.628166788972976], [-58.34218772107783, -34.62825436016061], [-58.341805089810805, -34.62857165666204], [-58.34169904166232, -34.62848408513796], [-58.3416358829668, -34.62852053227793], [-58.34156525568082, -34.62857897236732], [-58.34167629469134, -34.62867135220666], [-58.341387554668344, -34.62891370465641], [-58.341398810849924, -34.62896833106203], [-58.34154519957445, -34.629089901692396], [-58.34185783488107, -34.629177043543194], [-58.34182173087133, -34.62927360797938], [-58.34197971860365, -34.62932851653726], [-58.34202786904009, -34.62921923406974], [-58.342372516102, -34.62931288952628], [-58.34233517384773, -34.62942285480619], [-58.342343091311484, -34.62945480553838], [-58.34249691463117, -34.62949597157527], [-58.3425471290493, -34.629364354448825], [-58.34283897697344, -34.62944119506447], [-58.34318547038917, -34.629162049611324], [-58.343276960783015, -34.62923072881285], [-58.34331895353878, -34.62924685959578], [-58.34340286535885, -34.62916229960957], [-58.34340534244796, -34.62913549830368], [-58.343309686670615, -34.629053077284425], [-58.34367445267246, -34.628752619356376], [-58.34379089851414, -34.62884533883301], [-58.34392010463177, -34.6287411738394], [-58.34380864981013, -34.62865326261568], [-58.34418628393695, -34.62833115068051], [-58.34431312490632, -34.6284290189849], [-58.3444016131499, -34.62835373306394], [-58.34441572314618, -34.62831868031959], [-58.344315075918914, -34.62823145198578], [-58.344574722797404, -34.62800971957371], [-58.34499810335566, -34.62836893024701], [-58.34645505335391, -34.62718939914257], [-58.34670750097263, -34.62739853189014], [-58.345270514365765, -34.62859729834548], [-58.34535618962367, -34.628670101844534], [-58.34706114701787, -34.62727707914334], [-58.34875802920455, -34.62867814903323], [-58.34877803554042, -34.628755792129624], [-58.34843886487367, -34.628779317826925], [-58.34843222320379, -34.628792377604185], [-58.348443977744864, -34.628959359468254], [-58.34878356172101, -34.62893136691225], [-58.348785746672064, -34.62908426597011], [-58.34872559979783, -34.629264682338174], [-58.34868492453734, -34.629351974970405], [-58.34850081678741, -34.62940325801435], [-58.34848377965214, -34.62941116877573], [-58.34848637647002, -34.62955960082931], [-58.34846285914353, -34.629814216251035], [-58.34843587941468, -34.62987092225564], [-58.34796205637015, -34.62993986405689], [-58.347900628974, -34.630075269314915], [-58.34788445682478, -34.630132657274366], [-58.348262286448275, -34.6301025874027], [-58.34829400608915, -34.63028880121712], [-58.348262447195424, -34.63033623222273], [-58.348135718479014, -34.63041360066185], [-58.34808649684061, -34.630769932086395], [-58.34797774967298, -34.631005689261514], [-58.347924240908625, -34.63117304509364], [-58.34783571212006, -34.63118992245839], [-58.34773906510851, -34.63088279330144], [-58.347660932141125, -34.63090481966919], [-58.347757991505944, -34.631207481925514], [-58.34772395598185, -34.63128171427307], [-58.34769239629836, -34.631329145036034], [-58.34762300781185, -34.63137418813852], [-58.34758311576103, -34.63139413511264], [-58.34747796171156, -34.63141445581279], [-58.3473374942634, -34.63146399824854], [-58.34722776134909, -34.63147504375749], [-58.3471737202518, -34.6314716326286], [-58.34711885379403, -34.63147715531935], [-58.34695342901678, -34.63150265707579], [-58.34688857972151, -34.63149856356946], [-58.34684992557274, -34.6315051095128], [-58.34676968938091, -34.63149105871956], [-58.34675430247423, -34.631481101486386], [-58.346738051222246, -34.63142166702397], [-58.34613955037416, -34.631545632098266], [-58.346096394495916, -34.631659724813986], [-58.34779311388348, -34.63212177235803], [-58.347722034495234, -34.63212627199443], [-58.347685482897845, -34.63216889468949], [-58.34769839406394, -34.632205653398636], [-58.34772627974499, -34.632256836179934], [-58.34777743278919, -34.632291515627514], [-58.347791169330876, -34.632319340478475], [-58.34773019131801, -34.63250868960196], [-58.34770898725337, -34.63250285827969], [-58.34769157616258, -34.632573646912164], [-58.347708653538184, -34.63262414751044], [-58.34775102222869, -34.632577399004134], [-58.34776554460791, -34.632537878850584], [-58.34775679957059, -34.63251486201814], [-58.34780907207034, -34.6323609072072], [-58.34785395610949, -34.63234576823304], [-58.347957873403374, -34.63233884813769], [-58.34818072243718, -34.63239784289486], [-58.34837696355058, -34.632450665004214], [-58.34854577137741, -34.6325062484553], [-58.34869873930409, -34.632497930352386], [-58.34887084838379, -34.63251777787921], [-58.348980995381, -34.63250226408611], [-58.34903920378301, -34.63251941636615], [-58.349073319824384, -34.63256200611619], [-58.3501148893169, -34.63234916627151], [-58.350919943473045, -34.6315777441027], [-58.351141346022935, -34.63135807693442], [-58.35125635657442, -34.63117213426383], [-58.35134723304583, -34.6309532180274], [-58.35194560960906, -34.62953523756671], [-58.35184581959264, -34.629497491879775], [-58.3518553476365, -34.62945316304122], [-58.351791736398, -34.62943567143519], [-58.35185022745311, -34.629273120568556], [-58.351902618140016, -34.62929439733131], [-58.35199778574963, -34.629264456561444], [-58.35218395390696, -34.629190832966756], [-58.35238789676015, -34.62898354054282], [-58.35264151663023, -34.62906243937482], [-58.352952519736604, -34.6291674218919], [-58.35299117264086, -34.629160873784066], [-58.35339154399471, -34.62870986762711], [-58.35392687695418, -34.62809214413582], [-58.3541504120019, -34.62796695766991], [-58.35453762440156, -34.62771730193241], [-58.35628460877978, -34.62657390065013], [-58.357180317069094, -34.62599685008067], [-58.35731449565361, -34.62589747558155], [-58.35765639839768, -34.625667417540754], [-58.357677142319815, -34.62561930193503], [-58.35995995944928, -34.62414567816447], [-58.360019450560955, -34.62420783577784], [-58.360499679195684, -34.623892130843466], [-58.36081669322627, -34.62422661469341], [-58.3608366611248, -34.62424584476588], [-58.360857452707656, -34.62425614069382], [-58.360884883620756, -34.62425337584964], [-58.36090150690235, -34.624249930111546], [-58.36177554584171, -34.623671476088376], [-58.36189869916018, -34.62380953141705], [-58.36179195982122, -34.62390614711916], [-58.361029239430366, -34.62439726083916], [-58.361269317882154, -34.62468196662229], [-58.36119994162755, -34.62472701924703], [-58.3597841460037, -34.62563975992198], [-58.359548169003716, -34.62578214597649], [-58.35947585866848, -34.62580005451203], [-58.35944719143332, -34.62581622012781], [-58.35932047875022, -34.625893602614006], [-58.35933504267868, -34.62591249241342], [-58.355826151099336, -34.628184943331526], [-58.355808290407396, -34.62820178928425], [-58.355779621692434, -34.62821795382382], [-58.35575054079466, -34.6282385853698], [-58.35572686389217, -34.62825955761463], [-58.35569819514275, -34.628275722130226], [-58.35566329801588, -34.628300479954284], [-58.35563962107369, -34.62832145217682], [-58.35561635630047, -34.62833795737971], [-58.35558686313807, -34.628363055888315], [-58.355552378127136, -34.62838334665854], [-58.35552911331981, -34.628399851840115], [-58.35551042814427, -34.62842563175876], [-58.35548716331652, -34.6284421369295], [-58.35546930249889, -34.62845898281543], [-58.355451853865866, -34.62847136168634], [-58.355428589013776, -34.62848786684269], [-58.355393279522886, -34.62851709157705], [-58.35537541866947, -34.62853393744442], [-58.35535215378488, -34.62855044258159], [-58.35533470511543, -34.628562821430734], [-58.35531643203913, -34.62858413429643], [-58.355292754926154, -34.62860510642855], [-58.355263261569064, -34.62863020483235], [-58.355239584429086, -34.62865117695053], [-58.355210503247086, -34.62867180832838], [-58.355181422050876, -34.628692439697346], [-58.35516356111522, -34.6287092855227], [-58.35513864728857, -34.62874365863861], [-58.35512119854647, -34.628756037447346], [-58.355108741618984, -34.6287732239997], [-58.35508547661395, -34.62878972906964], [-58.3550613871636, -34.62881516814768], [-58.35503770991767, -34.628836140212385], [-58.354990767612065, -34.62887361731683], [-58.35497166992374, -34.62890386412171], [-58.35495339667132, -34.628925176910045], [-58.35493594786279, -34.62893755568325], [-58.35492349086567, -34.6289547422079], [-58.3549060420463, -34.62896712097525], [-58.35487613620769, -34.628996686257025], [-58.354852458860506, -34.62901765827226], [-58.35483336108203, -34.62904790504419], [-58.35481508775882, -34.62906921780277], [-58.354796814425576, -34.629090530557264], [-58.35477313702953, -34.62911150255074], [-58.35476067996837, -34.62912868905061], [-58.35473659031091, -34.629154128037705], [-58.354718316936534, -34.62917544077514], [-58.354700043552214, -34.62919675350868], [-58.35467054979571, -34.62922185171601], [-58.35465809269405, -34.62923903820034], [-58.3546452233394, -34.62926069168503], [-58.35463317847376, -34.62927341116295], [-58.35462612541767, -34.629290938406605], [-58.354614080544124, -34.62930365788168], [-58.35460203566667, -34.62931637735515], [-58.35458458672092, -34.629328756059614], [-58.35457212958258, -34.62934594253053], [-58.35456507650499, -34.62936346976805], [-58.35455303161039, -34.62937618923442], [-58.35454057445705, -34.629393375700275], [-58.354528529553924, -34.62940609516309], [-58.354516484646894, -34.62941881462431], [-58.35449321933784, -34.62943531954032], [-58.35448657849183, -34.629448379769485], [-58.3544741213121, -34.62946556622521], [-58.354450031458526, -34.629491005130504], [-58.35443757426369, -34.62950819158054], [-58.35443093340143, -34.62952125180473], [-58.35441888846092, -34.62953397125201], [-58.35440643125206, -34.629551157697165], [-58.354399790380384, -34.629564217918514], [-58.35438650862966, -34.629590338359435], [-58.35437986775061, -34.62960339857883], [-58.35436782278879, -34.629616118018376], [-58.35435536555452, -34.62963330445518], [-58.354343320584164, -34.629646023891084], [-58.354330863339506, -34.62966321032425], [-58.354324222444205, -34.62967627053858], [-58.354311352918316, -34.62969792396706], [-58.35429390384502, -34.62971030261308], [-58.35428185885273, -34.62972302204019], [-58.354269401581774, -34.62974020846367], [-58.35426276066889, -34.62975326867267], [-58.35424407474622, -34.62977904830248], [-58.35422538881093, -34.62980482792794], [-58.35421210695513, -34.629830948337066], [-58.35419964965044, -34.62984813474927], [-58.354187192339964, -34.62986532115943], [-58.35416809408117, -34.62989556776794], [-58.35416062856932, -34.62991756196125], [-58.35414194257061, -34.62994334156601], [-58.354123256559205, -34.62996912116651], [-58.35410956234935, -34.62999970855282], [-58.35409669270453, -34.63002136194426], [-58.35407800665796, -34.630047141533566], [-58.35405849601605, -34.63008185510958], [-58.35404521404942, -34.63010797548744], [-58.354025291081165, -34.630147156049524], [-58.354005780386856, -34.63018186961097], [-58.35398544507902, -34.63022551715646], [-58.3539659343443, -34.63026023070672], [-58.353945598989306, -34.63030387824013], [-58.35392691281892, -34.63032965779124], [-58.35391280615126, -34.63036471213165], [-58.353898287164185, -34.63040423346257], [-58.35388376815996, -34.63044375478967], [-58.353864257316175, -34.63047846831106], [-58.35383769308207, -34.630530708988445], [-58.353810716496575, -34.63058741664817], [-58.353789556321715, -34.630639998118724], [-58.35376299197162, -34.63069223876644], [-58.353743068683535, -34.63073141924557], [-58.35372690024104, -34.630788808503006], [-58.353706976904725, -34.63082798897085], [-58.353691633053025, -34.630876444235454], [-58.353677526152396, -34.63091149852257], [-58.353656778100586, -34.63095961295679], [-58.35364102185317, -34.63101253519813], [-58.35363231906153, -34.63104793029787], [-58.35361033394194, -34.63110944568656], [-58.35358752411449, -34.6311798950466], [-58.35355931006135, -34.631250003567985], [-58.3535431413246, -34.63130739277027], [-58.35300430537292, -34.63284595585769], [-58.352983100675104, -34.632840125403526], [-58.35295946478364, -34.63291950847413], [-58.35298066949833, -34.63292533893487], [-58.35295744595968, -34.63300025501958], [-58.352930836947976, -34.632994083680586], [-58.3529088505312, -34.63305559880318], [-58.352935047161935, -34.63306623713091], [-58.352913473118136, -34.633123285270635], [-58.35288686407357, -34.63311711391725], [-58.352863640365634, -34.63319202996537], [-58.3528898370287, -34.633202668307845], [-58.352757092397226, -34.63358069276261], [-58.352802517835215, -34.63373631979547], [-58.352970026766215, -34.63427705879029], [-58.353246296204645, -34.63517061833443], [-58.35347239042986, -34.635665629348296], [-58.353499455901584, -34.63572574538258], [-58.35413193279014, -34.63652944519808], [-58.35424047927741, -34.63659020688887], [-58.354639721612685, -34.63679959810683], [-58.35601755236724, -34.63753796683939], [-58.356632113696804, -34.63824168029969], [-58.35687344332162, -34.63851299700097], [-58.35693752028429, -34.638584431954484], [-58.358019744813475, -34.63922776257828], [-58.35832447198311, -34.63922450622762], [-58.36017404458086, -34.63921078134355], [-58.36034823375674, -34.63920827939121], [-58.36110628401504, -34.639417796525436], [-58.36142138480628, -34.63989144695027], [-58.36090447416709, -34.64072153684043], [-58.35848470143691, -34.64155300340829], [-58.358129488371006, -34.641867588289195], [-58.35788259825137, -34.64248104684302], [-58.357765564598296, -34.64274774289173], [-58.35747716706728, -34.64345742992478], [-58.35731963251157, -34.6440450691219], [-58.35734464089262, -34.644127520108384], [-58.35759184033301, -34.644983299192695], [-58.35838698741763, -34.64526257099722], [-58.35874505527841, -34.645388482213605], [-58.35979407439052, -34.64598028778633], [-58.35984940946145, -34.64602870568758], [-58.359904744596946, -34.64607712357186], [-58.36088452531554, -34.64688920831726], [-58.360978982141106, -34.6469850215221], [-58.36124196915247, -34.64725769718628], [-58.361624429322234, -34.64770863620245], [-58.36151971417963, -34.647782912237815], [-58.36171151645822, -34.647943268622434], [-58.361771752367545, -34.64787966876461], [-58.362366581392784, -34.648209196593456], [-58.36294078933567, -34.64823189592964], [-58.363567767375464, -34.648212986539676], [-58.3639352861515, -34.64817772944599], [-58.364257187650026, -34.64828337506322], [-58.36434619561564, -34.64832043317305], [-58.36465532619971, -34.648564557729614], [-58.36513583510899, -34.6488958579074], [-58.36530221848167, -34.64897822632757], [-58.367522225241515, -34.650079545639585], [-58.36764660475522, -34.650145787089066], [-58.36864247224095, -34.650666780729736], [-58.369406321181316, -34.65116866807396], [-58.369652204689444, -34.65133241780595], [-58.36985634210389, -34.65177210936183], [-58.370016306462176, -34.652101186546616], [-58.369672622023934, -34.653234269955675], [-58.36978769345569, -34.65357849382748], [-58.37030449887611, -34.653988443777024], [-58.370596933097836, -34.65411917795073], [-58.37253917560262, -34.65499175951436], [-58.37366117191954, -34.656446229665875], [-58.37378356279244, -34.65659321610845], [-58.373846432328776, -34.65667804733707], [-58.373930514709656, -34.65676870631286], [-58.37406078237041, -34.65688922963112], [-58.37499656173445, -34.65706043031098], [-58.37524277407208, -34.6571028778251], [-58.37603143318094, -34.65692334054992], [-58.37608467141369, -34.65693567547625], [-58.376100066757274, -34.65694563004], [-58.376137909666525, -34.65694801038126], [-58.37613585206745, -34.65697034641863], [-58.37618909035376, -34.65698268130481], [-58.376220704122524, -34.65699365599299], [-58.376258135550344, -34.65700050350826], [-58.37630725876669, -34.65705751043765], [-58.37622534365191, -34.65706134420749], [-58.37622704613983, -34.65710188912753], [-58.37648983305296, -34.65708247333989], [-58.37656839955852, -34.6570559633019], [-58.3765900241299, -34.65705732341899], [-58.37662410697018, -34.6570414947376], [-58.37664532004681, -34.65704732205712], [-58.376710605260755, -34.657046935141906], [-58.376733052815325, -34.657039360806166], [-58.37675009422299, -34.65703144644429], [-58.37676466670417, -34.6570503353637], [-58.3768195511258, -34.65704480113285], [-58.37685239948085, -34.65704237402491], [-58.37687026384409, -34.657025525214564], [-58.3769039351517, -34.657014163660556], [-58.37694095520814, -34.65702547818809], [-58.37695470478224, -34.65705330152186], [-58.37700253716261, -34.657065296058605], [-58.37704038020633, -34.657067676127014], [-58.37706658801115, -34.65707831060289], [-58.37711024868693, -34.657076563440654], [-58.3771381023782, -34.657069329031316], [-58.377145154398235, -34.65705180016407], [-58.37716965925744, -34.65702188965125], [-58.37717671126504, -34.657004360780626], [-58.3772153772217, -34.65699780635376], [-58.377271084535124, -34.65698333747042], [-58.377298115270555, -34.65698503745724], [-58.377318505489846, -34.656999799102124], [-58.37735593707666, -34.657006646288494], [-58.377383379278584, -34.65700387903718], [-58.37740541533024, -34.65700077178717], [-58.377432034628825, -34.65700693896611], [-58.37747528383508, -34.657009658886935], [-58.37750066880193, -34.657029227716514], [-58.37751441857791, -34.657057051011115], [-58.37754479827835, -34.657081427044574], [-58.37757018328338, -34.65710099586447], [-58.377571886434964, -34.65714154085166], [-58.3775648344898, -34.6571590697547], [-58.377536157889594, -34.65717523870745], [-58.37770545218764, -34.65722632321128], [-58.378085176154045, -34.65729513352695], [-58.378112207042236, -34.65729683334679], [-58.37813300891855, -34.657307127654505], [-58.37815504505138, -34.65730402027429], [-58.378151695956774, -34.65728134417107], [-58.378147935446385, -34.657263135296304], [-58.378169560151704, -34.65726449514037], [-58.37820076297069, -34.65727993658591], [-58.37825981952217, -34.657288143353085], [-58.37834091221997, -34.657293242677426], [-58.378406197796025, -34.657292854867556], [-58.37846025961389, -34.657296254358556], [-58.37848065014565, -34.657311015843746], [-58.378511853054434, -34.6573264572185], [-58.378533066397694, -34.657332284232396], [-58.3786045809962, -34.65732330179813], [-58.378641601517074, -34.65733461585138], [-58.37865864285892, -34.65732670120378], [-58.378680267606605, -34.65732806095937], [-58.37871811091847, -34.657330440522585], [-58.37876635522719, -34.657337967178776], [-58.378819182974524, -34.65735476821969], [-58.3788570263109, -34.65735714774134], [-58.378882823132116, -34.65737224910043], [-58.37892066648199, -34.65737462860325], [-58.37899635319515, -34.65737938757442], [-58.37905499859977, -34.65739206120883], [-58.37908908124919, -34.657376231786614], [-58.37912692461923, -34.65737861122584], [-58.379162299809295, -34.65740779408641], [-58.3791989091127, -34.657423575222275], [-58.379218477104374, -34.657447271082304], [-58.37924591947417, -34.65744450341763], [-58.37923175767435, -34.657421147475915], [-58.379228408278564, -34.65739847136355], [-58.37926542895363, -34.657409785240674], [-58.37928746511115, -34.65740667765129], [-58.37934234982392, -34.65740114227984], [-58.379406401530616, -34.657414155661854], [-58.37946463571174, -34.6574312963501], [-58.37949166673147, -34.657432995869826], [-58.379529921507974, -34.6574309079447], [-58.379557775218686, -34.657423672964], [-58.379594795968885, -34.65743498674733], [-58.379616009451595, -34.65744081358403], [-58.37965385289766, -34.657443192863475], [-58.37967630040053, -34.65743561795833], [-58.379702508763394, -34.657446251920035], [-58.379740763553485, -34.657444163928304], [-58.37976697192993, -34.65745479787749], [-58.37979940918601, -34.65745683722112], [-58.37983848664195, -34.65744581470702], [-58.37987591878334, -34.657452661164015], [-58.37991417358249, -34.65745057311686], [-58.37994161596011, -34.6574478052908], [-58.37997364190538, -34.657454311835], [-58.38000067296481, -34.65745601124272], [-58.38003769381555, -34.65746732489958], [-58.380076771259496, -34.65745630230474], [-58.38011461475344, -34.65745868144207], [-58.38014205713576, -34.65745591356992], [-58.38020981087047, -34.65742872130104], [-58.38023143572313, -34.65743008078494], [-58.38025887809693, -34.657427312884366], [-58.38030753402235, -34.65743037169819], [-58.380373231200366, -34.657425515583924], [-58.38043269956935, -34.65742925407575], [-58.3804929905357, -34.6574240580334], [-58.38054288035731, -34.65741371499391], [-58.380586130090165, -34.65741643383879], [-58.38063184754177, -34.657392349143485], [-58.38068050348931, -34.65739540780579], [-58.38071834700909, -34.657397786752156], [-58.38074496681803, -34.65740395324783], [-58.38076200802976, -34.65739603827817], [-58.38080566905158, -34.657394289788286], [-58.38084269003386, -34.65740560320853], [-58.38091379343578, -34.657401086635815], [-58.380943763145254, -34.657429929216406], [-58.38099864790572, -34.65742439307775], [-58.381043954007964, -34.65740477546932], [-58.381098838753246, -34.65739923928208], [-58.381155839659996, -34.65742978097552], [-58.381212429356836, -34.657464789907806], [-58.38217262277184, -34.65748919747018], [-58.382253305208835, -34.65749876148873], [-58.382784762185395, -34.65751418982663], [-58.38296399084665, -34.657516467154906], [-58.38302927705446, -34.657516076859736], [-58.383099558368826, -34.65752049355306], [-58.38328460454446, -34.65751864287016], [-58.38333326086796, -34.65752170048361], [-58.383514956510226, -34.657497173294445], [-58.38372409451634, -34.65746987711366], [-58.38385548924006, -34.65746016107751], [-58.38401726601168, -34.6574748195626], [-58.38423269446463, -34.65749734207756], [-58.38467566006341, -34.65758807798533], [-58.3847005113614, -34.65749528377985], [-58.38472713166621, -34.65750144943841], [-58.38473629994923, -34.65751999796966], [-58.3848057594211, -34.65753334827497], [-58.384826973471434, -34.65753917424525], [-58.384852771682375, -34.65755427447547], [-58.38491846916344, -34.657549415860274], [-58.38498211137218, -34.657566893706374], [-58.38506115036602, -34.657594325097136], [-58.385112335885395, -34.65762899276925], [-58.38513895627982, -34.657635158346274], [-58.385169749831974, -34.65765506547591], [-58.38520677177988, -34.65766637764791], [-58.385216351233026, -34.65768045885717], [-58.38525877949473, -34.657692110667085], [-58.38527917154997, -34.65770687117235], [-58.38530373679021, -34.65773537323155], [-58.385301270549846, -34.6577621770485], [-58.38542526727669, -34.657832870801926], [-58.385559665823735, -34.65790871103779], [-58.38558211312695, -34.657901134978104], [-58.38561413997293, -34.657907640103254], [-58.385670321232126, -34.65794711453604], [-58.38568284097373, -34.65798833919582], [-58.38573067580333, -34.658000330502254], [-58.385798491866055, -34.658031549538855], [-58.38592166745498, -34.65811117750636], [-58.38600823196601, -34.65817502610886], [-58.38608480594481, -34.65822926081012], [-58.3861771880577, -34.658288981630676], [-58.38631535049298, -34.65838303007402], [-58.38636154170827, -34.65841289042448], [-58.38637029945276, -34.65843590620558], [-58.38638446355909, -34.65845926159325], [-58.386419842121036, -34.65848844271619], [-58.38641819815465, -34.65850631197186], [-58.38644775939299, -34.6585396207992], [-58.38644987783087, -34.65857569891712], [-58.38646944834639, -34.658599393905405], [-58.38646780438382, -34.65861726316277], [-58.38649654369626, -34.65865950661488], [-58.3865107078677, -34.65868286199722], [-58.38652405006793, -34.6587151520086], [-58.38652740149826, -34.658737828185444], [-58.38654115469933, -34.658765650881946], [-58.38655572988572, -34.65878453894781], [-58.386545802620574, -34.65883333981161], [-58.38652253311861, -34.658849850658875], [-58.38658665130759, -34.65892127521759], [-58.38667533567073, -34.65902120164685], [-58.38673521703966, -34.65902046989726], [-58.386784760250706, -34.65907300633308], [-58.38680015750013, -34.65908295974877], [-58.38683054103174, -34.65910733389343], [-58.386839709929646, -34.65912588234873], [-58.3868488788311, -34.65914443080404], [-58.386858458714215, -34.65915851194101], [-58.38689548163042, -34.659169823711636], [-58.386916696298655, -34.65917564938785], [-58.386925865222054, -34.659194197840044], [-58.38695207533898, -34.6592048304185], [-58.3869732900217, -34.65921065608627], [-58.38703857796955, -34.65921026379004], [-58.38706478811045, -34.65922089634647], [-58.38708271507019, -34.65926246055872], [-58.387086477619036, -34.659280669422294], [-58.38711104392199, -34.65930917125448], [-58.38714101666574, -34.659338012664094], [-58.38714854179133, -34.65937443039195], [-58.38717351910497, -34.659398464896555], [-58.38717981135018, -34.659448284588485], [-58.38716153722149, -34.65946960245365], [-58.38732932862421, -34.659655373643545], [-58.38741842557279, -34.65975083242087], [-58.38744963143797, -34.659766271817475], [-58.38748747663534, -34.659768648804], [-58.387528262584624, -34.659798169293424], [-58.38755987944256, -34.659809141341675], [-58.38758944156456, -34.659842450008696], [-58.38760860172681, -34.65987061221824], [-58.38764104051988, -34.659872649598995], [-58.38765479423867, -34.65990047224132], [-58.38767477632727, -34.65991969979296], [-58.38768394548356, -34.659938248220286], [-58.38766149770801, -34.6599458246245], [-58.387663616601515, -34.65998190279393], [-58.38769023802222, -34.65998806793042], [-58.38770440271653, -34.660011423245436], [-58.38774265899157, -34.66000933284079], [-58.387754768986795, -34.66005502478595], [-58.38777974667045, -34.66007905921444], [-58.38778809397756, -34.66010654229309], [-58.38780184777335, -34.66013436493], [-58.38785638783355, -34.660191707985106], [-58.38789341138329, -34.660203019526854], [-58.38792838026015, -34.66023666770088], [-58.38793754949912, -34.660255216120746], [-58.387958764541466, -34.66026104165902], [-58.38797874678222, -34.66028026918082], [-58.388016181326925, -34.66028711336301], [-58.388041159154824, -34.660311147756246], [-58.388066547928304, -34.66033071481622], [-58.38809234764409, -34.660345814542396], [-58.38811773644093, -34.660365381594644], [-58.388149353610615, -34.66037635352663], [-58.38827869883413, -34.66038896985816], [-58.388343166011765, -34.6603975116402], [-58.38856961183244, -34.660595951260404], [-58.38873851166647, -34.660651489392805], [-58.38893068147329, -34.660690516016516], [-58.38908548168283, -34.660781113409215], [-58.38927170424349, -34.660707437493095], [-58.38948009422761, -34.660747481782934], [-58.38957713201634, -34.66087488983167], [-58.38961956274958, -34.66088654039876], [-58.38981508609785, -34.66094824195569], [-58.3900704928964, -34.66100921000958], [-58.390317962763845, -34.66103822719299], [-58.39051683971395, -34.66112260395093], [-58.3906554230075, -34.66121218131592], [-58.390926296054516, -34.66134151587667], [-58.39114851050314, -34.66146779516103], [-58.39131536056739, -34.66154566694872], [-58.391480634546426, -34.66169982315083], [-58.39156556431782, -34.66178153826462], [-58.39167506291681, -34.66189175454517], [-58.39181953310871, -34.66203561811271], [-58.39196017320339, -34.66210285751476], [-58.39211785504733, -34.66216218019326], [-58.39227437207129, -34.66229332003047], [-58.392540255623175, -34.66241784499726], [-58.39270786315148, -34.662428365264844], [-58.39288128817036, -34.66243475727861], [-58.39302309445361, -34.66243017821455], [-58.39333757241754, -34.662499340423395], [-58.393533856664, -34.662493686697644], [-58.39370228605834, -34.662495270845035], [-58.39383943896719, -34.66242300137356], [-58.394076855260394, -34.66238398277321], [-58.394311328463296, -34.662317820026196], [-58.39451965777603, -34.66229944101926], [-58.394607396984725, -34.662291467252274], [-58.39477746867506, -34.66227518025377], [-58.39506724011079, -34.66219900637057], [-58.39516243883827, -34.662169034420316], [-58.39528665462446, -34.662060006090485], [-58.395434139117086, -34.66193446490877], [-58.39568483047009, -34.66186931688206], [-58.39587194251302, -34.66184511104597], [-58.39601456932995, -34.6618315934845], [-58.39611852819138, -34.66182463615663], [-58.396277034600445, -34.66187501888253], [-58.396468732355544, -34.66186008612688], [-58.39665591466803, -34.66189429465986], [-58.39698154892546, -34.661901242777766], [-58.39727925815207, -34.66185701343606], [-58.39765546330479, -34.661727843521476], [-58.3976913843209, -34.66151442431695], [-58.39774564837823, -34.66133810102684], [-58.39773017803856, -34.661269733066305], [-58.399245526997944, -34.660875015314936], [-58.39932834083177, -34.66092064721444], [-58.39939657603824, -34.66094739212659], [-58.399544680631095, -34.66099262504347], [-58.399667393226025, -34.661018292803476], [-58.39982705951182, -34.660996852674515], [-58.39991438721991, -34.66099334224843], [-58.39994675463478, -34.66093696049121], [-58.40006022231777, -34.66088566405514], [-58.40024110480729, -34.66087004686688], [-58.400411921350596, -34.660786400508776], [-58.40042080113089, -34.66057128449293], [-58.40053139619803, -34.66055125972549], [-58.40061529484029, -34.66046665644457], [-58.40071992607615, -34.660333927964544], [-58.40075680537451, -34.66022840379896], [-58.40083578050246, -34.66019740984764], [-58.400916396534356, -34.66014854598029], [-58.400966623756915, -34.66007531088452], [-58.40105436081711, -34.66006733203379], [-58.40109507894989, -34.660038432552405], [-58.40115488855693, -34.6599792776818], [-58.40120306435495, -34.65992837978213], [-58.401340691679245, -34.6599100489404], [-58.40148536643018, -34.659874187001556], [-58.40163585792065, -34.65983419634277], [-58.40178784159527, -34.65965950340266], [-58.40184675579697, -34.65955086694034], [-58.40188918844005, -34.65956251332251], [-58.40198732806226, -34.65955967904108], [-58.40207129864795, -34.659533490536205], [-58.40215068288961, -34.659498028094774], [-58.40224669709775, -34.65945911484944], [-58.40239554700731, -34.65943699301352], [-58.40248786977105, -34.659438286878625], [-58.40264212625908, -34.659416503625025], [-58.40275066892096, -34.659418813966184], [-58.402923270919075, -34.65943412577276], [-58.40296398815933, -34.65940522553403], [-58.40299486258758, -34.6594835449512], [-58.40308636527541, -34.65949377333956], [-58.40326683483791, -34.65948261862579], [-58.40330124983276, -34.65940389814428], [-58.4033898064492, -34.65938698248998], [-58.40352791842066, -34.65942259772678], [-58.40365227110259, -34.65943039131504], [-58.40379407397745, -34.659425798823236], [-58.403967496595854, -34.659432174169], [-58.404121828958026, -34.65946880527213], [-58.40426657833531, -34.65949135605239], [-58.40438888112135, -34.65952148640483], [-58.404490377462366, -34.65954132639155], [-58.40468337706844, -34.65957139351101], [-58.40477782683023, -34.659608764485945], [-58.40482451310375, -34.659692567575036], [-58.40494476640573, -34.65974503495845], [-58.405052079924864, -34.65976074581196], [-58.4051211367311, -34.659778552582594], [-58.40519019357409, -34.659796359317255], [-58.40527088382289, -34.659805908558035], [-58.405480104619926, -34.65983699085939], [-58.40558365169183, -34.659834492445825], [-58.40571095241654, -34.659869427865004], [-58.40581613944576, -34.659849059195494], [-58.40592852728204, -34.659927992048196], [-58.40596358158754, -34.660020052397584], [-58.40611709646009, -34.66006561623766], [-58.40636998217681, -34.66009493955539], [-58.406390711711, -34.66004681302232], [-58.40648549542965, -34.66002129878839], [-58.40657658970621, -34.66003599218201], [-58.40668218681238, -34.66001115523227], [-58.40682980783712, -34.66000243046878], [-58.40692213194743, -34.660003721026484], [-58.40699241928765, -34.66000812422082], [-58.40711677385003, -34.660015914389604], [-58.40723777122446, -34.66000102808728], [-58.407348774915235, -34.65997652921608], [-58.4074547817215, -34.659947224016925], [-58.40794622670043, -34.659865677576924], [-58.40810138227566, -34.65989336883838], [-58.40827104001383, -34.6598815293418], [-58.40841612309849, -34.659841191140046], [-58.40859438701456, -34.65973553274716], [-58.408820980372866, -34.65969580591228], [-58.40902299875604, -34.65962758026759], [-58.40913646043644, -34.65957627431575], [-58.40929063746262, -34.659496065579916], [-58.40945030062531, -34.659474611988834], [-58.40965149859088, -34.65941532026246], [-58.409749399171325, -34.65923722914958], [-58.40978175942563, -34.65918084378689], [-58.409842952131726, -34.65922511469117], [-58.40990111660079, -34.6591838248208], [-58.4099105406394, -34.65908107097235], [-58.410067584188326, -34.65896958810461], [-58.41013074532314, -34.65893310420613], [-58.4102442858085, -34.65894021385944], [-58.410330792871704, -34.65894563066804], [-58.41039895087513, -34.65891395272351], [-58.41048668706118, -34.65890596672427], [-58.410554844985455, -34.65887428867955], [-58.41060309550282, -34.65888180307887], [-58.410629638643925, -34.658829546425025], [-58.41067747945346, -34.65884152835869], [-58.41069705774312, -34.65886522032193], [-58.41085123216159, -34.65878500921857], [-58.410985908835315, -34.658739522889555], [-58.411049969739366, -34.658752520228404], [-58.411012284715824, -34.65886698448159], [-58.41120561578848, -34.65883415673414], [-58.41136109989132, -34.658798959150445], [-58.41140345296934, -34.658752185337356], [-58.41166739900966, -34.658660872695194], [-58.41180502409112, -34.65864252932242], [-58.41187441029288, -34.658597447699094], [-58.411943386798725, -34.65855683360638], [-58.41216751871619, -34.658543905338504], [-58.412372071873094, -34.65850728490391], [-58.41245857891569, -34.6585127001439], [-58.41256089646976, -34.65852359824943], [-58.41266444281779, -34.65852109350813], [-58.41284491163866, -34.658509924001564], [-58.41295886183309, -34.65851256346088], [-58.413171443784066, -34.658566308745904], [-58.413281216073194, -34.6585552067107], [-58.41336272619007, -34.65855581530619], [-58.41352206061546, -34.65859724070281], [-58.41385227960104, -34.658613415315656], [-58.41396836074689, -34.658652133040064], [-58.41404741398471, -34.658679546796485], [-58.414145963509874, -34.65867223481675], [-58.41430652723468, -34.65870025644328], [-58.4144658626376, -34.65874168068909], [-58.41482574059818, -34.65884957345448], [-58.415003018483446, -34.65893255895722], [-58.41512737376267, -34.65894034074496], [-58.41517234943777, -34.658983594281096], [-58.41537403724023, -34.65897824202344], [-58.415447275211825, -34.65900978425262], [-58.415547137629275, -34.6590474856556], [-58.415674033993, -34.65908687855503], [-58.41577684685495, -34.65915172382303], [-58.41596321809349, -34.659194837840275], [-58.41613459744864, -34.65922353384389], [-58.41642492631252, -34.65925967185932], [-58.416500211984086, -34.659268875397956], [-58.41658672065071, -34.65927428781221], [-58.4168079898416, -34.659292624477104], [-58.41681733583731, -34.65942800644843], [-58.416903844733355, -34.6594334186592], [-58.41700657407732, -34.65943984558068], [-58.41711552898117, -34.65943767540189], [-58.41718295202858, -34.65947334609638], [-58.4172461963803, -34.659495275609515], [-58.41734687914669, -34.65952404043186], [-58.41746337312018, -34.65955828752982], [-58.417575279056074, -34.65958326101834], [-58.41762557781723, -34.659568434548774], [-58.41768923172924, -34.659585896214935], [-58.41772921171976, -34.659624343147684], [-58.41783112285084, -34.659639704686036], [-58.417897318472626, -34.65968877796578], [-58.41802585461738, -34.6597102980912], [-58.41812031256818, -34.659747659408794], [-58.41819977799442, -34.6597706031104], [-58.41829628261746, -34.659785626083135], [-58.418325449309194, -34.659823396460716], [-58.41834503021711, -34.65984708749518], [-58.41839328259023, -34.65985459894007], [-58.418421135445186, -34.659847354637314], [-58.41860587320858, -34.65990833554066], [-58.41871278256657, -34.6599285022392], [-58.41882428030898, -34.65995794233187], [-58.41894700115421, -34.659983591030766], [-58.419026467129605, -34.660006534246186], [-58.41914459978979, -34.66002290928138], [-58.41926273251828, -34.66003928420662], [-58.419420350442415, -34.660040155485135], [-58.419499407420446, -34.660067566070225], [-58.4196054988774, -34.6600966673485], [-58.41970077665107, -34.66012509225742], [-58.41984553496192, -34.660147625019206], [-58.42006230699495, -34.66021510039578], [-58.420242458728666, -34.66026680559448], [-58.420457594746374, -34.66035215101002], [-58.420606533182266, -34.66038842405325], [-58.42075342588933, -34.660447035282544], [-58.42088287053403, -34.66051803509515], [-58.42109382859278, -34.66058963842961], [-58.421235315151335, -34.66064791107641], [-58.421279476925136, -34.660700098217774], [-58.421386797528385, -34.6607157950838], [-58.42149543370515, -34.660776506709574], [-58.42161152270161, -34.660815217926384], [-58.42174801227014, -34.660868684322935], [-58.42186287417484, -34.66092079837388], [-58.4219723292689, -34.66097257428473], [-58.42207678665457, -34.661019544384445], [-58.42214962052364, -34.66105555078897], [-58.42218042594861, -34.66107544977916], [-58.42223326842487, -34.66109223323592], [-58.4222590760108, -34.661107326485414], [-58.422301513665616, -34.661118966154106], [-58.42238557081548, -34.66115118082557], [-58.42246880984422, -34.66119233082276], [-58.42254123497375, -34.66123280472068], [-58.42261865808612, -34.66127808429712], [-58.42270689529353, -34.661324039875225], [-58.42276350873768, -34.66135903191667], [-58.42282053131421, -34.6613895562464], [-58.42288673164201, -34.66143862734896], [-58.42312227501037, -34.6615387238881], [-58.42320928562828, -34.661598082255566], [-58.4233075194991, -34.66165364887283], [-58.42350439671425, -34.661760314219876], [-58.42367505731039, -34.66185635400542], [-58.423762068695424, -34.66191571206815], [-58.42383367710529, -34.661965120755426], [-58.42391110169932, -34.66201039968137], [-58.423929457691955, -34.66204749318937], [-58.424013107545754, -34.6620841746325], [-58.42408594333844, -34.66212018009653], [-58.42412429163276, -34.66217649626728], [-58.424190084397154, -34.662230034539846], [-58.42425424117215, -34.66230144361042], [-58.42438451019173, -34.66236350501141], [-58.42443449100366, -34.66241156161846], [-58.42451864049921, -34.66250219323712], [-58.42454158594138, -34.66254856006767], [-58.42461901149961, -34.66259383865921], [-58.424732151814766, -34.66260540318135], [-58.4248074423889, -34.66261460204302], [-58.42487528092067, -34.66264580148508], [-58.42497065438384, -34.66273264103947], [-58.42508806554615, -34.66281636454022], [-58.42517344311454, -34.662893592703284], [-58.425270044099264, -34.66296702895157], [-58.42537327931679, -34.66302739991047], [-58.42543284851268, -34.66308953521377], [-58.42555689471692, -34.66316019314341], [-58.42563145875657, -34.66323674526414], [-58.42568021395654, -34.66329820467504], [-58.42577845169111, -34.66335376975282], [-58.42584883577687, -34.66341658072249], [-58.425919219968854, -34.66347939166489], [-58.42597960778147, -34.663532591347504], [-58.42602336515368, -34.6635892450583], [-58.4260725297777, -34.66364623665143], [-58.42614077863964, -34.66367296782764], [-58.426194123785805, -34.663743700449885], [-58.42620166670055, -34.66378011802044], [-58.42618053782181, -34.663832717058455], [-58.42623297417476, -34.66385396681872], [-58.42624051710797, -34.66389038439026], [-58.426305903694605, -34.663948389585656], [-58.426347616817694, -34.664027381866376], [-58.426424226968805, -34.664081595057645], [-58.42652246615634, -34.66413715971336], [-58.4265354164594, -34.66417391516103], [-58.42661243579688, -34.66422366053756], [-58.4266920000471, -34.6643050178524], [-58.42677074661813, -34.66439531059572], [-58.42684572174504, -34.664467394522376], [-58.42697099801404, -34.664524648222645], [-58.42705219851397, -34.66458813445101], [-58.42708564301367, -34.66469806288687], [-58.42717806722649, -34.664757757038984], [-58.4272596770048, -34.66481677544266], [-58.42731220597442, -34.664896443258826], [-58.42738054803967, -34.66498159233346], [-58.42745806929131, -34.6650852880175], [-58.42754467801302, -34.66514911187463], [-58.427692995538564, -34.66531115004187], [-58.427782967626484, -34.66539765031406], [-58.42781427693967, -34.66547149896144], [-58.427895887867464, -34.66553051708347], [-58.427953007436535, -34.66561945806667], [-58.42806297406327, -34.665725180474034], [-58.428160899648425, -34.66584363041669], [-58.42823883144678, -34.66594285808419], [-58.428299723563455, -34.66605000778095], [-58.42838347193836, -34.66614510546819], [-58.428472627891736, -34.6662405409279], [-58.42850025836449, -34.66635459923879], [-58.42852575229901, -34.666432577770685], [-58.42860409385598, -34.66652733758161], [-58.42864122045458, -34.6665970562179], [-58.428674983922505, -34.66664409830777], [-58.42877913644778, -34.66675395030318], [-58.4288720655196, -34.666867594408416], [-58.42896917576948, -34.666994979519146], [-58.42905547137907, -34.667121689015374], [-58.429073830545526, -34.66715878218204], [-58.429116365220594, -34.66722883854658], [-58.429189300641944, -34.667323260374445], [-58.42930622096941, -34.66735303032131], [-58.42938079200205, -34.66742958105506], [-58.429423327055574, -34.66749963736257], [-58.42948167583542, -34.66757517473866], [-58.42955083971431, -34.6676513876406], [-58.429616640278155, -34.66770492396389], [-58.42973751963552, -34.667869739636465], [-58.42981627260074, -34.667960031253756], [-58.4299213388718, -34.66811936579319], [-58.42998091489076, -34.66818149975978], [-58.43009965839211, -34.66831023540131], [-58.43016464222793, -34.66837270706364], [-58.43026216480487, -34.668495623851854], [-58.43025358017809, -34.66858944688768], [-58.43035141856455, -34.668649477207865], [-58.430430990435596, -34.668730833074974], [-58.430501791197386, -34.66878917460498], [-58.430545962889376, -34.668841359662856], [-58.4305664603571, -34.66891453260523], [-58.43062521982897, -34.668985601923126], [-58.430658576481875, -34.66903711149467], [-58.43070570333851, -34.669116440863164], [-58.4307719145393, -34.66916550903349], [-58.43083190066035, -34.6692231749895], [-58.43086239612765, -34.66930595891819], [-58.43090993207057, -34.66938082048189], [-58.431006954338834, -34.669449785992526], [-58.43105612553768, -34.66950677644178], [-58.43106285318208, -34.66955212959199], [-58.431068354536116, -34.669610886056574], [-58.43110711931968, -34.66966273329117], [-58.43110548426607, -34.669680604377646], [-58.43111262069823, -34.669721489758594], [-58.43112434726284, -34.66977164840161], [-58.431179650124946, -34.66976162225414], [-58.43124413326413, -34.66977014259733], [-58.43131525034454, -34.669765597296305], [-58.43138514117544, -34.66977445527563], [-58.4314666648452, -34.669775053072556], [-58.43148543428037, -34.66980767831089], [-58.43148012058635, -34.6698657593911], [-58.431473171886694, -34.66994171157084], [-58.43141786890965, -34.669951737842126], [-58.43141837156836, -34.67000568884437], [-58.431457954233686, -34.67004860046849], [-58.4314991719329, -34.6700736409834], [-58.43153834592441, -34.67012102036648], [-58.43160037694802, -34.6701563472169], [-58.43165863530278, -34.670173465236616], [-58.43170239964702, -34.67023011783674], [-58.4317465727855, -34.6702823026509], [-58.43176656863075, -34.67030152454058], [-58.43180951563599, -34.67036711267647], [-58.43186286938763, -34.67043784396726], [-58.43189622729801, -34.6704893533704], [-58.43193540169552, -34.670536732678784], [-58.431979983856415, -34.67058444966746], [-58.432023748609396, -34.670641102207185], [-58.43205792414291, -34.67068367602765], [-58.4321029151731, -34.670726925209046], [-58.43211423366155, -34.67078155163216], [-58.43217708287983, -34.670807942718014], [-58.43221584885168, -34.67085978975747], [-58.432254614868654, -34.67091163679072], [-58.432303378992415, -34.6709730947363], [-58.4323621412608, -34.671044163586835], [-58.43242467652701, -34.67113344123078], [-58.43250613910858, -34.67122390070287], [-58.432560720064515, -34.671281228475976], [-58.43262448182048, -34.67135710270892], [-58.432639321979, -34.67140296239812], [-58.432664820665636, -34.671480940753625], [-58.43275159696201, -34.67151331890605], [-58.432799135662535, -34.67158818010675], [-58.43290182157724, -34.67168445784836], [-58.43295329048797, -34.671746084479], [-58.433000829481784, -34.67182094564089], [-58.43306000157709, -34.671887546515485], [-58.433113357248885, -34.67195827751583], [-58.4331729382119, -34.67202041056822], [-58.43321588707263, -34.67208599846067], [-58.43325276766543, -34.67212874092038], [-58.433296282186575, -34.67215841763835], [-58.43330030710972, -34.67220360202711], [-58.433365861749124, -34.672230161502085], [-58.433413558176554, -34.672273579210184], [-58.433444874275516, -34.67234742737297], [-58.43354165020207, -34.6723894159765], [-58.43357353190105, -34.67242735294846], [-58.433656284498, -34.672414546216785], [-58.43370995444799, -34.672422390283245], [-58.433758311789944, -34.67248831569034], [-58.43373055033672, -34.67255398214385], [-58.43372416839899, -34.672594023501375], [-58.43375400692078, -34.67265429943069], [-58.4338131801685, -34.672720900089985], [-58.43385490385363, -34.67279989125995], [-58.43390514811092, -34.67287492105912], [-58.433956209771324, -34.672941015251375], [-58.43400538487283, -34.672998005025164], [-58.43400400223784, -34.673042851826814], [-58.43403604101987, -34.67304934533068], [-58.43408078226809, -34.6730656184641], [-58.434171334176995, -34.673116204697614], [-58.434226578155986, -34.673196039837535], [-58.434279935565584, -34.67326677055784], [-58.434305592684865, -34.673313305419136], [-58.43432665919144, -34.67335056706748], [-58.43436828805971, -34.673371139122025], [-58.434433122320954, -34.673465052833414], [-58.43451958850166, -34.673560316928956], [-58.434597942943086, -34.67365507459307], [-58.434668185613255, -34.67374932583766], [-58.43474113241563, -34.67384374585791], [-58.434823008592936, -34.67392973662548], [-58.43489284309476, -34.6740284556094], [-58.43499323893458, -34.67412009566921], [-58.43505118827085, -34.6742000994108], [-58.43510618142159, -34.67425295870045], [-58.43512520538781, -34.6743125593359], [-58.43517560787959, -34.67435614540932], [-58.43523773970293, -34.67444989011554], [-58.43529584574708, -34.674498450331654], [-58.43536665469494, -34.674556790079706], [-58.435403381153876, -34.674630975638735], [-58.43546337422288, -34.674688640213986], [-58.435509438679844, -34.67474992867025], [-58.43553132322424, -34.67477825459692], [-58.4355299412052, -34.674823101517944], [-58.435591316482956, -34.67483591913371], [-58.43562656501176, -34.6748965324408], [-58.43565992675873, -34.67494804133359], [-58.43567476895136, -34.674993900946944], [-58.43574532611743, -34.67502526488701], [-58.43578720866765, -34.675072812281385], [-58.435845976529876, -34.6751438801917], [-58.43590377120985, -34.67525532721922], [-58.43592647318517, -34.6752747174736], [-58.435969173128484, -34.67531332919844], [-58.43602850594217, -34.675348485739406], [-58.43607038880424, -34.675396033077206], [-58.43609170906739, -34.67546027027517], [-58.436140225853805, -34.67549475168827], [-58.436170884073405, -34.67554609173941], [-58.43618720491542, -34.67560552357149], [-58.436193682743564, -34.675623901166134], [-58.43621490657105, -34.675629719155694], [-58.43628383019626, -34.67567895415986], [-58.43633234718962, -34.67571343552251], [-58.436417339357945, -34.675795126603965], [-58.4364658564768, -34.67582960792878], [-58.43651585199626, -34.67587766147446], [-58.43659880168897, -34.67598169159196], [-58.436647571684304, -34.676043148577946], [-58.43671618421108, -34.67615527048846], [-58.43680199430078, -34.676228025754355], [-58.436871580078986, -34.676299768424386], [-58.43689871780882, -34.67635987528112], [-58.43693044662715, -34.67642925530791], [-58.4369615141692, -34.67647612743782], [-58.43706977457651, -34.67654129699122], [-58.437089617336476, -34.67659196190775], [-58.43716649882849, -34.67667314640474], [-58.43726756162556, -34.67678729321115], [-58.437309290182434, -34.676866283870936], [-58.43736887756546, -34.67692841570768], [-58.43743198620831, -34.676981780612266], [-58.43744249133885, -34.677045342758746], [-58.43748978400428, -34.67709322731764], [-58.43754289347168, -34.67713698152785], [-58.43758125685464, -34.67719329548704], [-58.43766543462899, -34.677283921709915], [-58.43770977047154, -34.67730466171776], [-58.43776813288138, -34.67738019694135], [-58.437847719836455, -34.677461549927564], [-58.43793322123797, -34.67759719188665], [-58.43796617681126, -34.67765316830197], [-58.43804117296561, -34.677725248062], [-58.43814223813358, -34.677839394454786], [-58.43819503757102, -34.67794603570617], [-58.438290850296596, -34.67802840094542], [-58.43838895885761, -34.67811540270739], [-58.43845813898261, -34.67819161268359], [-58.438468236403025, -34.67825964270272], [-58.43854257183462, -34.678309214333694], [-58.43860134411845, -34.67838028149927], [-58.43866577802528, -34.67847866189723], [-58.43874133923653, -34.67851482991346], [-58.43877618284071, -34.678579910640934], [-58.43884658912951, -34.67864271695397], [-58.43886168671385, -34.67871555228463], [-58.43895250109715, -34.67879311190025], [-58.43902300582116, -34.678914337608205], [-58.43909177865899, -34.67899501522879], [-58.43912932687259, -34.67906026463689], [-58.43919866351915, -34.679105030716], [-58.43925580298795, -34.679193969103764], [-58.4392607460301, -34.67928863753286], [-58.4393030410217, -34.679331716392184], [-58.43939885637708, -34.67941408109844], [-58.43942477126332, -34.67948759130454], [-58.439569924416816, -34.679595500774525], [-58.43964099404105, -34.679680814789045], [-58.43975344382547, -34.67975972372834], [-58.439817626489, -34.67983112798667], [-58.439897781005364, -34.67987656862982], [-58.43991354154668, -34.67997191196119], [-58.43990216131659, -34.680007148682904], [-58.44001961178168, -34.680090862734865], [-58.4400721611333, -34.680170527810645], [-58.44016002035524, -34.68022094231131], [-58.44035054145565, -34.680219347783776], [-58.4404093165234, -34.680290414441224], [-58.440586459137485, -34.68049467859473], [-58.44055262832458, -34.68053750156994], [-58.44051298057158, -34.6805844549997], [-58.44052782600936, -34.680630314489065], [-58.44056930546141, -34.68068232880023], [-58.44059062998284, -34.68074656582367], [-58.44059113739882, -34.68080051755928], [-58.44061001141041, -34.68089156175786], [-58.440669449241256, -34.680985136386525], [-58.440717408013406, -34.68105552821765], [-58.44075888776166, -34.68110754250617], [-58.44081348044084, -34.68116486811327], [-58.440817762807036, -34.68123702870784], [-58.44083204539149, -34.681318799801915], [-58.4408671452974, -34.68141085616551], [-58.4409595980124, -34.68147054342971], [-58.44104097996131, -34.68150257999955], [-58.44116481355988, -34.68154625124235], [-58.4412252237458, -34.68159944624098], [-58.44123006936482, -34.68163569524034], [-58.441192209476355, -34.68163333364373], [-58.44115108234354, -34.68166671497343], [-58.44119419624932, -34.68170085771629], [-58.441237310191156, -34.681735000448484], [-58.441340889686806, -34.68173247470958], [-58.44138966619116, -34.68179393066315], [-58.44144303454888, -34.681864659708964], [-58.44152360032906, -34.681905631768224], [-58.441582940261235, -34.68194078648594], [-58.4415888567727, -34.68199507565821], [-58.441597885967155, -34.682045065638185], [-58.441668705577506, -34.68210340308417], [-58.44175263839793, -34.682167051753524], [-58.441878052332285, -34.68228271445028], [-58.44196249362855, -34.682400314862974], [-58.44202020062018, -34.68245334093682], [-58.44210086711677, -34.68255273245326], [-58.44218627994167, -34.68262995322277], [-58.44221883163803, -34.682690396978195], [-58.44227113034562, -34.68274308564318], [-58.442341796819804, -34.68283286664759], [-58.44239460403965, -34.682939507160455], [-58.442420522244205, -34.683013017204196], [-58.44251134447545, -34.683090575171974], [-58.4425805321871, -34.683166783802584], [-58.44265217011922, -34.68321618512011], [-58.44271013234872, -34.683296186945896], [-58.44276743206498, -34.68335368068615], [-58.44277375764149, -34.68340350202938], [-58.442744672454964, -34.68342415485603], [-58.44272788393817, -34.683459054618666], [-58.4427335468849, -34.68348636789084], [-58.44279666377342, -34.683539731072806], [-58.44290616306865, -34.683591493511585], [-58.44298509794142, -34.683650336441225], [-58.44308918880828, -34.68370176143793], [-58.443148785081085, -34.68376389160561], [-58.443190675899366, -34.68381143754062], [-58.44323797548921, -34.683859320767155], [-58.44327512040577, -34.68392903747281], [-58.443302672884116, -34.68398467591564], [-58.44336767824255, -34.68404714332031], [-58.44339752686088, -34.68410741829119], [-58.44345268539524, -34.68412883143099], [-58.44350498573637, -34.68418151977801], [-58.443548356378024, -34.684242637957766], [-58.443547640373794, -34.68430999359999], [-58.44366050840533, -34.68438443228969], [-58.44367158044311, -34.68441208285082], [-58.44370061275629, -34.684481293574905], [-58.4437297989017, -34.684519060413095], [-58.44376668992847, -34.68456180106358], [-58.44379153850126, -34.6846172708225], [-58.44381220324327, -34.68465899962149], [-58.44383868509891, -34.684696597807125], [-58.443887210445226, -34.68473107721232], [-58.44394139920023, -34.684792869880994], [-58.44400819254592, -34.684806021607635], [-58.44405533944262, -34.68488534854803], [-58.44410968209531, -34.68491569726641], [-58.44412412165366, -34.68496602456278], [-58.444176014616914, -34.68502318063724], [-58.44425265562042, -34.68507738649713], [-58.44427872950365, -34.68511945252601], [-58.444360217602224, -34.68520990741599], [-58.44439251697855, -34.68524337489811], [-58.44447089261156, -34.68533812901306], [-58.44454008385195, -34.68541433699112], [-58.44459452825355, -34.68550310551379], [-58.444652748502975, -34.6856100828812], [-58.44476464926328, -34.685724900630994], [-58.44484843459901, -34.68581999186206], [-58.44490466606605, -34.68585944476665], [-58.44495140603972, -34.68594323944673], [-58.44496502965973, -34.68600250253779], [-58.445068053394785, -34.686035886125595], [-58.44511004785727, -34.6861418516837], [-58.445257107814726, -34.68625886118552], [-58.44534334372709, -34.68632714477239], [-58.44539630977606, -34.68640234078323], [-58.44544197902596, -34.68646809513089], [-58.44546897206736, -34.68655964525233], [-58.44552719402421, -34.686666622437215], [-58.44561302231766, -34.686739373823734], [-58.44571426112948, -34.68682207263562], [-58.44581157095999, -34.686918006518056], [-58.44588494890602, -34.68700795500041], [-58.445975625479825, -34.68711695533281], [-58.44601818280691, -34.68718700888182], [-58.44610493055856, -34.687309244304316], [-58.44620076154473, -34.68739160565761], [-58.44626469998771, -34.687436031860855], [-58.446323484699036, -34.687507096942234], [-58.446376860498816, -34.6875778248161], [-58.44643426776362, -34.68769373763962], [-58.446558216290086, -34.687795825029184], [-58.44663889287479, -34.687895214874516], [-58.44670834336157, -34.68799839824996], [-58.44677631408902, -34.68808800925551], [-58.44684535668084, -34.688195660515944], [-58.44690995962321, -34.68826259469921], [-58.44698456440503, -34.68833913904989], [-58.44705039214145, -34.688392669416785], [-58.4471014727126, -34.68845876061401], [-58.44712377259854, -34.68848261748498], [-58.447181997751414, -34.68858959431735], [-58.44726364488438, -34.688648604029666], [-58.44732784031451, -34.6887200060036], [-58.44742933867143, -34.688829680046425], [-58.44747000974709, -34.688890628920106], [-58.44752583635238, -34.688934548957846], [-58.447582990407916, -34.68902348541356], [-58.44760432158216, -34.68908772216672], [-58.44764769745297, -34.68914883958842], [-58.44772679350357, -34.689176236443515], [-58.44777098583985, -34.689228417977986], [-58.447757974141375, -34.689281527424605], [-58.447813289989725, -34.68927149507054], [-58.44786222780734, -34.68930150550104], [-58.44786003442764, -34.68935528924632], [-58.44787095573719, -34.68941438377577], [-58.44793948944647, -34.689468082411], [-58.448062626085225, -34.689579104698005], [-58.44810059335589, -34.68963988489843], [-58.448180762036024, -34.6896853218378], [-58.44823061976712, -34.689764816577835], [-58.44829277608855, -34.68985855793136], [-58.44840754423864, -34.689942098130295], [-58.44845265701331, -34.69004376394846], [-58.44847358086974, -34.690112468604646], [-58.448485063160504, -34.690135651090266], [-58.44853956330125, -34.6901345543402], [-58.44860794568466, -34.690219696853504], [-58.448656068085214, -34.69025864294785], [-58.44869862899867, -34.69032869604753], [-58.44875604093849, -34.69044460842518], [-58.44879885784319, -34.690541637707746], [-58.44889591947232, -34.690610593919686], [-58.448960678065916, -34.690646083314576], [-58.4490461052333, -34.69072330111491], [-58.44910474222101, -34.69082580959519], [-58.44915189677327, -34.690905135606194], [-58.4491890491103, -34.690974851531315], [-58.44926569883323, -34.69102905533205], [-58.44932800925885, -34.69109135226198], [-58.449366386138124, -34.69114766432597], [-58.449436402538886, -34.69121493480138], [-58.449478964511414, -34.69128498777289], [-58.44955291006536, -34.69133902290917], [-58.4496127723278, -34.691428127435415], [-58.449696160384605, -34.69152768469847], [-58.44976184032201, -34.69161265831737], [-58.449819966492996, -34.69166121417164], [-58.44987441991663, -34.69174998156001], [-58.449937803615725, -34.691830318641976], [-58.45001200609899, -34.69191132984115], [-58.450069980700555, -34.691991329818634], [-58.45012877156997, -34.69206239387692], [-58.45019771695884, -34.69211162374403], [-58.450232317789656, -34.692149726792834], [-58.45026258166551, -34.69220553312297], [-58.45027947403301, -34.692229052597426], [-58.45035530947343, -34.69229219185525], [-58.45039746460357, -34.692366712628], [-58.45048207865969, -34.69245286572164], [-58.450496522720485, -34.69250319291747], [-58.4505457197147, -34.69256017889332], [-58.45061951532698, -34.69264565783565], [-58.45075195123997, -34.69283364487411], [-58.450876985003845, -34.69295376985173], [-58.45097241895481, -34.69304059681805], [-58.45102983548155, -34.69315650876023], [-58.45114297869856, -34.693257919143434], [-58.451195953809176, -34.69333311384794], [-58.45127056679865, -34.69340965663925], [-58.45137396431231, -34.693528433207206], [-58.451518446189795, -34.69370368995037], [-58.45155886573981, -34.693737661830966], [-58.45159250028865, -34.69381614486295], [-58.451656446531345, -34.693860569213726], [-58.45171079794912, -34.69389091561929], [-58.45171498335954, -34.693904656531345], [-58.4517417279412, -34.69396923013132], [-58.451783628385726, -34.694016774374], [-58.45181674999048, -34.69404130475404], [-58.45183619647321, -34.694096436902484], [-58.451897846328656, -34.69413622469803], [-58.45194500508218, -34.69421555019984], [-58.45202477234476, -34.694265453392354], [-58.45206733778739, -34.6943355059307], [-58.45209311538789, -34.694440459746204], [-58.45215609504626, -34.69452526417271], [-58.452236270735824, -34.6945706993073], [-58.4522638318803, -34.6946263369251], [-58.45232818710474, -34.69466629307264], [-58.45238264483275, -34.694755059924915], [-58.45242454600542, -34.69480260404262], [-58.45246767122028, -34.69483674422726], [-58.45252702514695, -34.694871895343496], [-58.452548920192456, -34.6949002196083], [-58.452535093903805, -34.69496226579729], [-58.452590927173375, -34.69500618435852], [-58.45263660618124, -34.695071937319014], [-58.4526762108479, -34.695114844922884], [-58.45275363721241, -34.69524997634849], [-58.45282932608892, -34.69534455898008], [-58.45287285972641, -34.695374231098626], [-58.45294140147904, -34.6954279279384], [-58.45299397142974, -34.69550759021908], [-58.4530542479115, -34.69559222591531], [-58.45310819301331, -34.6956270398832], [-58.45313994069868, -34.69569641832565], [-58.453188476281255, -34.69573089531021], [-58.453225784682246, -34.69576916634908], [-58.45327324740977, -34.695785602901026], [-58.453356023693644, -34.69577278526687], [-58.45340389442165, -34.69578475378718], [-58.453425789983456, -34.69581307796183], [-58.4534589127868, -34.695837608045125], [-58.45348040042043, -34.69587040019883], [-58.453445751881986, -34.6959221628013], [-58.45340150790968, -34.695959847535036], [-58.45340635864736, -34.69599609683229], [-58.45338375319332, -34.69603512935501], [-58.45342039681444, -34.696050891967296], [-58.453458113418584, -34.69608469498226], [-58.4535115001386, -34.696155421184756], [-58.45355922021912, -34.69619883404464], [-58.453598009938815, -34.69625067744701], [-58.45367181167154, -34.69633615534519], [-58.45366665909505, -34.69636279479211], [-58.453709120547714, -34.69637442629791], [-58.453730608389705, -34.6964072184374], [-58.453740868940514, -34.69644380468299], [-58.45381022801749, -34.6964885652395], [-58.45383238101097, -34.696543865777514], [-58.453887550903175, -34.69656527555333], [-58.45390674196179, -34.696593431220904], [-58.45396676288415, -34.69665109028021], [-58.453972837696185, -34.69667393562361], [-58.454008257893804, -34.69670310207633], [-58.454023928283945, -34.69674002524849], [-58.45406827896263, -34.69676076110419], [-58.45411584894214, -34.69683561822336], [-58.45426656736664, -34.69700227409895], [-58.45431454557338, -34.69707266318782], [-58.45431898876062, -34.69711338050001], [-58.45438375484281, -34.6971488679322], [-58.454435253946365, -34.69721048946887], [-58.45444602944286, -34.697301028546974], [-58.45449793659992, -34.69735818208079], [-58.45456499990008, -34.69739830590159], [-58.4546275761241, -34.697487577643855], [-58.45471990616354, -34.69757870235732], [-58.454820351056384, -34.69767033238], [-58.45485791842658, -34.69773557955868], [-58.45490482425522, -34.69778792808864], [-58.4549432075563, -34.69784423925938], [-58.45501379218164, -34.6978755953603], [-58.45506029027794, -34.69793241185208], [-58.455072032682416, -34.69798257052947], [-58.45516762695172, -34.69803795103125], [-58.45517314382019, -34.69809670881966], [-58.455193151421014, -34.69811592838214], [-58.45526562548936, -34.698156388824955], [-58.45530630619216, -34.69821733637872], [-58.45536954918248, -34.698329116371625], [-58.45543998406289, -34.69839191675945], [-58.45543442389767, -34.69842302434085], [-58.455539722189094, -34.69855090334992], [-58.455572288492526, -34.69861134554659], [-58.45560878342343, -34.698658552164225], [-58.4556797769019, -34.69868543999148], [-58.455680850287365, -34.69870348044958], [-58.455738018706434, -34.69879241502156], [-58.45581927395811, -34.698855889016684], [-58.455818307969935, -34.69889626951154], [-58.45587251404743, -34.69895805914406], [-58.45587006677669, -34.69898486718749], [-58.455930648765715, -34.69900661317144], [-58.45598444712056, -34.69907287078186], [-58.45606392119143, -34.69918566120011], [-58.456111901996536, -34.69925604993087], [-58.456171110532395, -34.69932264435595], [-58.456218833741865, -34.699366056575194], [-58.456254363502424, -34.699453643611484], [-58.45631954013362, -34.6994846623333], [-58.4563533308752, -34.699531700403625], [-58.45639023446863, -34.69957443888145], [-58.45643214015679, -34.69962198221276], [-58.456468228113685, -34.699673656702785], [-58.456539888476755, -34.69972305266077], [-58.45658164431714, -34.69980204047964], [-58.456661677630976, -34.699878918160124], [-58.45683767469048, -34.70009657298114], [-58.45698340188994, -34.70025842206798], [-58.45707925807409, -34.70034077807924], [-58.45713928376429, -34.700398436189346], [-58.45713168478444, -34.70045188400911], [-58.457190229083366, -34.70049596963822], [-58.45726770840046, -34.70054123411092], [-58.45729961071298, -34.700579167589325], [-58.45732432197535, -34.70066608088704], [-58.45735622435449, -34.70070401435976], [-58.45743344588446, -34.70072230222351], [-58.45745330486692, -34.700772966121214], [-58.45750643955619, -34.700816714835554], [-58.457522777955006, -34.70087614637116], [-58.45757535521825, -34.70095580765957], [-58.45770545382446, -34.700990867526045], [-58.457748026895835, -34.70106091911475], [-58.45777340466887, -34.7011703409261], [-58.45784358549962, -34.70120616389673], [-58.45794051741447, -34.70130655997893], [-58.45800810206737, -34.701400635631714], [-58.45802444087874, -34.70146006715986], [-58.45811503892078, -34.70151064127062], [-58.45811488937525, -34.701542085865285], [-58.45819711419083, -34.70156517817948], [-58.45817272810355, -34.701653528406524], [-58.458222343093, -34.70170604459135], [-58.45831957497439, -34.70174355129345], [-58.458384604788364, -34.70180601383667], [-58.458393494885115, -34.70188744873585], [-58.45842335924854, -34.70194772220616], [-58.45848394419281, -34.70196946727093], [-58.45855979449573, -34.70203260331079], [-58.458630642587124, -34.70209093451377], [-58.45869985968034, -34.70216713782481], [-58.4587949041679, -34.70225842904277], [-58.45882584290739, -34.70233674299152], [-58.45888438942373, -34.702380828083804], [-58.45896968808458, -34.70248948622327], [-58.45904027834915, -34.70252084066951], [-58.45912787466184, -34.702634135157965], [-58.45920628191418, -34.70272888395691], [-58.459260492814565, -34.70279067271022], [-58.45929209843828, -34.702891495193825], [-58.459404041215905, -34.703006304943], [-58.45947948539606, -34.70307390865692], [-58.45957075251161, -34.703146990595464], [-58.45962322341141, -34.70316823013172], [-58.45967146788037, -34.7032655947552], [-58.45975691743864, -34.703342807910715], [-58.4597566193315, -34.70340569726169], [-58.45984584837956, -34.703501119294096], [-58.45995564431155, -34.703579847639006], [-58.460057991610185, -34.70368057942636], [-58.46010516259233, -34.70375990342937], [-58.46017412353462, -34.70380912959776], [-58.46023333832795, -34.703875722861724], [-58.460231966261496, -34.703920571707165], [-58.46024100696408, -34.703970562031046], [-58.460323642668314, -34.70398918523074], [-58.46041368838445, -34.704075670906334], [-58.460580403498696, -34.704216355657564], [-58.46071047033004, -34.70434127921546], [-58.460825011826685, -34.7043978350942], [-58.460865847936915, -34.70442733695613], [-58.46094170226773, -34.70449047201775], [-58.46095941521794, -34.70450505459219], [-58.461075141955384, -34.70463807227901], [-58.46111368080572, -34.70466293768457], [-58.46122766678984, -34.704755406079286], [-58.46127417263621, -34.70481222121322], [-58.461328794022556, -34.704869541348785], [-58.46134339428676, -34.70488842360837], [-58.461712220316386, -34.70528882245844], [-58.461747128379756, -34.705264034036816], [-58.46273214209258, -34.7045165044338], [-58.46297668116867, -34.70454969219398], [-58.46316945080972, -34.70449428350932], [-58.463515410384574, -34.70425069328755], [-58.46366211448367, -34.70404413462484], [-58.46398827681299, -34.703570145978816], [-58.470540850768245, -34.6986258594754], [-58.47062851448409, -34.698559412072], [-58.47269316758777, -34.69700714694072], [-58.47344990928001, -34.69643406003755], [-58.47506535633197, -34.69521331989533], [-58.475906609060246, -34.69457806173992], [-58.47742269856005, -34.693431997857545], [-58.4783690157015, -34.69271786663619], [-58.479330466940745, -34.69198669226296], [-58.47983580332016, -34.69160465523295], [-58.481090736354, -34.69066700424116], [-58.482118820156884, -34.68989051051878], [-58.48333732086833, -34.68896405277235], [-58.48422767798836, -34.68829582585446], [-58.484450419561455, -34.68826919934182], [-58.48461691471361, -34.688113265915206], [-58.48468644417056, -34.6879468249978], [-58.48561519005112, -34.68724501911346], [-58.48654080952614, -34.68654750466371], [-58.48692935266362, -34.68643229597259], [-58.48710395952069, -34.68618699124956], [-58.48709882475279, -34.68612376375263], [-58.48822024755114, -34.68527660727425], [-58.48823769348935, -34.68526420816371], [-58.48915163859055, -34.68457493402692], [-58.489770483579406, -34.6841100138935], [-58.49039594834507, -34.6836320197615], [-58.49053321152279, -34.68352818759641], [-58.491540158296125, -34.68277275928717], [-58.49233193611339, -34.682170252140324], [-58.49321673942383, -34.68150160484058], [-58.49357915175518, -34.68134431193165], [-58.49413655665377, -34.68095644405899], [-58.49458388313487, -34.680642639680066], [-58.494618771202774, -34.68061783911402], [-58.49467380784433, -34.6805808057357], [-58.49483458724266, -34.680397540675685], [-58.49496845409022, -34.68018115398401], [-58.49596450209625, -34.67942500826304], [-58.49681706504191, -34.67878129553778], [-58.49783904139399, -34.678008763076136], [-58.498090273113334, -34.67781761133956], [-58.50022448071313, -34.67620619981837], [-58.50192635235639, -34.67492299039538], [-58.50199801370622, -34.674882488117404], [-58.50225882914826, -34.67470539996118], [-58.50251855907818, -34.67451026977379], [-58.502630642313235, -34.674413851266124], [-58.50291605559859, -34.67417537321859], [-58.50654522039643, -34.67142955238282], [-58.50678127166776, -34.67125541559605], [-58.50815388483533, -34.67021237661278], [-58.50830179303888, -34.67014063419535], [-58.5087560357545, -34.6698092227226], [-58.50915469812819, -34.66946089367983], [-58.50917213767453, -34.66944849070288], [-58.50959852108649, -34.669124341024045], [-58.51038111682004, -34.668530117273484], [-58.511863680999284, -34.66741293892214], [-58.51308652646115, -34.666490897313835], [-58.51459537713382, -34.665352835969294], [-58.51575733294814, -34.66447193916277], [-58.518334610265924, -34.662523531979176], [-58.518360967365275, -34.6625026906316], [-58.51838151220764, -34.66248598416943], [-58.52046843922035, -34.66090719149754], [-58.521992223498394, -34.65975197065589], [-58.52371667140082, -34.658451825784304], [-58.52551972287988, -34.65709358793216], [-58.52577974707272, -34.65689392465727], [-58.52586732285988, -34.65682742563942], [-58.52793072156982, -34.655265008484655], [-58.52830155116405, -34.65498229524117], [-58.529095503207714, -34.654379644400294], [-58.529191588793694, -34.65430917334899], [-58.52920591501923, -34.654301068851474], [-58.52949941624611, -34.64942108113782], [-58.529601245650305, -34.647719770639114], [-58.52971885493662, -34.64572285188973], [-58.529880805636395, -34.64302316304952], [-58.52995125798596, -34.641850169175754], [-58.530028674079574, -34.64056975688898], [-58.530098141715754, -34.6393472722781], [-58.53009837668016, -34.63928437578307], [-58.53011565459251, -34.63900234076178], [-58.530262394920925, -34.63653089047096], [-58.530269244902485, -34.63645492053644], [-58.530315024931674, -34.635675847146636], [-58.530370069653344, -34.63479399071112], [-58.53037651618581, -34.63472248955847], [-58.53035188876917, -34.63397053491832], [-58.530380390234534, -34.633473496554515], [-58.53040335474118, -34.633218773628656], [-58.53041636387576, -34.63304432300475], [-58.530432023910976, -34.63278016288733], [-58.53047346722634, -34.63222999797432], [-58.53052444936938, -34.631815229703484], [-58.530582395715676, -34.631293043009954], [-58.53063073648164, -34.630756783751444], [-58.530657450638486, -34.63021919250206], [-58.530654758033414, -34.6300078256877], [-58.530654598827525, -34.62973819761885], [-58.53065531860749, -34.62912710724925], [-58.53066320499086, -34.62897930292616], [-58.53066868434942, -34.62864711123494], [-58.53066736925331, -34.62848076566864], [-58.530663350995226, -34.62831425362475], [-58.53064019723729, -34.627787072141665], [-58.530679723762276, -34.627439002811684], [-58.53073789355348, -34.626853918890546], [-58.5307988975254, -34.62581515220792], [-58.530824781655, -34.625708898996095], [-58.53083122561503, -34.62563739766297], [-58.53084526752142, -34.62539111243174], [-58.53086063357962, -34.62509997238607], [-58.53084890756613, -34.62492849209441], [-58.53091111234151, -34.623876318441944], [-58.53098815784722, -34.6225689214749], [-58.53099817017009, -34.62236732445618], [-58.531008011441095, -34.622107299650224], [-58.531111739660616, -34.620473510421164], [-58.53115011150392, -34.61980632172718], [-58.53120435568596, -34.619023275896424], [-58.53124640689603, -34.61819454292964], [-58.53125273318663, -34.61815448976397], [-58.53130495653885, -34.61760498841883], [-58.53137707716752, -34.616894941357685], [-58.531516595813315, -34.61549702442889], [-58.53049162101574, -34.61329943845081], [-58.52994634693377, -34.61214245437915], [-58.52936198678346, -34.61090667029822], [-58.52934588729451, -34.61087422345834], [-58.526857046932705, -34.60556225644062], [-58.526398438666945, -34.60459034688441], [-58.52616399287243, -34.604086100566995], [-58.52563721648663, -34.60296619445586], [-58.52512925082803, -34.60187890130683], [-58.52447223400664, -34.6004858454193], [-58.52446073673816, -34.60046266899461], [-58.523196655978545, -34.597756020836115], [-58.523159866717485, -34.59768185618454], [-58.523011216401606, -34.59737162471016], [-58.52264844766975, -34.59660333182388], [-58.521730717364136, -34.5946369949899], [-58.51997111528347, -34.59088872976121], [-58.51919969899751, -34.589259433601356], [-58.51917711239088, -34.58920861177354], [-58.517429196790445, -34.58548351507959], [-58.51545626898026, -34.58127270352841], [-58.51525100911666, -34.58083764936789], [-58.51462225515763, -34.5794957370525], [-58.51460007599992, -34.57944044635923], [-58.513733915010235, -34.57759858396231], [-58.5116651779246, -34.573188606498846], [-58.50991322947269, -34.56945421585271], [-58.50991846876684, -34.569396123279645], [-58.5098742400863, -34.56925409433744], [-58.509845454547815, -34.569211876113854], [-58.50980449292376, -34.569123971150724], [-58.50974857676326, -34.569111533293935], [-58.50660112313762, -34.56239266352689], [-58.50416634481901, -34.55720061581219], [-58.50411850070039, -34.55709880431119], [-58.50308054552383, -34.55487782535009], [-58.50160708459847, -34.55173573708638], [-58.50139005701945, -34.55128196951735], [-58.50138260296252, -34.55121410672881], [-58.501320381741635, -34.5509406539507], [-58.50125900432195, -34.550748136114265], [-58.5010389988157, -34.550267223383386], [-58.500929540623765, -34.550035787555196], [-58.5007516449232, -34.54984056547616], [-58.500682889100645, -34.549759928903626], [-58.50064980033399, -34.549735417446584], [-58.50063372027333, -34.549702969706715], [-58.50050241637766, -34.54953309294099], [-58.50032306840519, -34.54941416991694], [-58.49983165358071, -34.549172617304805], [-58.49733213831848, -34.548074540853264], [-58.49627212683802, -34.547604614867495], [-58.49443408506297, -34.546790013584356], [-58.492726250380315, -34.54603735964145], [-58.492579882070935, -34.545974387105645], [-58.49253329642298, -34.545949039047414], [-58.49174488037435, -34.54559922065112], [-58.49016456280421, -34.54490834090144], [-58.488203786349146, -34.54404112552042], [-58.48657735628207, -34.54332038866143], [-58.486714760663105, -34.54321206273933], [-58.48649562800113, -34.54311312635287], [-58.486326458407504, -34.54306221603184], [-58.48618605481742, -34.54305352666617], [-58.48606051274406, -34.54309069122303], [-58.483621483285575, -34.54201856336134], [-58.48334727409848, -34.54189823821398], [-58.48174712897115, -34.54118805550445], [-58.4807419912548, -34.5407438688045], [-58.47973646127401, -34.54030414349269], [-58.4778802837537, -34.53948369293906], [-58.47724064170806, -34.53920141860111], [-58.47721377314993, -34.53916830003793], [-58.47704785393253, -34.53908163174006], [-58.47670697781783, -34.53894817505471], [-58.47654456822805, -34.538852736810384], [-58.47645356867402, -34.53874824325382], [-58.4763633780443, -34.53863481298615], [-58.47621325570938, -34.53855361594471], [-58.47606625014886, -34.53855798631828], [-58.4759835061183, -34.5386022859696], [-58.47595637674888, -34.5386320584857], [-58.47593518223056, -34.53862625165389], [-58.472708609461236, -34.53719956263825], [-58.47268282509282, -34.537184483957724], [-58.47052604154329, -34.53623745105709], [-58.47045098584421, -34.536196849574026], [-58.46855033108983, -34.53536002834056], [-58.46845597462647, -34.535322721865676], [-58.46843019172639, -34.535307642451954], [-58.46738863077761, -34.53484761374039], [-58.46608062336989, -34.534272190409716], [-58.46379658564649, -34.53326323024381], [-58.46165234466448, -34.53080257565945], [-58.46133758901706, -34.530441540799934], [-58.45889494792421, -34.527620828680945], [-58.45884014968706, -34.527626412134644], [-58.45875916770807, -34.52762138278118], [-58.4587321737196, -34.527619706318205], [-58.458676565222774, -34.52763422601876], [-58.458561838507805, -34.52767203400448], [-58.45850002087607, -34.52769515463238], [-58.4584409026145, -34.527718442877756], [-58.45839258192608, -34.52774240170868], [-58.458343587568166, -34.52774385207357], [-58.45829229896609, -34.527740666604615], [-58.45824614070879, -34.52771083983343], [-58.45818149186384, -34.52767537128125], [-58.458152608817755, -34.527664590717606], [-58.45809835247238, -34.52763426092319], [-58.45802250101865, -34.52760258981382], [-58.45796473503829, -34.52758102861645], [-58.457883348094256, -34.527580466841115], [-58.45781086969107, -34.5275714717075], [-58.45776727425181, -34.527573257183626], [-58.45769749527099, -34.52756442965203], [-58.45763810868574, -34.527560740914716], [-58.45756049982312, -34.52757838686466], [-58.457467504986845, -34.52758609041739], [-58.45736600677736, -34.52759775901414], [-58.45729501224827, -34.527602335693715], [-58.4572352204833, -34.5276031149033], [-58.45717353975735, -34.527594790111245], [-58.457114558437254, -34.52758663297157], [-58.457022779273345, -34.52758093174248], [-58.456939908740594, -34.52756679721755], [-58.456870129943994, -34.52755796921984], [-58.456800351169676, -34.527549141183584], [-58.456751357021204, -34.52755059091334], [-58.45668616657208, -34.52755103447488], [-58.456598165338136, -34.52756354087427], [-58.45652554989869, -34.527585989655414], [-58.456478039382375, -34.52760101138132]]]]}}, {"type": "Feature", "properties": {"CODIGO": "06371", "NOMBRE": "General San Martín", "CODPROV": "06", "PROV": "Buenos Aires", "SUPERFICIE": 56.498, "LATITUD_CE": -34.552848, "LONGITUD_C": -58.564062}, "geometry": {"type": "MultiPolygon", "coordinates": [[[[-58.592709901632645, -34.567139729442985], [-58.59331684869505, -34.56666896158256], [-58.59645217984959, -34.5641908832626], [-58.59685905784138, -34.563892140417884], [-58.59709809902205, -34.56370898875312], [-58.597164612707516, -34.56366361258139], [-58.59812403754567, -34.56286379095694], [-58.59814374376605, -34.562856004800715], [-58.59818435080177, -34.56282702377592], [-58.59838516827467, -34.56264603242911], [-58.59883892321887, -34.56227823842531], [-58.59891592790628, -34.56220653764888], [-58.60018156730276, -34.56120067266215], [-58.60134307747518, -34.560296298926225], [-58.60148778066662, -34.56016580801565], [-58.60221683752894, -34.55960356522754], [-58.60679659581291, -34.5561166825437], [-58.60690528955606, -34.55602443615078], [-58.60774598275449, -34.555397050845805], [-58.608670247524785, -34.554684868936604], [-58.60957209213747, -34.55398030192904], [-58.6105183323877, -34.55326494748693], [-58.6114460457701, -34.552543963213296], [-58.612814029903575, -34.55154417342317], [-58.61334106731786, -34.55114482386563], [-58.61664847618339, -34.548519322282154], [-58.61708849033558, -34.54818207082093], [-58.61741709298156, -34.547325738309354], [-58.61659000705776, -34.54688447954641], [-58.61551219715835, -34.54593363926624], [-58.61380215350166, -34.54473312246276], [-58.61327117723389, -34.54410762979295], [-58.61247536031678, -34.54291776911621], [-58.61106577269565, -34.54029296267039], [-58.60978660477462, -34.538004135926435], [-58.60868890232212, -34.53630156077387], [-58.60809931680576, -34.53554216250413], [-58.60637902764546, -34.53424656734003], [-58.60617157258716, -34.53404519500653], [-58.605470185317685, -34.53341379554107], [-58.60507701336739, -34.532216959180055], [-58.60471282886928, -34.52980854708303], [-58.6045741059537, -34.52929229468118], [-58.604307003586385, -34.52799078861485], [-58.60412147369518, -34.526626842204145], [-58.603367536915144, -34.5241138085518], [-58.60298766329419, -34.52316494270303], [-58.60242521788135, -34.52225438937899], [-58.60174325567417, -34.521466876055634], [-58.601258409996404, -34.52069136676729], [-58.601549393757786, -34.51827343141746], [-58.602549334182406, -34.51377308545257], [-58.60287115448673, -34.51222882688847], [-58.602248816689325, -34.509274430947904], [-58.60207146790846, -34.50833790151297], [-58.60164760484576, -34.50681564357223], [-58.60134141604929, -34.505435366621576], [-58.60079391839716, -34.50280009764152], [-58.59978916135119, -34.50115707671532], [-58.599313473886056, -34.500310227085315], [-58.59839467897138, -34.4985555956366], [-58.59839830032085, -34.4977514233972], [-58.598500682902355, -34.496935292161716], [-58.598784073784955, -34.49606727328442], [-58.59929942893423, -34.49527629558112], [-58.6003077019001, -34.49431311245609], [-58.60078754330287, -34.493524457879], [-58.60094299885951, -34.492751999207925], [-58.6008487019938, -34.49191939419184], [-58.600700663206894, -34.490989146593556], [-58.600163640278396, -34.490161038778005], [-58.59487480993973, -34.494800004399764], [-58.59311761274586, -34.496310665939], [-58.590756190041816, -34.49832820091528], [-58.589358131531384, -34.49961354046816], [-58.58714984672993, -34.50155495146838], [-58.586414126496095, -34.50219760704754], [-58.58504747915928, -34.503372460397344], [-58.58444093717043, -34.50387469164331], [-58.583730353406466, -34.50447841850852], [-58.58166239700391, -34.50621257777043], [-58.577626017333436, -34.509718310328445], [-58.57662526626411, -34.510591858389], [-58.57634918450657, -34.51082663642805], [-58.574939671313174, -34.51205266143315], [-58.57459360563146, -34.51234157560858], [-58.57156029522314, -34.51494222826158], [-58.569501023007426, -34.51669465053971], [-58.567528150572116, -34.518420862802735], [-58.56544501487912, -34.52022566857014], [-58.56326360074079, -34.522096313970934], [-58.56242392157708, -34.52280433237927], [-58.56166692051612, -34.52346797693331], [-58.56112038315063, -34.5239333033113], [-58.55903816621965, -34.52572455507552], [-58.55865328991086, -34.52605148128957], [-58.55640886774145, -34.527985526681114], [-58.55476105784772, -34.52934945548791], [-58.553790926672384, -34.53014826702959], [-58.55127265167563, -34.53234851037263], [-58.55066708833836, -34.53289554051907], [-58.54630781633099, -34.53664087347714], [-58.54465234927559, -34.53811651248402], [-58.54198964301116, -34.5404379768369], [-58.53778740286193, -34.544179113833806], [-58.53739512891007, -34.54380000823499], [-58.536826884833474, -34.54320337900409], [-58.53670079975143, -34.543065314010995], [-58.53345659372488, -34.53961248720152], [-58.52976454850988, -34.53730936082737], [-58.52886288814677, -34.53906480035585], [-58.527880423465106, -34.54096354640528], [-58.5275098239377, -34.541673192755574], [-58.52903137259891, -34.54238693969731], [-58.52664486128322, -34.54501260831776], [-58.5256997062654, -34.54755171412081], [-58.525319644229164, -34.54851690228107], [-58.52465365546519, -34.55033623695312], [-58.524603500498785, -34.550440994466726], [-58.52429434158828, -34.55088928927152], [-58.52363045254777, -34.551899902286536], [-58.52318286849965, -34.552528398593154], [-58.52284806684897, -34.553020045110614], [-58.522730968062255, -34.55317460123134], [-58.52214638564017, -34.55390699375465], [-58.52155426536374, -34.55469284121406], [-58.521114175067986, -34.555267866776596], [-58.5202944253431, -34.556349738436786], [-58.5197897262105, -34.55706906458686], [-58.519150492673454, -34.557955346072156], [-58.51858164222881, -34.55869318023815], [-58.51776262506533, -34.55976608849825], [-58.51742569134315, -34.560190181382275], [-58.51662215907884, -34.561241566796866], [-58.514243154320354, -34.56437516380888], [-58.51312226499248, -34.56584282129442], [-58.51137495206169, -34.56750997519871], [-58.51083001482273, -34.568011082344825], [-58.50995963449121, -34.56913917186961], [-58.509580411376355, -34.56969992748388], [-58.51145105858602, -34.57398536501638], [-58.51420489805229, -34.579835104091615], [-58.514925991262274, -34.58135796268478], [-58.51679383698841, -34.5853780651773], [-58.51871074998703, -34.589428139122695], [-58.51990493949649, -34.59197323017957], [-58.52070018267822, -34.59363994238125], [-58.52134531802289, -34.594982848359976], [-58.521668580333504, -34.59567681139465], [-58.521822677754855, -34.59607725145783], [-58.521982465703395, -34.5965050037064], [-58.52228893797876, -34.59735520675726], [-58.52298009216473, -34.59734387912975], [-58.52337752823275, -34.59730546078283], [-58.52398394466587, -34.597239475885466], [-58.52779956553109, -34.596656689925254], [-58.53203690399206, -34.59603682507103], [-58.53632375893187, -34.59537940866345], [-58.53852871599468, -34.5950611652489], [-58.5421738756664, -34.59449887902968], [-58.544307748664764, -34.5941851439391], [-58.54575174661622, -34.59395930638567], [-58.54887031529045, -34.59348129327094], [-58.551349140389355, -34.59310772447113], [-58.55268992923657, -34.59291141430551], [-58.555692556789324, -34.59245306387695], [-58.557166641684056, -34.59222443620707], [-58.562270204774926, -34.59145437851243], [-58.563006213813566, -34.59069960474352], [-58.56367865785828, -34.59001732379029], [-58.56521405302253, -34.58883068892849], [-58.5681141899838, -34.58654126944804], [-58.56983998531142, -34.58516850187796], [-58.570618705555404, -34.584542113646954], [-58.57303714882524, -34.58262301189337], [-58.57363961903028, -34.58217455308633], [-58.57424288232204, -34.581717151814246], [-58.57598548648854, -34.580336323613494], [-58.577981467128005, -34.578764247439274], [-58.579459220386326, -34.57760982870393], [-58.58095203865792, -34.57643833479648], [-58.583563487123236, -34.57436002281801], [-58.58460971233873, -34.573534172843445], [-58.58511890983284, -34.573124887670346], [-58.5861152776882, -34.5723094582516], [-58.58671149317361, -34.571838073218785], [-58.587688737453995, -34.571084374136205], [-58.5890311796845, -34.570042890011464], [-58.59032336558736, -34.569016296198555], [-58.590546137163166, -34.568863623104725], [-58.592709901632645, -34.567139729442985]]]]}}, {"type": "Feature", "properties": {"CODIGO": "06749", "NOMBRE": "San Fernando", "CODPROV": "06", "PROV": "Buenos Aires", "SUPERFICIE": 995.692, "LATITUD_CE": -34.151621, "LONGITUD_C": -58.545934}, "geometry": {"type": "MultiPolygon", "coordinates": [[[[-58.59033810723672, -34.279228825471066], [-58.59779920561285, -34.27690965936995], [-58.60010471463737, -34.27620935475986], [-58.6008587209232, -34.27597652717734], [-58.604485353292034, -34.27474968707686], [-58.606624638737834, -34.2740301744914], [-58.61085840875892, -34.273037685908506], [-58.61260468622912, -34.272631262835496], [-58.618299654993336, -34.27139452411785], [-58.61881874513694, -34.271277668272646], [-58.62455907142183, -34.27020064946566], [-58.63027391348255, -34.26935098944998], [-58.63232295141151, -34.269070425587394], [-58.63650427291659, -34.268392885476686], [-58.63694055792628, -34.26832487165459], [-58.64358496600475, -34.26693302669286], [-58.645205680641816, -34.266505049301244], [-58.649081282642584, -34.26647370228864], [-58.65006135126349, -34.26619126863535], [-58.66978774445934, -34.26055283123372], [-58.67750249384476, -34.25841895959952], [-58.69121146916326, -34.254599283924016], [-58.707259053306174, -34.24954266644768], [-58.71168907180859, -34.248508755175365], [-58.711748584396624, -34.246323683069306], [-58.71175138734384, -34.244980113290424], [-58.711731937866084, -34.24354982570138], [-58.711571695086796, -34.242183028906425], [-58.71151217015365, -34.24087168742523], [-58.71127508843207, -34.23820599789077], [-58.71122282243594, -34.23756021780065], [-58.7110185386077, -34.23651436524087], [-58.71064554168754, -34.23473038506236], [-58.71022714514929, -34.23300211466029], [-58.70993254729889, -34.23190592308217], [-58.70983357437147, -34.2315494678099], [-58.709682482841494, -34.22973381183599], [-58.709625853732256, -34.22810806055833], [-58.70972140872759, -34.227192484004014], [-58.709922258658096, -34.22574840429345], [-58.7103469739781, -34.2241244577291], [-58.71071250023679, -34.22243405437343], [-58.710969183681144, -34.221406764593354], [-58.71106116104368, -34.220625795013646], [-58.71106917186134, -34.220095971014544], [-58.71090534002247, -34.21955138429542], [-58.710664941017, -34.21911008014825], [-58.71017048214686, -34.2185726992458], [-58.709418794228725, -34.21810083650316], [-58.70840266210347, -34.217559233567265], [-58.70715791271211, -34.21684666247708], [-58.70574828446462, -34.2161017505056], [-58.70435945672379, -34.215335597443826], [-58.70356402631177, -34.21483861594401], [-58.70323087415846, -34.21462544382766], [-58.702419400285706, -34.214001662459594], [-58.70137086965331, -34.21321089563586], [-58.70034675672851, -34.21216991550443], [-58.69946785448286, -34.210764613007846], [-58.698667668664, -34.20951232081221], [-58.698029446225036, -34.208107934037315], [-58.69688371773728, -34.20585075809476], [-58.69629244532522, -34.204435694910856], [-58.69614930864825, -34.20412153191583], [-58.69572329887458, -34.203264632484455], [-58.69473329110734, -34.201583015176624], [-58.694648069320735, -34.20144309173673], [-58.694307932724904, -34.20040707637562], [-58.69403030803786, -34.19905572865092], [-58.69386701533984, -34.19797637437902], [-58.6938259969043, -34.19682794382854], [-58.69378855527834, -34.19501461329291], [-58.6937710628307, -34.19375074753109], [-58.69386476528471, -34.19282609701869], [-58.694037639614756, -34.19189270469348], [-58.694251587796785, -34.19101569928971], [-58.69458856627927, -34.19006067259884], [-58.6946833135368, -34.189778727809276], [-58.694968827918665, -34.18876219630704], [-58.695080556268124, -34.18784761115276], [-58.69505415847981, -34.18715395231654], [-58.694498531452226, -34.185484869082586], [-58.69423618085847, -34.18426926182], [-58.69404734761296, -34.18342207082635], [-58.69373929845462, -34.1827025629175], [-58.693437296980186, -34.181601426001386], [-58.69330846839076, -34.18068592337263], [-58.693055012527324, -34.17783952486347], [-58.6929333898659, -34.17652898191962], [-58.69279154966585, -34.17554529107729], [-58.6925223215208, -34.174846083571964], [-58.69219322123288, -34.174057905008716], [-58.6917465862823, -34.173222242410176], [-58.69145904794165, -34.172360153551054], [-58.692411323768944, -34.1721340493614], [-58.69448269047878, -34.17212772061746], [-58.69603811254261, -34.17202307230693], [-58.69709791593409, -34.171866280569894], [-58.69904416697159, -34.17165015551678], [-58.69991637542369, -34.171630419817255], [-58.70065482510203, -34.171688065295356], [-58.7021379972036, -34.171605980313714], [-58.70422319707457, -34.17162727386561], [-58.706238212692796, -34.17142862291004], [-58.70817995163027, -34.17101433926265], [-58.70946995946228, -34.17072737797843], [-58.71062350522286, -34.17054909866398], [-58.71238119812833, -34.17007431827755], [-58.71483135242517, -34.16937569046632], [-58.716671582534495, -34.16897767543543], [-58.71782515274802, -34.16867349114383], [-58.72012250440977, -34.168491443323674], [-58.72197328006377, -34.16859731288288], [-58.7239235359425, -34.16883491921405], [-58.72547192670617, -34.16899911089367], [-58.7269227312361, -34.16916645683838], [-58.72800587898463, -34.169177059529595], [-58.72961696807036, -34.16917865091056], [-58.731047480582525, -34.169142502861014], [-58.73260136136717, -34.1689923406357], [-58.73451913470431, -34.168728992668335], [-58.736019235827676, -34.1684812069885], [-58.737689172749306, -34.16817609365983], [-58.7391024291148, -34.16790063064321], [-58.74000426909083, -34.16759923001078], [-58.740154895950965, -34.167545269770145], [-58.74177988241593, -34.16700822087658], [-58.74285000327889, -34.16666736708943], [-58.74365690351764, -34.16649511870351], [-58.744527194884036, -34.16637157420794], [-58.74503169771882, -34.16625774411046], [-58.745757142119025, -34.165995250400954], [-58.74634887456591, -34.1656843592713], [-58.746735424443635, -34.16540172180594], [-58.747064734046134, -34.164904454884116], [-58.747274550799254, -34.16431919220045], [-58.74734373973074, -34.163734562856725], [-58.74729151471845, -34.16314721458364], [-58.747142860229125, -34.16239234647531], [-58.74707258587164, -34.161637640804926], [-58.746963124779136, -34.16083566520617], [-58.74687363905418, -34.16011577194765], [-58.74670308632316, -34.15942701607097], [-58.7465759643243, -34.15842175284055], [-58.746471518036735, -34.157247057712915], [-58.74640702506361, -34.156110690020704], [-58.746419739962725, -34.15523957249696], [-58.746510425768335, -34.154750599169596], [-58.74673594866408, -34.15445389784396], [-58.7469829805513, -34.15425285175395], [-58.747828553104256, -34.15416375964217], [-58.74905676402757, -34.15405693811195], [-58.75000644647353, -34.15392008270062], [-58.75089465846096, -34.153743616327255], [-58.751578488700524, -34.15364938836159], [-58.75236259294455, -34.153709417617385], [-58.75311442039975, -34.15357876911421], [-58.75382282816309, -34.15332419507256], [-58.75505101556853, -34.1529970926772], [-58.75636985116702, -34.152558505010866], [-58.75744511671219, -34.15218635065906], [-58.75872127308475, -34.15161487114867], [-58.75943116741596, -34.15118507474921], [-58.75996395189796, -34.15074027797611], [-58.76115005915471, -34.14935896146521], [-58.76301400289532, -34.147069519655844], [-58.763739785320894, -34.14563392364402], [-58.76440218996182, -34.144369842290224], [-58.76480033704059, -34.14335076626089], [-58.76514119831254, -34.14214852439297], [-58.765626419728086, -34.14068068343948], [-58.76606975450955, -34.1392283354837], [-58.76636491213546, -34.138243599575105], [-58.76660205633461, -34.13724194377667], [-58.76685080576235, -34.13660950356831], [-58.76694167964303, -34.13595872413415], [-58.767076680918095, -34.135139776177425], [-58.767368030385974, -34.13441997206902], [-58.7677510165689, -34.133103362731646], [-58.76807964212635, -34.13251609696874], [-58.76833067471924, -34.13191974154421], [-58.76837246746869, -34.131652560476894], [-58.768315572030026, -34.13146492709821], [-58.768197970051126, -34.131197296881616], [-58.76778493745243, -34.13065600088441], [-58.76728591650268, -34.130266910869636], [-58.766602944812945, -34.12994332757524], [-58.76583081154926, -34.12936727617607], [-58.76491502589734, -34.12870181493614], [-58.76418048985151, -34.127844844321075], [-58.76381896928168, -34.12733355477375], [-58.76370717424624, -34.127187610162764], [-58.763712458453575, -34.126778947312715], [-58.76385755557288, -34.12644148673755], [-58.7643064517479, -34.12615348249167], [-58.765280644283976, -34.125505591363385], [-58.76899804581769, -34.12333476891687], [-58.76979054106968, -34.122756977406894], [-58.7707096697731, -34.12189904153564], [-58.77185073046192, -34.120973332872296], [-58.773809396462944, -34.11904881367488], [-58.77642212831294, -34.11658317136929], [-58.77705436427884, -34.115982365465634], [-58.77925841766595, -34.11374416678265], [-58.78183236091455, -34.111159241651386], [-58.78428072959326, -34.10887244798424], [-58.784933638469404, -34.10837618332306], [-58.78544332990378, -34.10791190674973], [-58.78610096575822, -34.106948505300814], [-58.7869421276224, -34.10598694517054], [-58.7877794369901, -34.10503863348661], [-58.78835531088794, -34.104209714446746], [-58.78900850343063, -34.10364602566031], [-58.789886444353016, -34.102664139577], [-58.79152472265015, -34.10062149733029], [-58.792343547545094, -34.09976194341034], [-58.79415482736873, -34.098255299674925], [-58.79499148082421, -34.09772486278499], [-58.796211046234085, -34.09682149038913], [-58.797451194257, -34.09573954302621], [-58.798133889415375, -34.09527191670618], [-58.79922176013151, -34.09445512957221], [-58.80022113749587, -34.09340839974036], [-58.801179151206355, -34.09253000923969], [-58.801855830089764, -34.09178335373739], [-58.80295493615143, -34.090706515944376], [-58.80371560827074, -34.08989288433974], [-58.80404194853187, -34.089422213130824], [-58.80435538335293, -34.08865864677491], [-58.80468861365368, -34.087693997893005], [-58.80480678941603, -34.08665376616492], [-58.80492100465937, -34.085469481133515], [-58.804933982155674, -34.084427550596295], [-58.804868264013216, -34.08338997627913], [-58.80470392692746, -34.0824005291117], [-58.80473188626062, -34.08184936739987], [-58.80469436325285, -34.08149659759928], [-58.80452022175232, -34.08119421214819], [-58.80443298681556, -34.08107671746825], [-58.80434037761295, -34.08095890635973], [-58.80390294003117, -34.08070394086084], [-58.8032417051199, -34.080444785993244], [-58.80234019691278, -34.080216422902105], [-58.80141831382895, -34.079941909867145], [-58.7997317333483, -34.07960886344247], [-58.798608806044435, -34.07944383426227], [-58.79840420114061, -34.07943627389011], [-58.7977427793432, -34.07940179685153], [-58.79675811663672, -34.07932579588523], [-58.7961158886854, -34.079287946782834], [-58.795491665909125, -34.0791972235174], [-58.794971773944646, -34.07899130001681], [-58.794696031936354, -34.07880426118658], [-58.70410595081517, -34.038179565570275], [-58.67563450979077, -34.02520689593492], [-58.67541616260319, -34.025391549556076], [-58.675299137027125, -34.02546543045711], [-58.6707160891392, -34.028502829131675], [-58.66351176651348, -34.032106305893386], [-58.66047062414195, -34.03334835700063], [-58.65809035567299, -34.03406378658372], [-58.65499696145593, -34.03525311987646], [-58.6504767343568, -34.03668016772617], [-58.64476658238351, -34.03763551738155], [-58.63850915476882, -34.03914182442528], [-58.63786379261567, -34.039300691879774], [-58.63480793560017, -34.03949412626833], [-58.63048960371723, -34.03977316822993], [-58.623825746579996, -34.039061266758715], [-58.61930507922812, -34.03834808008843], [-58.612404941378244, -34.03787294070704], [-58.607169305002124, -34.037871035818995], [-58.603362305247735, -34.036683648562764], [-58.59598539959672, -34.03549122239309], [-58.59265507667365, -34.03382460618553], [-58.58861113786697, -34.032635906009276], [-58.58385221353315, -34.029781550957765], [-58.58075709957493, -34.02811542346045], [-58.57861691422872, -34.027163236895575], [-58.57592664329067, -34.026761773862454], [-58.574760380425, -34.02658311606353], [-58.570525855526114, -34.02597541640556], [-58.56100969922536, -34.02716278385986], [-58.55315578266541, -34.02668920982614], [-58.548159135518276, -34.02502330296046], [-58.53959372066648, -34.021692658779685], [-58.538199365405646, -34.02140987352789], [-58.53364380306112, -34.02050273459599], [-58.52551327301624, -34.01812782619688], [-58.522766318725246, -34.01721400535203], [-58.52001982821065, -34.01629566113585], [-58.513792850774124, -34.015379916009614], [-58.506713326578975, -34.01300074710331], [-58.49951634004972, -34.00853812906828], [-58.492505716003706, -34.0064589694314], [-58.48638961726924, -34.00500501420791], [-58.48382199651623, -34.004330532349584], [-58.477294161668254, -34.002626176881535], [-58.47444002514044, -34.002203467461904], [-58.47119292188216, -34.00207551134402], [-58.46319790075926, -34.00189310244394], [-58.45626058239444, -34.002799820425345], [-58.448415425142144, -34.004085893146794], [-58.44235631697346, -34.00457874045268], [-58.43356304772213, -34.00596696432835], [-58.425599663188265, -34.00675895102447], [-58.41621035727956, -34.00774951744279], [-58.41423164362284, -34.007977227272605], [-58.409439344737194, -34.008537974302435], [-58.398267140720954, -34.010517159263784], [-58.38638291392175, -34.01140861040375], [-58.37892387023832, -34.01222434355218], [-58.3755401216236, -34.01331627170385], [-58.37298228884307, -34.01488193880057], [-58.372558558456724, -34.020430960999114], [-58.37197375612859, -34.02249256981253], [-58.370434993927724, -34.02358261928108], [-58.36894477251629, -34.0253316110654], [-58.36711160943951, -34.026214539709606], [-58.36526216852057, -34.027756846415855], [-58.36456954271697, -34.0291557371791], [-58.36216822360702, -34.030892640341825], [-58.36183771283352, -34.032403991043005], [-58.36096872029585, -34.03360314092452], [-58.36094471680311, -34.03506625351431], [-58.359144419965006, -34.03695745261181], [-58.35870198902863, -34.03791368725702], [-58.35770013765923, -34.03956724498066], [-58.355093942093724, -34.04261200712919], [-58.354588177827964, -34.043132964748175], [-58.3534884658821, -34.04425471516125], [-58.352128822431, -34.0454455470609], [-58.35239205241178, -34.04737139699028], [-58.353226550198876, -34.04829070089598], [-58.353256330891085, -34.0483195203712], [-58.354176033916616, -34.04931154084286], [-58.35484436388597, -34.04932190688711], [-58.35625495621133, -34.04858349897187], [-58.358068187597794, -34.048705889901505], [-58.35977846788446, -34.04817487111459], [-58.3614893006217, -34.0473383582356], [-58.362843871454025, -34.04650201817947], [-58.36395020210492, -34.04560522309217], [-58.365586024183024, -34.04577930882921], [-58.36586880050357, -34.04689319343459], [-58.367634023766506, -34.04641041587574], [-58.3695814372328, -34.04618159340238], [-58.37011706028273, -34.04664633674114], [-58.368280441999175, -34.047681789361086], [-58.365887999058096, -34.049014949154376], [-58.363916541932404, -34.050347407457544], [-58.36290900192915, -34.0515244268644], [-58.36280607191298, -34.05164828200988], [-58.36272519401686, -34.05260466377192], [-58.36234416373558, -34.05335808445868], [-58.36153581075565, -34.05465985597919], [-58.361254178634596, -34.05652468754973], [-58.361914063424734, -34.05698825255606], [-58.361717236680214, -34.05779361872424], [-58.36072463095157, -34.05868401362779], [-58.36045923335032, -34.060248846808314], [-58.36080694692109, -34.061061301267195], [-58.36114170901428, -34.062376127266], [-58.36232527515347, -34.06385633566765], [-58.36377310968357, -34.06438262913529], [-58.36393404330874, -34.065291229019735], [-58.36324610522115, -34.06639386932692], [-58.36254110649164, -34.06840296394616], [-58.36177403613899, -34.070560923386616], [-58.361317297441644, -34.072271040202224], [-58.36162772191131, -34.074752451418725], [-58.36207376748427, -34.07692785464029], [-58.36274833458239, -34.079562324975356], [-58.36228836226014, -34.08172600683987], [-58.36187257557941, -34.08429679283519], [-58.36189283145521, -34.08646354589392], [-58.360987786488714, -34.08912952483537], [-58.361187458975614, -34.0914018468702], [-58.361765032461875, -34.0930778115945], [-58.36196677184362, -34.095148092719825], [-58.36223408070931, -34.096970883510174], [-58.36251180768637, -34.0984394016408], [-58.36308930802274, -34.10005695691276], [-58.363724566274826, -34.101633195981364], [-58.36416881575991, -34.10370966073774], [-58.36487698544917, -34.10477828577452], [-58.36466453190931, -34.10629253032341], [-58.364470913126816, -34.10694085461184], [-58.36529706862147, -34.10831787130438], [-58.366117350564004, -34.10964060438283], [-58.36706736754586, -34.11096245894593], [-58.36717049214057, -34.111674266821865], [-58.366611477231366, -34.11242105606289], [-58.36575024915251, -34.11286590290517], [-58.365424762157225, -34.11407656120885], [-58.36436222320557, -34.11567242680797], [-58.36355538296136, -34.11647108961928], [-58.36306427170524, -34.11712326538137], [-58.36220038618811, -34.117716176019165], [-58.36193678046185, -34.11871953370795], [-58.362105646326114, -34.11948038461083], [-58.36300796836625, -34.11989625275963], [-58.363414406973114, -34.120658486295994], [-58.36363771993583, -34.12177317593338], [-58.36313675383666, -34.122474153893585], [-58.36168230298422, -34.122607794322256], [-58.3606560104342, -34.1221886493604], [-58.35961998011405, -34.1224742443766], [-58.35967046964429, -34.122931169400644], [-58.36015127270368, -34.123289229434825], [-58.3606207087299, -34.12395208197477], [-58.36127845217757, -34.124563818554286], [-58.36194998118918, -34.12442612838465], [-58.36273191255543, -34.124740122297524], [-58.363699774197315, -34.124850091121445], [-58.364552780949865, -34.12455750698926], [-58.36576464114979, -34.12477706826368], [-58.36648596736539, -34.12534333559119], [-58.36726740400711, -34.12560335779628], [-58.36731236121813, -34.126360951552215], [-58.367347655785096, -34.13403678741961], [-58.367988588845684, -34.13525396884362], [-58.36820299257246, -34.1368263640409], [-58.368023983205084, -34.14000054067881], [-58.36780578950309, -34.14181545161041], [-58.37071538975279, -34.14513332997897], [-58.369947236851836, -34.14699473659981], [-58.37004902967513, -34.14825907858237], [-58.36891658627957, -34.15026393129105], [-58.36821868564584, -34.151765800465355], [-58.36830255853119, -34.15358612646892], [-58.370230300229046, -34.154618710540475], [-58.371653012831395, -34.1564553544724], [-58.371762417338594, -34.15739669419539], [-58.3718098886624, -34.15776807069555], [-58.37269365036768, -34.1589914434716], [-58.37296505162963, -34.160711178029004], [-58.37276675559653, -34.1617680678591], [-58.37439946263819, -34.161942005392724], [-58.3752377108362, -34.16271324070428], [-58.37564068910536, -34.16387510342911], [-58.375257937968556, -34.164880037529194], [-58.37450303321116, -34.16623461327125], [-58.37337986751181, -34.16783573073651], [-58.372129633645095, -34.16958613813986], [-58.371610784516434, -34.17119806002349], [-58.370991254315086, -34.17189164497988], [-58.37007117253122, -34.17238222439891], [-58.36969764867356, -34.172686836055384], [-58.36938723699468, -34.173130177708096], [-58.36919051111633, -34.17398947345629], [-58.368394658152695, -34.17418229901566], [-58.36766856304325, -34.17432107726865], [-58.36455106581086, -34.178421081694104], [-58.36333478958238, -34.178659437354746], [-58.36252500976145, -34.17960164004886], [-58.36250638489692, -34.18046308518839], [-58.3604290471348, -34.18411590304428], [-58.35939534313775, -34.18430724130817], [-58.358263607638776, -34.18605590685948], [-58.35769766501077, -34.187467113778766], [-58.35640004252601, -34.1883023196724], [-58.35565418399197, -34.18925296360907], [-58.35539325063287, -34.19016211422824], [-58.355197122616296, -34.19101242774915], [-58.355417583267716, -34.19197870893131], [-58.35582691650904, -34.19288943750597], [-58.35715482693752, -34.19321077863516], [-58.35824893117741, -34.193427600607826], [-58.35950601509197, -34.19435100204786], [-58.36174779840829, -34.19443302295239], [-58.3632892986137, -34.19329404555728], [-58.3644654008001, -34.19224898192524], [-58.365286864708196, -34.190642571126155], [-58.36555645300238, -34.18933856808703], [-58.36628441605301, -34.189240363902485], [-58.36712448957415, -34.18981410430465], [-58.36716374438569, -34.19087236682815], [-58.36659450090902, -34.192022836655], [-58.36590824799843, -34.19297278871701], [-58.36510355168522, -34.19361879717348], [-58.36436166332161, -34.19446641421639], [-58.364600207234105, -34.194876714115544], [-58.3653834196547, -34.19488531198754], [-58.36591207769375, -34.19585290581113], [-58.3670532169584, -34.196625209433954], [-58.36727658604571, -34.19773992457091], [-58.36919683315515, -34.19892488892883], [-58.37099306765527, -34.20010656123459], [-58.372562263228865, -34.200631536947334], [-58.37396838014039, -34.20044990784662], [-58.37452547637105, -34.199851256416046], [-58.37591522798054, -34.199969599502715], [-58.37725319157948, -34.200241938830985], [-58.378209029694894, -34.200912708445884], [-58.37934829725211, -34.201886969353005], [-58.37999233633826, -34.20295607669311], [-58.380580761017434, -34.20392286422235], [-58.38062367839277, -34.20488252294199], [-58.38152829091215, -34.20534340002713], [-58.38218653223934, -34.205658587216845], [-58.38217795912246, -34.20611183020261], [-58.38175505743106, -34.20600453859066], [-58.38089727852712, -34.206400230773816], [-58.38060259238697, -34.20589209682697], [-58.37999998578681, -34.20567922048264], [-58.379686065762016, -34.20627961630359], [-58.37966082555308, -34.20769328611542], [-58.37917536764176, -34.2077393252564], [-58.378700052332015, -34.20707612686899], [-58.37835089681258, -34.2062141419696], [-58.37787352193169, -34.20575299060109], [-58.37720837113722, -34.20569344062921], [-58.37719191429031, -34.20635285906778], [-58.377122088319275, -34.207004448362966], [-58.37741768098836, -34.207562067633795], [-58.37782920208937, -34.20797417658581], [-58.37739447376096, -34.208773683716736], [-58.37665038350772, -34.20916746355755], [-58.37664229777831, -34.20967464872399], [-58.37597451797776, -34.20976318892282], [-58.375361031992355, -34.20990903439376], [-58.374808950474915, -34.210153066063256], [-58.374672599572555, -34.21106107662532], [-58.375150903941545, -34.21157172125962], [-58.37581794766845, -34.21173024667846], [-58.37655131096039, -34.211335803096645], [-58.37723163910446, -34.2106909327047], [-58.378383753699616, -34.210807882294134], [-58.37941364105211, -34.211020517548604], [-58.38020499544977, -34.21088127406337], [-58.38105683400218, -34.21079073309664], [-58.38173506104071, -34.21034788169554], [-58.38204805907831, -34.209698001184016], [-58.38278509934821, -34.20950143179218], [-58.3835968164505, -34.20961503695913], [-58.38475014984422, -34.20971852237075], [-58.38546233615473, -34.2100954714279], [-58.38589364758817, -34.210648071450755], [-58.385881573846596, -34.211199941009106], [-58.38537273390868, -34.211743252829756], [-58.38474829290839, -34.21278703652797], [-58.38357247200032, -34.21382782432657], [-58.38300083866943, -34.21482547374006], [-58.38292055513805, -34.21601106750052], [-58.3830168099766, -34.217158268954314], [-58.38310951284938, -34.2179862551797], [-58.382858573162146, -34.21926452329162], [-58.382567759911325, -34.220266234333], [-58.38183573469829, -34.22094384573903], [-58.38121975876018, -34.22153435411598], [-58.3812058019904, -34.22240509723874], [-58.381640297988554, -34.22268385022622], [-58.382122700364604, -34.2233295175756], [-58.38316783873251, -34.223435256564436], [-58.38416373525732, -34.223129058890734], [-58.385264441260944, -34.22309897164388], [-58.3861599189612, -34.22264720495209], [-58.38710431943568, -34.22225240050497], [-58.388095675598315, -34.22235473750825], [-58.389017173492704, -34.222870544316805], [-58.38956554980038, -34.22338551767834], [-58.39022358585504, -34.2235254377759], [-58.39126877933813, -34.22345139431129], [-58.392811621183256, -34.223376944737026], [-58.394027033780176, -34.22339437059477], [-58.395458377778716, -34.22359598424743], [-58.39665816116332, -34.22402575760636], [-58.39780373804619, -34.224816066739045], [-58.3987827275195, -34.22565438789256], [-58.399482587294926, -34.22634949814234], [-58.400859814584194, -34.22655217076758], [-58.40223921498915, -34.22643147141868], [-58.40305692103252, -34.22672055660411], [-58.403370214194034, -34.22768359887082], [-58.40323613028325, -34.228209904431715], [-58.40323071315127, -34.22946759287006], [-58.40238537306098, -34.23014276824566], [-58.401225905165816, -34.230402977009675], [-58.400170366227414, -34.23088980742272], [-58.399550780859, -34.23152062625365], [-58.39831657403816, -34.23260733760859], [-58.397923290483675, -34.23324776554841], [-58.39702990326867, -34.2335559739653], [-58.395985004209244, -34.2334458676962], [-58.39510239362429, -34.233575016458346], [-58.39442812439042, -34.234391095849645], [-58.39342669880736, -34.234876744151684], [-58.39324082785031, -34.23579517865717], [-58.39217488644111, -34.23669462957382], [-58.39121914658225, -34.23787052329466], [-58.39026834315883, -34.23845365220174], [-58.38948328042892, -34.23935713188311], [-58.389128398681585, -34.240408776430385], [-58.38817710407299, -34.24117606406528], [-58.38818770336931, -34.24350854142963], [-58.388555089141384, -34.24429078615859], [-58.38903852981738, -34.245165643004725], [-58.38952380225416, -34.24572161664735], [-58.3907811999836, -34.24647406490556], [-58.391985741996464, -34.246675066132624], [-58.39281518792922, -34.24677626368585], [-58.39341248880405, -34.24687195273088], [-58.39346537780033, -34.24742339035227], [-58.39300607161024, -34.248014745812384], [-58.39255929549233, -34.248467600706654], [-58.392827259582916, -34.24897405571334], [-58.39343225897527, -34.24898486077594], [-58.39403943800224, -34.24885202517322], [-58.39452339468404, -34.24954268839964], [-58.395181734645305, -34.24992074114908], [-58.396111173229926, -34.249933806456355], [-58.39716602986196, -34.24957728195957], [-58.397792964931476, -34.24862794442932], [-58.397758814569734, -34.247569973238015], [-58.396943269293665, -34.247015889554234], [-58.39668690439476, -34.246141745522465], [-58.397361245993686, -34.245505379330936], [-58.398183998249806, -34.24538147473617], [-58.399178354952234, -34.245394068842636], [-58.399999303659364, -34.24576875616379], [-58.4000401176317, -34.246454229273496], [-58.400242314317715, -34.24732948388295], [-58.400733059920455, -34.24788575965807], [-58.40116059006727, -34.248483021957085], [-58.401978071748914, -34.24895632748612], [-58.40279149425638, -34.24983374147814], [-58.40321688411026, -34.25057463968121], [-58.40401118210903, -34.252142772188556], [-58.40514785400764, -34.253574985688694], [-58.4065455014357, -34.255472751145206], [-58.4081174390964, -34.25664002122782], [-58.40952314296521, -34.25821027460571], [-58.410327436543284, -34.25954986003878], [-58.41123614589536, -34.26093188887206], [-58.41274784851926, -34.26264799898336], [-58.41399860322008, -34.26371882760883], [-58.415032776959805, -34.264371792449005], [-58.416508914447284, -34.264984861577624], [-58.4183145570039, -34.265604938084834], [-58.42857294749311, -34.2656901601459], [-58.42962141436562, -34.26570588089901], [-58.4306645782371, -34.26608070902172], [-58.432318621825736, -34.26610257215615], [-58.43375826621489, -34.26580107667678], [-58.4347559022537, -34.26535979423282], [-58.43525816390058, -34.26495065357947], [-58.4359229255938, -34.26496046938107], [-58.436220476309636, -34.26670428829764], [-58.4371538928107, -34.267036305413164], [-58.438527868436, -34.26710360421354], [-58.44013386211306, -34.26693816156122], [-58.44113189136496, -34.26649235578092], [-58.44400252053331, -34.26652661794861], [-58.44435359086854, -34.26593282905206], [-58.444951955137874, -34.265718314946945], [-58.44577906408027, -34.26590888116322], [-58.44637860366361, -34.26628303301661], [-58.447205649398235, -34.26629386061215], [-58.448035675805905, -34.26603078570645], [-58.448811554720486, -34.26594856805627], [-58.449466941507865, -34.26600265978818], [-58.45001099496477, -34.26651264403549], [-58.45056501417237, -34.26643014798511], [-58.451012997449695, -34.26602206651227], [-58.451793126395756, -34.26553121562707], [-58.45245959496283, -34.26540175792983], [-58.453278297014634, -34.26568610892168], [-58.453265710485766, -34.2663682896439], [-58.45303093982253, -34.267234408528445], [-58.4532306679961, -34.26820382179261], [-58.453665033245855, -34.26885077974991], [-58.454246353359494, -34.27009094876008], [-58.45554731273096, -34.271393649971024], [-58.45752083513854, -34.2721987941576], [-58.459592850000696, -34.27341439072073], [-58.46217085694384, -34.274360216341734], [-58.466572648513186, -34.27464593629614], [-58.46977494729353, -34.27463720201066], [-58.4711040092423, -34.27442278131958], [-58.472322196196956, -34.274026259268965], [-58.473475874567455, -34.27413796857246], [-58.47474978607722, -34.27396503189622], [-58.47570017778526, -34.27338568413426], [-58.47720003396466, -34.27271444189069], [-58.47859141498155, -34.27204546989614], [-58.47980987313435, -34.27155452510817], [-58.481198198965636, -34.27097969015526], [-58.482096400543455, -34.27034763999636], [-58.48320505855108, -34.269903802531935], [-58.48469591361664, -34.26969471059641], [-58.48568900123444, -34.2697559550362], [-58.48696081658967, -34.26972653803135], [-58.488456302495244, -34.269284032672715], [-58.490012688130314, -34.268795834533655], [-58.49128325631417, -34.26844726909617], [-58.492615040896766, -34.26795867501858], [-58.494001627465074, -34.26752286709211], [-58.49528095048131, -34.267075943054095], [-58.496719226813575, -34.26681852456903], [-58.49798962398488, -34.26674396643722], [-58.49855897832319, -34.26679249567425], [-58.499087852763, -34.26699130386978], [-58.499961106791105, -34.267364078976854], [-58.500264512750185, -34.26760292553654], [-58.500502522753884, -34.26796805365251], [-58.500525907450445, -34.26858508004218], [-58.50042768726077, -34.269109249114194], [-58.50013905539322, -34.26988680589646], [-58.49979299685365, -34.27070126709108], [-58.50010993473688, -34.271394774933086], [-58.50087057820462, -34.271998763090934], [-58.50113759547659, -34.27255439673758], [-58.501400812946976, -34.273334463408], [-58.50105954283994, -34.27397398277419], [-58.50043764028662, -34.27469508223736], [-58.49942571158212, -34.27578308980082], [-58.498260105092015, -34.276228065528585], [-58.49654753635509, -34.27634278754839], [-58.49609554757691, -34.27706983101461], [-58.49499388772987, -34.27701096542375], [-58.49366902001367, -34.27699675208949], [-58.49266583650245, -34.2776224222517], [-58.49133550963428, -34.27797180405056], [-58.4905592692516, -34.278238495865224], [-58.49016177043776, -34.27887001847802], [-58.49020721169667, -34.27942100252822], [-58.490696239614486, -34.27970276905194], [-58.491578383433534, -34.27985598819316], [-58.49224396307855, -34.27967683118817], [-58.49272193303457, -34.28050609302898], [-58.4936499541188, -34.28120581614869], [-58.4950711889799, -34.28186851579578], [-58.496373730317245, -34.283072076303554], [-58.49745698444, -34.28418573497615], [-58.497499866015225, -34.28482642921337], [-58.49776728367429, -34.285377603826674], [-58.49814730887041, -34.28560769850989], [-58.49882641679844, -34.286004487583035], [-58.49930968768901, -34.28665432345318], [-58.499006872325936, -34.28761972130304], [-58.49879186077854, -34.288783738144886], [-58.49964521424175, -34.29128964616056], [-58.500603849668444, -34.29255737564978], [-58.50246427333609, -34.294033380059155], [-58.504626293805046, -34.295527918273514], [-58.506607272967855, -34.295928382882686], [-58.50855328110121, -34.29620534403514], [-58.51080982140671, -34.29633960443107], [-58.512359192747454, -34.296268594665236], [-58.51433816220422, -34.29684405435091], [-58.5150864842261, -34.298044843130164], [-58.51532969379223, -34.30035591918082], [-58.51571300622255, -34.300064932866846], [-58.51926693162909, -34.29882737415788], [-58.52236098445917, -34.298496108616334], [-58.52721219267785, -34.298739887161766], [-58.532496348230175, -34.29935151646672], [-58.53514128842673, -34.29974729072287], [-58.53822649065162, -34.29997226393718], [-58.541525895823455, -34.30037653403339], [-58.54440342447866, -34.3000449194337], [-58.54684299549761, -34.29934043745478], [-58.55017231878195, -34.298097172430275], [-58.55240080838779, -34.297024671258654], [-58.557739159748486, -34.29452446450579], [-58.562195906807766, -34.29201062195285], [-58.56728929917885, -34.28893778815705], [-58.56947918495006, -34.28774574963073], [-58.57466621919937, -34.2851995379504], [-58.58089305980104, -34.2823389298853], [-58.5864526822996, -34.2804394658628], [-58.59033810723672, -34.279228825471066]]], [[[-58.595404113249785, -34.486586137932214], [-58.59560503565106, -34.48643211011748], [-58.59564496953764, -34.48634916117123], [-58.598085357612575, -34.486430425522286], [-58.599117069956094, -34.486362943309295], [-58.59908207551483, -34.485870986629735], [-58.5993728548248, -34.48540785752899], [-58.59945747495832, -34.48534110983129], [-58.59998519630396, -34.4849598153779], [-58.60049298897131, -34.48452787286794], [-58.60087678691203, -34.48433104449977], [-58.60116040762681, -34.48425394256795], [-58.60123176921846, -34.484244805852946], [-58.6019220463037, -34.48408011436974], [-58.60212803394495, -34.48405220976571], [-58.60239538098104, -34.48400557084942], [-58.602498810875495, -34.48397142251694], [-58.60273535814769, -34.48390493265777], [-58.60288911193655, -34.48379295836168], [-58.603487141514115, -34.483505802862645], [-58.60383774904994, -34.48331593177644], [-58.60391545725755, -34.48323527840834], [-58.604329560596085, -34.482941418183316], [-58.60465547005436, -34.48260174500956], [-58.604899781744884, -34.48235596977152], [-58.60546872729304, -34.48181537884619], [-58.606005995399634, -34.48129532663577], [-58.60639364418542, -34.480932441134605], [-58.60647118197482, -34.48076189873702], [-58.606544807297894, -34.48029901895199], [-58.60631133329699, -34.479902839244374], [-58.60609573964151, -34.47976389556898], [-58.60593364833891, -34.47966415732643], [-58.605533989342995, -34.47958142148651], [-58.60508678873931, -34.479545223725204], [-58.60477588026996, -34.47959371282931], [-58.60443004312689, -34.47957716201537], [-58.60436304865359, -34.479537134583076], [-58.60421620395416, -34.47951022320862], [-58.60337052782904, -34.47907228827613], [-58.60313335218984, -34.478932026236414], [-58.602896970802114, -34.478782824480724], [-58.60257780200253, -34.4785881389104], [-58.60237078520107, -34.47826097081715], [-58.60226219591723, -34.47804764540394], [-58.602221309346824, -34.47774407080996], [-58.602208913184406, -34.47730292206762], [-58.602054041697805, -34.476785693661675], [-58.602002125969754, -34.4765758179399], [-58.60196322847798, -34.47640268518202], [-58.60182630395785, -34.476111239989116], [-58.60153468725142, -34.475850822449175], [-58.601460076583244, -34.47577437955485], [-58.60136014547722, -34.47564696328399], [-58.60132180721607, -34.47555924696416], [-58.601300693699336, -34.47552201115756], [-58.60124457316314, -34.47529839790563], [-58.601185514665815, -34.4750161862279], [-58.60117900586269, -34.474997814744306], [-58.60117082770014, -34.474875983931824], [-58.60102676632197, -34.47466499238981], [-58.60104875165264, -34.47466183697777], [-58.60088024300917, -34.474359480799315], [-58.60036742701792, -34.473748558999155], [-58.60002716780623, -34.47336384443875], [-58.599678498285805, -34.47295165421751], [-58.59911871334836, -34.47231989332794], [-58.59881425973285, -34.471959825391274], [-58.598533856607766, -34.47154280200807], [-58.59854877715564, -34.47128307008116], [-58.59860758688046, -34.4710484797704], [-58.59922615788613, -34.47037612456567], [-58.59989535534448, -34.46980571154635], [-58.59996694020442, -34.46970221844201], [-58.600073604130145, -34.46960086093411], [-58.6000294606625, -34.46890612726236], [-58.59971580248836, -34.46837473737278], [-58.59951000608355, -34.46803416003572], [-58.59941397089751, -34.46774070954405], [-58.59911579792675, -34.46734058177051], [-58.59895159202502, -34.46702051135487], [-58.59896626614448, -34.4665495557052], [-58.59896522540036, -34.46604169282632], [-58.59901886413627, -34.46555962822844], [-58.59911321827487, -34.465291251208754], [-58.599802843194965, -34.46470410485161], [-58.60010963920731, -34.4644261908692], [-58.60014478333334, -34.464091294994375], [-58.60015183304218, -34.46373671362819], [-58.59977697884467, -34.46254999880925], [-58.59916935831507, -34.460715487023094], [-58.59889348632709, -34.45972803098755], [-58.59839431312604, -34.45862811564933], [-58.59788127151736, -34.457837426508455], [-58.597333716154516, -34.456824438499744], [-58.59676165418945, -34.45590432615169], [-58.59595480286677, -34.45454300328245], [-58.59546164144896, -34.45368161759084], [-58.59504894802663, -34.453013870654736], [-58.59484589664825, -34.45252066839546], [-58.594523192396245, -34.45178650120724], [-58.594389018541484, -34.45134243187951], [-58.59443988121251, -34.45073887019125], [-58.59430578789285, -34.45026334943771], [-58.594167965575366, -34.45004374671397], [-58.59395072029871, -34.44967999878999], [-58.59390779688473, -34.44927743816404], [-58.59391121000597, -34.448994538306955], [-58.59395350089949, -34.44888477011263], [-58.59463316308735, -34.448836294277], [-58.59487468731553, -34.448895942878416], [-58.59519055611892, -34.4488208118381], [-58.595403431691544, -34.44846978063725], [-58.59542715424977, -34.44838584359383], [-58.59210227589458, -34.44764854684153], [-58.5900671586533, -34.44720098063927], [-58.5846995791155, -34.44604238760048], [-58.5836858828172, -34.4457603653481], [-58.58244574962381, -34.44555439535116], [-58.58125125318913, -34.44529277912326], [-58.58043884694083, -34.445126368420425], [-58.580299227610375, -34.44501898626458], [-58.58015381625618, -34.44491574422625], [-58.579517912290314, -34.44447250077362], [-58.578961661692276, -34.44407905331604], [-58.57851013418227, -34.443727945624225], [-58.577586221249184, -34.4430469211951], [-58.577421225258114, -34.44292001218693], [-58.576947734039386, -34.44257205238034], [-58.57493808246989, -34.44107876490405], [-58.57429232945314, -34.44059445294888], [-58.573543153535006, -34.440022934739275], [-58.57251687821022, -34.439456954559404], [-58.57171130672173, -34.43894039945767], [-58.57097215765391, -34.43837846736057], [-58.57051308980537, -34.43799092387255], [-58.57010748453725, -34.43764259517741], [-58.56861230827866, -34.436647995544725], [-58.56900732489357, -34.43623175628201], [-58.56899233568421, -34.43621735922699], [-58.56830049511565, -34.43570324148804], [-58.567393736049745, -34.43501421156551], [-58.56669731754074, -34.43449081879886], [-58.566640767835715, -34.43445590623181], [-58.56583174803565, -34.433826765112336], [-58.56358142816997, -34.43214784336927], [-58.56204222987108, -34.43097972333078], [-58.56187838637753, -34.43087084133671], [-58.56169763872463, -34.43101256942188], [-58.56018095192923, -34.42980536296639], [-58.559214966714194, -34.427926336581834], [-58.55890093710195, -34.42646017102198], [-58.55857402409094, -34.42425626146046], [-58.55772849785255, -34.42470780804522], [-58.55611068933918, -34.42585352692802], [-58.554700683038575, -34.426553594376564], [-58.55298174888486, -34.42734257262365], [-58.55122043430258, -34.42811994085679], [-58.55029831737607, -34.42851730857236], [-58.54933444944042, -34.42895704654263], [-58.548344211434014, -34.429449083337104], [-58.547452643381895, -34.429929183937425], [-58.547048249644654, -34.43011559838021], [-58.546459480869245, -34.4303626077064], [-58.54544063457019, -34.43074951215027], [-58.544567699313575, -34.4310509880732], [-58.54360695076784, -34.4312122651155], [-58.54255641483198, -34.431498341484975], [-58.54146252769935, -34.43184465912788], [-58.54056420549191, -34.43224789904388], [-58.53990849277273, -34.432697471266856], [-58.53980421743648, -34.43277195803038], [-58.53863590615016, -34.43385961357563], [-58.53799365704372, -34.43455265237966], [-58.537306547761226, -34.435413689091014], [-58.53608361778041, -34.43692934448843], [-58.53578434719715, -34.437243496077585], [-58.535222062844085, -34.43773921592034], [-58.533619786165254, -34.439038328174064], [-58.53231026437451, -34.44000490081969], [-58.530975844652716, -34.4409160051338], [-58.52962992463137, -34.441682592874585], [-58.52578812486602, -34.443306793830004], [-58.52265114729898, -34.44444847258124], [-58.52124525888092, -34.44479337256011], [-58.517413867422384, -34.44533049881186], [-58.516762304104915, -34.44697095985962], [-58.51823509383451, -34.44769519249777], [-58.51972559001871, -34.44843397880569], [-58.520608193908124, -34.448874725689144], [-58.523592298383065, -34.450379380781925], [-58.52381855444729, -34.45048765958438], [-58.52531765132529, -34.451222418530655], [-58.52757099730408, -34.45231807380546], [-58.5300485609867, -34.453697081830924], [-58.53007473518004, -34.45370767733555], [-58.53192670668898, -34.45465277443997], [-58.53282593431225, -34.4551214228415], [-58.5346567931238, -34.45606069151163], [-58.5349184476908, -34.45619808672833], [-58.53581341413171, -34.45668442757012], [-58.53595268510679, -34.45676487650578], [-58.53627318978644, -34.45694183123096], [-58.536297868155174, -34.45693885294747], [-58.53632514224365, -34.45696748901849], [-58.53634362555666, -34.45697311748023], [-58.54005642048549, -34.45873783464936], [-58.5471069180979, -34.462068706535824], [-58.550460374384805, -34.463640340298525], [-58.55467507589145, -34.465624138683374], [-58.556180675573856, -34.46644432603813], [-58.55640273151775, -34.46657026649694], [-58.558242131302485, -34.46741985987771], [-58.563301245496156, -34.46976514323967], [-58.56424021159914, -34.470218035696476], [-58.565292023842005, -34.47071377391802], [-58.56630607433935, -34.471207194126585], [-58.56676922669361, -34.471428749644595], [-58.56839388476037, -34.47222462443136], [-58.57148556312605, -34.47369883021137], [-58.574971597004, -34.47537680584971], [-58.57511456976836, -34.47553832706215], [-58.57557662330652, -34.47562047925611], [-58.57586876378316, -34.47566079426713], [-58.57759892111376, -34.47588330934713], [-58.577921543567896, -34.47591649363155], [-58.57803086032013, -34.4761208937168], [-58.57868535325339, -34.47730226969815], [-58.57870385529169, -34.47758201098385], [-58.578923357540376, -34.47740218417121], [-58.57980592786717, -34.47782006626352], [-58.58022624301066, -34.47794459064509], [-58.58289132311946, -34.47921722794114], [-58.58374632579953, -34.47957947608981], [-58.58477348194587, -34.48001962932434], [-58.58488060445806, -34.48018794078463], [-58.586152128889545, -34.482242772643346], [-58.58805871869283, -34.48332073967299], [-58.59233912559704, -34.48544216196347], [-58.59261138096216, -34.48558458388217], [-58.593908296440866, -34.4862882688118], [-58.59393566933869, -34.486438232232224], [-58.59418713431598, -34.48657039630087], [-58.59471286218021, -34.48666984186698], [-58.59508388807938, -34.48664751340462], [-58.595404113249785, -34.486586137932214]]], [[[-58.28320883549898, -34.211268100119035], [-58.28300431512069, -34.21385180816736], [-58.28329044108873, -34.21474146184313], [-58.28350129892561, -34.2156263509829], [-58.28310926123594, -34.21612715518884], [-58.28303398837678, -34.21612239017029], [-58.28316839158237, -34.217074319927306], [-58.28391687745377, -34.217463128268285], [-58.283901816950205, -34.2182169128779], [-58.28261026357695, -34.21826543500115], [-58.282580424952826, -34.21965172322066], [-58.282865883408256, -34.22072552933753], [-58.28383925118993, -34.221434066791396], [-58.2841196601196, -34.22238625486111], [-58.28463215917625, -34.22340255101596], [-58.285220000112645, -34.22448201707064], [-58.285581856200885, -34.22537197153312], [-58.285559572469914, -34.22638137340048], [-58.285167892514764, -34.22687771248857], [-58.284925335489675, -34.22763506906167], [-58.28544580817969, -34.22827000768637], [-58.28626071626629, -34.22929196449143], [-58.28731097397618, -34.22981217212905], [-58.28805779818269, -34.23051533540021], [-58.28934807063415, -34.230659864872806], [-58.29040517014866, -34.23092889973761], [-58.29184649721961, -34.231136868252314], [-58.29298828647597, -34.23083619347503], [-58.29391514700738, -34.23028381411913], [-58.29461134917982, -34.229474247995824], [-58.294724267376196, -34.22776973043636], [-58.29504845794867, -34.22682882149622], [-58.294679297322745, -34.22619450050437], [-58.293766068770545, -34.22624458751142], [-58.29424234943597, -34.22517852075184], [-58.294271720221076, -34.223913483648715], [-58.29459659551315, -34.22284682810877], [-58.29507424279804, -34.22152926092751], [-58.29517068375778, -34.22077162616616], [-58.294961099673394, -34.219635245964575], [-58.29459915113404, -34.21874530933837], [-58.29385129537911, -34.21823081248066], [-58.29363926864242, -34.21753454509733], [-58.293730685263014, -34.21671369953694], [-58.29450173275729, -34.21603015708692], [-58.29501469321497, -34.216983547898415], [-58.295550855234715, -34.216738897778995], [-58.29533951520553, -34.21591688535222], [-58.29497611115787, -34.21522003790983], [-58.294620600015726, -34.21414182397388], [-58.294856174186464, -34.213577177343105], [-58.29582959103395, -34.21428562098769], [-58.29656891322637, -34.215365623680746], [-58.296773083562755, -34.216443256152324], [-58.297128278756055, -34.21758434228371], [-58.297724841608385, -34.218156648667275], [-58.29871256601961, -34.21823702256345], [-58.29932441546344, -34.21799264427935], [-58.29994337288372, -34.217434233153504], [-58.30071230819206, -34.21712788838151], [-58.30185249944549, -34.217078595811586], [-58.302767701373845, -34.21665118923193], [-58.30384570654153, -34.216099276128126], [-58.305145376168895, -34.21554786618214], [-58.30562040652723, -34.21467034989124], [-58.306323432888405, -34.21354665059916], [-58.30700955004109, -34.21355400752898], [-58.30789215779131, -34.21502036827957], [-58.30901777031966, -34.21560353937177], [-58.31038459909263, -34.21555947625593], [-58.31138693694692, -34.215065614189214], [-58.31247436854253, -34.21381786016988], [-58.313992805665514, -34.21365302810959], [-58.3160450708279, -34.21374196106011], [-58.31756325009674, -34.213698367433324], [-58.31917888602375, -34.212587158109784], [-58.32056047931151, -34.211847548155916], [-58.32322473191578, -34.211570564756144], [-58.32506567427374, -34.210774461164696], [-58.32653086015024, -34.209532369617214], [-58.32853870781074, -34.207794269109186], [-58.32939916568214, -34.20654104192457], [-58.329194479348374, -34.205405001224875], [-58.32818157073842, -34.202991618084425], [-58.32735091796615, -34.202791095422015], [-58.32705659084491, -34.202282876557945], [-58.326859988320685, -34.20070257257003], [-58.32603701063402, -34.200062247032484], [-58.3259854194631, -34.198670774999236], [-58.325305427441485, -34.198538127197025], [-58.32489022477604, -34.19644987613148], [-58.323924023194365, -34.195364741177606], [-58.32319022467712, -34.19428075280163], [-58.32215581578728, -34.19287683016872], [-58.321334253313715, -34.191984983628636], [-58.321054092165944, -34.190907085954706], [-58.32008065560334, -34.19019885261165], [-58.31941682361515, -34.18911925460316], [-58.31843607460628, -34.18878792866729], [-58.31708437795242, -34.188078312059325], [-58.31542344241988, -34.187677156342495], [-58.31422418474623, -34.186837845490054], [-58.312653361560564, -34.18574598311139], [-58.311461319051276, -34.18565736343604], [-58.30998149890926, -34.18652996708567], [-58.308527060264474, -34.18688750620858], [-58.307613244047005, -34.18712638044736], [-58.30653357290506, -34.18799722033308], [-58.30491834050414, -34.18910830278842], [-58.30360496517378, -34.190287829238464], [-58.30144721226158, -34.19177343992132], [-58.29967479690273, -34.192946399489095], [-58.298587528908314, -34.19419404984451], [-58.29856513908338, -34.19526635050437], [-58.29931181969494, -34.195969415889586], [-58.298684504325834, -34.19703496147073], [-58.29795381238855, -34.19544787354608], [-58.297199354869136, -34.19518457709409], [-58.296586989169896, -34.19555471331434], [-58.289589960521894, -34.1998745334941], [-58.28866882996737, -34.20042726158876], [-58.28863945237927, -34.2016922874293], [-58.28748413756263, -34.20255814536577], [-58.28672251783152, -34.20260880157099], [-58.28617781128924, -34.20336052681274], [-58.28608600664637, -34.20424423114467], [-58.28491667135452, -34.20567522607592], [-58.28433422965458, -34.20819459099931], [-58.283799943979986, -34.20818323946847], [-58.28341368557883, -34.208621517857836], [-58.283095573553865, -34.20943698398796], [-58.28320883549898, -34.211268100119035]]], [[[-58.473922759123916, -34.31216050746373], [-58.47292512293568, -34.31247628321513], [-58.471730760495774, -34.31251029371736], [-58.47089916794434, -34.31338898606934], [-58.47075566505594, -34.314323696446486], [-58.473136005283486, -34.31477189322727], [-58.47236173915253, -34.31585633534619], [-58.472267879085805, -34.317625370188885], [-58.47325034895177, -34.31883637595976], [-58.47418089039482, -34.31963078586935], [-58.476180685341554, -34.32012730648491], [-58.47795440268046, -34.31952245594488], [-58.4795242093878, -34.319439685304445], [-58.481802307624996, -34.31873561855925], [-58.484244284698946, -34.31738110482457], [-58.484649942031545, -34.317024209839886], [-58.48788757733907, -34.31422244188202], [-58.49128671183553, -34.31194276874688], [-58.49191034316404, -34.31150941793093], [-58.49486900656645, -34.30949004712185], [-58.499869724798394, -34.30561479207403], [-58.504289295241655, -34.30190573753669], [-58.50504882113403, -34.300101206536894], [-58.50399337218787, -34.29827935238947], [-58.50130460972646, -34.295984009482154], [-58.499096535900605, -34.29482357966972], [-58.496978974778365, -34.29480100970218], [-58.49579359668607, -34.29543344533998], [-58.493077202283445, -34.29708137660855], [-58.490486841730096, -34.297955172303], [-58.48829971617747, -34.29834603235635], [-58.48557522824505, -34.2983891704977], [-58.483558037371196, -34.29836356239572], [-58.48080906948062, -34.298589305679364], [-58.4791648234829, -34.299053945559315], [-58.47747212844309, -34.2999379366284], [-58.47574011337627, -34.3010486287465], [-58.4745453625745, -34.302295834501614], [-58.472267636186615, -34.30396586044307], [-58.47027863284401, -34.30597720122441], [-58.47088798709191, -34.3070303469263], [-58.47018092706162, -34.30806051945905], [-58.47073181398945, -34.308800018109736], [-58.47261688038288, -34.30882218667045], [-58.47365263046479, -34.30711585598642], [-58.47533689386594, -34.307866958350935], [-58.47632584798482, -34.30876380438123], [-58.47744674881768, -34.30945761017908], [-58.478324467648875, -34.30984432474275], [-58.478553887525216, -34.31066728385839], [-58.47760805952748, -34.310707717700204], [-58.47684213460669, -34.311428755091725], [-58.475641827243244, -34.31183088650378], [-58.47482294084044, -34.31187464711882], [-58.473922759123916, -34.31216050746373]]], [[[-58.32891921008075, -34.1924039268307], [-58.32974150820603, -34.19316997953535], [-58.3304134453036, -34.19374686539052], [-58.331545652306154, -34.194078639699626], [-58.332518923664715, -34.194849677208104], [-58.333267838020184, -34.195175307571176], [-58.33457176426475, -34.19474960480174], [-58.33481459911778, -34.19374503257187], [-58.335144795329285, -34.19255276553264], [-58.334858123813774, -34.19166317009642], [-58.334041794261175, -34.19077173097226], [-58.33275299682911, -34.19049752826883], [-58.33201204760359, -34.18966922135816], [-58.33264618136117, -34.18822651321666], [-58.332607422932035, -34.18639556528337], [-58.331708851859354, -34.18575502724773], [-58.331422545922514, -34.18480255452624], [-58.33108885779256, -34.182589160904634], [-58.32996376975353, -34.181943356653846], [-58.33000894420799, -34.179547126124135], [-58.329269464741614, -34.17852572125973], [-58.3296680025236, -34.17771065986654], [-58.3296002717316, -34.1772077177464], [-58.32924531629206, -34.175940935852964], [-58.329373249456005, -34.17524812945575], [-58.328588809122, -34.17454287396285], [-58.328730359486975, -34.17328485313417], [-58.32949309536227, -34.17304079568712], [-58.33028965114086, -34.17301899879039], [-58.33071564252072, -34.17261448830582], [-58.33121623906094, -34.172340460147616], [-58.33134161597288, -34.171616041212246], [-58.33074135480735, -34.17132222436472], [-58.33030378341623, -34.17036923051624], [-58.32964244459435, -34.16932129902053], [-58.32897931632393, -34.16817441478697], [-58.32869202196819, -34.16735216837251], [-58.3288572337114, -34.16672460365245], [-58.32882825270767, -34.1661522173094], [-58.328453924836715, -34.16598940743893], [-58.328203303821844, -34.16535815742581], [-58.32783161311454, -34.16475074190816], [-58.32719687099595, -34.16430199439978], [-58.326439382323805, -34.16413305122074], [-58.32569424226198, -34.16365039711326], [-58.3247858036321, -34.163418037349146], [-58.3238003624455, -34.16337850091885], [-58.32255570136678, -34.16499838551743], [-58.321991281344125, -34.166566723884856], [-58.32134420024147, -34.168448830159946], [-58.321080279307274, -34.17033708072924], [-58.32174362582979, -34.17142111975677], [-58.32163830610913, -34.172932991212974], [-58.32283853341754, -34.173641992608786], [-58.32381881870439, -34.17403613777829], [-58.324785791716366, -34.1749326113367], [-58.32341928387306, -34.175039803527866], [-58.322348948481334, -34.17527793710836], [-58.321579831589396, -34.1757102340002], [-58.321104282956384, -34.176776493788374], [-58.32117131230114, -34.17740518583602], [-58.32071137337462, -34.17752897878268], [-58.319813073864104, -34.176946786466566], [-58.31882569462969, -34.176808238591505], [-58.31784475644053, -34.17653980325559], [-58.31708229484381, -34.176720902895575], [-58.31653242442366, -34.17759377001502], [-58.315980489308615, -34.178785477538725], [-58.3159512656694, -34.18011344256525], [-58.316237790218125, -34.181061459117096], [-58.31675186617889, -34.18182613611619], [-58.319581869693536, -34.184641535007685], [-58.323159235730586, -34.188096953190474], [-58.3265705245738, -34.1923100783772], [-58.3273937648341, -34.19288751399619], [-58.32793805054325, -34.19213554430914], [-58.32870690300393, -34.19170769011049], [-58.32891921008075, -34.1924039268307]]], [[[-58.32356682641925, -34.23271201697988], [-58.325107520786595, -34.231596025473756], [-58.32626264681152, -34.23079268709041], [-58.32710131687996, -34.230611866194074], [-58.328226224238996, -34.23132512524137], [-58.32951666171801, -34.231469237739], [-58.32984221363349, -34.230272210532966], [-58.32956190672326, -34.2291943012066], [-58.32966833139401, -34.22749378388876], [-58.329252035801616, -34.225594145213606], [-58.328730553673, -34.22508510587579], [-58.328738949063634, -34.22457796319327], [-58.32959091184931, -34.22389477802165], [-58.32953761498999, -34.22275927252568], [-58.330106087783, -34.21326160589315], [-58.32980000333015, -34.21323785698961], [-58.328810228120666, -34.213476591473515], [-58.327574004395004, -34.21434225759908], [-58.32626010832765, -34.21558489540523], [-58.324698301767214, -34.217647540223005], [-58.32392042427632, -34.218645348845065], [-58.32305907234648, -34.220024261473505], [-58.32219974972649, -34.22108431672881], [-58.32240400498869, -34.22228323746711], [-58.321618275184576, -34.22366240618415], [-58.3209236921277, -34.224220665491806], [-58.3200787831599, -34.224648148163304], [-58.31886277026797, -34.224697322723024], [-58.31802523196719, -34.224747873954726], [-58.31634874079553, -34.2250420519566], [-58.31481657008478, -34.22565080233027], [-58.31306300934318, -34.22619615157827], [-58.31160581688814, -34.22693088625412], [-58.31128888037218, -34.227557829033195], [-58.30990727980931, -34.22823441230085], [-58.309062968141525, -34.22853605563886], [-58.30904027534276, -34.22967124926374], [-58.31038295298064, -34.23107678735897], [-58.310957294907055, -34.23266296785391], [-58.31163710707608, -34.232800197234376], [-58.31218756834745, -34.23198581699994], [-58.31252002917257, -34.23047930069233], [-58.313298913078825, -34.22941425655146], [-58.31450649988988, -34.229872277518545], [-58.316770654809595, -34.23072485480936], [-58.3183563798504, -34.23118870511378], [-58.31909000613458, -34.232335633025755], [-58.31960232799193, -34.233477598043756], [-58.320419480952886, -34.23424341743922], [-58.32116624798391, -34.23495088618702], [-58.32170114927477, -34.23495762962906], [-58.32210146266543, -34.2338911356819], [-58.32356682641925, -34.23271201697988]]], [[[-58.48639559144972, -34.29699742775678], [-58.48917672433986, -34.297137492958804], [-58.49067303242768, -34.297054507675874], [-58.49203953457914, -34.29645575746333], [-58.49394338730445, -34.29575080990435], [-58.49440603374966, -34.295329984314534], [-58.49502217483756, -34.29467597368981], [-58.49665178973844, -34.29382826924004], [-58.49841064659907, -34.29332100661579], [-58.49832087382157, -34.29150915476947], [-58.49675391897428, -34.28938615741134], [-58.49521006655146, -34.287853194715964], [-58.49293303431051, -34.286014427257214], [-58.49090852040782, -34.285166236517036], [-58.4892146267902, -34.28482816766372], [-58.4868998167531, -34.28531899219659], [-58.48601408719201, -34.286082145606485], [-58.48450980046072, -34.28652854991479], [-58.48318766830456, -34.28723779747711], [-58.48167178786882, -34.28856862404194], [-58.48202832289825, -34.289453337030025], [-58.48270420233016, -34.28976464301148], [-58.48401749839583, -34.289728851559396], [-58.48418540642864, -34.29066482829018], [-58.48342917314412, -34.29122026916619], [-58.48361134890292, -34.291483133949995], [-58.48447991148256, -34.29169848142268], [-58.484583144348385, -34.29254060242092], [-58.4843275736985, -34.293248254465745], [-58.483129557778234, -34.29396065886067], [-58.48236508374805, -34.29487953814159], [-58.48234341871859, -34.296118347519894], [-58.482834130339256, -34.29659346690544], [-58.484508055208096, -34.29697534217232], [-58.48639559144972, -34.29699742775678]]], [[[-58.33841957328892, -34.23467987493732], [-58.338813983495974, -34.233675836675964], [-58.33799600128589, -34.23303587495253], [-58.337815198400556, -34.23050859572721], [-58.338608062609154, -34.22875236625001], [-58.33939993155093, -34.227184760655646], [-58.34134794829593, -34.22456212077432], [-58.342531475724286, -34.22249344657539], [-58.344139145720206, -34.221884571828646], [-58.34646337222156, -34.219581976231495], [-58.34678157989284, -34.21864050873255], [-58.34664478601747, -34.2179445337488], [-58.344998293670116, -34.216722473023616], [-58.34401669409517, -34.2163957644579], [-58.34234143396388, -34.21656011342532], [-58.34106445345761, -34.21591381664017], [-58.33985685645649, -34.21545606788571], [-58.33888235168344, -34.2148736817985], [-58.33811194247224, -34.21549467918308], [-58.33763754034285, -34.21630949033789], [-58.338082395539644, -34.217006860371775], [-58.33608271267718, -34.218179556014455], [-58.335380235562745, -34.21918218860331], [-58.33381600731965, -34.21978918379633], [-58.333583918603345, -34.221742382516865], [-58.33377460020691, -34.223448115146084], [-58.33427175340941, -34.22541123386904], [-58.33483956468681, -34.22731140558142], [-58.33534566835735, -34.22858321259202], [-58.335405377066444, -34.229530432353414], [-58.334780170256074, -34.230277338314316], [-58.334894513406354, -34.23210856147507], [-58.33455438350941, -34.23405946268232], [-58.33460675605715, -34.235383607936], [-58.33542270536307, -34.23634244639784], [-58.33662484833946, -34.23686281576995], [-58.33784065675966, -34.23681795232336], [-58.33816379739898, -34.2360026230985], [-58.33841957328892, -34.23467987493732]]], [[[-58.33200648888108, -34.16906108752295], [-58.33155771434065, -34.16888462117546], [-58.331735466451676, -34.168356677443285], [-58.33226218186502, -34.16815167443441], [-58.332448775772825, -34.167467042439334], [-58.332539981646626, -34.16658323119224], [-58.33236948015145, -34.16566500112894], [-58.33224101575205, -34.1644034798372], [-58.33218409043639, -34.163424998870745], [-58.331888879672874, -34.163105437641725], [-58.33194123516002, -34.160390681597555], [-58.33281890545283, -34.16024816324317], [-58.33311064199929, -34.1607247457787], [-58.333714094620234, -34.16098280486397], [-58.33372229635875, -34.16249734192572], [-58.33429436464744, -34.16250633142611], [-58.33408810269962, -34.1612084742804], [-58.33428771509729, -34.16067740584859], [-58.333955824753296, -34.16016685423468], [-58.33385613188117, -34.159599009562534], [-58.33469017950674, -34.15957952989626], [-58.33545970330756, -34.15902136555747], [-58.336346339094256, -34.15830432337674], [-58.33704397560395, -34.15752598450627], [-58.33832503180696, -34.15615530449855], [-58.33894353843407, -34.15553371926406], [-58.339946502961304, -34.15472511114384], [-58.34007489751818, -34.15390652087673], [-58.3404354607703, -34.15303062177428], [-58.34120549686408, -34.1523466513476], [-58.341487668034674, -34.15156017370011], [-58.341124027854335, -34.15086344991037], [-58.339870464563234, -34.15032651190771], [-58.339383731390356, -34.15039030217743], [-58.33849318440402, -34.1506758332387], [-58.33811823349557, -34.151353145184984], [-58.33713478318091, -34.15194731738465], [-58.336470296910385, -34.15224253530002], [-58.33572783475165, -34.15262270443785], [-58.33441102066967, -34.15307910373682], [-58.33344742602488, -34.15345435047642], [-58.333145335346416, -34.15398347143674], [-58.332228588018815, -34.15419991597105], [-58.33130077675094, -34.15447855464506], [-58.33070525692094, -34.15502516693667], [-58.33000786801417, -34.15597869396643], [-58.32864031399026, -34.157348329584934], [-58.32840360464927, -34.15822747847188], [-58.32822282269912, -34.16027373283491], [-58.32789567174321, -34.162027747265], [-58.3279991092219, -34.16291031358154], [-58.32858935987156, -34.163729146768326], [-58.32916657192737, -34.16439440872533], [-58.32961400407097, -34.16506049433073], [-58.32981671893435, -34.16598075130793], [-58.33041675983137, -34.166692370913246], [-58.33073270260003, -34.16785336302332], [-58.33066491314038, -34.16865777621057], [-58.331000327650194, -34.16930783186865], [-58.33119958224715, -34.16985048945569], [-58.33151892578519, -34.170261424053486], [-58.332096825449575, -34.17026630177112], [-58.332360434906036, -34.16992345943966], [-58.33236011230783, -34.169451711393755], [-58.33200648888108, -34.16906108752295]]], [[[-58.34702448328968, -34.092878304534366], [-58.34660550838213, -34.09559706142296], [-58.34497401607788, -34.098406040390984], [-58.34539369297012, -34.10062925636806], [-58.34588884118921, -34.101244339721205], [-58.346974681286916, -34.10165833300205], [-58.34748292583321, -34.100459195729705], [-58.350331825617644, -34.09756471016079], [-58.35097592668248, -34.09575856726031], [-58.350932938593814, -34.09151928430392], [-58.350759773885514, -34.087882853991694], [-58.35008557967388, -34.08524835909242], [-58.35030688350188, -34.07999681788811], [-58.3498558409237, -34.07847700623175], [-58.348774419209064, -34.07765899871205], [-58.348141462358825, -34.07916482251553], [-58.34773389587118, -34.08128228524489], [-58.34767617816876, -34.08430671790785], [-58.34714440762428, -34.08672189581389], [-58.34798123451706, -34.0874392413758], [-58.34732721838108, -34.089653576652395], [-58.34702448328968, -34.092878304534366]]], [[[-58.26880110523686, -34.224883780321974], [-58.26638105266126, -34.22538165524308], [-58.265899921032855, -34.22584978545722], [-58.26405860623081, -34.22658199872343], [-58.262954653481565, -34.228587420172616], [-58.261858693007, -34.230211480759344], [-58.260794441933456, -34.23019781387776], [-58.26000960051767, -34.23132049075041], [-58.26028019264369, -34.23296392586274], [-58.25978809961251, -34.23472514271957], [-58.26082752591716, -34.23612540067099], [-58.261956104951636, -34.23273790823394], [-58.26302039049765, -34.23275156930725], [-58.26327535219582, -34.23515322892424], [-58.26355440182771, -34.23629404882649], [-58.265246467890286, -34.2353053021334], [-58.2669755196805, -34.23267913801823], [-58.26885079431354, -34.22993193688733], [-58.27009726863232, -34.22843415165765], [-58.270580339296416, -34.227179949384684], [-58.27046091545188, -34.22553712740049], [-58.26880110523686, -34.224883780321974]]], [[[-58.25230979574814, -34.20710706087413], [-58.25088866623646, -34.20973910515074], [-58.25022377265024, -34.21237877428754], [-58.24972476972326, -34.21439107076306], [-58.25106535921927, -34.21592283592989], [-58.252878057989406, -34.21620427122072], [-58.25488703564582, -34.2145888921972], [-58.257061413185795, -34.21235055425841], [-58.25862496987414, -34.2102261239802], [-58.258958203987575, -34.20871987299069], [-58.25898880459646, -34.20732917657346], [-58.25747349502733, -34.20693196218259], [-58.25564677188137, -34.207157357388056], [-58.25459853895905, -34.206385464002615], [-58.253859138054274, -34.20548942983607], [-58.25261977254495, -34.20603062398367], [-58.25230979574814, -34.20710706087413]]], [[[-58.35869402362903, -34.19853230986254], [-58.35917993390399, -34.198540292349755], [-58.359269491757395, -34.197076769531286], [-58.358182829741615, -34.1966582453388], [-58.35733509445552, -34.19664555560537], [-58.356309420641445, -34.19632967816924], [-58.35595819156403, -34.19531476524818], [-58.35506216468379, -34.19464309238407], [-58.354467112488614, -34.19393187714243], [-58.35325109727215, -34.193985926765585], [-58.35292339369345, -34.19860637902621], [-58.3533883078322, -34.19961944286217], [-58.35349097392633, -34.200632255228356], [-58.35270184045691, -34.20056929159223], [-58.35266134758444, -34.20274123929657], [-58.35411254478348, -34.20301644365695], [-58.35426817346191, -34.20427967884935], [-58.35347829311634, -34.204522177749574], [-58.35364334887679, -34.20502673029997], [-58.35504954003843, -34.20484533612698], [-58.35525743533851, -34.20666445734819], [-58.35579513896708, -34.2071744001606], [-58.35670435989719, -34.207285310565354], [-58.35769014534128, -34.20649347466729], [-58.35832102288526, -34.20544127142047], [-58.3588271798, -34.20403530534756], [-58.35934406901577, -34.202630008647475], [-58.35924790940556, -34.20136600855291], [-58.358534780228126, -34.20034639333813], [-58.35869402362903, -34.19853230986254]]], [[[-58.33408003675925, -34.14625645259084], [-58.334363892047094, -34.14723570878274], [-58.33622105344746, -34.149216806412355], [-58.340124455188445, -34.149493342437694], [-58.340247846708024, -34.14914616747391], [-58.33968998256206, -34.14844623474066], [-58.33869329682053, -34.14704485213645], [-58.33800259951019, -34.145487462713106], [-58.33749315650803, -34.14431434236913], [-58.33723934882419, -34.143777258354994], [-58.33718416160345, -34.13873304274502], [-58.33696786260587, -34.13837802073507], [-58.33613087654417, -34.13849169236037], [-58.3352793455303, -34.13930080350637], [-58.33479826707992, -34.14049258652359], [-58.334768641111054, -34.1420676417168], [-58.33437668858565, -34.142694454902376], [-58.33382593872824, -34.14376055462621], [-58.333755113675544, -34.145431858682606], [-58.33408003675925, -34.14625645259084]]], [[[-58.47073728063487, -34.2946241705208], [-58.46936391382887, -34.29424271912917], [-58.46754890269526, -34.293986713251], [-58.46643704865283, -34.294250452330616], [-58.46559509174578, -34.295065568529246], [-58.46558352545692, -34.29579724821624], [-58.466736559235194, -34.29594944222935], [-58.468277643531714, -34.296332309188266], [-58.46959375498364, -34.29680908672694], [-58.471456204262, -34.29747239043174], [-58.47300553459613, -34.29740189139638], [-58.47432826849246, -34.29723200042469], [-58.47641904121284, -34.296889366126926], [-58.4765287742537, -34.29771841110714], [-58.477472611307064, -34.29754754799059], [-58.47765199917833, -34.2965431480607], [-58.47672793362937, -34.2957087434913], [-58.47580801707858, -34.29500938721909], [-58.4744307229736, -34.29485241204097], [-58.47266613225208, -34.29478831317205], [-58.47073728063487, -34.2946241705208]]], [[[-58.4000490440484, -34.25185980406385], [-58.399284926579355, -34.251574023075555], [-58.39779618738492, -34.2514631914605], [-58.39739783499721, -34.2519190858714], [-58.396182904325485, -34.25213083468997], [-58.39606459987026, -34.25254129609552], [-58.396328147837416, -34.25309689270143], [-58.396485427133676, -34.25369078794916], [-58.39691658423427, -34.254247855635576], [-58.397062673555524, -34.25502526309816], [-58.39799128030488, -34.25558640523529], [-58.39858872564439, -34.25609992655181], [-58.39956936934799, -34.25698330366115], [-58.40015023976769, -34.25785971417838], [-58.400922474537104, -34.25823585947747], [-58.40118202634419, -34.258836129714325], [-58.40168352996129, -34.25879551461556], [-58.401812114268104, -34.25779261612968], [-58.40247938938675, -34.25729506528498], [-58.40228214118431, -34.25642461150498], [-58.40212834461264, -34.25555237397298], [-58.40164603819003, -34.25490227362816], [-58.401332704111034, -34.25411893350616], [-58.400685103810396, -34.25338214347548], [-58.40064665339112, -34.25320901350265], [-58.4000490440484, -34.25185980406385]]], [[[-58.31203052970703, -34.224414862750656], [-58.31164404020538, -34.2249745240312], [-58.31132677475413, -34.22566434291795], [-58.31215758427568, -34.22586500077867], [-58.31422595330104, -34.22501155419965], [-58.316296370842444, -34.22383922235711], [-58.31783487880579, -34.22304215933302], [-58.31853684656992, -34.222107003799586], [-58.31923316209269, -34.221292787894136], [-58.32008614723735, -34.22042104787241], [-58.32055229966079, -34.22011346716877], [-58.320360429153745, -34.219193869035394], [-58.32003297334746, -34.219285555770895], [-58.3194204888901, -34.21965579713376], [-58.31872693138195, -34.22002541918294], [-58.31834043411468, -34.22052670184921], [-58.317049201156266, -34.220571122201314], [-58.315216444767735, -34.220859933781334], [-58.31353902046084, -34.2213427076467], [-58.31284407697434, -34.221963791098254], [-58.31298024426469, -34.2227226424174], [-58.31311607489712, -34.223544369049684], [-58.31203052970703, -34.224414862750656]]], [[[-58.329365675825564, -34.235377345383604], [-58.32952541087945, -34.23481233613967], [-58.32965265606488, -34.232290969448286], [-58.329054689079435, -34.23244202978429], [-58.32856482915743, -34.23360175624003], [-58.32755373613989, -34.23478258141034], [-58.32707843475682, -34.23572307561353], [-58.32694332272286, -34.23862581604686], [-58.32769059249873, -34.239328790180615], [-58.32852861444373, -34.23921531422594], [-58.32878587138091, -34.23764110125804], [-58.32918480752417, -34.23682608069238], [-58.329365675825564, -34.235377345383604]]], [[[-58.47439545194421, -34.28594910112998], [-58.474955597490165, -34.28558829614296], [-58.47501970913617, -34.28508451883183], [-58.47215361344857, -34.284961370559685], [-58.470000433441705, -34.28488671460294], [-58.46834957472472, -34.28491496798563], [-58.467027734515504, -34.284896145293665], [-58.465862467959056, -34.2849723624025], [-58.464698275634184, -34.28527778831084], [-58.46431151630113, -34.2855459238334], [-58.46427938420165, -34.28560234796848], [-58.464581290775556, -34.285917574876805], [-58.46540414429047, -34.285977456513386], [-58.46628868641002, -34.2858928712699], [-58.46739773253056, -34.28562895251205], [-58.468390912131774, -34.28560049403514], [-58.469605041416536, -34.285522779900894], [-58.47197609184917, -34.28555249521015], [-58.472354374490756, -34.28592184973514], [-58.47284874580362, -34.28620401803637], [-58.47367339594901, -34.286304393654575], [-58.47439545194421, -34.28594910112998]]], [[[-58.3179341934446, -34.21786842740724], [-58.31947223677779, -34.21713420245487], [-58.321907131989946, -34.214690839429295], [-58.32072742478368, -34.21487710861422], [-58.319345445365926, -34.2156795897085], [-58.318032085721626, -34.21679636765455], [-58.31579639926165, -34.218596276006075], [-58.31731392484765, -34.21862003986168], [-58.3179341934446, -34.21786842740724]]], [[[-58.36522901755136, -34.197423056176916], [-58.36465995522075, -34.19761656068299], [-58.364191894644236, -34.19830609992314], [-58.36408809428406, -34.19962946455428], [-58.36399055187103, -34.200764523988475], [-58.36497268016452, -34.20096529562618], [-58.365076472430104, -34.1996419286174], [-58.36577027919753, -34.19914622979792], [-58.36522901755136, -34.197423056176916]]], [[[-58.32653191686642, -34.213256840928054], [-58.32753480579361, -34.21263707539851], [-58.327129249758485, -34.212162287600115], [-58.32570826450678, -34.21280065942103], [-58.324099631779795, -34.213539514668184], [-58.32332278200292, -34.214348695036385], [-58.324538977097966, -34.21423657878275], [-58.32508174550421, -34.21374061688373], [-58.32653191686642, -34.213256840928054]]], [[[-58.367662444257235, -34.199269161352234], [-58.36749221887576, -34.20043112758608], [-58.367621758903056, -34.20156692776787], [-58.368912774068114, -34.20152192549662], [-58.36879005537979, -34.200072056151384], [-58.36819403383481, -34.19936982252193], [-58.367662444257235, -34.199269161352234]]], [[[-58.32168433806993, -34.21665805823234], [-58.323285621282196, -34.21623775544882], [-58.32426350484799, -34.214825741963566], [-58.32308233809512, -34.214850207801824], [-58.32168433806993, -34.21665805823234]]], [[[-58.32857697158024, -34.209688083861074], [-58.327800269428124, -34.20966616726958], [-58.32727888893961, -34.21004668134734], [-58.3267344499734, -34.21079863140352], [-58.325957979407086, -34.211544959054415], [-58.326410696905036, -34.211739681658045], [-58.32726284959994, -34.21099362108721], [-58.328108961000495, -34.21037296757507], [-58.32857697158024, -34.209688083861074]]]]}}, {"type": "Feature", "properties": {"CODIGO": "06756", "NOMBRE": "San Isidro", "CODPROV": "06", "PROV": "Buenos Aires", "SUPERFICIE": 52.284, "LATITUD_CE": -34.486968, "LONGITUD_C": -58.537441}, "geometry": {"type": "MultiPolygon", "coordinates": [[[[-58.56644250390198, -34.51936101666232], [-58.567528150572116, -34.518420862802735], [-58.569501023007426, -34.51669465053971], [-58.57156029522314, -34.51494222826158], [-58.57459360563146, -34.51234157560858], [-58.574939671313174, -34.51205266143315], [-58.57634918450657, -34.51082663642805], [-58.57662526626411, -34.510591858389], [-58.577626017333436, -34.509718310328445], [-58.58166239700391, -34.50621257777043], [-58.583730353406466, -34.50447841850852], [-58.58444093717043, -34.50387469164331], [-58.58504747915928, -34.503372460397344], [-58.586414126496095, -34.50219760704754], [-58.58714984672993, -34.50155495146838], [-58.589358131531384, -34.49961354046816], [-58.590756190041816, -34.49832820091528], [-58.59311761274586, -34.496310665939], [-58.59487480993973, -34.494800004399764], [-58.600163640278396, -34.490161038778005], [-58.599939631982345, -34.48953623817361], [-58.59967529746835, -34.4889988578589], [-58.59936930180469, -34.48801405245541], [-58.5992981856313, -34.48762325343121], [-58.59935717382539, -34.48732576044745], [-58.59913650817818, -34.48675508875896], [-58.599117069956094, -34.486362943309295], [-58.598085357612575, -34.486430425522286], [-58.59564496953764, -34.48634916117123], [-58.59560503565106, -34.48643211011748], [-58.595404113249785, -34.486586137932214], [-58.59508388807938, -34.48664751340462], [-58.59471286218021, -34.48666984186698], [-58.59418713431598, -34.48657039630087], [-58.59393566933869, -34.486438232232224], [-58.593908296440866, -34.4862882688118], [-58.59261138096216, -34.48558458388217], [-58.59233912559704, -34.48544216196347], [-58.58805871869283, -34.48332073967299], [-58.586152128889545, -34.482242772643346], [-58.58488060445806, -34.48018794078463], [-58.58477348194587, -34.48001962932434], [-58.58374632579953, -34.47957947608981], [-58.58289132311946, -34.47921722794114], [-58.58022624301066, -34.47794459064509], [-58.57980592786717, -34.47782006626352], [-58.578923357540376, -34.47740218417121], [-58.57870385529169, -34.47758201098385], [-58.57868535325339, -34.47730226969815], [-58.57803086032013, -34.4761208937168], [-58.577921543567896, -34.47591649363155], [-58.57759892111376, -34.47588330934713], [-58.57586876378316, -34.47566079426713], [-58.57557662330652, -34.47562047925611], [-58.57511456976836, -34.47553832706215], [-58.574971597004, -34.47537680584971], [-58.57148556312605, -34.47369883021137], [-58.56839388476037, -34.47222462443136], [-58.56676922669361, -34.471428749644595], [-58.56630607433935, -34.471207194126585], [-58.565292023842005, -34.47071377391802], [-58.56424021159914, -34.470218035696476], [-58.563301245496156, -34.46976514323967], [-58.558242131302485, -34.46741985987771], [-58.55640273151775, -34.46657026649694], [-58.556180675573856, -34.46644432603813], [-58.55467507589145, -34.465624138683374], [-58.550460374384805, -34.463640340298525], [-58.5471069180979, -34.462068706535824], [-58.54005642048549, -34.45873783464936], [-58.53634362555666, -34.45697311748023], [-58.53632514224365, -34.45696748901849], [-58.536297868155174, -34.45693885294747], [-58.53627318978644, -34.45694183123096], [-58.53595268510679, -34.45676487650578], [-58.53581341413171, -34.45668442757012], [-58.5349184476908, -34.45619808672833], [-58.5346567931238, -34.45606069151163], [-58.53282593431225, -34.4551214228415], [-58.53192670668898, -34.45465277443997], [-58.53007473518004, -34.45370767733555], [-58.5300485609867, -34.453697081830924], [-58.52757099730408, -34.45231807380546], [-58.52531765132529, -34.451222418530655], [-58.52381855444729, -34.45048765958438], [-58.523592298383065, -34.450379380781925], [-58.520608193908124, -34.448874725689144], [-58.51972559001871, -34.44843397880569], [-58.51823509383451, -34.44769519249777], [-58.516762304104915, -34.44697095985962], [-58.515199667932116, -34.4471578503615], [-58.5137637609376, -34.44714133050501], [-58.51288583606519, -34.447253522762274], [-58.51106222178303, -34.447568075826915], [-58.51024115456879, -34.447620842166174], [-58.50986252984455, -34.44766940981881], [-58.50803959389091, -34.4480064244554], [-58.50560841092763, -34.449227071305074], [-58.50511559245226, -34.44952021632846], [-58.50455901610597, -34.44985885576573], [-58.50621014720224, -34.45273311447212], [-58.50596109251007, -34.45296939394883], [-58.504794936327016, -34.45411521962011], [-58.50477163787477, -34.454163210978166], [-58.5047279655309, -34.454196465688234], [-58.50468199740328, -34.45422508536592], [-58.50464291648684, -34.45426761006008], [-58.50461703428237, -34.454283987901235], [-58.50459465254674, -34.454291594683085], [-58.504545183838715, -34.4543289853475], [-58.50450650438501, -34.45436704129427], [-58.50447201478803, -34.45441883594168], [-58.50443832832108, -34.45446169319991], [-58.50441193062082, -34.45451398680648], [-58.504383237144935, -34.454561645386185], [-58.50434415590228, -34.454604169943075], [-58.50426037086625, -34.454751780591835], [-58.504202983500825, -34.45484709762377], [-58.50417199403254, -34.454890121102636], [-58.504138307188846, -34.45493297823191], [-58.50409383094131, -34.45497516999316], [-58.504059742401324, -34.4550224957735], [-58.504016069302814, -34.455055750130164], [-58.50393830750783, -34.45513633019735], [-58.50385055942716, -34.45520730745455], [-58.503816470640835, -34.455254633135674], [-58.50379317121321, -34.455302624189194], [-58.503759483985796, -34.455345481165445], [-58.5037307897862, -34.45539313950358], [-58.50372384775064, -34.45550055414482], [-58.50372287537932, -34.45566225832548], [-58.50371863061019, -34.4557698393117], [-58.503708416112076, -34.455823130752265], [-58.50368511640403, -34.45587112175556], [-58.50327638614512, -34.45634468658801], [-58.50314857706875, -34.45640869897502], [-58.50296877233896, -34.456568360042745], [-58.502853589712, -34.456763460786924], [-58.502606865855654, -34.45709423803012], [-58.5024411769405, -34.4573985590671], [-58.50235388387822, -34.45776613040642], [-58.50231812834775, -34.45795264951625], [-58.5021646610347, -34.45818133535069], [-58.50212638026921, -34.45821492149791], [-58.50205400819582, -34.45829583251769], [-58.50204149637402, -34.4583444885784], [-58.50201819477777, -34.458392479041045], [-58.5020187683339, -34.45844643574814], [-58.50197968381548, -34.45848895914272], [-58.50187344992087, -34.45855430082124], [-58.50184016195266, -34.458592688302716], [-58.501813760913834, -34.45864498095469], [-58.50179585397052, -34.45869330415521], [-58.501782940103936, -34.458746428817825], [-58.50178351346573, -34.45880038550608], [-58.50182592556944, -34.45890185765453], [-58.50187723371477, -34.4589948917006], [-58.50188899873808, -34.459045045357136], [-58.50188228334153, -34.459089565525225], [-58.50184279659902, -34.45913655748359], [-58.50178683837401, -34.45915557263667], [-58.50173736530017, -34.459192961608196], [-58.5017090700855, -34.45923615048408], [-58.50169345854946, -34.45928910870892], [-58.50168593938869, -34.45934256615976], [-58.50168651261824, -34.45939652284014], [-58.50163514549787, -34.45942480802547], [-58.501499468414686, -34.4594254246779], [-58.50145659545577, -34.459449740367866], [-58.50143329311084, -34.459497730632556], [-58.501429215455545, -34.45966373643139], [-58.50141899857043, -34.459717027421334], [-58.50139626909224, -34.45981897432314], [-58.501373368403456, -34.45986249590647], [-58.50135505898423, -34.45991528762437], [-58.50131057836202, -34.4599574778274], [-58.501281880767856, -34.46000513519046], [-58.50120451294228, -34.460081243895196], [-58.501183505856304, -34.46013386914258], [-58.50114482185129, -34.46017192345826], [-58.50107124129699, -34.46026623948569], [-58.50102193802447, -34.460362053310526], [-58.50098285196697, -34.4604045761979], [-58.500954153995785, -34.46045223343823], [-58.50092006098857, -34.46049955780373], [-58.5008414867112, -34.46058907210957], [-58.50081588795876, -34.46063242708704], [-58.50074270843985, -34.4607222741676], [-58.500698628920375, -34.460759995404295], [-58.500669930636924, -34.4608076525397], [-58.50064662733517, -34.460855642542924], [-58.50064530597579, -34.46090049541428], [-58.50066246530912, -34.460950982006345], [-58.50027487475353, -34.46121914014507], [-58.500160257325035, -34.46125700205927], [-58.50007450867968, -34.461305632121494], [-58.49997854173827, -34.46140755282919], [-58.4986913369695, -34.46187631507789], [-58.49694135116502, -34.46302645596366], [-58.495197083529334, -34.46335911843153], [-58.49399567720019, -34.463958939907364], [-58.49394138101918, -34.46588775619918], [-58.49332409113979, -34.466236063890186], [-58.49277780104154, -34.46697069404896], [-58.492593600426346, -34.46787147857356], [-58.4923509725949, -34.467914904622056], [-58.49218536444493, -34.46878987626303], [-58.4918108832957, -34.46924304261577], [-58.491769154544016, -34.46997738413559], [-58.4913796857835, -34.470416142470235], [-58.4914714611406, -34.47081273969325], [-58.491067572105116, -34.471291046402726], [-58.491036688799646, -34.47130261836657], [-58.48927306580146, -34.472510199116435], [-58.48865550637663, -34.472710179341654], [-58.4871157050624, -34.47384169068301], [-58.48669434300615, -34.47424251207111], [-58.48656101324518, -34.47442748445325], [-58.48658887103493, -34.47459995592562], [-58.48571194933191, -34.47526916936114], [-58.484304202909094, -34.47661999407472], [-58.48334811148677, -34.47780552360868], [-58.482892071535495, -34.47828955831133], [-58.48235406272014, -34.47853935719638], [-58.48191109954626, -34.47902868994736], [-58.481613916341956, -34.479405719682966], [-58.481522151157925, -34.47970109814312], [-58.481335551746035, -34.47999510179464], [-58.48143323756627, -34.48005506688435], [-58.48192740485702, -34.48056194188956], [-58.48180524464668, -34.48113402961481], [-58.48136052439715, -34.481672677782555], [-58.4809312465275, -34.48201007749671], [-58.48080861461433, -34.48240689272505], [-58.48062826491396, -34.48287202991928], [-58.48052789601789, -34.48329268937964], [-58.48011560100401, -34.48362214969821], [-58.480002085284404, -34.48385776639946], [-58.48011672754125, -34.48421085182012], [-58.480059899283255, -34.484539844540244], [-58.48038010282301, -34.485651553189925], [-58.48035955766268, -34.486841027140635], [-58.48048245074094, -34.48725303731846], [-58.48040428423935, -34.487517802310336], [-58.48039725830691, -34.48792626505932], [-58.48054029327416, -34.48802498531405], [-58.4805273422317, -34.48846902847362], [-58.48045789576904, -34.48857706483677], [-58.48042367930702, -34.48874569557432], [-58.48038691687331, -34.48897258266876], [-58.48030486584633, -34.489340454849525], [-58.48016816632908, -34.489682477561644], [-58.48016176503334, -34.4899337106549], [-58.48034961627639, -34.49010709940463], [-58.48132974935487, -34.490491283710924], [-58.48142905954813, -34.49053337670056], [-58.482485439977154, -34.49094473777839], [-58.48438949791364, -34.49170509612355], [-58.48671924197, -34.49277034420838], [-58.48964927800353, -34.49407037283012], [-58.49140063770484, -34.49487061656054], [-58.49215932750687, -34.49521407203307], [-58.49334987662042, -34.49576394595272], [-58.49408361210331, -34.496083381200854], [-58.49599944257074, -34.49695663339537], [-58.496937134490075, -34.497391999984565], [-58.49866109503881, -34.49813653330205], [-58.49955225270017, -34.49854654053068], [-58.50127534277024, -34.49933142681532], [-58.502402862311776, -34.49985935419699], [-58.50620526529048, -34.501603783087056], [-58.50917502948935, -34.502982215628656], [-58.50984803352552, -34.50328433714956], [-58.51114628049129, -34.503876638409686], [-58.51348028195159, -34.504932687401734], [-58.515790459171, -34.50598273350774], [-58.519206280796276, -34.5075052525869], [-58.5208066451154, -34.508210427982114], [-58.52112280443605, -34.50834672621752], [-58.52140387567379, -34.508480863410384], [-58.524622990434096, -34.50995967572333], [-58.525642679768644, -34.5104223515488], [-58.528940533521144, -34.51193286449919], [-58.529010607462254, -34.51196862954274], [-58.529472344837224, -34.512176771589125], [-58.53037423237331, -34.5125917232785], [-58.53124264204678, -34.51298663594116], [-58.53055882987752, -34.513982603242816], [-58.53220975469175, -34.51497384619938], [-58.533571982911454, -34.51591586749748], [-58.53579417210331, -34.51749938823639], [-58.537122781382166, -34.518484244746915], [-58.538703984284425, -34.51719735937258], [-58.54069822603235, -34.518933058277376], [-58.5423064390484, -34.520312498879164], [-58.54330502614381, -34.52116468932776], [-58.54419435261317, -34.521933773842925], [-58.54624701691059, -34.523686463771625], [-58.54818547866615, -34.52535123170186], [-58.553790926672384, -34.53014826702959], [-58.55476105784772, -34.52934945548791], [-58.55640886774145, -34.527985526681114], [-58.55865328991086, -34.52605148128957], [-58.55903816621965, -34.52572455507552], [-58.56112038315063, -34.5239333033113], [-58.56166692051612, -34.52346797693331], [-58.56242392157708, -34.52280433237927], [-58.56326360074079, -34.522096313970934], [-58.56544501487912, -34.52022566857014], [-58.56644250390198, -34.51936101666232]]]]}}, {"type": "Feature", "properties": {"CODIGO": "06760", "NOMBRE": "San Miguel", "CODPROV": "06", "PROV": "Buenos Aires", "SUPERFICIE": 83.707, "LATITUD_CE": -34.552324, "LONGITUD_C": -58.691515}, "geometry": {"type": "MultiPolygon", "coordinates": [[[[-58.75198876472734, -34.576839439254606], [-58.75259269049059, -34.57639459255289], [-58.754419893257094, -34.57503848029527], [-58.75659436572589, -34.5734378850905], [-58.75825569404936, -34.57220664243908], [-58.75982308521812, -34.57105516602916], [-58.76166298310018, -34.56945698625912], [-58.76207908442514, -34.569108754017684], [-58.762094155511946, -34.56909167471308], [-58.76306422628639, -34.568340500520314], [-58.76408370451236, -34.5675832729011], [-58.76471763975043, -34.567104189602496], [-58.765586045410544, -34.566459295014084], [-58.76784742652745, -34.564728812290134], [-58.7684929067687, -34.564241404993936], [-58.7697730348923, -34.563265933540706], [-58.77062205586176, -34.56262433767713], [-58.77148457595678, -34.5619835385493], [-58.77315512070813, -34.56073463168313], [-58.775221899782984, -34.5591766820636], [-58.77633270154881, -34.558334879807084], [-58.77684985525579, -34.55794765515631], [-58.77689079638544, -34.557914134521496], [-58.775941158002006, -34.557120552591094], [-58.77367127042924, -34.5549854648039], [-58.76818235755823, -34.5499215808044], [-58.76618680469698, -34.55141174515154], [-58.76248809164272, -34.54797337150702], [-58.76152796960094, -34.547084684561405], [-58.759026071277376, -34.54893106544066], [-58.75886308122361, -34.54905617991222], [-58.75640665971258, -34.55084678287972], [-58.75438356899651, -34.54894182410655], [-58.753853603946844, -34.5484472826699], [-58.753283143473055, -34.54885369548732], [-58.75200685593643, -34.547667420221245], [-58.75143371114006, -34.54713883196415], [-58.75005990287642, -34.54585683166756], [-58.747320099033374, -34.54332921392339], [-58.74642615979346, -34.542493810091116], [-58.74639568992547, -34.54246951856713], [-58.74560935820477, -34.541739412203164], [-58.74483615802844, -34.541014580368255], [-58.74189000234842, -34.53827228868091], [-58.73939171241082, -34.535938728079124], [-58.7385534572494, -34.53515154811909], [-58.737842447110594, -34.534493317867685], [-58.73781507432797, -34.53446471536411], [-58.736255838821364, -34.533009703657655], [-58.736235399741105, -34.53299499845893], [-58.73480382967348, -34.53166445788792], [-58.734393985844285, -34.53128938795849], [-58.73175116244061, -34.52881222278976], [-58.7295938524655, -34.52677754373251], [-58.72867794266303, -34.525886785335445], [-58.72883512625508, -34.52576585908032], [-58.72763551559284, -34.52461092723342], [-58.726479474118115, -34.523517019955314], [-58.72417515747268, -34.52136559751278], [-58.724414604187785, -34.521173200990035], [-58.723464870685746, -34.520266902397154], [-58.7225070552737, -34.5193601135728], [-58.72101007977337, -34.518254728858516], [-58.71997027476738, -34.51921711695675], [-58.7199235435707, -34.5192547650038], [-58.71905927834339, -34.51988609907848], [-58.716047360889036, -34.522100987007896], [-58.71407499991067, -34.52354221338718], [-58.711998683633865, -34.525053568261434], [-58.71002888535119, -34.52649487283707], [-58.709025817311854, -34.52722116217726], [-58.70674923741511, -34.52887769162643], [-58.703145279170585, -34.53151956761766], [-58.70138151165295, -34.53277534256657], [-58.7011896123542, -34.532579549289665], [-58.700750921495825, -34.532256570510725], [-58.69826711947186, -34.52999052223761], [-58.69412624965125, -34.52609676069596], [-58.69368148119135, -34.52575092384929], [-58.69106312908489, -34.52795733763186], [-58.688594119918264, -34.530069309353685], [-58.685435802192075, -34.527605124327536], [-58.68092461898776, -34.5245964677931], [-58.6772354668654, -34.52212258251361], [-58.67425207452737, -34.520176523109825], [-58.673231986219186, -34.5194903240196], [-58.67269592808984, -34.519134417345946], [-58.66880458573851, -34.51652677006088], [-58.66795645432039, -34.51595427260625], [-58.664931610341306, -34.51392910991845], [-58.66260741711685, -34.51236414526789], [-58.66106428615033, -34.51133168229326], [-58.65420643425299, -34.50672879816173], [-58.65054210575513, -34.5042377229166], [-58.648000106904306, -34.50250204699818], [-58.64587949222846, -34.50245011062415], [-58.645175063248736, -34.50249735181483], [-58.63528655524561, -34.51060765242998], [-58.60637902764546, -34.53424656734003], [-58.60809931680576, -34.53554216250413], [-58.60868890232212, -34.53630156077387], [-58.60978660477462, -34.538004135926435], [-58.61106577269565, -34.54029296267039], [-58.61247536031678, -34.54291776911621], [-58.61327117723389, -34.54410762979295], [-58.61380215350166, -34.54473312246276], [-58.61551219715835, -34.54593363926624], [-58.61659000705776, -34.54688447954641], [-58.61741709298156, -34.547325738309354], [-58.61944968547718, -34.54734144745917], [-58.62210866497842, -34.547183968690284], [-58.62324072473411, -34.54727971103872], [-58.624058201187346, -34.54740127349413], [-58.625023941080194, -34.547657665724635], [-58.62667177864057, -34.54833745629362], [-58.628144468824196, -34.549002098704456], [-58.62952036990528, -34.54980914987369], [-58.62996882743673, -34.550141959490254], [-58.63068455396418, -34.55089095102299], [-58.63129198598823, -34.55191199261355], [-58.63210444341019, -34.552734257385964], [-58.63352496507662, -34.553651832251745], [-58.63852131750121, -34.55550079014454], [-58.640062648280306, -34.55665031964783], [-58.64082514982575, -34.557608819883406], [-58.64280642325748, -34.55971074944612], [-58.64443812177554, -34.56143644755131], [-58.6449983733468, -34.56207258716875], [-58.645517984066366, -34.56258492443267], [-58.64569991219981, -34.56270829544718], [-58.64593047137275, -34.56283461202083], [-58.646042687800865, -34.562886349569425], [-58.64651666163877, -34.56308583155706], [-58.647125858595416, -34.56323058533718], [-58.64879564486377, -34.563637297635005], [-58.64947311984978, -34.563808644419446], [-58.650248190680806, -34.56401286015944], [-58.65071309047137, -34.56413088463702], [-58.65165745910484, -34.56460150024185], [-58.65237956824611, -34.565220443123394], [-58.652979965239226, -34.565342165952146], [-58.65464377132497, -34.56569451072091], [-58.655285172676294, -34.56596700703714], [-58.65533993562167, -34.56599279037974], [-58.655539679591534, -34.56609924951478], [-58.655664626691696, -34.56616073699258], [-58.65682184946932, -34.56677451957198], [-58.65756832343964, -34.56721065226189], [-58.65883096771937, -34.56801504998896], [-58.66022156397814, -34.568939523851775], [-58.66096148841993, -34.56938872410944], [-58.6616336006887, -34.569775398174954], [-58.662515045251354, -34.57031403798985], [-58.663507434261206, -34.57098071722625], [-58.664494470527316, -34.57143134967435], [-58.665475080756316, -34.57201640915841], [-58.66615819784666, -34.57252506605943], [-58.66677589531605, -34.573128637838224], [-58.66762990753066, -34.5739172569946], [-58.66837496396466, -34.574555479364406], [-58.66885083760916, -34.575042618237646], [-58.669185650203715, -34.57540439016595], [-58.669450326558795, -34.57569900845165], [-58.670065941730556, -34.5762035703768], [-58.67080987448331, -34.57663947738159], [-58.67206826156168, -34.57718733202656], [-58.6732389069468, -34.577590560830615], [-58.67454958946195, -34.57785392380274], [-58.67559200818644, -34.57829433393998], [-58.67634516835095, -34.578780201912984], [-58.67708803080549, -34.57941375097067], [-58.677812324774685, -34.58007314092582], [-58.67854935151395, -34.580958002357484], [-58.67961773219762, -34.58202912776687], [-58.68008324302541, -34.582542569282836], [-58.68010249869078, -34.58257069539024], [-58.6806014040239, -34.58319850293135], [-58.68065725757859, -34.58327377738331], [-58.681208199129586, -34.584174369993754], [-58.6816363473479, -34.584865320276066], [-58.68195881605112, -34.58549147390351], [-58.68225989468357, -34.58620622055037], [-58.68225027904093, -34.58683931698607], [-58.68271538014656, -34.587388679895994], [-58.68369395879137, -34.588216173775436], [-58.68543529898454, -34.588990760330894], [-58.6861490101782, -34.58915511341576], [-58.68663073228402, -34.589269530440944], [-58.687513329333434, -34.589583371524505], [-58.688604090225446, -34.5903411879857], [-58.6889998001111, -34.59063018197555], [-58.68963428045914, -34.59107737077715], [-58.69030521538668, -34.59166607207644], [-58.692233575462495, -34.59315742091593], [-58.693381978613445, -34.5939096822963], [-58.69378352246638, -34.594194519756655], [-58.69463301512588, -34.59473103085916], [-58.695335477075545, -34.595209250905995], [-58.696221704656615, -34.5957299862771], [-58.69751866176014, -34.59636980911802], [-58.69843500307891, -34.596672125068956], [-58.69930780874082, -34.59691339058129], [-58.70040109792098, -34.59718139453644], [-58.70154860616935, -34.5973582707714], [-58.70247057949909, -34.59753505759471], [-58.703267528237674, -34.597897572772034], [-58.70385791790382, -34.598476871153025], [-58.70405933411249, -34.598596841900104], [-58.70478631449638, -34.599013566810974], [-58.70553208216815, -34.599525796189006], [-58.70659390469331, -34.60021431511495], [-58.70748641175532, -34.600757823854984], [-58.707507645212374, -34.60076359405973], [-58.70842703882045, -34.60115590751245], [-58.70895815476342, -34.60163724382938], [-58.70951577835036, -34.602219044415484], [-58.71011493057813, -34.60266850973574], [-58.71169733103735, -34.60399049159939], [-58.71237987684458, -34.604480909955434], [-58.71395385719327, -34.60552821011356], [-58.71545746291765, -34.6044679431132], [-58.71657203915528, -34.60372137809738], [-58.71689331396776, -34.60349796852129], [-58.71751152763521, -34.60304968605606], [-58.718954435674526, -34.601967749795335], [-58.720351656893484, -34.60094147915093], [-58.7217055903086, -34.599912593943976], [-58.72310850137925, -34.598913593863415], [-58.72449206414974, -34.59791790963041], [-58.725403256099995, -34.59722647388737], [-58.72633104445121, -34.596531530580904], [-58.72726767155008, -34.59585958035052], [-58.728176859604325, -34.595190472151614], [-58.72950392530107, -34.59418684291709], [-58.730025357139255, -34.5938180818617], [-58.73057118871413, -34.593387859001076], [-58.73114906134241, -34.5929640465207], [-58.73168211136706, -34.592555524084105], [-58.732205089387534, -34.59216886752309], [-58.73327073579326, -34.59138773680045], [-58.73381262119954, -34.591002204254615], [-58.73464093016309, -34.59038662496173], [-58.73545909012528, -34.58985582432705], [-58.73528509576957, -34.58970159156679], [-58.735078380882605, -34.58945551328297], [-58.73607557036742, -34.58871070553051], [-58.73711101098657, -34.58793222228955], [-58.739756554518046, -34.585924207224565], [-58.741103035777726, -34.58491260383227], [-58.74260019879282, -34.583793138381964], [-58.744067948413615, -34.58269885979278], [-58.74548346086801, -34.5816733491338], [-58.746547708644464, -34.580874022790056], [-58.748236389968234, -34.57961311153102], [-58.7492387511884, -34.5788684881962], [-58.750775098149674, -34.57773326945764], [-58.75139023817267, -34.57728460487589], [-58.75198876472734, -34.576839439254606]]]]}}, {"type": "Feature", "properties": {"CODIGO": "06805", "NOMBRE": "Tigre", "CODPROV": "06", "PROV": "Buenos Aires", "SUPERFICIE": 397.104, "LATITUD_CE": -34.381707, "LONGITUD_C": -58.598898}, "geometry": {"type": "MultiPolygon", "coordinates": [[[[-58.68797849120009, -34.461946104829025], [-58.68843315490066, -34.46133977803362], [-58.68843594260825, -34.46127702799733], [-58.688744383144076, -34.461007953183646], [-58.68883357225484, -34.46091894010475], [-58.688976519701896, -34.460711818381455], [-58.689201822339804, -34.460338872002914], [-58.689534984495424, -34.459756692671476], [-58.689982354413004, -34.45910947289081], [-58.69064373291039, -34.45843466995215], [-58.69176719763037, -34.45703711915213], [-58.692078131602315, -34.45661538351097], [-58.69288874911664, -34.45559899331447], [-58.69378634078595, -34.454394574798634], [-58.69435701631264, -34.45345363686441], [-58.69503340932614, -34.45273027129083], [-58.69508167264154, -34.452674746994774], [-58.69587058136758, -34.45168848684033], [-58.69665716303419, -34.450697586429634], [-58.697445680850535, -34.44968432524458], [-58.69820789729311, -34.4487234081526], [-58.69876365213357, -34.447920866594096], [-58.69894135412298, -34.4476259338282], [-58.702744552035234, -34.442969064756355], [-58.70538905948992, -34.43924475644514], [-58.705597920292604, -34.438965162695496], [-58.70597288713731, -34.438709013378435], [-58.70651136924976, -34.43838177381405], [-58.709234339052486, -34.435897966869646], [-58.711596540956386, -34.43397222017879], [-58.71193685178183, -34.43364655995791], [-58.712290850510925, -34.43313296266405], [-58.712556494024014, -34.432699459909514], [-58.71271550666119, -34.43140567096361], [-58.712913760924124, -34.43090521075318], [-58.713017819347115, -34.43017889133471], [-58.71319383655058, -34.42956024914301], [-58.71330454923416, -34.429099485413936], [-58.71499373908067, -34.42733107997319], [-58.7187030639367, -34.422483707747226], [-58.72218846896494, -34.41799132495123], [-58.72326298066686, -34.41661295547604], [-58.725148025379426, -34.41417746376716], [-58.72595927197634, -34.41320577968827], [-58.728031092888045, -34.41070949185861], [-58.72918512613654, -34.409380752861985], [-58.73000055126983, -34.408359848648956], [-58.73076543659116, -34.4073898491823], [-58.73156349519135, -34.40634991741636], [-58.73269132992099, -34.404853285113575], [-58.734497603489686, -34.40238144873911], [-58.732784420291026, -34.401474672963666], [-58.730137687119544, -34.40008065780614], [-58.72911515943582, -34.39952519800788], [-58.729081265707585, -34.39950969008962], [-58.728034869694696, -34.39894830162725], [-58.725941345034144, -34.39783444481674], [-58.724856097663185, -34.397252732188086], [-58.72172367112457, -34.3955868243812], [-58.71962610173609, -34.39445914418447], [-58.71558787989316, -34.39227150247071], [-58.715986435429706, -34.39205267246342], [-58.71847544223595, -34.390893814306466], [-58.72002667865975, -34.390200134259054], [-58.71977634098649, -34.39011774592509], [-58.7182046281211, -34.390019219271], [-58.71751900777755, -34.38989280393693], [-58.71690625450047, -34.38970782692196], [-58.71618036570507, -34.38939023851728], [-58.71551847912606, -34.38902254681691], [-58.715066536641054, -34.38867191336776], [-58.7149071710743, -34.388541030816526], [-58.71456809681172, -34.388201646312154], [-58.71393669380973, -34.387390848245644], [-58.712125905085514, -34.38440615761681], [-58.71106474095962, -34.382711227853186], [-58.71058937028658, -34.381945715175306], [-58.70962026091319, -34.380314714377484], [-58.708364240403746, -34.378275529503604], [-58.70773015752503, -34.37718591066747], [-58.706607241206235, -34.37539287809244], [-58.70520128035024, -34.372836849021276], [-58.70781585589848, -34.37153740464947], [-58.708192330315285, -34.37135322621935], [-58.70888401737363, -34.37100366688885], [-58.71921915239095, -34.36559106505262], [-58.72111173953312, -34.36458069079296], [-58.720693926819095, -34.36309060279], [-58.7205573245674, -34.362947609262854], [-58.71926672782504, -34.36161655582883], [-58.71325711182679, -34.35852905814503], [-58.71149573325147, -34.35762816093969], [-58.69046317000696, -34.34690271386045], [-58.69117685269421, -34.34601977438009], [-58.690246963722, -34.347082979951736], [-58.68913737074651, -34.34803202354504], [-58.68811107900533, -34.349174808440324], [-58.687306444051565, -34.350074733816015], [-58.68704464705438, -34.35037359475072], [-58.686762811203394, -34.350684733575356], [-58.68618909552479, -34.3513288758135], [-58.68495328754632, -34.35021650857038], [-58.68202154916707, -34.3480809350333], [-58.680002257272115, -34.3457979249082], [-58.6790989183127, -34.344044872158435], [-58.672371366013, -34.32481932644735], [-58.65605809290526, -34.27796276905867], [-58.65413262683115, -34.27175298663329], [-58.652046023076, -34.2697397709224], [-58.649081282642584, -34.26647370228864], [-58.645205680641816, -34.266505049301244], [-58.64358496600475, -34.26693302669286], [-58.63694055792628, -34.26832487165459], [-58.63650427291659, -34.268392885476686], [-58.63232295141151, -34.269070425587394], [-58.63027391348255, -34.26935098944998], [-58.62455907142183, -34.27020064946566], [-58.61881874513694, -34.271277668272646], [-58.618299654993336, -34.27139452411785], [-58.61260468622912, -34.272631262835496], [-58.61085840875892, -34.273037685908506], [-58.606624638737834, -34.2740301744914], [-58.604485353292034, -34.27474968707686], [-58.6008587209232, -34.27597652717734], [-58.60010471463737, -34.27620935475986], [-58.59779920561285, -34.27690965936995], [-58.5864526822996, -34.2804394658628], [-58.58089305980104, -34.2823389298853], [-58.57466621919937, -34.2851995379504], [-58.56947918495006, -34.28774574963073], [-58.56728929917885, -34.28893778815705], [-58.562195906807766, -34.29201062195285], [-58.557739159748486, -34.29452446450579], [-58.55240080838779, -34.297024671258654], [-58.55017231878195, -34.298097172430275], [-58.54684299549761, -34.29934043745478], [-58.54440342447866, -34.3000449194337], [-58.541525895823455, -34.30037653403339], [-58.53822649065162, -34.29997226393718], [-58.53514128842673, -34.29974729072287], [-58.532496348230175, -34.29935151646672], [-58.52721219267785, -34.298739887161766], [-58.52236098445917, -34.298496108616334], [-58.51926693162909, -34.29882737415788], [-58.51571300622255, -34.300064932866846], [-58.51519627166687, -34.300455562655436], [-58.5153716018757, -34.30380044681622], [-58.51517958109265, -34.30552759741636], [-58.514400530862815, -34.30636941596882], [-58.51351435547346, -34.30701592077692], [-58.512848369496986, -34.307379389316225], [-58.511294579070565, -34.30828589172322], [-58.509768065688505, -34.309553520749716], [-58.508606122967684, -34.31086152639706], [-58.50747293971323, -34.31124115679114], [-58.505349275903505, -34.31282696008135], [-58.502932066859216, -34.31472715934354], [-58.50113347925972, -34.31627896800054], [-58.49896649310842, -34.31831580322896], [-58.49803479630886, -34.31846959759521], [-58.49661222948118, -34.31972097047376], [-58.495235787335396, -34.32142450095439], [-58.49497355051523, -34.32226656781449], [-58.49410755444389, -34.32310736553978], [-58.493051058220054, -34.32383755806878], [-58.49207584921867, -34.32520181927049], [-58.491314083738274, -34.32747790014514], [-58.48921476277573, -34.33014327031922], [-58.48759421892348, -34.3319978869576], [-58.485659951978356, -34.33363540838775], [-58.48346611985982, -34.336263369793535], [-58.481980678736555, -34.33814870270105], [-58.478893815534626, -34.34441490128421], [-58.47633499381344, -34.34962176362119], [-58.47293889168112, -34.35627303751522], [-58.45321468056953, -34.387214032186805], [-58.45172928677118, -34.38931906180828], [-58.45207599437136, -34.38938101312765], [-58.45331154989928, -34.3878221336872], [-58.45376132237295, -34.38848357938498], [-58.45455343503438, -34.388294571305096], [-58.45499633784564, -34.387710961719385], [-58.45550255269307, -34.38708634412256], [-58.45643320240117, -34.38596233404159], [-58.45726619290589, -34.38556016516908], [-58.45734222007542, -34.384657244412104], [-58.45754281086363, -34.38351491791495], [-58.45793952968507, -34.38224096559014], [-58.45834892573854, -34.38106664843593], [-58.458904477470675, -34.380314766589265], [-58.459461333533085, -34.3785564756869], [-58.46083373914197, -34.377068886547946], [-58.461527191370166, -34.37589867528276], [-58.462179951646114, -34.37596158232906], [-58.46290329679405, -34.375601999028824], [-58.463061993030884, -34.37519395652045], [-58.463361236694475, -34.374879991177686], [-58.46371174461629, -34.37513984382473], [-58.46435561427556, -34.37521117454548], [-58.46500969261678, -34.3748383010699], [-58.46581493839477, -34.37450174350525], [-58.46681657629579, -34.373759465042234], [-58.4676599310609, -34.37342075992938], [-58.468230641172255, -34.3734920335195], [-58.468684600924256, -34.37368638326465], [-58.46852484142862, -34.37437744578108], [-58.467580292292645, -34.37568942556664], [-58.466778873211695, -34.37652498464202], [-58.46603810289636, -34.377108176451614], [-58.465744989837994, -34.37831668844486], [-58.46606967086265, -34.37898382393658], [-58.46593832715896, -34.37938907161197], [-58.46542340785279, -34.37981100538658], [-58.46504295593546, -34.37952234187357], [-58.46478799859697, -34.37865283195401], [-58.464254614530816, -34.37867820997044], [-58.46400656281044, -34.37977717518094], [-58.46357962809551, -34.38024498919227], [-58.46329330625931, -34.38137752767669], [-58.463963861960345, -34.38211551977631], [-58.46481739916473, -34.38322879659108], [-58.465030576043404, -34.38405078761763], [-58.4648464656226, -34.384650469121425], [-58.46502076806667, -34.38527234901927], [-58.46598187359715, -34.3852824452437], [-58.466613267605005, -34.38492164253242], [-58.46724649189104, -34.38478111997647], [-58.46786907453799, -34.38499939736748], [-58.468240582503235, -34.38541780588894], [-58.46888760009227, -34.385394953963946], [-58.46916875006711, -34.38459008677696], [-58.46895000524476, -34.38410025838241], [-58.46892953550978, -34.38312394913763], [-58.469927638899485, -34.382722919918855], [-58.47144892485773, -34.382650814079526], [-58.47148009140468, -34.3830571388119], [-58.47231536817935, -34.383441326118444], [-58.47353344157103, -34.383516685565695], [-58.473740111487885, -34.384351744405265], [-58.47372238115833, -34.3850605889925], [-58.47436615137228, -34.38558568916915], [-58.47558469731345, -34.385445380484796], [-58.47711948624751, -34.38477193672011], [-58.47843511976645, -34.383491805225596], [-58.47867901062551, -34.38273852547067], [-58.47914385007594, -34.38221008905887], [-58.47923677065169, -34.38135760898411], [-58.47992137440324, -34.38136847154244], [-58.48055476895421, -34.382099590478276], [-58.48100002044663, -34.382482080336295], [-58.480886210879646, -34.38305468588052], [-58.480484279548335, -34.383546577686516], [-58.48062639197041, -34.38446750588756], [-58.481308259975215, -34.38459951305053], [-58.48172066812468, -34.38501591843189], [-58.48342572520407, -34.38504039185625], [-58.48472884464116, -34.3848333199683], [-58.48546012991152, -34.38556147802938], [-58.485675427929024, -34.38597019012312], [-58.48545731921323, -34.38694974783921], [-58.48244913712969, -34.389693559818035], [-58.482036521471635, -34.390665582174336], [-58.4817608212474, -34.39116977080561], [-58.48080775502919, -34.3912501601636], [-58.47987735778726, -34.39165096929855], [-58.479492482538355, -34.39240452225783], [-58.479523043973046, -34.392878210792844], [-58.47969864476957, -34.39369786525938], [-58.48030405016823, -34.39410823618889], [-58.48070689065586, -34.394721763572115], [-58.48142316945307, -34.3950446230529], [-58.48222517843276, -34.39489648307195], [-58.482761842956414, -34.39474542078775], [-58.48348469663802, -34.39475414085213], [-58.4839318449967, -34.395267050096905], [-58.48446089583744, -34.395713124674174], [-58.484245622396934, -34.39632889278316], [-58.4844301279964, -34.396839053604985], [-58.485037991775705, -34.397222595665255], [-58.48550138989468, -34.39689175475577], [-58.48614885973028, -34.396774482673614], [-58.487586847521385, -34.397330606161965], [-58.48796877373323, -34.39778555482852], [-58.488674787575754, -34.39819311467788], [-58.488686699827504, -34.398724067061906], [-58.48903382190891, -34.39932514512876], [-58.489429120554554, -34.40002355789795], [-58.48901836593708, -34.40028127746776], [-58.48768300157384, -34.400392028697965], [-58.48764152329354, -34.40067254871706], [-58.48758077434507, -34.400956371910105], [-58.487461294227984, -34.401290488054805], [-58.487119715225106, -34.40117053720486], [-58.48614904877914, -34.401083620567114], [-58.485648173880676, -34.40143910766085], [-58.48562227538226, -34.40187785634739], [-58.485824189988385, -34.402164424547976], [-58.48666181472004, -34.40219369995222], [-58.48689404567156, -34.401992363220295], [-58.48719875755163, -34.40197973044284], [-58.48758601694872, -34.40162171301784], [-58.488404770453364, -34.40164981036605], [-58.48855979881525, -34.40149312943318], [-58.488978293287715, -34.40154143868974], [-58.48905135133677, -34.40178409833889], [-58.489311893288296, -34.40205181477016], [-58.489885363467636, -34.401853568210846], [-58.490500584337276, -34.40161296256094], [-58.491019452674095, -34.40117768383648], [-58.49124742667003, -34.40108391593284], [-58.491435253096306, -34.40122581816737], [-58.491532005076614, -34.40141601885674], [-58.49143937727441, -34.40220562844055], [-58.490943735754776, -34.40229185951679], [-58.49072573385221, -34.40260641749027], [-58.490435577320234, -34.40306030818085], [-58.490313116949395, -34.40357847207329], [-58.49059093106095, -34.40386522630859], [-58.49089186245765, -34.40404556622177], [-58.491332167581504, -34.40403230745011], [-58.492059930951726, -34.40377617500561], [-58.49264390723035, -34.403973981490154], [-58.492621540005345, -34.40419277660386], [-58.49229467941279, -34.404361323886306], [-58.49219608692326, -34.40467426823547], [-58.491714653239555, -34.40487371299777], [-58.4915334638943, -34.40544217380516], [-58.4917952286923, -34.40569648162076], [-58.492055215731106, -34.406121427657794], [-58.492320082367534, -34.40616024380822], [-58.4925681444747, -34.40605423395966], [-58.493020276107536, -34.40596980551577], [-58.493409892006504, -34.406128653232805], [-58.49345520668286, -34.40658977510766], [-58.4931928644667, -34.40733745934433], [-58.49351612488262, -34.40742031761215], [-58.493528573073114, -34.407704169159175], [-58.49329811471084, -34.40773487970564], [-58.49328991399594, -34.40818820544481], [-58.493514524823674, -34.40849413805039], [-58.493949925076826, -34.4087771320781], [-58.49453296465091, -34.40892544705471], [-58.49571831739166, -34.40900757514648], [-58.49695488588235, -34.408881661356624], [-58.49724166126927, -34.40861626770168], [-58.49802458821845, -34.408561212823365], [-58.49891866982078, -34.40844560687409], [-58.49964458275341, -34.408391518409445], [-58.500081175743624, -34.40823870424396], [-58.500472647576956, -34.40831676365561], [-58.50086216099645, -34.40829584600131], [-58.50123988631544, -34.408557285404875], [-58.50165477682981, -34.40876709402407], [-58.50222674107923, -34.408676538433355], [-58.50293316370252, -34.40868862981351], [-58.503549943206515, -34.409216429099985], [-58.503294312638175, -34.40982975235785], [-58.50297236700653, -34.409913256854736], [-58.5028072071793, -34.41021312238263], [-58.502424412899146, -34.41040071653442], [-58.50189848697223, -34.41097490626616], [-58.50161752789075, -34.4114473674166], [-58.50167282174085, -34.41203941412951], [-58.50201743187506, -34.41251898843434], [-58.50236021821654, -34.413079331189564], [-58.50217461250306, -34.41381829015392], [-58.50164025370938, -34.414697510006036], [-58.5010039933967, -34.41541317389505], [-58.50080583366226, -34.415778402064674], [-58.50082226655994, -34.41613888871168], [-58.50117432989385, -34.41647513669879], [-58.50172800749024, -34.41655870290286], [-58.502049178484484, -34.41648414261596], [-58.50216094072068, -34.416688743603686], [-58.50173778327989, -34.41684239113678], [-58.50161798609766, -34.417270866669945], [-58.50180740445527, -34.41730501261828], [-58.50179935139169, -34.41772689770628], [-58.501276784063286, -34.41799124286425], [-58.50063105715288, -34.41832887231961], [-58.50028443556661, -34.41883772010987], [-58.5001183901555, -34.41926783482013], [-58.49976028636414, -34.419753505463916], [-58.49969670206257, -34.42040112907595], [-58.50012548483234, -34.42093982330896], [-58.500667740667645, -34.421422606314195], [-58.5013716368031, -34.42152442693765], [-58.50226260410906, -34.42156588281603], [-58.502949394619215, -34.42149588945329], [-58.50348775853566, -34.421237005217534], [-58.50392793887025, -34.42128660642005], [-58.50438086602918, -34.421435847243224], [-58.504970812657604, -34.42129696471926], [-58.50576190183308, -34.420819986758495], [-58.50597086928893, -34.42066660709874], [-58.50616332649341, -34.42060657184928], [-58.50637581875499, -34.420655613393265], [-58.50701459936718, -34.42109039650635], [-58.50742836207332, -34.421313601482176], [-58.50786049017954, -34.421573884218404], [-58.508160101419456, -34.42183049520812], [-58.50822939625395, -34.42217626619681], [-58.508095594581214, -34.42242864304028], [-58.507317968834386, -34.423238980850265], [-58.50667944595441, -34.42403991055974], [-58.5060676766507, -34.4251165847235], [-58.50611139231847, -34.4265931276072], [-58.50598163648957, -34.42776690621653], [-58.50576086045012, -34.428202643843996], [-58.50575350677131, -34.428647041346586], [-58.50550654193676, -34.428860985616254], [-58.50525445139048, -34.42889038231884], [-58.50522982325517, -34.4293157411322], [-58.50543544987951, -34.429350882374536], [-58.50539228119338, -34.42968073627607], [-58.50497010257562, -34.42997374835497], [-58.50496381493694, -34.43022499340541], [-58.50529141308641, -34.430200251697265], [-58.505561448472676, -34.430001210423384], [-58.50584458614826, -34.43001866123347], [-58.506227028281735, -34.42995685604797], [-58.506553354802065, -34.429855643842366], [-58.50709279374867, -34.429524917122556], [-58.50663545876864, -34.43039093019292], [-58.50628278935388, -34.43096682415283], [-58.50623790591882, -34.43134600080878], [-58.506276816992816, -34.43199994846971], [-58.506793165197465, -34.43231935081404], [-58.5068872808415, -34.432509382158905], [-58.50672918298374, -34.432760259090266], [-58.5062724916921, -34.43289387758805], [-58.506312583499216, -34.43332322587773], [-58.50595595453829, -34.43348997052962], [-58.50585327812791, -34.433757742214816], [-58.505846767163874, -34.434071882050084], [-58.50546608772697, -34.4341742343858], [-58.505081572119146, -34.4343796981483], [-58.50464711696504, -34.43432595585189], [-58.50424336929155, -34.43441340172908], [-58.50395673350872, -34.434615908930546], [-58.50358359068253, -34.43508718143587], [-58.50347082043041, -34.435587986850166], [-58.5035881858883, -34.43606254068572], [-58.50373600562997, -34.43631879371403], [-58.504017220156385, -34.43644846771893], [-58.504345919390836, -34.436230580208665], [-58.50472136044822, -34.436518838677756], [-58.50456473945855, -34.43678328327103], [-58.503897035054855, -34.436760092067296], [-58.50374184069735, -34.43694823487914], [-58.50324472148671, -34.43695802455874], [-58.50316631285423, -34.43743848104133], [-58.503250512872484, -34.437919977218236], [-58.5034384348143, -34.438061874156915], [-58.50386924518366, -34.438277161260814], [-58.50399762680128, -34.43868948630134], [-58.504300937842416, -34.43878457507426], [-58.504504931901145, -34.438958915590725], [-58.505265727609874, -34.439032777689874], [-58.50548654804162, -34.43935194425755], [-58.50583058827287, -34.43926530875114], [-58.506010792798776, -34.438979848880685], [-58.50639024486229, -34.43901222403757], [-58.50637683439227, -34.43855755908771], [-58.50623152263575, -34.43824304818662], [-58.50585325991219, -34.43798607372508], [-58.50598968675873, -34.4377653170375], [-58.50642957452612, -34.43803058269733], [-58.506939628088034, -34.438178848106986], [-58.50752472697482, -34.43824636056985], [-58.508171675709164, -34.43825926650904], [-58.5079508489196, -34.43848381209151], [-58.50758403492316, -34.43858253099448], [-58.50707595901895, -34.4387444381432], [-58.507053958386756, -34.43908009115154], [-58.50704715822171, -34.4393672529922], [-58.506759883729124, -34.43963712874574], [-58.50677258520071, -34.43985809068931], [-58.507036208277995, -34.44006306325382], [-58.50735711271179, -34.44041535602155], [-58.507827932603675, -34.4405477204957], [-58.50849264183827, -34.440665069940984], [-58.509042077432845, -34.44079778061635], [-58.50967359976954, -34.44071087311827], [-58.509798334223476, -34.44107354145716], [-58.51019550235783, -34.4413316699831], [-58.51085267325811, -34.441623787778866], [-58.511648306834296, -34.441883989600214], [-58.51225753102605, -34.441894551771], [-58.51310150512713, -34.441555595895785], [-58.51378977874495, -34.44144070720693], [-58.51428292315627, -34.44147556544013], [-58.51439269988704, -34.441823829037226], [-58.51487885420489, -34.442208746215094], [-58.515216093364714, -34.442530572081], [-58.515970246569594, -34.442981412841625], [-58.51645994669909, -34.443236231694954], [-58.51691367859978, -34.443529276274255], [-58.51721015059741, -34.44394295148742], [-58.51742725215022, -34.44457641577099], [-58.517413867422384, -34.44533049881186], [-58.52124525888092, -34.44479337256011], [-58.52265114729898, -34.44444847258124], [-58.52578812486602, -34.443306793830004], [-58.52962992463137, -34.441682592874585], [-58.530975844652716, -34.4409160051338], [-58.53231026437451, -34.44000490081969], [-58.533619786165254, -34.439038328174064], [-58.535222062844085, -34.43773921592034], [-58.53578434719715, -34.437243496077585], [-58.53608361778041, -34.43692934448843], [-58.537306547761226, -34.435413689091014], [-58.53799365704372, -34.43455265237966], [-58.53863590615016, -34.43385961357563], [-58.53980421743648, -34.43277195803038], [-58.53990849277273, -34.432697471266856], [-58.54056420549191, -34.43224789904388], [-58.54146252769935, -34.43184465912788], [-58.54255641483198, -34.431498341484975], [-58.54360695076784, -34.4312122651155], [-58.544567699313575, -34.4310509880732], [-58.54544063457019, -34.43074951215027], [-58.546459480869245, -34.4303626077064], [-58.547048249644654, -34.43011559838021], [-58.547452643381895, -34.429929183937425], [-58.548344211434014, -34.429449083337104], [-58.54933444944042, -34.42895704654263], [-58.55029831737607, -34.42851730857236], [-58.55122043430258, -34.42811994085679], [-58.55298174888486, -34.42734257262365], [-58.554700683038575, -34.426553594376564], [-58.55611068933918, -34.42585352692802], [-58.55772849785255, -34.42470780804522], [-58.55857402409094, -34.42425626146046], [-58.55890093710195, -34.42646017102198], [-58.559214966714194, -34.427926336581834], [-58.56018095192923, -34.42980536296639], [-58.56169763872463, -34.43101256942188], [-58.56187838637753, -34.43087084133671], [-58.56204222987108, -34.43097972333078], [-58.56358142816997, -34.43214784336927], [-58.56583174803565, -34.433826765112336], [-58.566640767835715, -34.43445590623181], [-58.56669731754074, -34.43449081879886], [-58.567393736049745, -34.43501421156551], [-58.56830049511565, -34.43570324148804], [-58.56899233568421, -34.43621735922699], [-58.56900732489357, -34.43623175628201], [-58.56861230827866, -34.436647995544725], [-58.57010748453725, -34.43764259517741], [-58.57051308980537, -34.43799092387255], [-58.57097215765391, -34.43837846736057], [-58.57171130672173, -34.43894039945767], [-58.57251687821022, -34.439456954559404], [-58.573543153535006, -34.440022934739275], [-58.57429232945314, -34.44059445294888], [-58.57493808246989, -34.44107876490405], [-58.576947734039386, -34.44257205238034], [-58.577421225258114, -34.44292001218693], [-58.577586221249184, -34.4430469211951], [-58.57851013418227, -34.443727945624225], [-58.578961661692276, -34.44407905331604], [-58.579517912290314, -34.44447250077362], [-58.58015381625618, -34.44491574422625], [-58.580299227610375, -34.44501898626458], [-58.58043884694083, -34.445126368420425], [-58.58125125318913, -34.44529277912326], [-58.58244574962381, -34.44555439535116], [-58.5836858828172, -34.4457603653481], [-58.5846995791155, -34.44604238760048], [-58.5900671586533, -34.44720098063927], [-58.59210227589458, -34.44764854684153], [-58.59542715424977, -34.44838584359383], [-58.595403431691544, -34.44846978063725], [-58.59519055611892, -34.4488208118381], [-58.59487468731553, -34.448895942878416], [-58.59463316308735, -34.448836294277], [-58.59395350089949, -34.44888477011263], [-58.59391121000597, -34.448994538306955], [-58.59390779688473, -34.44927743816404], [-58.59395072029871, -34.44967999878999], [-58.594167965575366, -34.45004374671397], [-58.59430578789285, -34.45026334943771], [-58.59443988121251, -34.45073887019125], [-58.594389018541484, -34.45134243187951], [-58.594523192396245, -34.45178650120724], [-58.59484589664825, -34.45252066839546], [-58.59504894802663, -34.453013870654736], [-58.59546164144896, -34.45368161759084], [-58.59595480286677, -34.45454300328245], [-58.59676165418945, -34.45590432615169], [-58.597333716154516, -34.456824438499744], [-58.59788127151736, -34.457837426508455], [-58.59839431312604, -34.45862811564933], [-58.59889348632709, -34.45972803098755], [-58.59916935831507, -34.460715487023094], [-58.59977697884467, -34.46254999880925], [-58.60015183304218, -34.46373671362819], [-58.60014478333334, -34.464091294994375], [-58.60010963920731, -34.4644261908692], [-58.599802843194965, -34.46470410485161], [-58.59911321827487, -34.465291251208754], [-58.59901886413627, -34.46555962822844], [-58.59896522540036, -34.46604169282632], [-58.59896626614448, -34.4665495557052], [-58.59895159202502, -34.46702051135487], [-58.59911579792675, -34.46734058177051], [-58.59941397089751, -34.46774070954405], [-58.59951000608355, -34.46803416003572], [-58.59971580248836, -34.46837473737278], [-58.6000294606625, -34.46890612726236], [-58.600073604130145, -34.46960086093411], [-58.59996694020442, -34.46970221844201], [-58.59989535534448, -34.46980571154635], [-58.59922615788613, -34.47037612456567], [-58.59860758688046, -34.4710484797704], [-58.59854877715564, -34.47128307008116], [-58.598533856607766, -34.47154280200807], [-58.59881425973285, -34.471959825391274], [-58.59911871334836, -34.47231989332794], [-58.599678498285805, -34.47295165421751], [-58.60002716780623, -34.47336384443875], [-58.60036742701792, -34.473748558999155], [-58.60088024300917, -34.474359480799315], [-58.60104875165264, -34.47466183697777], [-58.60102676632197, -34.47466499238981], [-58.60117082770014, -34.474875983931824], [-58.60117900586269, -34.474997814744306], [-58.601185514665815, -34.4750161862279], [-58.60124457316314, -34.47529839790563], [-58.601300693699336, -34.47552201115756], [-58.60132180721607, -34.47555924696416], [-58.60136014547722, -34.47564696328399], [-58.601460076583244, -34.47577437955485], [-58.60153468725142, -34.475850822449175], [-58.60182630395785, -34.476111239989116], [-58.60196322847798, -34.47640268518202], [-58.602002125969754, -34.4765758179399], [-58.602054041697805, -34.476785693661675], [-58.602208913184406, -34.47730292206762], [-58.602221309346824, -34.47774407080996], [-58.60226219591723, -34.47804764540394], [-58.60237078520107, -34.47826097081715], [-58.60257780200253, -34.4785881389104], [-58.602896970802114, -34.478782824480724], [-58.60313335218984, -34.478932026236414], [-58.60337052782904, -34.47907228827613], [-58.60421620395416, -34.47951022320862], [-58.60436304865359, -34.479537134583076], [-58.60443004312689, -34.47957716201537], [-58.60477588026996, -34.47959371282931], [-58.60508678873931, -34.479545223725204], [-58.605533989342995, -34.47958142148651], [-58.60593364833891, -34.47966415732643], [-58.60609573964151, -34.47976389556898], [-58.60631133329699, -34.479902839244374], [-58.606544807297894, -34.48029901895199], [-58.60647118197482, -34.48076189873702], [-58.60639364418542, -34.480932441134605], [-58.606005995399634, -34.48129532663577], [-58.60546872729304, -34.48181537884619], [-58.604899781744884, -34.48235596977152], [-58.60465547005436, -34.48260174500956], [-58.604329560596085, -34.482941418183316], [-58.60391545725755, -34.48323527840834], [-58.60383774904994, -34.48331593177644], [-58.603487141514115, -34.483505802862645], [-58.60288911193655, -34.48379295836168], [-58.60273535814769, -34.48390493265777], [-58.602498810875495, -34.48397142251694], [-58.60239538098104, -34.48400557084942], [-58.60212803394495, -34.48405220976571], [-58.6019220463037, -34.48408011436974], [-58.60123176921846, -34.484244805852946], [-58.60116040762681, -34.48425394256795], [-58.60087678691203, -34.48433104449977], [-58.60049298897131, -34.48452787286794], [-58.59998519630396, -34.4849598153779], [-58.59945747495832, -34.48534110983129], [-58.5993728548248, -34.48540785752899], [-58.59908207551483, -34.485870986629735], [-58.599117069956094, -34.486362943309295], [-58.59913650817818, -34.48675508875896], [-58.59935717382539, -34.48732576044745], [-58.5992981856313, -34.48762325343121], [-58.59936930180469, -34.48801405245541], [-58.59967529746835, -34.4889988578589], [-58.599939631982345, -34.48953623817361], [-58.600163640278396, -34.490161038778005], [-58.600700663206894, -34.490989146593556], [-58.6008487019938, -34.49191939419184], [-58.60094299885951, -34.492751999207925], [-58.60078754330287, -34.493524457879], [-58.6003077019001, -34.49431311245609], [-58.59929942893423, -34.49527629558112], [-58.598784073784955, -34.49606727328442], [-58.598500682902355, -34.496935292161716], [-58.59839830032085, -34.4977514233972], [-58.59839467897138, -34.4985555956366], [-58.599313473886056, -34.500310227085315], [-58.59978916135119, -34.50115707671532], [-58.60079391839716, -34.50280009764152], [-58.60134141604929, -34.505435366621576], [-58.60164760484576, -34.50681564357223], [-58.60207146790846, -34.50833790151297], [-58.602248816689325, -34.509274430947904], [-58.60287115448673, -34.51222882688847], [-58.602549334182406, -34.51377308545257], [-58.601549393757786, -34.51827343141746], [-58.601258409996404, -34.52069136676729], [-58.60174325567417, -34.521466876055634], [-58.60242521788135, -34.52225438937899], [-58.60298766329419, -34.52316494270303], [-58.603367536915144, -34.5241138085518], [-58.60412147369518, -34.526626842204145], [-58.604307003586385, -34.52799078861485], [-58.6045741059537, -34.52929229468118], [-58.60471282886928, -34.52980854708303], [-58.60507701336739, -34.532216959180055], [-58.605470185317685, -34.53341379554107], [-58.60617157258716, -34.53404519500653], [-58.60637902764546, -34.53424656734003], [-58.63528655524561, -34.51060765242998], [-58.642936396065465, -34.50433467582772], [-58.6454884119421, -34.50223769194118], [-58.645914153562885, -34.50190394205038], [-58.646570931427945, -34.50138194338636], [-58.6483223546996, -34.49989705181194], [-58.648952956198656, -34.499333008372545], [-58.649625227230516, -34.4987579997601], [-58.6510137238679, -34.497601639801545], [-58.65265412243146, -34.49620433431031], [-58.65411593582348, -34.49498495579516], [-58.65496699690351, -34.49425893606753], [-58.65660613873988, -34.49284351599532], [-58.65743089048191, -34.49213835626718], [-58.65831586224941, -34.49139638187354], [-58.65912084332254, -34.49073046052791], [-58.660348396604206, -34.48970356845844], [-58.66133606367144, -34.48887339592625], [-58.66259139911671, -34.48780770867348], [-58.663919302154895, -34.48668796409925], [-58.664518766749346, -34.48616688659465], [-58.66548318127992, -34.485353247288266], [-58.66723741011513, -34.483859217436134], [-58.667779647532036, -34.483402079142415], [-58.66918084182609, -34.48218781947112], [-58.67039037538033, -34.48117769798661], [-58.6716678564201, -34.480104248213614], [-58.67347741633432, -34.478595472646695], [-58.67402306962515, -34.47812951948073], [-58.675432572500405, -34.47691118195907], [-58.67726869126202, -34.47534551764251], [-58.67759965089246, -34.47503738685999], [-58.67804598050755, -34.47468227545871], [-58.679108173081154, -34.47330814359652], [-58.680137010134246, -34.472035355816715], [-58.68063541856709, -34.471395746837864], [-58.68319865406661, -34.46846710102374], [-58.68338090309378, -34.46778148381244], [-58.684256156537764, -34.46649491475513], [-58.68461487106416, -34.46614798403499], [-58.685181896806874, -34.46546753975337], [-58.685638700953355, -34.46474450786084], [-58.68611860889867, -34.46403634603346], [-58.68615030095868, -34.46398432328142], [-58.68684884170893, -34.463257851898646], [-58.68718093507512, -34.46290481647485], [-58.687423004167314, -34.46268118867789], [-58.68797849120009, -34.461946104829025]]], [[[-58.44800531563021, -34.350603708058586], [-58.446401669897796, -34.352526126489195], [-58.44754733324647, -34.353999097661436], [-58.44952929857364, -34.35256742573124], [-58.451310648764895, -34.35161752627313], [-58.45307539976762, -34.35115183448345], [-58.45403592999482, -34.351975234638985], [-58.453033214635724, -34.35342278080986], [-58.450083287790314, -34.35435413815827], [-58.44906718776996, -34.356609589191244], [-58.44726407037688, -34.359180136474336], [-58.443473171938464, -34.3631818747013], [-58.44222404471185, -34.36705380135961], [-58.44389988286791, -34.371776865015306], [-58.446188205591596, -34.374879960025524], [-58.4492767486756, -34.376864454950066], [-58.452210494679456, -34.376902701437835], [-58.45299623180433, -34.377023333205834], [-58.44582666202372, -34.3875822410732], [-58.44631764230253, -34.38748691864208], [-58.455566199610026, -34.37532701284231], [-58.460361167652884, -34.36971561533501], [-58.461957270661976, -34.36670517321863], [-58.46420580304399, -34.36279601566867], [-58.46740299933052, -34.35878825849624], [-58.47019156346187, -34.356067151787286], [-58.47138781688284, -34.35478418597343], [-58.471624864836365, -34.352359000109246], [-58.47400274226762, -34.35076715403053], [-58.47683019646544, -34.34561739574306], [-58.478464052608494, -34.341750783042], [-58.48046226768904, -34.33934450140137], [-58.482050814332304, -34.33588840797181], [-58.482088461527646, -34.33580086666569], [-58.484685595851595, -34.33275299058011], [-58.48706780604326, -34.33068031481356], [-58.487113541471516, -34.32808599793917], [-58.48656649300381, -34.32597183614589], [-58.480303184478316, -34.32654225932318], [-58.47520116269926, -34.32618212372973], [-58.47210739975855, -34.32595494041756], [-58.466050898918, -34.32588138358172], [-58.462123818169985, -34.32664031397204], [-58.45915159249245, -34.32903537227243], [-58.458528005255445, -34.33096926862318], [-58.457330974203856, -34.33241381944913], [-58.45612276358899, -34.33434292930517], [-58.45703044904659, -34.33791735669258], [-58.45658209745194, -34.341151647020695], [-58.456519445679525, -34.34455362040838], [-58.45642142671361, -34.34461943739771], [-58.454541515711824, -34.345823922967604], [-58.45197517459252, -34.347250909553516], [-58.449032532516355, -34.347863689930705], [-58.44939175181727, -34.34964730469577], [-58.44800531563021, -34.350603708058586]]], [[[-58.45527925059223, -34.33931855394859], [-58.45468911521471, -34.33799242770229], [-58.453862700667656, -34.33676398403115], [-58.452894574902494, -34.336146812394304], [-58.451880525650175, -34.33634005441678], [-58.45167396934488, -34.335927352998574], [-58.452179761314675, -34.33512297945858], [-58.451827454768164, -34.33410364749604], [-58.4507423894222, -34.33358255465054], [-58.44950476747713, -34.33397309377696], [-58.44827055639076, -34.3345660239072], [-58.448138001078114, -34.33537555956622], [-58.44749618683352, -34.336787039694435], [-58.44686709089989, -34.33799711137312], [-58.44672176560566, -34.3390080450038], [-58.447202655885164, -34.33962199552163], [-58.448308321771165, -34.33943448013491], [-58.44865173090844, -34.340552119792484], [-58.44875264024731, -34.3417760322853], [-58.449722752640554, -34.34219117005272], [-58.45107790432939, -34.34170008864805], [-58.452304423080705, -34.341614389260656], [-58.452283045016344, -34.34263301951538], [-58.45164700710072, -34.34404038913424], [-58.45249437186843, -34.34455573223381], [-58.453841807650186, -34.34427082986406], [-58.455016121694946, -34.34338207758842], [-58.455225297425805, -34.34226275419851], [-58.45527925059223, -34.33931855394859]]], [[[-58.496250073874876, -34.426987027235896], [-58.496275085635595, -34.427312095943954], [-58.49603189273171, -34.42733303554065], [-58.495933786802816, -34.427610065713374], [-58.49587044697395, -34.42786228089009], [-58.49582850398892, -34.428268592277156], [-58.49579505121648, -34.42867093420962], [-58.49590548465892, -34.42913158353087], [-58.496146326962055, -34.42943851817995], [-58.49654190525049, -34.429471916551044], [-58.49697408755188, -34.429399730484114], [-58.497406727864806, -34.42920175554452], [-58.49780672159044, -34.428974804184584], [-58.497834320653546, -34.42933148662201], [-58.49816558880426, -34.429567608822374], [-58.49773266067459, -34.429738608276736], [-58.49742658088201, -34.42988597907986], [-58.49738779782079, -34.43016667100429], [-58.49775125306375, -34.430346366186285], [-58.49839681006797, -34.4304041690511], [-58.498914998175465, -34.43031032174445], [-58.49940879742674, -34.43003523088978], [-58.49987952251103, -34.429534043489845], [-58.50004049454178, -34.429130577670044], [-58.500389231811255, -34.42847807397693], [-58.50073635727327, -34.42784344322993], [-58.50105587373313, -34.42706331895919], [-58.50137652430661, -34.42617991467366], [-58.50177716380432, -34.42479817786757], [-58.500884997637534, -34.42443760913753], [-58.499389622815684, -34.42436335508005], [-58.498747442173325, -34.42444955828318], [-58.49809832168519, -34.42464317168434], [-58.49788611468795, -34.42462109309842], [-58.497521193397716, -34.42463901969091], [-58.4973338866583, -34.42476226548878], [-58.49708473644914, -34.424940109464096], [-58.49704848144011, -34.4251625428741], [-58.497019971703466, -34.425479815732054], [-58.49675332261619, -34.42612389346571], [-58.49662883115654, -34.426453217189255], [-58.496380763932734, -34.426649099736316], [-58.496250073874876, -34.426987027235896]]], [[[-58.496233208934356, -34.4229509089976], [-58.49721149716496, -34.423137087297356], [-58.497729063866394, -34.42298928297167], [-58.49825288446631, -34.422922743482744], [-58.49883327339947, -34.42298101322462], [-58.49943988494553, -34.42313975275991], [-58.49999331432548, -34.42319635415534], [-58.50030177189867, -34.42302216103903], [-58.50025253793771, -34.42278546687036], [-58.49927859634244, -34.42246028554481], [-58.498607734404, -34.42217176667078], [-58.497682623127425, -34.42166535567374], [-58.49686944599892, -34.42121077873398], [-58.4963729397457, -34.42097344679076], [-58.49604784474791, -34.42063884862077], [-58.4958947901818, -34.420139623381175], [-58.4955827222739, -34.419931643382604], [-58.495261362746945, -34.419947759200426], [-58.495152597885415, -34.420192677331094], [-58.49514204154195, -34.42055149773013], [-58.49516693688323, -34.420908012601764], [-58.495240592656664, -34.421415818857284], [-58.49527638774273, -34.42174155265729], [-58.4950279324322, -34.421941902475176], [-58.494747694203305, -34.42219421089021], [-58.494496079119735, -34.42252017953518], [-58.49421267953178, -34.42289810644203], [-58.494087899507356, -34.42320044884871], [-58.49398720897302, -34.423657053475075], [-58.49387732696012, -34.424517496221966], [-58.49402751082176, -34.424746943031906], [-58.49441990691314, -34.42490596555198], [-58.4947597023616, -34.42480561659308], [-58.494859989708154, -34.42435347957424], [-58.4951710439234, -34.4239997249504], [-58.495511581381116, -34.42380056450994], [-58.495944020226084, -34.42375535652169], [-58.49585670704722, -34.42339948301387], [-58.49592147513318, -34.42307096804067], [-58.496233208934356, -34.4229509089976]]], [[[-58.43540990731166, -34.329431702260614], [-58.436383288122585, -34.32974828725782], [-58.437611604472686, -34.32946064813929], [-58.43860420478556, -34.328664111004755], [-58.44012979533998, -34.3276625243713], [-58.43899602520147, -34.32714280512851], [-58.43741076761507, -34.327125222408284], [-58.435931544433465, -34.32761294370431], [-58.435302887192464, -34.328517441000386], [-58.43540990731166, -34.329431702260614]]], [[[-58.441903865776396, -34.32846910834842], [-58.4411628929416, -34.328998229759975], [-58.44077934810665, -34.330007840204054], [-58.441379447317736, -34.33062022225249], [-58.44236221570659, -34.330532960139685], [-58.44336071869034, -34.32913017137513], [-58.444474470586634, -34.328430964184875], [-58.44439991762886, -34.327455814955854], [-58.44326920448593, -34.32750246188666], [-58.441903865776396, -34.32846910834842]]], [[[-58.44851099675939, -34.33141774115044], [-58.44784589575169, -34.33116530575868], [-58.44719377320279, -34.331610113825164], [-58.447152678457314, -34.33254663745437], [-58.44728721816316, -34.33315706940631], [-58.447995229235374, -34.33269326259137], [-58.44837226300314, -34.332235880385994], [-58.44851099675939, -34.33141774115044]]], [[[-58.444324338246105, -34.33015600711822], [-58.44375776621404, -34.33085322873813], [-58.44480468324801, -34.33041496813104], [-58.44530409031466, -34.32986184747303], [-58.44508665820295, -34.32939005237715], [-58.44445493919161, -34.32954854915828], [-58.444324338246105, -34.33015600711822]]]]}}, {"type": "Feature", "properties": {"CODIGO": "06840", "NOMBRE": "Tres de Febrero", "CODPROV": "06", "PROV": "Buenos Aires", "SUPERFICIE": 45.704, "LATITUD_CE": -34.596301, "LONGITUD_C": -58.578757}, "geometry": {"type": "MultiPolygon", "coordinates": [[[[-58.61339818360296, -34.59066769666697], [-58.614187658100064, -34.58997874506649], [-58.61451387227659, -34.58970199957101], [-58.6164491758355, -34.588013204135294], [-58.621188540070264, -34.584059174671516], [-58.62596511245773, -34.58001731039876], [-58.62654117141208, -34.5795265142419], [-58.62844103065551, -34.57792522049048], [-58.630408044886714, -34.57630100542465], [-58.631526436983556, -34.57533079517157], [-58.63264631500634, -34.574374144930275], [-58.634103453814134, -34.573136851811036], [-58.63642610260332, -34.57120604187943], [-58.63732420794013, -34.570451599497424], [-58.63925732936559, -34.56880718517004], [-58.639600307776554, -34.568553847220144], [-58.64230274197483, -34.56653358271893], [-58.645351168331864, -34.564039867957014], [-58.64538353400552, -34.563889032139045], [-58.6454676278729, -34.56373683593644], [-58.6455687230373, -34.563576681528424], [-58.64570631878755, -34.56349513637795], [-58.64581985869705, -34.56347055607482], [-58.64584142801221, -34.56313481138643], [-58.646042687800865, -34.562886349569425], [-58.64593047137275, -34.56283461202083], [-58.64569991219981, -34.56270829544718], [-58.645517984066366, -34.56258492443267], [-58.6449983733468, -34.56207258716875], [-58.64443812177554, -34.56143644755131], [-58.64280642325748, -34.55971074944612], [-58.64082514982575, -34.557608819883406], [-58.640062648280306, -34.55665031964783], [-58.63852131750121, -34.55550079014454], [-58.63352496507662, -34.553651832251745], [-58.63210444341019, -34.552734257385964], [-58.63129198598823, -34.55191199261355], [-58.63068455396418, -34.55089095102299], [-58.62996882743673, -34.550141959490254], [-58.62952036990528, -34.54980914987369], [-58.628144468824196, -34.549002098704456], [-58.62667177864057, -34.54833745629362], [-58.625023941080194, -34.547657665724635], [-58.624058201187346, -34.54740127349413], [-58.62324072473411, -34.54727971103872], [-58.62210866497842, -34.547183968690284], [-58.61944968547718, -34.54734144745917], [-58.61741709298156, -34.547325738309354], [-58.61708849033558, -34.54818207082093], [-58.61664847618339, -34.548519322282154], [-58.61334106731786, -34.55114482386563], [-58.612814029903575, -34.55154417342317], [-58.6114460457701, -34.552543963213296], [-58.6105183323877, -34.55326494748693], [-58.60957209213747, -34.55398030192904], [-58.608670247524785, -34.554684868936604], [-58.60774598275449, -34.555397050845805], [-58.60690528955606, -34.55602443615078], [-58.60679659581291, -34.5561166825437], [-58.60221683752894, -34.55960356522754], [-58.60148778066662, -34.56016580801565], [-58.60134307747518, -34.560296298926225], [-58.60018156730276, -34.56120067266215], [-58.59891592790628, -34.56220653764888], [-58.59883892321887, -34.56227823842531], [-58.59838516827467, -34.56264603242911], [-58.59818435080177, -34.56282702377592], [-58.59814374376605, -34.562856004800715], [-58.59812403754567, -34.56286379095694], [-58.597164612707516, -34.56366361258139], [-58.59709809902205, -34.56370898875312], [-58.59685905784138, -34.563892140417884], [-58.59645217984959, -34.5641908832626], [-58.59331684869505, -34.56666896158256], [-58.592709901632645, -34.567139729442985], [-58.590546137163166, -34.568863623104725], [-58.59032336558736, -34.569016296198555], [-58.5890311796845, -34.570042890011464], [-58.587688737453995, -34.571084374136205], [-58.58671149317361, -34.571838073218785], [-58.5861152776882, -34.5723094582516], [-58.58511890983284, -34.573124887670346], [-58.58460971233873, -34.573534172843445], [-58.583563487123236, -34.57436002281801], [-58.58095203865792, -34.57643833479648], [-58.579459220386326, -34.57760982870393], [-58.577981467128005, -34.578764247439274], [-58.57598548648854, -34.580336323613494], [-58.57424288232204, -34.581717151814246], [-58.57363961903028, -34.58217455308633], [-58.57303714882524, -34.58262301189337], [-58.570618705555404, -34.584542113646954], [-58.56983998531142, -34.58516850187796], [-58.5681141899838, -34.58654126944804], [-58.56521405302253, -34.58883068892849], [-58.56367865785828, -34.59001732379029], [-58.563006213813566, -34.59069960474352], [-58.562270204774926, -34.59145437851243], [-58.557166641684056, -34.59222443620707], [-58.555692556789324, -34.59245306387695], [-58.55268992923657, -34.59291141430551], [-58.551349140389355, -34.59310772447113], [-58.54887031529045, -34.59348129327094], [-58.54575174661622, -34.59395930638567], [-58.544307748664764, -34.5941851439391], [-58.5421738756664, -34.59449887902968], [-58.53852871599468, -34.5950611652489], [-58.53632375893187, -34.59537940866345], [-58.53203690399206, -34.59603682507103], [-58.52779956553109, -34.596656689925254], [-58.52398394466587, -34.597239475885466], [-58.52337752823275, -34.59730546078283], [-58.52298009216473, -34.59734387912975], [-58.52228893797876, -34.59735520675726], [-58.52234630238752, -34.59750253716121], [-58.52240625162911, -34.59768148200077], [-58.52262433239867, -34.59821617919118], [-58.522780853761965, -34.598589806586126], [-58.52295790207678, -34.59894672454844], [-58.52354574839707, -34.59993109980407], [-58.524046682972596, -34.60082473930102], [-58.52515854357644, -34.60305017732316], [-58.52761318265011, -34.60837803397307], [-58.52843156995548, -34.6101225357517], [-58.53040860475789, -34.61436045121135], [-58.53063010031467, -34.61482794697449], [-58.53069438693064, -34.61498918259131], [-58.53085619514528, -34.61551591364406], [-58.53091765817561, -34.61613083214371], [-58.53081423037372, -34.61800280156863], [-58.53075307963135, -34.618983141496116], [-58.5305632644103, -34.62238661358737], [-58.53054985876403, -34.62256553336584], [-58.530429383175075, -34.62538011612448], [-58.53039433313564, -34.62598010455009], [-58.53024477031786, -34.627880688029265], [-58.53016408478661, -34.62995177819671], [-58.5301154196694, -34.63109465801545], [-58.53001758387192, -34.632993933826924], [-58.52996845267455, -34.634051405911954], [-58.52994468027883, -34.63431506619693], [-58.52992353029444, -34.63491141721256], [-58.52989052539989, -34.63557893619579], [-58.52975770005487, -34.63732327296615], [-58.52960048113002, -34.63897623402613], [-58.52957566181226, -34.63931172794437], [-58.52946621673172, -34.641097947450035], [-58.52937762178173, -34.64247203661145], [-58.52925591623196, -34.644122691427036], [-58.52921527145803, -34.64445271659142], [-58.52917358339759, -34.64485457569927], [-58.52917723844935, -34.64511543204821], [-58.52920169465752, -34.645597758442804], [-58.52921052012546, -34.64592184436611], [-58.52920485425656, -34.6461956073804], [-58.52917283927432, -34.646490215118234], [-58.529155670186704, -34.64674080116055], [-58.52907629495431, -34.64771103059115], [-58.52899698674115, -34.649072210928814], [-58.52895170784237, -34.65011643952335], [-58.52878462436194, -34.65220916841914], [-58.528682201605456, -34.65283196679866], [-58.52852117018418, -34.653320837612824], [-58.52835593842025, -34.65379596832881], [-58.52852822847899, -34.653905446132285], [-58.528636028069336, -34.65400645585307], [-58.52872518461474, -34.65413327848898], [-58.5288317748753, -34.65424769447858], [-58.528915477855286, -34.654284308053896], [-58.52908380956626, -34.654317149284225], [-58.52934459758149, -34.65431973827212], [-58.53102963688746, -34.65306198139643], [-58.53223289820903, -34.65220142134389], [-58.53296776465875, -34.65168048140912], [-58.533947477098046, -34.650976892814114], [-58.535806463080434, -34.649657872172774], [-58.5373032518227, -34.64858614701861], [-58.538146552206676, -34.64797747783717], [-58.538317753533256, -34.64785769704874], [-58.54007403377848, -34.64659069852585], [-58.54095295907164, -34.645948249230344], [-58.541568123449466, -34.645487291020295], [-58.54402980756562, -34.643661460044186], [-58.54495946122582, -34.64296817215835], [-58.54555203610949, -34.64254624508909], [-58.54642426329296, -34.64191681943984], [-58.547440906964965, -34.641192907033826], [-58.549680275185665, -34.63956897840364], [-58.55396658654081, -34.63637207590023], [-58.554872039493645, -34.63570417684199], [-58.55498821132728, -34.63562143419899], [-58.556129815560475, -34.6346849165676], [-58.558567973420864, -34.63265957662829], [-58.55992741449631, -34.631475746195825], [-58.56091240602399, -34.63055653066247], [-58.56202533907853, -34.629604708240976], [-58.563325384299695, -34.62859694054221], [-58.563786595434976, -34.62824324974805], [-58.564073574804986, -34.62801368784934], [-58.56540902229328, -34.6269136957708], [-58.56675654287387, -34.62589082043598], [-58.5669042150684, -34.625971770635864], [-58.56801472108375, -34.62656109850674], [-58.56920503944943, -34.62720024461158], [-58.57139930737905, -34.62831430174216], [-58.57229281190334, -34.62877795824788], [-58.57593690614564, -34.62375231376148], [-58.57701101077531, -34.62229015879818], [-58.57782439610711, -34.62118951863171], [-58.58031806008254, -34.617773990888566], [-58.58191297936927, -34.615561712744224], [-58.582018876447336, -34.615410904784376], [-58.5830887493794, -34.613993361656725], [-58.58375242216097, -34.613045295666744], [-58.58594892294953, -34.610029380884676], [-58.58598655142899, -34.60997326068567], [-58.58667567685703, -34.60901324848903], [-58.586962101027815, -34.60866674994355], [-58.58815526230133, -34.60702300483589], [-58.58886675438433, -34.60605535573604], [-58.59289284094155, -34.60798641301577], [-58.594423133431725, -34.60670471163151], [-58.59453811973717, -34.606603877654564], [-58.59461127623757, -34.60654542895033], [-58.595719203518684, -34.6056109177199], [-58.5958422949995, -34.60551057692671], [-58.59653909956801, -34.604919463485615], [-58.61140742871106, -34.59239799784445], [-58.61339818360296, -34.59066769666697]]]]}}, {"type": "Feature", "properties": {"CODIGO": "06861", "NOMBRE": "Vicente López", "CODPROV": "06", "PROV": "Buenos Aires", "SUPERFICIE": 34.809, "LATITUD_CE": -34.526803, "LONGITUD_C": -58.504436}, "geometry": {"type": "MultiPolygon", "coordinates": [[[[-58.52903137259891, -34.54238693969731], [-58.5275098239377, -34.541673192755574], [-58.527880423465106, -34.54096354640528], [-58.52886288814677, -34.53906480035585], [-58.52976454850988, -34.53730936082737], [-58.53345659372488, -34.53961248720152], [-58.53670079975143, -34.543065314010995], [-58.536826884833474, -34.54320337900409], [-58.53739512891007, -34.54380000823499], [-58.53778740286193, -34.544179113833806], [-58.54198964301116, -34.5404379768369], [-58.54465234927559, -34.53811651248402], [-58.54630781633099, -34.53664087347714], [-58.55066708833836, -34.53289554051907], [-58.55127265167563, -34.53234851037263], [-58.553790926672384, -34.53014826702959], [-58.54818547866615, -34.52535123170186], [-58.54624701691059, -34.523686463771625], [-58.54419435261317, -34.521933773842925], [-58.54330502614381, -34.52116468932776], [-58.5423064390484, -34.520312498879164], [-58.54069822603235, -34.518933058277376], [-58.538703984284425, -34.51719735937258], [-58.537122781382166, -34.518484244746915], [-58.53579417210331, -34.51749938823639], [-58.533571982911454, -34.51591586749748], [-58.53220975469175, -34.51497384619938], [-58.53055882987752, -34.513982603242816], [-58.53124264204678, -34.51298663594116], [-58.53037423237331, -34.5125917232785], [-58.529472344837224, -34.512176771589125], [-58.529010607462254, -34.51196862954274], [-58.528940533521144, -34.51193286449919], [-58.525642679768644, -34.5104223515488], [-58.524622990434096, -34.50995967572333], [-58.52140387567379, -34.508480863410384], [-58.52112280443605, -34.50834672621752], [-58.5208066451154, -34.508210427982114], [-58.519206280796276, -34.5075052525869], [-58.515790459171, -34.50598273350774], [-58.51348028195159, -34.504932687401734], [-58.51114628049129, -34.503876638409686], [-58.50984803352552, -34.50328433714956], [-58.50917502948935, -34.502982215628656], [-58.50620526529048, -34.501603783087056], [-58.502402862311776, -34.49985935419699], [-58.50127534277024, -34.49933142681532], [-58.49955225270017, -34.49854654053068], [-58.49866109503881, -34.49813653330205], [-58.496937134490075, -34.497391999984565], [-58.49599944257074, -34.49695663339537], [-58.49408361210331, -34.496083381200854], [-58.49334987662042, -34.49576394595272], [-58.49215932750687, -34.49521407203307], [-58.49140063770484, -34.49487061656054], [-58.48964927800353, -34.49407037283012], [-58.48671924197, -34.49277034420838], [-58.48438949791364, -34.49170509612355], [-58.482485439977154, -34.49094473777839], [-58.48142905954813, -34.49053337670056], [-58.48132974935487, -34.490491283710924], [-58.48034961627639, -34.49010709940463], [-58.48025204648895, -34.49001568612333], [-58.48003363468979, -34.49006058128026], [-58.47995621662528, -34.490136670161746], [-58.479692991409124, -34.49010689675294], [-58.47970453933185, -34.48991888965285], [-58.47952360053104, -34.48984927559375], [-58.47941395423687, -34.4899817830524], [-58.479359232496805, -34.49016711752085], [-58.47927036510401, -34.49030989782773], [-58.479141199283035, -34.490598464844034], [-58.47907840654723, -34.490873167034906], [-58.47903851143239, -34.4910144853657], [-58.479043630392, -34.49146863334647], [-58.479092175225496, -34.49186256240637], [-58.47897841352482, -34.49225093700887], [-58.47888777752143, -34.49235316698656], [-58.4787641290255, -34.49261062129126], [-58.47871431885039, -34.49301194146565], [-58.47891475570458, -34.49331641993721], [-58.479414518343674, -34.49340127916434], [-58.47961319330992, -34.49366520722062], [-58.47973391735904, -34.49404113761898], [-58.47990941840867, -34.494411472009105], [-58.47986150242688, -34.4948218970684], [-58.47978392737248, -34.49532035375023], [-58.48004416832851, -34.49571390739898], [-58.479997360672066, -34.495751450379046], [-58.479817695459985, -34.49593803747351], [-58.479662820964734, -34.49600034422103], [-58.47954363079287, -34.496298515667796], [-58.479346863012736, -34.496614351212], [-58.479324161379104, -34.49698589643194], [-58.479121692535855, -34.49718455062272], [-58.47865827066616, -34.49735806121688], [-58.4784112042831, -34.497810075363304], [-58.47823485116542, -34.49832038785838], [-58.47816035227608, -34.498243880927454], [-58.47809932365173, -34.49807834048713], [-58.478100915503376, -34.49797059799869], [-58.4780582463916, -34.49784214138686], [-58.47795096170504, -34.4977680976587], [-58.47791043815178, -34.49758585335716], [-58.47813762412756, -34.49747410609257], [-58.47814514339667, -34.49733078360768], [-58.47798048674124, -34.49714085314299], [-58.47765255858669, -34.496895878720295], [-58.4773658347384, -34.496855656922065], [-58.47709938302581, -34.496951491034565], [-58.47683002055433, -34.49728978634824], [-58.47661813258664, -34.497622653670426], [-58.476537748451065, -34.49833212141097], [-58.47663170909282, -34.49855362247566], [-58.47678816239351, -34.49886436784102], [-58.47701864723998, -34.49898648276762], [-58.47733200353774, -34.49921258353711], [-58.47757980947331, -34.49953347869605], [-58.47752949237704, -34.49957978993397], [-58.477358799800484, -34.49954675271463], [-58.47727820380895, -34.49992819189644], [-58.47723545153903, -34.50058157712938], [-58.477009485587644, -34.50134044360435], [-58.47698564302199, -34.50151420862825], [-58.476948051550906, -34.501750029397755], [-58.4769202779188, -34.501847163564726], [-58.476902619107875, -34.50192245728507], [-58.47685501923659, -34.502058803910906], [-58.47681296480124, -34.50225390783129], [-58.47675567363261, -34.50249749517506], [-58.47666629363012, -34.50285592278889], [-58.476687371871094, -34.502983042769], [-58.47678966744929, -34.503052285686145], [-58.476711061320685, -34.50332151310252], [-58.476582881787266, -34.503358507931516], [-58.47672404342009, -34.50344813165709], [-58.47656073183978, -34.50387387412616], [-58.47633486466389, -34.50394076509054], [-58.47626917853934, -34.504067004378264], [-58.476129690011554, -34.50422911261104], [-58.475591517763206, -34.503998068157756], [-58.47531887182548, -34.50428223454092], [-58.47490597803004, -34.505007048632784], [-58.474721045139916, -34.50534158095922], [-58.47516641292585, -34.50638916745304], [-58.475798818407014, -34.50677882693959], [-58.47584271601841, -34.50698374802641], [-58.47576678129836, -34.50716327249679], [-58.4754301408821, -34.50734462012353], [-58.47499527478916, -34.5075917752937], [-58.474247646568806, -34.50802624545004], [-58.47399382411995, -34.50879236440663], [-58.47403855745218, -34.50916808575906], [-58.47441386674276, -34.50933962146634], [-58.47410090577648, -34.50994930181155], [-58.473311768229195, -34.510062163419505], [-58.47295336017073, -34.510093872990204], [-58.47272380751177, -34.51002123314272], [-58.472429077244605, -34.509949046781934], [-58.47215175351017, -34.50986445847931], [-58.471975529750374, -34.509952390171115], [-58.471742915729806, -34.510153653767276], [-58.47158722641893, -34.510404618554034], [-58.47155942881331, -34.51041188226708], [-58.4715371724913, -34.51047790312554], [-58.47139363343365, -34.51077455430976], [-58.47112997145397, -34.51092895835064], [-58.47105953788999, -34.51098749930373], [-58.4710522619322, -34.51106792872867], [-58.47108601736118, -34.51120482194583], [-58.47110167622562, -34.51124173948806], [-58.47114013935298, -34.511266590552964], [-58.47118480883825, -34.511282839608626], [-58.470840984647914, -34.511423287040884], [-58.470826681411296, -34.5114313870846], [-58.470812104653334, -34.5114125100236], [-58.47078902680928, -34.51139759932548], [-58.4707239784995, -34.511366606730064], [-58.47068079530909, -34.51136392971546], [-58.47064800367332, -34.51136639024154], [-58.47062020568693, -34.51137365368569], [-58.47060968334527, -34.511399961518755], [-58.47057176723768, -34.51142906448368], [-58.47039148435485, -34.51147180831312], [-58.470425512074904, -34.51163567868085], [-58.47026831131963, -34.512803192323645], [-58.46993216111785, -34.512858738642855], [-58.46975012632324, -34.51295079956237], [-58.46952449252774, -34.51295478318112], [-58.4693007389675, -34.51287800260009], [-58.46892046421198, -34.51297125021976], [-58.4686013344731, -34.51319859541601], [-58.46844335245781, -34.51362465365136], [-58.468488454024694, -34.513906038250155], [-58.46857905291205, -34.51437447165235], [-58.46878392532169, -34.51453995004005], [-58.46889744469792, -34.51478513708247], [-58.46907802721432, -34.51494910886506], [-58.46939328089199, -34.51500460370783], [-58.47000326869991, -34.515042425041976], [-58.470204900544296, -34.51515378009677], [-58.47058965463963, -34.5151911140507], [-58.470881154552984, -34.51520918556799], [-58.47130909486578, -34.515249194509224], [-58.47264864890688, -34.51532323956161], [-58.47217536970245, -34.515334345501735], [-58.47108038561351, -34.51552708502349], [-58.47073031323498, -34.515496395995335], [-58.470039600948205, -34.51530079901898], [-58.46951868043357, -34.51526850040123], [-58.469278877478224, -34.515339004882996], [-58.469243667539544, -34.51545814217308], [-58.46929214794401, -34.51576220306855], [-58.469129234428564, -34.51552294006137], [-58.46910169824726, -34.51546731233363], [-58.4688111754236, -34.515768325069835], [-58.46854346505511, -34.516147138643554], [-58.46864122947955, -34.51674632390647], [-58.46916365320344, -34.51688206733652], [-58.469625607040385, -34.51690621858092], [-58.46968340893385, -34.51728724457499], [-58.46973877505488, -34.5176052125622], [-58.469799558939926, -34.518103250800266], [-58.46986112298392, -34.51832274925504], [-58.469739669913615, -34.51840508567572], [-58.46950647825841, -34.51855238704769], [-58.46923767792285, -34.51891316090199], [-58.46898993216265, -34.51931118650713], [-58.468763092395946, -34.51959817407535], [-58.46858576995811, -34.51975792475505], [-58.4684500239863, -34.52002809410966], [-58.46844572223164, -34.520225534893896], [-58.46855100746301, -34.52041179861661], [-58.46856750610421, -34.52079925031204], [-58.46856172616837, -34.521072986492904], [-58.46868793744106, -34.521327948324966], [-58.468502652589436, -34.52154561846106], [-58.46820941015609, -34.521936326778366], [-58.46801510341042, -34.522463477833035], [-58.46789770085584, -34.52268086371011], [-58.46771242943537, -34.52316813430887], [-58.467730799870544, -34.52338495470642], [-58.46785216827399, -34.52387327156109], [-58.46776699710322, -34.52376464156906], [-58.46770651846903, -34.52356318272809], [-58.46764562925723, -34.52327632471338], [-58.46757814640215, -34.523272138914315], [-58.46707257143344, -34.523339631828776], [-58.466631651393506, -34.52353245391206], [-58.46623122843297, -34.52390752056637], [-58.465849834712884, -34.5243421797899], [-58.46549407523796, -34.52464362769756], [-58.46549043984573, -34.52486357606706], [-58.46557183594041, -34.52513373380201], [-58.46607055457234, -34.52541181046603], [-58.466374107343086, -34.525596897084434], [-58.466658756538166, -34.525601076281454], [-58.46690236733845, -34.52545892173741], [-58.46703504165035, -34.52546265880372], [-58.46707917936105, -34.52551482371266], [-58.46681033151696, -34.5256958531777], [-58.46650409129963, -34.52578020183652], [-58.46585123340602, -34.52546560330975], [-58.465376130611155, -34.5250766574341], [-58.465270979604, -34.52476907890528], [-58.465296752153655, -34.52460442428793], [-58.4651005096847, -34.5245832609926], [-58.46498848858655, -34.524621243513515], [-58.46467861399018, -34.52492553589128], [-58.46447010293907, -34.52542933122966], [-58.46426806170101, -34.52568190043186], [-58.463866538711876, -34.5261287830033], [-58.46360024657751, -34.52625154983689], [-58.463091550380824, -34.52659292434423], [-58.46293674040964, -34.52662375553717], [-58.46271687494385, -34.52662358845101], [-58.462603230614285, -34.52685917451313], [-58.46242318011189, -34.52710861169655], [-58.462463670473056, -34.527380725237364], [-58.462170917169935, -34.52764563265285], [-58.462224093872216, -34.52792752045122], [-58.46245179029079, -34.52808094821206], [-58.46267624816309, -34.52827012126976], [-58.462703512289984, -34.52838864039779], [-58.46247243994088, -34.52830240351035], [-58.462236644630586, -34.528148472991475], [-58.46206928119456, -34.527958350165335], [-58.4620030128817, -34.52767115629718], [-58.462017590400514, -34.52760016788806], [-58.46200854857878, -34.52746031322779], [-58.46210451333794, -34.527389883774646], [-58.46216592570931, -34.52728136267662], [-58.46225541208199, -34.52710269088625], [-58.460479215868304, -34.52672282008654], [-58.460289582540305, -34.52677844554556], [-58.460118977888214, -34.5268936654859], [-58.45991611614059, -34.5269754288743], [-58.45983350821375, -34.52716800567552], [-58.45956099577106, -34.52738922978011], [-58.4596121413685, -34.52760359211112], [-58.459620096555206, -34.527815272417], [-58.459917427472035, -34.52809884196743], [-58.4602144883917, -34.52844530075414], [-58.4605973904756, -34.528922902177975], [-58.46083803973435, -34.52920295053606], [-58.461198275364275, -34.52957130322752], [-58.46125225872194, -34.529844254801596], [-58.46143865128651, -34.530183840375166], [-58.46142109954362, -34.53040741736274], [-58.46147400628818, -34.530572462091506], [-58.461536631840346, -34.53072013686325], [-58.46348460560527, -34.533249491211315], [-58.46363375564308, -34.534269751212435], [-58.464044911707376, -34.53428628418662], [-58.464385742453814, -34.534329904564416], [-58.464481715129004, -34.534349340973385], [-58.466454235818816, -34.53496152061226], [-58.46718072915555, -34.535213289483416], [-58.46998525644817, -34.53641174049521], [-58.47160368036022, -34.5371276943527], [-58.47355016828409, -34.537908899185666], [-58.47621638510593, -34.53901776125805], [-58.47778215408574, -34.53980676333403], [-58.48056531259122, -34.5411249851584], [-58.48601723880938, -34.54349804723338], [-58.49042930417435, -34.54548303644238], [-58.491446044760664, -34.54595033399804], [-58.4914849330669, -34.54597071294773], [-58.49247629904478, -34.54641845936344], [-58.49310296204203, -34.54669536347862], [-58.49345228254805, -34.54685626024189], [-58.49430310390211, -34.547236887688534], [-58.49453724961724, -34.547350219685406], [-58.49600098572247, -34.54797991965898], [-58.49830033594861, -34.548948823559954], [-58.4991663910165, -34.549492126031176], [-58.499633292245136, -34.54988494532936], [-58.499945433435215, -34.5501873193633], [-58.50003228492989, -34.55027806125816], [-58.50019301215752, -34.550422795390595], [-58.500417131364266, -34.5507377045207], [-58.50064342702716, -34.55108869571012], [-58.50101146664347, -34.55170457146266], [-58.501278103214204, -34.552300702307136], [-58.501502829993754, -34.552759439356485], [-58.50278045694001, -34.5554535662471], [-58.502936519480095, -34.55571034713777], [-58.50315477271579, -34.556150708687895], [-58.504320191261876, -34.55864467642276], [-58.50488385495159, -34.5599825989662], [-58.505668189120435, -34.56164419734334], [-58.506047990813435, -34.562431543698835], [-58.50637120178304, -34.563183941048834], [-58.50682696208703, -34.56409280694007], [-58.5078709012159, -34.56661071209514], [-58.50833217572391, -34.56769965633033], [-58.509279455432456, -34.56927244221416], [-58.509580411376355, -34.56969992748388], [-58.50995963449121, -34.56913917186961], [-58.51083001482273, -34.568011082344825], [-58.51137495206169, -34.56750997519871], [-58.51312226499248, -34.56584282129442], [-58.514243154320354, -34.56437516380888], [-58.51662215907884, -34.561241566796866], [-58.51742569134315, -34.560190181382275], [-58.51776262506533, -34.55976608849825], [-58.51858164222881, -34.55869318023815], [-58.519150492673454, -34.557955346072156], [-58.5197897262105, -34.55706906458686], [-58.5202944253431, -34.556349738436786], [-58.521114175067986, -34.555267866776596], [-58.52155426536374, -34.55469284121406], [-58.52214638564017, -34.55390699375465], [-58.522730968062255, -34.55317460123134], [-58.52284806684897, -34.553020045110614], [-58.52318286849965, -34.552528398593154], [-58.52363045254777, -34.551899902286536], [-58.52429434158828, -34.55088928927152], [-58.524603500498785, -34.550440994466726], [-58.52465365546519, -34.55033623695312], [-58.525319644229164, -34.54851690228107], [-58.5256997062654, -34.54755171412081], [-58.52664486128322, -34.54501260831776], [-58.52903137259891, -34.54238693969731]]]]}}]}