{"type": "FeatureCollection", "name": "WALSH_MATRICULA_TOTAL", "features": [{"type": "Feature", "properties": {"DIRECCION": null, "layer": "1ro1ra_TM_ES6_2021", "path": "C:/Users/usuario/OneDrive/Escritorio/MAPEO MATRICULA/ES6/1ROS TURNO MAÑANA/1ROS_TM_ES6_2021.shp"}, "geometry": {"type": "Point", "coordinates": [-58.57086752292014, -34.58073507381966]}}, {"type": "Feature", "properties": {"DIRECCION": null, "layer": "1ro1ra_TM_ES6_2021", "path": "C:/Users/usuario/OneDrive/Escritorio/MAPEO MATRICULA/ES6/1ROS TURNO MAÑANA/1ROS_TM_ES6_2021.shp"}, "geometry": {"type": "Point", "coordinates": [-58.5709028221151, -34.57645391876299]}}, {"type": "Feature", "properties": {"DIRECCION": null, "layer": "1ro1ra_TM_ES6_2021", "path": "C:/Users/usuario/OneDrive/Escritorio/MAPEO MATRICULA/ES6/1ROS TURNO MAÑANA/1ROS_TM_ES6_2021.shp"}, "geometry": {"type": "Point", "coordinates": [-58.57611101898971, -34.565166160087635]}}, {"type": "Feature", "properties": {"DIRECCION": null, "layer": "1ro1ra_TM_ES6_2021", "path": "C:/Users/usuario/OneDrive/Escritorio/MAPEO MATRICULA/ES6/1ROS TURNO MAÑANA/1ROS_TM_ES6_2021.shp"}, "geometry": {"type": "Point", "coordinates": [-58.57088972348193, -34.57349611065752]}}, {"type": "Feature", "properties": {"DIRECCION": null, "layer": "1ro1ra_TM_ES6_2021", "path": "C:/Users/usuario/OneDrive/Escritorio/MAPEO MATRICULA/ES6/1ROS TURNO MAÑANA/1ROS_TM_ES6_2021.shp"}, "geometry": {"type": "Point", "coordinates": [-58.57316324171561, -34.57453083376985]}}, {"type": "Feature", "properties": {"DIRECCION": null, "layer": "1ro1ra_TM_ES6_2021", "path": "C:/Users/usuario/OneDrive/Escritorio/MAPEO MATRICULA/ES6/1ROS TURNO MAÑANA/1ROS_TM_ES6_2021.shp"}, "geometry": {"type": "Point", "coordinates": [-58.57685473858956, -34.57423506960216]}}, {"type": "Feature", "properties": {"DIRECCION": null, "layer": "1ro1ra_TM_ES6_2021", "path": "C:/Users/usuario/OneDrive/Escritorio/MAPEO MATRICULA/ES6/1ROS TURNO MAÑANA/1ROS_TM_ES6_2021.shp"}, "geometry": {"type": "Point", "coordinates": [-58.58140266201698, -34.5707379697485]}}, {"type": "Feature", "properties": {"DIRECCION": null, "layer": "1ro1ra_TM_ES6_2021", "path": "C:/Users/usuario/OneDrive/Escritorio/MAPEO MATRICULA/ES6/1ROS TURNO MAÑANA/1ROS_TM_ES6_2021.shp"}, "geometry": {"type": "Point", "coordinates": [-58.57471337713047, -34.57771387030956]}}, {"type": "Feature", "properties": {"DIRECCION": null, "layer": "1ro1ra_TM_ES6_2021", "path": "C:/Users/usuario/OneDrive/Escritorio/MAPEO MATRICULA/ES6/1ROS TURNO MAÑANA/1ROS_TM_ES6_2021.shp"}, "geometry": {"type": "Point", "coordinates": [-58.57296655555587, -34.57854164176499]}}, {"type": "Feature", "properties": {"DIRECCION": null, "layer": "1ro1ra_TM_ES6_2021", "path": "C:/Users/usuario/OneDrive/Escritorio/MAPEO MATRICULA/ES6/1ROS TURNO MAÑANA/1ROS_TM_ES6_2021.shp"}, "geometry": {"type": "Point", "coordinates": [-58.57550044206603, -34.57501044088374]}}, {"type": "Feature", "properties": {"DIRECCION": null, "layer": "1ro1ra_TM_ES6_2021", "path": "C:/Users/usuario/OneDrive/Escritorio/MAPEO MATRICULA/ES6/1ROS TURNO MAÑANA/1ROS_TM_ES6_2021.shp"}, "geometry": {"type": "Point", "coordinates": [-58.56400741575845, -34.58387985143507]}}, {"type": "Feature", "properties": {"DIRECCION": null, "layer": "1ro1ra_TM_ES6_2021", "path": "C:/Users/usuario/OneDrive/Escritorio/MAPEO MATRICULA/ES6/1ROS TURNO MAÑANA/1ROS_TM_ES6_2021.shp"}, "geometry": {"type": "Point", "coordinates": [-58.57356143964052, -34.58155410831892]}}, {"type": "Feature", "properties": {"DIRECCION": null, "layer": "1ro1ra_TM_ES6_2021", "path": "C:/Users/usuario/OneDrive/Escritorio/MAPEO MATRICULA/ES6/1ROS TURNO MAÑANA/1ROS_TM_ES6_2021.shp"}, "geometry": {"type": "Point", "coordinates": [-58.57276552973128, -34.579667339346464]}}, {"type": "Feature", "properties": {"DIRECCION": null, "layer": "1ro1ra_TM_ES6_2021", "path": "C:/Users/usuario/OneDrive/Escritorio/MAPEO MATRICULA/ES6/1ROS TURNO MAÑANA/1ROS_TM_ES6_2021.shp"}, "geometry": {"type": "Point", "coordinates": [-58.611622794204195, -34.567734794492324]}}, {"type": "Feature", "properties": {"DIRECCION": null, "layer": "1ro1ra_TM_ES6_2021", "path": "C:/Users/usuario/OneDrive/Escritorio/MAPEO MATRICULA/ES6/1ROS TURNO MAÑANA/1ROS_TM_ES6_2021.shp"}, "geometry": {"type": "Point", "coordinates": [-58.573598128443635, -34.57604574613187]}}, {"type": "Feature", "properties": {"DIRECCION": null, "layer": "1ro1ra_TM_ES6_2021", "path": "C:/Users/usuario/OneDrive/Escritorio/MAPEO MATRICULA/ES6/1ROS TURNO MAÑANA/1ROS_TM_ES6_2021.shp"}, "geometry": {"type": "Point", "coordinates": [-58.57766515162489, -34.574430161334966]}}, {"type": "Feature", "properties": {"DIRECCION": null, "layer": "1ro1ra_TM_ES6_2021", "path": "C:/Users/usuario/OneDrive/Escritorio/MAPEO MATRICULA/ES6/1ROS TURNO MAÑANA/1ROS_TM_ES6_2021.shp"}, "geometry": {"type": "Point", "coordinates": [-58.548681520185966, -34.582140835162946]}}, {"type": "Feature", "properties": {"DIRECCION": null, "layer": "1ro1ra_TM_ES6_2021", "path": "C:/Users/usuario/OneDrive/Escritorio/MAPEO MATRICULA/ES6/1ROS TURNO MAÑANA/1ROS_TM_ES6_2021.shp"}, "geometry": {"type": "Point", "coordinates": [-58.57872303641026, -34.579014537370796]}}, {"type": "Feature", "properties": {"DIRECCION": null, "layer": "1ro3ra_ turno MAÑANA_ES6_2021", "path": "C:/Users/usuario/OneDrive/Escritorio/MAPEO MATRICULA/ES6/1ro3ra_ turno MAÑANA_ES6_2021.shp"}, "geometry": {"type": "Point", "coordinates": [-58.56396260769202, -34.57590686690224]}}, {"type": "Feature", "properties": {"DIRECCION": null, "layer": "1ro3ra_ turno MAÑANA_ES6_2021", "path": "C:/Users/usuario/OneDrive/Escritorio/MAPEO MATRICULA/ES6/1ro3ra_ turno MAÑANA_ES6_2021.shp"}, "geometry": {"type": "Point", "coordinates": [-58.57550134400127, -34.57562115878045]}}, {"type": "Feature", "properties": {"DIRECCION": null, "layer": "1ro3ra_ turno MAÑANA_ES6_2021", "path": "C:/Users/usuario/OneDrive/Escritorio/MAPEO MATRICULA/ES6/1ro3ra_ turno MAÑANA_ES6_2021.shp"}, "geometry": {"type": "Point", "coordinates": [-58.57953397378229, -34.57908636978233]}}, {"type": "Feature", "properties": {"DIRECCION": null, "layer": "1ro3ra_ turno MAÑANA_ES6_2021", "path": "C:/Users/usuario/OneDrive/Escritorio/MAPEO MATRICULA/ES6/1ro3ra_ turno MAÑANA_ES6_2021.shp"}, "geometry": {"type": "Point", "coordinates": [-58.5781898140347, -34.57217222257155]}}, {"type": "Feature", "properties": {"DIRECCION": null, "layer": "1ro3ra_ turno MAÑANA_ES6_2021", "path": "C:/Users/usuario/OneDrive/Escritorio/MAPEO MATRICULA/ES6/1ro3ra_ turno MAÑANA_ES6_2021.shp"}, "geometry": {"type": "Point", "coordinates": [-58.57054741748282, -34.57998563705773]}}, {"type": "Feature", "properties": {"DIRECCION": null, "layer": "1ro3ra_ turno MAÑANA_ES6_2021", "path": "C:/Users/usuario/OneDrive/Escritorio/MAPEO MATRICULA/ES6/1ro3ra_ turno MAÑANA_ES6_2021.shp"}, "geometry": {"type": "Point", "coordinates": [-58.576830927875335, -34.569022312261176]}}, {"type": "Feature", "properties": {"DIRECCION": null, "layer": "1ro3ra_ turno MAÑANA_ES6_2021", "path": "C:/Users/usuario/OneDrive/Escritorio/MAPEO MATRICULA/ES6/1ro3ra_ turno MAÑANA_ES6_2021.shp"}, "geometry": {"type": "Point", "coordinates": [-58.57860323282957, -34.57802803642164]}}, {"type": "Feature", "properties": {"DIRECCION": null, "layer": "1ro3ra_ turno MAÑANA_ES6_2021", "path": "C:/Users/usuario/OneDrive/Escritorio/MAPEO MATRICULA/ES6/1ro3ra_ turno MAÑANA_ES6_2021.shp"}, "geometry": {"type": "Point", "coordinates": [-58.55293103309091, -34.58894756778067]}}, {"type": "Feature", "properties": {"DIRECCION": null, "layer": "1ro3ra_ turno MAÑANA_ES6_2021", "path": "C:/Users/usuario/OneDrive/Escritorio/MAPEO MATRICULA/ES6/1ro3ra_ turno MAÑANA_ES6_2021.shp"}, "geometry": {"type": "Point", "coordinates": [-58.5639906819318, -34.584049319684496]}}, {"type": "Feature", "properties": {"DIRECCION": null, "layer": "1ro3ra_ turno MAÑANA_ES6_2021", "path": "C:/Users/usuario/OneDrive/Escritorio/MAPEO MATRICULA/ES6/1ro3ra_ turno MAÑANA_ES6_2021.shp"}, "geometry": {"type": "Point", "coordinates": [-58.575102029599414, -34.57390092797171]}}, {"type": "Feature", "properties": {"DIRECCION": null, "layer": "1ro3ra_ turno MAÑANA_ES6_2021", "path": "C:/Users/usuario/OneDrive/Escritorio/MAPEO MATRICULA/ES6/1ro3ra_ turno MAÑANA_ES6_2021.shp"}, "geometry": {"type": "Point", "coordinates": [-58.585278366725156, -34.579848957496885]}}, {"type": "Feature", "properties": {"DIRECCION": null, "layer": "1ro3ra_ turno MAÑANA_ES6_2021", "path": "C:/Users/usuario/OneDrive/Escritorio/MAPEO MATRICULA/ES6/1ro3ra_ turno MAÑANA_ES6_2021.shp"}, "geometry": {"type": "Point", "coordinates": [-58.57604982217441, -34.57268791733339]}}, {"type": "Feature", "properties": {"DIRECCION": null, "layer": "1ro3ra_ turno MAÑANA_ES6_2021", "path": "C:/Users/usuario/OneDrive/Escritorio/MAPEO MATRICULA/ES6/1ro3ra_ turno MAÑANA_ES6_2021.shp"}, "geometry": {"type": "Point", "coordinates": [-58.58020908768244, -34.571397467705744]}}, {"type": "Feature", "properties": {"DIRECCION": null, "layer": "1ro3ra_ turno MAÑANA_ES6_2021", "path": "C:/Users/usuario/OneDrive/Escritorio/MAPEO MATRICULA/ES6/1ro3ra_ turno MAÑANA_ES6_2021.shp"}, "geometry": {"type": "Point", "coordinates": [-58.57921577660313, -34.58049960589697]}}, {"type": "Feature", "properties": {"DIRECCION": null, "layer": "1RO5TA_TURNOMAÑANA_ES6_2021", "path": "C:/Users/usuario/OneDrive/Escritorio/MAPEO MATRICULA/ES6/1RO5TA_TURNOMAÑANA_ES6_2021.shp"}, "geometry": {"type": "Point", "coordinates": [-58.57761358760913, -34.57522706909098]}}, {"type": "Feature", "properties": {"DIRECCION": null, "layer": "1RO5TA_TURNOMAÑANA_ES6_2021", "path": "C:/Users/usuario/OneDrive/Escritorio/MAPEO MATRICULA/ES6/1RO5TA_TURNOMAÑANA_ES6_2021.shp"}, "geometry": {"type": "Point", "coordinates": [-58.576145800075864, -34.5739493644319]}}, {"type": "Feature", "properties": {"DIRECCION": null, "layer": "1RO5TA_TURNOMAÑANA_ES6_2021", "path": "C:/Users/usuario/OneDrive/Escritorio/MAPEO MATRICULA/ES6/1RO5TA_TURNOMAÑANA_ES6_2021.shp"}, "geometry": {"type": "Point", "coordinates": [-58.5823386560249, -34.572094368749646]}}, {"type": "Feature", "properties": {"DIRECCION": null, "layer": "1RO5TA_TURNOMAÑANA_ES6_2021", "path": "C:/Users/usuario/OneDrive/Escritorio/MAPEO MATRICULA/ES6/1RO5TA_TURNOMAÑANA_ES6_2021.shp"}, "geometry": {"type": "Point", "coordinates": [-58.56977428277237, -34.5769924002425]}}, {"type": "Feature", "properties": {"DIRECCION": null, "layer": "1RO5TA_TURNOMAÑANA_ES6_2021", "path": "C:/Users/usuario/OneDrive/Escritorio/MAPEO MATRICULA/ES6/1RO5TA_TURNOMAÑANA_ES6_2021.shp"}, "geometry": {"type": "Point", "coordinates": [-58.573216481075896, -34.57449110098273]}}, {"type": "Feature", "properties": {"DIRECCION": null, "layer": "1RO5TA_TURNOMAÑANA_ES6_2021", "path": "C:/Users/usuario/OneDrive/Escritorio/MAPEO MATRICULA/ES6/1RO5TA_TURNOMAÑANA_ES6_2021.shp"}, "geometry": {"type": "Point", "coordinates": [-58.578212524499214, -34.572182472045306]}}, {"type": "Feature", "properties": {"DIRECCION": null, "layer": "1RO5TA_TURNOMAÑANA_ES6_2021", "path": "C:/Users/usuario/OneDrive/Escritorio/MAPEO MATRICULA/ES6/1RO5TA_TURNOMAÑANA_ES6_2021.shp"}, "geometry": {"type": "Point", "coordinates": [-58.57804992304019, -34.57055561557209]}}, {"type": "Feature", "properties": {"DIRECCION": null, "layer": "1RO5TA_TURNOMAÑANA_ES6_2021", "path": "C:/Users/usuario/OneDrive/Escritorio/MAPEO MATRICULA/ES6/1RO5TA_TURNOMAÑANA_ES6_2021.shp"}, "geometry": {"type": "Point", "coordinates": [-58.57053194817618, -34.57556446304657]}}, {"type": "Feature", "properties": {"DIRECCION": null, "layer": "1RO5TA_TURNOMAÑANA_ES6_2021", "path": "C:/Users/usuario/OneDrive/Escritorio/MAPEO MATRICULA/ES6/1RO5TA_TURNOMAÑANA_ES6_2021.shp"}, "geometry": {"type": "Point", "coordinates": [-58.57742351252863, -34.574148994482094]}}, {"type": "Feature", "properties": {"DIRECCION": null, "layer": "1RO5TA_TURNOMAÑANA_ES6_2021", "path": "C:/Users/usuario/OneDrive/Escritorio/MAPEO MATRICULA/ES6/1RO5TA_TURNOMAÑANA_ES6_2021.shp"}, "geometry": {"type": "Point", "coordinates": [-58.57229291610915, -34.57918520299166]}}, {"type": "Feature", "properties": {"DIRECCION": null, "layer": "1RO5TA_TURNOMAÑANA_ES6_2021", "path": "C:/Users/usuario/OneDrive/Escritorio/MAPEO MATRICULA/ES6/1RO5TA_TURNOMAÑANA_ES6_2021.shp"}, "geometry": {"type": "Point", "coordinates": [-58.57098362671951, -34.571568008199414]}}, {"type": "Feature", "properties": {"DIRECCION": null, "layer": "2DO1RA_TURNOMAÑANA_ES6_2021", "path": "C:/Users/usuario/OneDrive/Escritorio/MAPEO MATRICULA/ES6/2DO1RA_TURNOMAÑANA_ES6_2021.shp"}, "geometry": {"type": "Point", "coordinates": [-58.57300974000504, -34.57819237208214]}}, {"type": "Feature", "properties": {"DIRECCION": null, "layer": "2DO1RA_TURNOMAÑANA_ES6_2021", "path": "C:/Users/usuario/OneDrive/Escritorio/MAPEO MATRICULA/ES6/2DO1RA_TURNOMAÑANA_ES6_2021.shp"}, "geometry": {"type": "Point", "coordinates": [-58.57465295485532, -34.572111124535475]}}, {"type": "Feature", "properties": {"DIRECCION": null, "layer": "2DO1RA_TURNOMAÑANA_ES6_2021", "path": "C:/Users/usuario/OneDrive/Escritorio/MAPEO MATRICULA/ES6/2DO1RA_TURNOMAÑANA_ES6_2021.shp"}, "geometry": {"type": "Point", "coordinates": [-58.57405940434321, -34.579495306694035]}}, {"type": "Feature", "properties": {"DIRECCION": null, "layer": "2DO1RA_TURNOMAÑANA_ES6_2021", "path": "C:/Users/usuario/OneDrive/Escritorio/MAPEO MATRICULA/ES6/2DO1RA_TURNOMAÑANA_ES6_2021.shp"}, "geometry": {"type": "Point", "coordinates": [-58.55085547873683, -34.58368391413938]}}, {"type": "Feature", "properties": {"DIRECCION": null, "layer": "2DO1RA_TURNOMAÑANA_ES6_2021", "path": "C:/Users/usuario/OneDrive/Escritorio/MAPEO MATRICULA/ES6/2DO1RA_TURNOMAÑANA_ES6_2021.shp"}, "geometry": {"type": "Point", "coordinates": [-58.575140775846776, -34.56504195420663]}}, {"type": "Feature", "properties": {"DIRECCION": null, "layer": "2DO1RA_TURNOMAÑANA_ES6_2021", "path": "C:/Users/usuario/OneDrive/Escritorio/MAPEO MATRICULA/ES6/2DO1RA_TURNOMAÑANA_ES6_2021.shp"}, "geometry": {"type": "Point", "coordinates": [-58.568849683209464, -34.58026823866755]}}, {"type": "Feature", "properties": {"DIRECCION": null, "layer": "2DO1RA_TURNOMAÑANA_ES6_2021", "path": "C:/Users/usuario/OneDrive/Escritorio/MAPEO MATRICULA/ES6/2DO1RA_TURNOMAÑANA_ES6_2021.shp"}, "geometry": {"type": "Point", "coordinates": [-58.57915699722931, -34.569864332224526]}}, {"type": "Feature", "properties": {"DIRECCION": null, "layer": "2DO1RA_TURNOMAÑANA_ES6_2021", "path": "C:/Users/usuario/OneDrive/Escritorio/MAPEO MATRICULA/ES6/2DO1RA_TURNOMAÑANA_ES6_2021.shp"}, "geometry": {"type": "Point", "coordinates": [-58.563278316036595, -34.57666459890972]}}, {"type": "Feature", "properties": {"DIRECCION": null, "layer": "2DO1RA_TURNOMAÑANA_ES6_2021", "path": "C:/Users/usuario/OneDrive/Escritorio/MAPEO MATRICULA/ES6/2DO1RA_TURNOMAÑANA_ES6_2021.shp"}, "geometry": {"type": "Point", "coordinates": [-58.57182463262476, -34.57793908512386]}}, {"type": "Feature", "properties": {"DIRECCION": null, "layer": "2DO1RA_TURNOMAÑANA_ES6_2021", "path": "C:/Users/usuario/OneDrive/Escritorio/MAPEO MATRICULA/ES6/2DO1RA_TURNOMAÑANA_ES6_2021.shp"}, "geometry": {"type": "Point", "coordinates": [-58.57648075223918, -34.574159792312706]}}, {"type": "Feature", "properties": {"DIRECCION": null, "layer": "2DO1RA_TURNOMAÑANA_ES6_2021", "path": "C:/Users/usuario/OneDrive/Escritorio/MAPEO MATRICULA/ES6/2DO1RA_TURNOMAÑANA_ES6_2021.shp"}, "geometry": {"type": "Point", "coordinates": [-58.57572328491403, -34.5715718627816]}}, {"type": "Feature", "properties": {"DIRECCION": null, "layer": "2DO1RA_TURNOMAÑANA_ES6_2021", "path": "C:/Users/usuario/OneDrive/Escritorio/MAPEO MATRICULA/ES6/2DO1RA_TURNOMAÑANA_ES6_2021.shp"}, "geometry": {"type": "Point", "coordinates": [-58.57518774116044, -34.57446326677545]}}, {"type": "Feature", "properties": {"DIRECCION": null, "layer": "2DO1RA_TURNOMAÑANA_ES6_2021", "path": "C:/Users/usuario/OneDrive/Escritorio/MAPEO MATRICULA/ES6/2DO1RA_TURNOMAÑANA_ES6_2021.shp"}, "geometry": {"type": "Point", "coordinates": [-58.58042881913491, -34.572970647705475]}}, {"type": "Feature", "properties": {"DIRECCION": null, "layer": "2DO3RA_TURNOMAÑANA_ES6_2021", "path": "C:/Users/usuario/Documents/2DO3RA_TURNOMAÑANA_ES6_2021.shp"}, "geometry": {"type": "Point", "coordinates": [-58.570733468584194, -34.57417346558509]}}, {"type": "Feature", "properties": {"DIRECCION": null, "layer": "2DO3RA_TURNOMAÑANA_ES6_2021", "path": "C:/Users/usuario/Documents/2DO3RA_TURNOMAÑANA_ES6_2021.shp"}, "geometry": {"type": "Point", "coordinates": [-58.57779536146171, -34.57399044200261]}}, {"type": "Feature", "properties": {"DIRECCION": null, "layer": "2DO3RA_TURNOMAÑANA_ES6_2021", "path": "C:/Users/usuario/Documents/2DO3RA_TURNOMAÑANA_ES6_2021.shp"}, "geometry": {"type": "Point", "coordinates": [-58.55734984595471, -34.579335017428555]}}, {"type": "Feature", "properties": {"DIRECCION": null, "layer": "2DO3RA_TURNOMAÑANA_ES6_2021", "path": "C:/Users/usuario/Documents/2DO3RA_TURNOMAÑANA_ES6_2021.shp"}, "geometry": {"type": "Point", "coordinates": [-58.57297863689254, -34.57816588472622]}}, {"type": "Feature", "properties": {"DIRECCION": null, "layer": "2DO3RA_TURNOMAÑANA_ES6_2021", "path": "C:/Users/usuario/Documents/2DO3RA_TURNOMAÑANA_ES6_2021.shp"}, "geometry": {"type": "Point", "coordinates": [-58.579082496699414, -34.58020557250529]}}, {"type": "Feature", "properties": {"DIRECCION": null, "layer": "2DO3RA_TURNOMAÑANA_ES6_2021", "path": "C:/Users/usuario/Documents/2DO3RA_TURNOMAÑANA_ES6_2021.shp"}, "geometry": {"type": "Point", "coordinates": [-58.571710483209635, -34.57491710393821]}}, {"type": "Feature", "properties": {"DIRECCION": null, "layer": "2DO3RA_TURNOMAÑANA_ES6_2021", "path": "C:/Users/usuario/Documents/2DO3RA_TURNOMAÑANA_ES6_2021.shp"}, "geometry": {"type": "Point", "coordinates": [-58.57929534595545, -34.57710294649998]}}, {"type": "Feature", "properties": {"DIRECCION": null, "layer": "2DO3RA_TURNOMAÑANA_ES6_2021", "path": "C:/Users/usuario/Documents/2DO3RA_TURNOMAÑANA_ES6_2021.shp"}, "geometry": {"type": "Point", "coordinates": [-58.5750917408832, -34.57169451566182]}}, {"type": "Feature", "properties": {"DIRECCION": null, "layer": "2DO3RA_TURNOMAÑANA_ES6_2021", "path": "C:/Users/usuario/Documents/2DO3RA_TURNOMAÑANA_ES6_2021.shp"}, "geometry": {"type": "Point", "coordinates": [-58.571661434758745, -34.57496443160735]}}, {"type": "Feature", "properties": {"DIRECCION": null, "layer": "2DO3RA_TURNOMAÑANA_ES6_2021", "path": "C:/Users/usuario/Documents/2DO3RA_TURNOMAÑANA_ES6_2021.shp"}, "geometry": {"type": "Point", "coordinates": [-58.575639412799795, -34.57161443511903]}}, {"type": "Feature", "properties": {"DIRECCION": null, "layer": "2DO3RA_TURNOMAÑANA_ES6_2021", "path": "C:/Users/usuario/Documents/2DO3RA_TURNOMAÑANA_ES6_2021.shp"}, "geometry": {"type": "Point", "coordinates": [-58.567894109912466, -34.574881850093824]}}, {"type": "Feature", "properties": {"DIRECCION": null, "layer": "2DO3RA_TURNOMAÑANA_ES6_2021", "path": "C:/Users/usuario/Documents/2DO3RA_TURNOMAÑANA_ES6_2021.shp"}, "geometry": {"type": "Point", "coordinates": [-58.57757088614954, -34.57281837519595]}}, {"type": "Feature", "properties": {"DIRECCION": null, "layer": "2DO3RA_TURNOMAÑANA_ES6_2021", "path": "C:/Users/usuario/Documents/2DO3RA_TURNOMAÑANA_ES6_2021.shp"}, "geometry": {"type": "Point", "coordinates": [-58.57358751631406, -34.57175285009128]}}, {"type": "Feature", "properties": {"DIRECCION": null, "layer": "2DO3RA_TURNOMAÑANA_ES6_2021", "path": "C:/Users/usuario/Documents/2DO3RA_TURNOMAÑANA_ES6_2021.shp"}, "geometry": {"type": "Point", "coordinates": [-58.57377448066609, -34.579147062550874]}}, {"type": "Feature", "properties": {"DIRECCION": null, "layer": "2DO3RA_TURNOMAÑANA_ES6_2021", "path": "C:/Users/usuario/Documents/2DO3RA_TURNOMAÑANA_ES6_2021.shp"}, "geometry": {"type": "Point", "coordinates": [-58.571207896831865, -34.57820249874338]}}, {"type": "Feature", "properties": {"DIRECCION": null, "layer": "2DO5TA_ES6_TURNOMAÑANA_2021", "path": "C:/Users/usuario/Documents/2DO5TA_ES6_TURNOMAÑANA_2021.shp"}, "geometry": {"type": "Point", "coordinates": [-58.572317795043936, -34.56852127181142]}}, {"type": "Feature", "properties": {"DIRECCION": null, "layer": "2DO5TA_ES6_TURNOMAÑANA_2021", "path": "C:/Users/usuario/Documents/2DO5TA_ES6_TURNOMAÑANA_2021.shp"}, "geometry": {"type": "Point", "coordinates": [-58.57917390238863, -34.570084705339994]}}, {"type": "Feature", "properties": {"DIRECCION": null, "layer": "2DO5TA_ES6_TURNOMAÑANA_2021", "path": "C:/Users/usuario/Documents/2DO5TA_ES6_TURNOMAÑANA_2021.shp"}, "geometry": {"type": "Point", "coordinates": [-58.576613466621176, -34.570820311343354]}}, {"type": "Feature", "properties": {"DIRECCION": null, "layer": "2DO5TA_ES6_TURNOMAÑANA_2021", "path": "C:/Users/usuario/Documents/2DO5TA_ES6_TURNOMAÑANA_2021.shp"}, "geometry": {"type": "Point", "coordinates": [-58.57639931610946, -34.57104798544341]}}, {"type": "Feature", "properties": {"DIRECCION": null, "layer": "2DO5TA_ES6_TURNOMAÑANA_2021", "path": "C:/Users/usuario/Documents/2DO5TA_ES6_TURNOMAÑANA_2021.shp"}, "geometry": {"type": "Point", "coordinates": [-58.61064474990096, -34.567053793862165]}}, {"type": "Feature", "properties": {"DIRECCION": null, "layer": "2DO5TA_ES6_TURNOMAÑANA_2021", "path": "C:/Users/usuario/Documents/2DO5TA_ES6_TURNOMAÑANA_2021.shp"}, "geometry": {"type": "Point", "coordinates": [-58.57582919159945, -34.57503747123868]}}, {"type": "Feature", "properties": {"DIRECCION": null, "layer": "2DO5TA_ES6_TURNOMAÑANA_2021", "path": "C:/Users/usuario/Documents/2DO5TA_ES6_TURNOMAÑANA_2021.shp"}, "geometry": {"type": "Point", "coordinates": [-58.57776973730222, -34.57447779562873]}}, {"type": "Feature", "properties": {"DIRECCION": null, "layer": "2DO5TA_ES6_TURNOMAÑANA_2021", "path": "C:/Users/usuario/Documents/2DO5TA_ES6_TURNOMAÑANA_2021.shp"}, "geometry": {"type": "Point", "coordinates": [-58.5710508484538, -34.57633693492676]}}, {"type": "Feature", "properties": {"DIRECCION": null, "layer": "3RO1RA_TURNOMAÑANA_ES6_2021", "path": "C:/Users/usuario/Documents/3RO1RA_TURNOMAÑANA_ES6_2021.shp"}, "geometry": {"type": "Point", "coordinates": [-58.57982636762851, -34.57474125613325]}}, {"type": "Feature", "properties": {"DIRECCION": null, "layer": "3RO1RA_TURNOMAÑANA_ES6_2021", "path": "C:/Users/usuario/Documents/3RO1RA_TURNOMAÑANA_ES6_2021.shp"}, "geometry": {"type": "Point", "coordinates": [-58.56969553566434, -34.57531840080945]}}, {"type": "Feature", "properties": {"DIRECCION": null, "layer": "3RO1RA_TURNOMAÑANA_ES6_2021", "path": "C:/Users/usuario/Documents/3RO1RA_TURNOMAÑANA_ES6_2021.shp"}, "geometry": {"type": "Point", "coordinates": [-58.57369890196484, -34.577802865769534]}}, {"type": "Feature", "properties": {"DIRECCION": null, "layer": "3RO1RA_TURNOMAÑANA_ES6_2021", "path": "C:/Users/usuario/Documents/3RO1RA_TURNOMAÑANA_ES6_2021.shp"}, "geometry": {"type": "Point", "coordinates": [-58.576269654757766, -34.571553773079344]}}, {"type": "Feature", "properties": {"DIRECCION": null, "layer": "3RO1RA_TURNOMAÑANA_ES6_2021", "path": "C:/Users/usuario/Documents/3RO1RA_TURNOMAÑANA_ES6_2021.shp"}, "geometry": {"type": "Point", "coordinates": [-58.57111721223011, -34.574850814993795]}}, {"type": "Feature", "properties": {"DIRECCION": null, "layer": "3RO1RA_TURNOMAÑANA_ES6_2021", "path": "C:/Users/usuario/Documents/3RO1RA_TURNOMAÑANA_ES6_2021.shp"}, "geometry": {"type": "Point", "coordinates": [-58.576077060920326, -34.57413908757735]}}, {"type": "Feature", "properties": {"DIRECCION": null, "layer": "3RO1RA_TURNOMAÑANA_ES6_2021", "path": "C:/Users/usuario/Documents/3RO1RA_TURNOMAÑANA_ES6_2021.shp"}, "geometry": {"type": "Point", "coordinates": [-58.579425736499026, -34.58115842001522]}}, {"type": "Feature", "properties": {"DIRECCION": null, "layer": "3RO1RA_TURNOMAÑANA_ES6_2021", "path": "C:/Users/usuario/Documents/3RO1RA_TURNOMAÑANA_ES6_2021.shp"}, "geometry": {"type": "Point", "coordinates": [-58.57927407733359, -34.580575717029134]}}, {"type": "Feature", "properties": {"DIRECCION": null, "layer": "3RO1RA_TURNOMAÑANA_ES6_2021", "path": "C:/Users/usuario/Documents/3RO1RA_TURNOMAÑANA_ES6_2021.shp"}, "geometry": {"type": "Point", "coordinates": [-58.57675043022668, -34.5742939236419]}}, {"type": "Feature", "properties": {"DIRECCION": null, "layer": "3RO1RA_TURNOMAÑANA_ES6_2021", "path": "C:/Users/usuario/Documents/3RO1RA_TURNOMAÑANA_ES6_2021.shp"}, "geometry": {"type": "Point", "coordinates": [-58.59048900867003, -34.58140994473296]}}, {"type": "Feature", "properties": {"DIRECCION": null, "layer": "3RO1RA_TURNOMAÑANA_ES6_2021", "path": "C:/Users/usuario/Documents/3RO1RA_TURNOMAÑANA_ES6_2021.shp"}, "geometry": {"type": "Point", "coordinates": [-58.57567017730454, -34.5678536684531]}}, {"type": "Feature", "properties": {"DIRECCION": null, "layer": "3RO1RA_TURNOMAÑANA_ES6_2021", "path": "C:/Users/usuario/Documents/3RO1RA_TURNOMAÑANA_ES6_2021.shp"}, "geometry": {"type": "Point", "coordinates": [-58.57883520015992, -34.57127788918088]}}, {"type": "Feature", "properties": {"DIRECCION": null, "layer": "3RO1RA_TURNOMAÑANA_ES6_2021", "path": "C:/Users/usuario/Documents/3RO1RA_TURNOMAÑANA_ES6_2021.shp"}, "geometry": {"type": "Point", "coordinates": [-58.54892874055934, -34.582118139756986]}}, {"type": "Feature", "properties": {"DIRECCION": null, "layer": "3RO1RA_TURNOMAÑANA_ES6_2021", "path": "C:/Users/usuario/Documents/3RO1RA_TURNOMAÑANA_ES6_2021.shp"}, "geometry": {"type": "Point", "coordinates": [-58.57315311337249, -34.5744750885014]}}, {"type": "Feature", "properties": {"DIRECCION": null, "layer": "3RO1RA_TURNOMAÑANA_ES6_2021", "path": "C:/Users/usuario/Documents/3RO1RA_TURNOMAÑANA_ES6_2021.shp"}, "geometry": {"type": "Point", "coordinates": [-58.57802215896636, -34.57201449227675]}}, {"type": "Feature", "properties": {"DIRECCION": null, "layer": "3RO1RA_TURNOMAÑANA_ES6_2021", "path": "C:/Users/usuario/Documents/3RO1RA_TURNOMAÑANA_ES6_2021.shp"}, "geometry": {"type": "Point", "coordinates": [-58.57167889158597, -34.574885802253284]}}, {"type": "Feature", "properties": {"DIRECCION": null, "layer": "3RO1RA_TURNOMAÑANA_ES6_2021", "path": "C:/Users/usuario/Documents/3RO1RA_TURNOMAÑANA_ES6_2021.shp"}, "geometry": {"type": "Point", "coordinates": [-58.548967132148135, -34.58215816910001]}}, {"type": "Feature", "properties": {"DIRECCION": null, "layer": "3RO1RA_TURNOMAÑANA_ES6_2021", "path": "C:/Users/usuario/Documents/3RO1RA_TURNOMAÑANA_ES6_2021.shp"}, "geometry": {"type": "Point", "coordinates": [-58.573353451066325, -34.565820879964136]}}, {"type": "Feature", "properties": {"DIRECCION": null, "layer": "3RO1RA_TURNOMAÑANA_ES6_2021", "path": "C:/Users/usuario/Documents/3RO1RA_TURNOMAÑANA_ES6_2021.shp"}, "geometry": {"type": "Point", "coordinates": [-58.57207533413112, -34.57234419695333]}}, {"type": "Feature", "properties": {"DIRECCION": null, "layer": "3RO1RA_TURNOMAÑANA_ES6_2021", "path": "C:/Users/usuario/Documents/3RO1RA_TURNOMAÑANA_ES6_2021.shp"}, "geometry": {"type": "Point", "coordinates": [-58.573517482800185, -34.57224066972772]}}, {"type": "Feature", "properties": {"DIRECCION": null, "layer": "3RO1RA_TURNOMAÑANA_ES6_2021", "path": "C:/Users/usuario/Documents/3RO1RA_TURNOMAÑANA_ES6_2021.shp"}, "geometry": {"type": "Point", "coordinates": [-58.57050406367193, -34.57951174112257]}}, {"type": "Feature", "properties": {"DIRECCION": null, "layer": "3RO1RA_TURNOMAÑANA_ES6_2021", "path": "C:/Users/usuario/Documents/3RO1RA_TURNOMAÑANA_ES6_2021.shp"}, "geometry": {"type": "Point", "coordinates": [-58.57950557258565, -34.574013587615084]}}, {"type": "Feature", "properties": {"DIRECCION": null, "layer": "3RO1RA_TURNOMAÑANA_ES6_2021", "path": "C:/Users/usuario/Documents/3RO1RA_TURNOMAÑANA_ES6_2021.shp"}, "geometry": {"type": "Point", "coordinates": [-58.57076941893032, -34.56985610578551]}}, {"type": "Feature", "properties": {"DIRECCION": null, "layer": "3RO3RA_TURNOMAÑANA_ES6", "path": "C:/Users/usuario/OneDrive/Escritorio/MAPEO MATRICULA/ES6/3RO3RA_TURNOMAÑANA_ES6.shp"}, "geometry": {"type": "Point", "coordinates": [-58.573699508857416, -34.577791935548646]}}, {"type": "Feature", "properties": {"DIRECCION": null, "layer": "3RO3RA_TURNOMAÑANA_ES6", "path": "C:/Users/usuario/OneDrive/Escritorio/MAPEO MATRICULA/ES6/3RO3RA_TURNOMAÑANA_ES6.shp"}, "geometry": {"type": "Point", "coordinates": [-58.57003862959927, -34.57728991925536]}}, {"type": "Feature", "properties": {"DIRECCION": null, "layer": "3RO3RA_TURNOMAÑANA_ES6", "path": "C:/Users/usuario/OneDrive/Escritorio/MAPEO MATRICULA/ES6/3RO3RA_TURNOMAÑANA_ES6.shp"}, "geometry": {"type": "Point", "coordinates": [-58.57002024667012, -34.57726153963702]}}, {"type": "Feature", "properties": {"DIRECCION": null, "layer": "3RO3RA_TURNOMAÑANA_ES6", "path": "C:/Users/usuario/OneDrive/Escritorio/MAPEO MATRICULA/ES6/3RO3RA_TURNOMAÑANA_ES6.shp"}, "geometry": {"type": "Point", "coordinates": [-58.56753286891473, -34.56634992254515]}}, {"type": "Feature", "properties": {"DIRECCION": null, "layer": "3RO3RA_TURNOMAÑANA_ES6", "path": "C:/Users/usuario/OneDrive/Escritorio/MAPEO MATRICULA/ES6/3RO3RA_TURNOMAÑANA_ES6.shp"}, "geometry": {"type": "Point", "coordinates": [-58.57510280212339, -34.57008102526932]}}, {"type": "Feature", "properties": {"DIRECCION": null, "layer": "3RO3RA_TURNOMAÑANA_ES6", "path": "C:/Users/usuario/OneDrive/Escritorio/MAPEO MATRICULA/ES6/3RO3RA_TURNOMAÑANA_ES6.shp"}, "geometry": {"type": "Point", "coordinates": [-58.57779093216077, -34.575302040513485]}}, {"type": "Feature", "properties": {"DIRECCION": null, "layer": "3RO3RA_TURNOMAÑANA_ES6", "path": "C:/Users/usuario/OneDrive/Escritorio/MAPEO MATRICULA/ES6/3RO3RA_TURNOMAÑANA_ES6.shp"}, "geometry": {"type": "Point", "coordinates": [-58.570886760943345, -34.581056732628454]}}, {"type": "Feature", "properties": {"DIRECCION": null, "layer": "3RO3RA_TURNOMAÑANA_ES6", "path": "C:/Users/usuario/OneDrive/Escritorio/MAPEO MATRICULA/ES6/3RO3RA_TURNOMAÑANA_ES6.shp"}, "geometry": {"type": "Point", "coordinates": [-58.57231093475914, -34.56869341128726]}}, {"type": "Feature", "properties": {"DIRECCION": null, "layer": "3RO3RA_TURNOMAÑANA_ES6", "path": "C:/Users/usuario/OneDrive/Escritorio/MAPEO MATRICULA/ES6/3RO3RA_TURNOMAÑANA_ES6.shp"}, "geometry": {"type": "Point", "coordinates": [-58.57558085788086, -34.57401750781847]}}, {"type": "Feature", "properties": {"DIRECCION": null, "layer": "3RO3RA_TURNOMAÑANA_ES6", "path": "C:/Users/usuario/OneDrive/Escritorio/MAPEO MATRICULA/ES6/3RO3RA_TURNOMAÑANA_ES6.shp"}, "geometry": {"type": "Point", "coordinates": [-58.56835138131455, -34.580051633405475]}}, {"type": "Feature", "properties": {"DIRECCION": null, "layer": "3RO3RA_TURNOMAÑANA_ES6", "path": "C:/Users/usuario/OneDrive/Escritorio/MAPEO MATRICULA/ES6/3RO3RA_TURNOMAÑANA_ES6.shp"}, "geometry": {"type": "Point", "coordinates": [-58.572349994742126, -34.579150438860424]}}, {"type": "Feature", "properties": {"DIRECCION": null, "layer": "3RO3RA_TURNOMAÑANA_ES6", "path": "C:/Users/usuario/OneDrive/Escritorio/MAPEO MATRICULA/ES6/3RO3RA_TURNOMAÑANA_ES6.shp"}, "geometry": {"type": "Point", "coordinates": [-58.57044241273341, -34.574091268186045]}}, {"type": "Feature", "properties": {"DIRECCION": null, "layer": "3RO3RA_TURNOMAÑANA_ES6", "path": "C:/Users/usuario/OneDrive/Escritorio/MAPEO MATRICULA/ES6/3RO3RA_TURNOMAÑANA_ES6.shp"}, "geometry": {"type": "Point", "coordinates": [-58.578135859327965, -34.56978433281015]}}, {"type": "Feature", "properties": {"DIRECCION": null, "layer": "3RO3RA_TURNOMAÑANA_ES6", "path": "C:/Users/usuario/OneDrive/Escritorio/MAPEO MATRICULA/ES6/3RO3RA_TURNOMAÑANA_ES6.shp"}, "geometry": {"type": "Point", "coordinates": [-58.57719307261357, -34.57508458416101]}}, {"type": "Feature", "properties": {"DIRECCION": null, "layer": "3RO4TA_TURNOMAÑANA_ES6_2021", "path": "C:/Users/usuario/OneDrive/Escritorio/MAPEO MATRICULA/ES6/3RO4TA_TURNOMAÑANA_ES6_2021.shp"}, "geometry": {"type": "Point", "coordinates": [-58.57379709015286, -34.569557350679254]}}, {"type": "Feature", "properties": {"DIRECCION": null, "layer": "3RO4TA_TURNOMAÑANA_ES6_2021", "path": "C:/Users/usuario/OneDrive/Escritorio/MAPEO MATRICULA/ES6/3RO4TA_TURNOMAÑANA_ES6_2021.shp"}, "geometry": {"type": "Point", "coordinates": [-58.570356828561785, -34.579504646342954]}}, {"type": "Feature", "properties": {"DIRECCION": null, "layer": "3RO4TA_TURNOMAÑANA_ES6_2021", "path": "C:/Users/usuario/OneDrive/Escritorio/MAPEO MATRICULA/ES6/3RO4TA_TURNOMAÑANA_ES6_2021.shp"}, "geometry": {"type": "Point", "coordinates": [-58.58102870275108, -34.57101769636784]}}, {"type": "Feature", "properties": {"DIRECCION": null, "layer": "3RO4TA_TURNOMAÑANA_ES6_2021", "path": "C:/Users/usuario/OneDrive/Escritorio/MAPEO MATRICULA/ES6/3RO4TA_TURNOMAÑANA_ES6_2021.shp"}, "geometry": {"type": "Point", "coordinates": [-58.568482664496344, -34.57935201513321]}}, {"type": "Feature", "properties": {"DIRECCION": null, "layer": "3RO4TA_TURNOMAÑANA_ES6_2021", "path": "C:/Users/usuario/OneDrive/Escritorio/MAPEO MATRICULA/ES6/3RO4TA_TURNOMAÑANA_ES6_2021.shp"}, "geometry": {"type": "Point", "coordinates": [-58.576885295181754, -34.57510410414468]}}, {"type": "Feature", "properties": {"DIRECCION": null, "layer": "3RO4TA_TURNOMAÑANA_ES6_2021", "path": "C:/Users/usuario/OneDrive/Escritorio/MAPEO MATRICULA/ES6/3RO4TA_TURNOMAÑANA_ES6_2021.shp"}, "geometry": {"type": "Point", "coordinates": [-58.578892845901805, -34.57292955510168]}}, {"type": "Feature", "properties": {"DIRECCION": null, "layer": "3RO4TA_TURNOMAÑANA_ES6_2021", "path": "C:/Users/usuario/OneDrive/Escritorio/MAPEO MATRICULA/ES6/3RO4TA_TURNOMAÑANA_ES6_2021.shp"}, "geometry": {"type": "Point", "coordinates": [-58.574899367580144, -34.57789248891757]}}, {"type": "Feature", "properties": {"DIRECCION": null, "layer": "3RO4TA_TURNOMAÑANA_ES6_2021", "path": "C:/Users/usuario/OneDrive/Escritorio/MAPEO MATRICULA/ES6/3RO4TA_TURNOMAÑANA_ES6_2021.shp"}, "geometry": {"type": "Point", "coordinates": [-58.57333829511156, -34.57748145950126]}}, {"type": "Feature", "properties": {"DIRECCION": null, "layer": "3RO4TA_TURNOMAÑANA_ES6_2021", "path": "C:/Users/usuario/OneDrive/Escritorio/MAPEO MATRICULA/ES6/3RO4TA_TURNOMAÑANA_ES6_2021.shp"}, "geometry": {"type": "Point", "coordinates": [-58.57666238007476, -34.56446424096949]}}, {"type": "Feature", "properties": {"DIRECCION": null, "layer": "3RO4TA_TURNOMAÑANA_ES6_2021", "path": "C:/Users/usuario/OneDrive/Escritorio/MAPEO MATRICULA/ES6/3RO4TA_TURNOMAÑANA_ES6_2021.shp"}, "geometry": {"type": "Point", "coordinates": [-58.57736239310556, -34.57551063151767]}}, {"type": "Feature", "properties": {"DIRECCION": null, "layer": "3RO4TA_TURNOMAÑANA_ES6_2021", "path": "C:/Users/usuario/OneDrive/Escritorio/MAPEO MATRICULA/ES6/3RO4TA_TURNOMAÑANA_ES6_2021.shp"}, "geometry": {"type": "Point", "coordinates": [-58.56340263439406, -34.56211483424727]}}, {"type": "Feature", "properties": {"DIRECCION": null, "layer": "3RO4TA_TURNOMAÑANA_ES6_2021", "path": "C:/Users/usuario/OneDrive/Escritorio/MAPEO MATRICULA/ES6/3RO4TA_TURNOMAÑANA_ES6_2021.shp"}, "geometry": {"type": "Point", "coordinates": [-58.576641094203396, -34.57085367359113]}}, {"type": "Feature", "properties": {"DIRECCION": null, "layer": "3RO4TA_TURNOMAÑANA_ES6_2021", "path": "C:/Users/usuario/OneDrive/Escritorio/MAPEO MATRICULA/ES6/3RO4TA_TURNOMAÑANA_ES6_2021.shp"}, "geometry": {"type": "Point", "coordinates": [-58.56769704116031, -34.576567756952386]}}, {"type": "Feature", "properties": {"DIRECCION": null, "layer": "3RO4TA_TURNOMAÑANA_ES6_2021", "path": "C:/Users/usuario/OneDrive/Escritorio/MAPEO MATRICULA/ES6/3RO4TA_TURNOMAÑANA_ES6_2021.shp"}, "geometry": {"type": "Point", "coordinates": [-58.570083201813134, -34.571745912583715]}}, {"type": "Feature", "properties": {"DIRECCION": null, "layer": "3RO4TA_TURNOMAÑANA_ES6_2021", "path": "C:/Users/usuario/OneDrive/Escritorio/MAPEO MATRICULA/ES6/3RO4TA_TURNOMAÑANA_ES6_2021.shp"}, "geometry": {"type": "Point", "coordinates": [-58.57033033246606, -34.5747218818482]}}, {"type": "Feature", "properties": {"DIRECCION": null, "layer": "3RO4TA_TURNOMAÑANA_ES6_2021", "path": "C:/Users/usuario/OneDrive/Escritorio/MAPEO MATRICULA/ES6/3RO4TA_TURNOMAÑANA_ES6_2021.shp"}, "geometry": {"type": "Point", "coordinates": [-58.57102054225719, -34.56729018126258]}}, {"type": "Feature", "properties": {"DIRECCION": null, "layer": "3RO4TA_TURNOMAÑANA_ES6_2021", "path": "C:/Users/usuario/OneDrive/Escritorio/MAPEO MATRICULA/ES6/3RO4TA_TURNOMAÑANA_ES6_2021.shp"}, "geometry": {"type": "Point", "coordinates": [-58.57653365801393, -34.57183256966965]}}, {"type": "Feature", "properties": {"DIRECCION": null, "layer": "3RO4TA_TURNOMAÑANA_ES6_2021", "path": "C:/Users/usuario/OneDrive/Escritorio/MAPEO MATRICULA/ES6/3RO4TA_TURNOMAÑANA_ES6_2021.shp"}, "geometry": {"type": "Point", "coordinates": [-58.57359334515075, -34.572274114614295]}}, {"type": "Feature", "properties": {"DIRECCION": null, "layer": "3RO4TA_TURNOMAÑANA_ES6_2021", "path": "C:/Users/usuario/OneDrive/Escritorio/MAPEO MATRICULA/ES6/3RO4TA_TURNOMAÑANA_ES6_2021.shp"}, "geometry": {"type": "Point", "coordinates": [-58.56704862553636, -34.57670262219569]}}, {"type": "Feature", "properties": {"DIRECCION": null, "layer": "3RO4TA_TURNOMAÑANA_ES6_2021", "path": "C:/Users/usuario/OneDrive/Escritorio/MAPEO MATRICULA/ES6/3RO4TA_TURNOMAÑANA_ES6_2021.shp"}, "geometry": {"type": "Point", "coordinates": [-58.57172584116019, -34.57878037676237]}}, {"type": "Feature", "properties": {"DIRECCION": null, "layer": "3RO4TA_TURNOMAÑANA_ES6_2021", "path": "C:/Users/usuario/OneDrive/Escritorio/MAPEO MATRICULA/ES6/3RO4TA_TURNOMAÑANA_ES6_2021.shp"}, "geometry": {"type": "Point", "coordinates": [-58.570415825771846, -34.579438722185046]}}, {"type": "Feature", "properties": {"DIRECCION": null, "layer": "4TO_6TA_TURNOMAÑANA_ES6_2021", "path": "C:\\Users\\usuario\\OneDrive\\Escritorio\\MAPEO MATRICULA\\ES6\\4TO_6TA_TURNOMAÑANA_ES6_2021.shp"}, "geometry": {"type": "Point", "coordinates": [-58.571261922087785, -34.57497435127843]}}, {"type": "Feature", "properties": {"DIRECCION": null, "layer": "4TO_6TA_TURNOMAÑANA_ES6_2021", "path": "C:\\Users\\usuario\\OneDrive\\Escritorio\\MAPEO MATRICULA\\ES6\\4TO_6TA_TURNOMAÑANA_ES6_2021.shp"}, "geometry": {"type": "Point", "coordinates": [-58.57555670909357, -34.571233073513206]}}, {"type": "Feature", "properties": {"DIRECCION": null, "layer": "4TO_6TA_TURNOMAÑANA_ES6_2021", "path": "C:\\Users\\usuario\\OneDrive\\Escritorio\\MAPEO MATRICULA\\ES6\\4TO_6TA_TURNOMAÑANA_ES6_2021.shp"}, "geometry": {"type": "Point", "coordinates": [-58.56980926682577, -34.57561126123187]}}, {"type": "Feature", "properties": {"DIRECCION": null, "layer": "4TO_6TA_TURNOMAÑANA_ES6_2021", "path": "C:\\Users\\usuario\\OneDrive\\Escritorio\\MAPEO MATRICULA\\ES6\\4TO_6TA_TURNOMAÑANA_ES6_2021.shp"}, "geometry": {"type": "Point", "coordinates": [-58.56977250096749, -34.57558665157831]}}, {"type": "Feature", "properties": {"DIRECCION": null, "layer": "4TO_6TA_TURNOMAÑANA_ES6_2021", "path": "C:\\Users\\usuario\\OneDrive\\Escritorio\\MAPEO MATRICULA\\ES6\\4TO_6TA_TURNOMAÑANA_ES6_2021.shp"}, "geometry": {"type": "Point", "coordinates": [-58.566644072817496, -34.58069840710133]}}, {"type": "Feature", "properties": {"DIRECCION": null, "layer": "4TO_6TA_TURNOMAÑANA_ES6_2021", "path": "C:\\Users\\usuario\\OneDrive\\Escritorio\\MAPEO MATRICULA\\ES6\\4TO_6TA_TURNOMAÑANA_ES6_2021.shp"}, "geometry": {"type": "Point", "coordinates": [-58.57269612236503, -34.57809413809932]}}, {"type": "Feature", "properties": {"DIRECCION": null, "layer": "4TO_6TA_TURNOMAÑANA_ES6_2021", "path": "C:\\Users\\usuario\\OneDrive\\Escritorio\\MAPEO MATRICULA\\ES6\\4TO_6TA_TURNOMAÑANA_ES6_2021.shp"}, "geometry": {"type": "Point", "coordinates": [-58.576784653672206, -34.574272284283914]}}, {"type": "Feature", "properties": {"DIRECCION": null, "layer": "4TO_6TA_TURNOMAÑANA_ES6_2021", "path": "C:\\Users\\usuario\\OneDrive\\Escritorio\\MAPEO MATRICULA\\ES6\\4TO_6TA_TURNOMAÑANA_ES6_2021.shp"}, "geometry": {"type": "Point", "coordinates": [-58.570489506786195, -34.579381271203644]}}, {"type": "Feature", "properties": {"DIRECCION": null, "layer": "4TO_6TA_TURNOMAÑANA_ES6_2021", "path": "C:\\Users\\usuario\\OneDrive\\Escritorio\\MAPEO MATRICULA\\ES6\\4TO_6TA_TURNOMAÑANA_ES6_2021.shp"}, "geometry": {"type": "Point", "coordinates": [-58.56351586854979, -34.58355040409652]}}, {"type": "Feature", "properties": {"DIRECCION": null, "layer": "4TO_6TA_TURNOMAÑANA_ES6_2021", "path": "C:\\Users\\usuario\\OneDrive\\Escritorio\\MAPEO MATRICULA\\ES6\\4TO_6TA_TURNOMAÑANA_ES6_2021.shp"}, "geometry": {"type": "Point", "coordinates": [-58.58213312179744, -34.57230889497902]}}, {"type": "Feature", "properties": {"DIRECCION": null, "layer": "4TO_6TA_TURNOMAÑANA_ES6_2021", "path": "C:\\Users\\usuario\\OneDrive\\Escritorio\\MAPEO MATRICULA\\ES6\\4TO_6TA_TURNOMAÑANA_ES6_2021.shp"}, "geometry": {"type": "Point", "coordinates": [-58.576230736219735, -34.57153736781243]}}, {"type": "Feature", "properties": {"DIRECCION": null, "layer": "4TO_6TA_TURNOMAÑANA_ES6_2021", "path": "C:\\Users\\usuario\\OneDrive\\Escritorio\\MAPEO MATRICULA\\ES6\\4TO_6TA_TURNOMAÑANA_ES6_2021.shp"}, "geometry": {"type": "Point", "coordinates": [-58.57915137565246, -34.57573362009805]}}, {"type": "Feature", "properties": {"DIRECCION": null, "layer": "4TO_6TA_TURNOMAÑANA_ES6_2021", "path": "C:\\Users\\usuario\\OneDrive\\Escritorio\\MAPEO MATRICULA\\ES6\\4TO_6TA_TURNOMAÑANA_ES6_2021.shp"}, "geometry": {"type": "Point", "coordinates": [-58.57594248325482, -34.57870319999058]}}, {"type": "Feature", "properties": {"DIRECCION": null, "layer": "4TO_6TA_TURNOMAÑANA_ES6_2021", "path": "C:\\Users\\usuario\\OneDrive\\Escritorio\\MAPEO MATRICULA\\ES6\\4TO_6TA_TURNOMAÑANA_ES6_2021.shp"}, "geometry": {"type": "Point", "coordinates": [-58.58736843448093, -34.582482451872536]}}, {"type": "Feature", "properties": {"DIRECCION": null, "layer": "4TO_6TA_TURNOMAÑANA_ES6_2021", "path": "C:\\Users\\usuario\\OneDrive\\Escritorio\\MAPEO MATRICULA\\ES6\\4TO_6TA_TURNOMAÑANA_ES6_2021.shp"}, "geometry": {"type": "Point", "coordinates": [-58.57574664011068, -34.57154956925892]}}, {"type": "Feature", "properties": {"DIRECCION": null, "layer": "4TO_6TA_TURNOMAÑANA_ES6_2021", "path": "C:\\Users\\usuario\\OneDrive\\Escritorio\\MAPEO MATRICULA\\ES6\\4TO_6TA_TURNOMAÑANA_ES6_2021.shp"}, "geometry": {"type": "Point", "coordinates": [-58.572032399279315, -34.58026809259628]}}, {"type": "Feature", "properties": {"DIRECCION": null, "layer": "4TO_6TA_TURNOMAÑANA_ES6_2021", "path": "C:\\Users\\usuario\\OneDrive\\Escritorio\\MAPEO MATRICULA\\ES6\\4TO_6TA_TURNOMAÑANA_ES6_2021.shp"}, "geometry": {"type": "Point", "coordinates": [-58.59315124466763, -34.563344890579884]}}, {"type": "Feature", "properties": {"DIRECCION": null, "layer": "4TO_6TA_TURNOMAÑANA_ES6_2021", "path": "C:\\Users\\usuario\\OneDrive\\Escritorio\\MAPEO MATRICULA\\ES6\\4TO_6TA_TURNOMAÑANA_ES6_2021.shp"}, "geometry": {"type": "Point", "coordinates": [-58.56427784494547, -34.58429485618623]}}, {"type": "Feature", "properties": {"DIRECCION": null, "layer": "4TO_6TA_TURNOMAÑANA_ES6_2021", "path": "C:\\Users\\usuario\\OneDrive\\Escritorio\\MAPEO MATRICULA\\ES6\\4TO_6TA_TURNOMAÑANA_ES6_2021.shp"}, "geometry": {"type": "Point", "coordinates": [-58.57075233577396, -34.58115889454439]}}, {"type": "Feature", "properties": {"DIRECCION": null, "layer": "4TO_6TA_TURNOMAÑANA_ES6_2021", "path": "C:\\Users\\usuario\\OneDrive\\Escritorio\\MAPEO MATRICULA\\ES6\\4TO_6TA_TURNOMAÑANA_ES6_2021.shp"}, "geometry": {"type": "Point", "coordinates": [-58.569715252093516, -34.57544883611526]}}, {"type": "Feature", "properties": {"DIRECCION": null, "layer": "4TO_6TA_TURNOMAÑANA_ES6_2021", "path": "C:\\Users\\usuario\\OneDrive\\Escritorio\\MAPEO MATRICULA\\ES6\\4TO_6TA_TURNOMAÑANA_ES6_2021.shp"}, "geometry": {"type": "Point", "coordinates": [-58.58041229535304, -34.57862725910731]}}, {"type": "Feature", "properties": {"DIRECCION": null, "layer": "4TO_6TA_TURNOMAÑANA_ES6_2021", "path": "C:\\Users\\usuario\\OneDrive\\Escritorio\\MAPEO MATRICULA\\ES6\\4TO_6TA_TURNOMAÑANA_ES6_2021.shp"}, "geometry": {"type": "Point", "coordinates": [-58.58140840587674, -34.57815020353442]}}, {"type": "Feature", "properties": {"DIRECCION": null, "layer": "4TO_6TA_TURNOMAÑANA_ES6_2021", "path": "C:\\Users\\usuario\\OneDrive\\Escritorio\\MAPEO MATRICULA\\ES6\\4TO_6TA_TURNOMAÑANA_ES6_2021.shp"}, "geometry": {"type": "Point", "coordinates": [-58.57155658892407, -34.57984402325625]}}, {"type": "Feature", "properties": {"DIRECCION": null, "layer": "4TO1RA_ES6_TURNOMAÑANA_2021", "path": "C:/Users/usuario/OneDrive/Escritorio/MAPEO MATRICULA/ES6/4TO1RA_ES6_TURNOMAÑANA_2021.shp"}, "geometry": {"type": "Point", "coordinates": [-58.575596237603754, -34.5712561724905]}}, {"type": "Feature", "properties": {"DIRECCION": null, "layer": "4TO1RA_ES6_TURNOMAÑANA_2021", "path": "C:/Users/usuario/OneDrive/Escritorio/MAPEO MATRICULA/ES6/4TO1RA_ES6_TURNOMAÑANA_2021.shp"}, "geometry": {"type": "Point", "coordinates": [-58.57791785272147, -34.57041314700684]}}, {"type": "Feature", "properties": {"DIRECCION": null, "layer": "4TO1RA_ES6_TURNOMAÑANA_2021", "path": "C:/Users/usuario/OneDrive/Escritorio/MAPEO MATRICULA/ES6/4TO1RA_ES6_TURNOMAÑANA_2021.shp"}, "geometry": {"type": "Point", "coordinates": [-58.571639614662395, -34.573277613423784]}}, {"type": "Feature", "properties": {"DIRECCION": null, "layer": "4TO1RA_ES6_TURNOMAÑANA_2021", "path": "C:/Users/usuario/OneDrive/Escritorio/MAPEO MATRICULA/ES6/4TO1RA_ES6_TURNOMAÑANA_2021.shp"}, "geometry": {"type": "Point", "coordinates": [-58.57628394281218, -34.57136454636946]}}, {"type": "Feature", "properties": {"DIRECCION": null, "layer": "4TO1RA_ES6_TURNOMAÑANA_2021", "path": "C:/Users/usuario/OneDrive/Escritorio/MAPEO MATRICULA/ES6/4TO1RA_ES6_TURNOMAÑANA_2021.shp"}, "geometry": {"type": "Point", "coordinates": [-58.57840313924502, -34.577519126285864]}}, {"type": "Feature", "properties": {"DIRECCION": null, "layer": "4TO1RA_ES6_TURNOMAÑANA_2021", "path": "C:/Users/usuario/OneDrive/Escritorio/MAPEO MATRICULA/ES6/4TO1RA_ES6_TURNOMAÑANA_2021.shp"}, "geometry": {"type": "Point", "coordinates": [-58.5792842962176, -34.5756415107714]}}, {"type": "Feature", "properties": {"DIRECCION": null, "layer": "4TO1RA_ES6_TURNOMAÑANA_2021", "path": "C:/Users/usuario/OneDrive/Escritorio/MAPEO MATRICULA/ES6/4TO1RA_ES6_TURNOMAÑANA_2021.shp"}, "geometry": {"type": "Point", "coordinates": [-58.578258339436225, -34.569534510248445]}}, {"type": "Feature", "properties": {"DIRECCION": null, "layer": "4TO1RA_ES6_TURNOMAÑANA_2021", "path": "C:/Users/usuario/OneDrive/Escritorio/MAPEO MATRICULA/ES6/4TO1RA_ES6_TURNOMAÑANA_2021.shp"}, "geometry": {"type": "Point", "coordinates": [-58.57595569266452, -34.56480568508644]}}, {"type": "Feature", "properties": {"DIRECCION": null, "layer": "4TO1RA_ES6_TURNOMAÑANA_2021", "path": "C:/Users/usuario/OneDrive/Escritorio/MAPEO MATRICULA/ES6/4TO1RA_ES6_TURNOMAÑANA_2021.shp"}, "geometry": {"type": "Point", "coordinates": [-58.5711544792783, -34.579477134794374]}}, {"type": "Feature", "properties": {"DIRECCION": null, "layer": "4TO1RA_ES6_TURNOMAÑANA_2021", "path": "C:/Users/usuario/OneDrive/Escritorio/MAPEO MATRICULA/ES6/4TO1RA_ES6_TURNOMAÑANA_2021.shp"}, "geometry": {"type": "Point", "coordinates": [-58.5677495200265, -34.57654188175847]}}, {"type": "Feature", "properties": {"DIRECCION": null, "layer": "4TO1RA_ES6_TURNOMAÑANA_2021", "path": "C:/Users/usuario/OneDrive/Escritorio/MAPEO MATRICULA/ES6/4TO1RA_ES6_TURNOMAÑANA_2021.shp"}, "geometry": {"type": "Point", "coordinates": [-58.56957378782787, -34.57406933779999]}}, {"type": "Feature", "properties": {"DIRECCION": null, "layer": "4TO1RA_ES6_TURNOMAÑANA_2021", "path": "C:/Users/usuario/OneDrive/Escritorio/MAPEO MATRICULA/ES6/4TO1RA_ES6_TURNOMAÑANA_2021.shp"}, "geometry": {"type": "Point", "coordinates": [-58.593346994992885, -34.56348294504322]}}, {"type": "Feature", "properties": {"DIRECCION": null, "layer": "4TO1RA_ES6_TURNOMAÑANA_2021", "path": "C:/Users/usuario/OneDrive/Escritorio/MAPEO MATRICULA/ES6/4TO1RA_ES6_TURNOMAÑANA_2021.shp"}, "geometry": {"type": "Point", "coordinates": [-58.57386193161473, -34.577640886907844]}}, {"type": "Feature", "properties": {"DIRECCION": null, "layer": "4TO1RA_ES6_TURNOMAÑANA_2021", "path": "C:/Users/usuario/OneDrive/Escritorio/MAPEO MATRICULA/ES6/4TO1RA_ES6_TURNOMAÑANA_2021.shp"}, "geometry": {"type": "Point", "coordinates": [-58.57336144108813, -34.57074212003229]}}, {"type": "Feature", "properties": {"DIRECCION": null, "layer": "4TO1RA_ES6_TURNOMAÑANA_2021", "path": "C:/Users/usuario/OneDrive/Escritorio/MAPEO MATRICULA/ES6/4TO1RA_ES6_TURNOMAÑANA_2021.shp"}, "geometry": {"type": "Point", "coordinates": [-58.5744670519337, -34.57797625312839]}}, {"type": "Feature", "properties": {"DIRECCION": null, "layer": "4TO1RA_ES6_TURNOMAÑANA_2021", "path": "C:/Users/usuario/OneDrive/Escritorio/MAPEO MATRICULA/ES6/4TO1RA_ES6_TURNOMAÑANA_2021.shp"}, "geometry": {"type": "Point", "coordinates": [-58.57455437084714, -34.5779686852936]}}, {"type": "Feature", "properties": {"DIRECCION": null, "layer": "4TO1RA_ES6_TURNOMAÑANA_2021", "path": "C:/Users/usuario/OneDrive/Escritorio/MAPEO MATRICULA/ES6/4TO1RA_ES6_TURNOMAÑANA_2021.shp"}, "geometry": {"type": "Point", "coordinates": [-58.570857948817704, -34.579411043428046]}}, {"type": "Feature", "properties": {"DIRECCION": null, "layer": "4TO1RA_ES6_TURNOMAÑANA_2021", "path": "C:/Users/usuario/OneDrive/Escritorio/MAPEO MATRICULA/ES6/4TO1RA_ES6_TURNOMAÑANA_2021.shp"}, "geometry": {"type": "Point", "coordinates": [-58.57362745747172, -34.57232898515944]}}, {"type": "Feature", "properties": {"DIRECCION": null, "layer": "4TO1RA_ES6_TURNOMAÑANA_2021", "path": "C:/Users/usuario/OneDrive/Escritorio/MAPEO MATRICULA/ES6/4TO1RA_ES6_TURNOMAÑANA_2021.shp"}, "geometry": {"type": "Point", "coordinates": [-58.57876171893005, -34.57482266595231]}}, {"type": "Feature", "properties": {"DIRECCION": null, "layer": "4TO1RA_ES6_TURNOMAÑANA_2021", "path": "C:/Users/usuario/OneDrive/Escritorio/MAPEO MATRICULA/ES6/4TO1RA_ES6_TURNOMAÑANA_2021.shp"}, "geometry": {"type": "Point", "coordinates": [-58.57955773809493, -34.572212188683125]}}, {"type": "Feature", "properties": {"DIRECCION": null, "layer": "4TO1RA_ES6_TURNOMAÑANA_2021", "path": "C:/Users/usuario/OneDrive/Escritorio/MAPEO MATRICULA/ES6/4TO1RA_ES6_TURNOMAÑANA_2021.shp"}, "geometry": {"type": "Point", "coordinates": [-58.57120237764067, -34.57425960135152]}}, {"type": "Feature", "properties": {"DIRECCION": null, "layer": "4TO3RA_TURNOMAÑANA_ES6_2021", "path": "C:\\Users\\usuario\\OneDrive\\Escritorio\\MAPEO MATRICULA\\ES6\\4TO6TA_TURNOMAÑANA_ES6_2021.shp"}, "geometry": {"type": "Point", "coordinates": [-58.57940031933974, -34.57324386098848]}}, {"type": "Feature", "properties": {"DIRECCION": null, "layer": "4TO3RA_TURNOMAÑANA_ES6_2021", "path": "C:\\Users\\usuario\\OneDrive\\Escritorio\\MAPEO MATRICULA\\ES6\\4TO6TA_TURNOMAÑANA_ES6_2021.shp"}, "geometry": {"type": "Point", "coordinates": [-58.57555781309669, -34.579487562852535]}}, {"type": "Feature", "properties": {"DIRECCION": null, "layer": "4TO3RA_TURNOMAÑANA_ES6_2021", "path": "C:\\Users\\usuario\\OneDrive\\Escritorio\\MAPEO MATRICULA\\ES6\\4TO6TA_TURNOMAÑANA_ES6_2021.shp"}, "geometry": {"type": "Point", "coordinates": [-58.59749764778084, -34.570965795416946]}}, {"type": "Feature", "properties": {"DIRECCION": null, "layer": "4TO3RA_TURNOMAÑANA_ES6_2021", "path": "C:\\Users\\usuario\\OneDrive\\Escritorio\\MAPEO MATRICULA\\ES6\\4TO6TA_TURNOMAÑANA_ES6_2021.shp"}, "geometry": {"type": "Point", "coordinates": [-58.578146395430316, -34.57510140899275]}}, {"type": "Feature", "properties": {"DIRECCION": null, "layer": "4TO3RA_TURNOMAÑANA_ES6_2021", "path": "C:\\Users\\usuario\\OneDrive\\Escritorio\\MAPEO MATRICULA\\ES6\\4TO6TA_TURNOMAÑANA_ES6_2021.shp"}, "geometry": {"type": "Point", "coordinates": [-58.53539904047333, -34.576176053252574]}}, {"type": "Feature", "properties": {"DIRECCION": null, "layer": "4TO3RA_TURNOMAÑANA_ES6_2021", "path": "C:\\Users\\usuario\\OneDrive\\Escritorio\\MAPEO MATRICULA\\ES6\\4TO6TA_TURNOMAÑANA_ES6_2021.shp"}, "geometry": {"type": "Point", "coordinates": [-58.57236995558987, -34.56865862929776]}}, {"type": "Feature", "properties": {"DIRECCION": null, "layer": "4TO3RA_TURNOMAÑANA_ES6_2021", "path": "C:\\Users\\usuario\\OneDrive\\Escritorio\\MAPEO MATRICULA\\ES6\\4TO6TA_TURNOMAÑANA_ES6_2021.shp"}, "geometry": {"type": "Point", "coordinates": [-58.54687124197351, -34.59788265173193]}}, {"type": "Feature", "properties": {"DIRECCION": null, "layer": "4TO3RA_TURNOMAÑANA_ES6_2021", "path": "C:\\Users\\usuario\\OneDrive\\Escritorio\\MAPEO MATRICULA\\ES6\\4TO6TA_TURNOMAÑANA_ES6_2021.shp"}, "geometry": {"type": "Point", "coordinates": [-58.57658926349133, -34.569191367744786]}}, {"type": "Feature", "properties": {"DIRECCION": null, "layer": "4TO3RA_TURNOMAÑANA_ES6_2021", "path": "C:\\Users\\usuario\\OneDrive\\Escritorio\\MAPEO MATRICULA\\ES6\\4TO6TA_TURNOMAÑANA_ES6_2021.shp"}, "geometry": {"type": "Point", "coordinates": [-58.57256468961132, -34.57420255260653]}}, {"type": "Feature", "properties": {"DIRECCION": null, "layer": "4TO3RA_TURNOMAÑANA_ES6_2021", "path": "C:\\Users\\usuario\\OneDrive\\Escritorio\\MAPEO MATRICULA\\ES6\\4TO6TA_TURNOMAÑANA_ES6_2021.shp"}, "geometry": {"type": "Point", "coordinates": [-58.57130326903196, -34.57821206743188]}}, {"type": "Feature", "properties": {"DIRECCION": null, "layer": "4TO3RA_TURNOMAÑANA_ES6_2021", "path": "C:\\Users\\usuario\\OneDrive\\Escritorio\\MAPEO MATRICULA\\ES6\\4TO6TA_TURNOMAÑANA_ES6_2021.shp"}, "geometry": {"type": "Point", "coordinates": [-58.575774262267004, -34.571428600524115]}}, {"type": "Feature", "properties": {"DIRECCION": null, "layer": "4TO3RA_TURNOMAÑANA_ES6_2021", "path": "C:\\Users\\usuario\\OneDrive\\Escritorio\\MAPEO MATRICULA\\ES6\\4TO6TA_TURNOMAÑANA_ES6_2021.shp"}, "geometry": {"type": "Point", "coordinates": [-58.593284301915354, -34.563414722580106]}}, {"type": "Feature", "properties": {"DIRECCION": null, "layer": "4TO3RA_TURNOMAÑANA_ES6_2021", "path": "C:\\Users\\usuario\\OneDrive\\Escritorio\\MAPEO MATRICULA\\ES6\\4TO6TA_TURNOMAÑANA_ES6_2021.shp"}, "geometry": {"type": "Point", "coordinates": [-58.577349712017835, -34.57275263772587]}}, {"type": "Feature", "properties": {"DIRECCION": null, "layer": "4TO3RA_TURNOMAÑANA_ES6_2021", "path": "C:\\Users\\usuario\\OneDrive\\Escritorio\\MAPEO MATRICULA\\ES6\\4TO6TA_TURNOMAÑANA_ES6_2021.shp"}, "geometry": {"type": "Point", "coordinates": [-58.57741645010504, -34.58143589990525]}}, {"type": "Feature", "properties": {"DIRECCION": null, "layer": "4TO3RA_TURNOMAÑANA_ES6_2021", "path": "C:\\Users\\usuario\\OneDrive\\Escritorio\\MAPEO MATRICULA\\ES6\\4TO6TA_TURNOMAÑANA_ES6_2021.shp"}, "geometry": {"type": "Point", "coordinates": [-58.57752094842795, -34.57024166351616]}}, {"type": "Feature", "properties": {"DIRECCION": null, "layer": "4TO3RA_TURNOMAÑANA_ES6_2021", "path": "C:\\Users\\usuario\\OneDrive\\Escritorio\\MAPEO MATRICULA\\ES6\\4TO6TA_TURNOMAÑANA_ES6_2021.shp"}, "geometry": {"type": "Point", "coordinates": [-58.576850619717476, -34.573539170647116]}}, {"type": "Feature", "properties": {"DIRECCION": null, "layer": "4TO3RA_TURNOMAÑANA_ES6_2021", "path": "C:\\Users\\usuario\\OneDrive\\Escritorio\\MAPEO MATRICULA\\ES6\\4TO6TA_TURNOMAÑANA_ES6_2021.shp"}, "geometry": {"type": "Point", "coordinates": [-58.57148511140421, -34.57993816682689]}}, {"type": "Feature", "properties": {"DIRECCION": null, "layer": "4TO3RA_TURNOMAÑANA_ES6_2021", "path": "C:\\Users\\usuario\\OneDrive\\Escritorio\\MAPEO MATRICULA\\ES6\\4TO6TA_TURNOMAÑANA_ES6_2021.shp"}, "geometry": {"type": "Point", "coordinates": [-58.56822406950522, -34.579941318176964]}}, {"type": "Feature", "properties": {"DIRECCION": null, "layer": "4TO3RA_TURNOMAÑANA_ES6_2021", "path": "C:\\Users\\usuario\\OneDrive\\Escritorio\\MAPEO MATRICULA\\ES6\\4TO6TA_TURNOMAÑANA_ES6_2021.shp"}, "geometry": {"type": "Point", "coordinates": [-58.579452355119265, -34.57224822159236]}}, {"type": "Feature", "properties": {"DIRECCION": null, "layer": "4TO3RA_TURNOMAÑANA_ES6_2021", "path": "C:\\Users\\usuario\\OneDrive\\Escritorio\\MAPEO MATRICULA\\ES6\\4TO6TA_TURNOMAÑANA_ES6_2021.shp"}, "geometry": {"type": "Point", "coordinates": [-58.57124951666445, -34.57427852178141]}}, {"type": "Feature", "properties": {"DIRECCION": null, "layer": "5TO1RA_TURNOMAÑANA_ES6_2021", "path": "C:\\Users\\usuario\\OneDrive\\Escritorio\\MAPEO MATRICULA\\ES6\\5TO1RA_TURNOMAÑANA_ES6_2021.shp"}, "geometry": {"type": "Point", "coordinates": [-58.57257361466245, -34.57268182087221]}}, {"type": "Feature", "properties": {"DIRECCION": null, "layer": "5TO1RA_TURNOMAÑANA_ES6_2021", "path": "C:\\Users\\usuario\\OneDrive\\Escritorio\\MAPEO MATRICULA\\ES6\\5TO1RA_TURNOMAÑANA_ES6_2021.shp"}, "geometry": {"type": "Point", "coordinates": [-58.574308223197534, -34.579714622477276]}}, {"type": "Feature", "properties": {"DIRECCION": null, "layer": "5TO1RA_TURNOMAÑANA_ES6_2021", "path": "C:\\Users\\usuario\\OneDrive\\Escritorio\\MAPEO MATRICULA\\ES6\\5TO1RA_TURNOMAÑANA_ES6_2021.shp"}, "geometry": {"type": "Point", "coordinates": [-58.57357712200559, -34.57881041982414]}}, {"type": "Feature", "properties": {"DIRECCION": null, "layer": "5TO1RA_TURNOMAÑANA_ES6_2021", "path": "C:\\Users\\usuario\\OneDrive\\Escritorio\\MAPEO MATRICULA\\ES6\\5TO1RA_TURNOMAÑANA_ES6_2021.shp"}, "geometry": {"type": "Point", "coordinates": [-58.5701301761794, -34.578535418349794]}}, {"type": "Feature", "properties": {"DIRECCION": null, "layer": "5TO1RA_TURNOMAÑANA_ES6_2021", "path": "C:\\Users\\usuario\\OneDrive\\Escritorio\\MAPEO MATRICULA\\ES6\\5TO1RA_TURNOMAÑANA_ES6_2021.shp"}, "geometry": {"type": "Point", "coordinates": [-58.57931988037499, -34.575665521210794]}}, {"type": "Feature", "properties": {"DIRECCION": null, "layer": "5TO1RA_TURNOMAÑANA_ES6_2021", "path": "C:\\Users\\usuario\\OneDrive\\Escritorio\\MAPEO MATRICULA\\ES6\\5TO1RA_TURNOMAÑANA_ES6_2021.shp"}, "geometry": {"type": "Point", "coordinates": [-58.572561286484984, -34.581398054985684]}}, {"type": "Feature", "properties": {"DIRECCION": null, "layer": "5TO1RA_TURNOMAÑANA_ES6_2021", "path": "C:\\Users\\usuario\\OneDrive\\Escritorio\\MAPEO MATRICULA\\ES6\\5TO1RA_TURNOMAÑANA_ES6_2021.shp"}, "geometry": {"type": "Point", "coordinates": [-58.57304281059714, -34.57856744662298]}}, {"type": "Feature", "properties": {"DIRECCION": null, "layer": "5TO1RA_TURNOMAÑANA_ES6_2021", "path": "C:\\Users\\usuario\\OneDrive\\Escritorio\\MAPEO MATRICULA\\ES6\\5TO1RA_TURNOMAÑANA_ES6_2021.shp"}, "geometry": {"type": "Point", "coordinates": [-58.57391364998688, -34.577678113552835]}}, {"type": "Feature", "properties": {"DIRECCION": null, "layer": "5TO1RA_TURNOMAÑANA_ES6_2021", "path": "C:\\Users\\usuario\\OneDrive\\Escritorio\\MAPEO MATRICULA\\ES6\\5TO1RA_TURNOMAÑANA_ES6_2021.shp"}, "geometry": {"type": "Point", "coordinates": [-58.58027733908563, -34.57322385700162]}}, {"type": "Feature", "properties": {"DIRECCION": null, "layer": "5TO1RA_TURNOMAÑANA_ES6_2021", "path": "C:\\Users\\usuario\\OneDrive\\Escritorio\\MAPEO MATRICULA\\ES6\\5TO1RA_TURNOMAÑANA_ES6_2021.shp"}, "geometry": {"type": "Point", "coordinates": [-58.59321299691092, -34.56337453662294]}}, {"type": "Feature", "properties": {"DIRECCION": null, "layer": "5TO1RA_TURNOMAÑANA_ES6_2021", "path": "C:\\Users\\usuario\\OneDrive\\Escritorio\\MAPEO MATRICULA\\ES6\\5TO1RA_TURNOMAÑANA_ES6_2021.shp"}, "geometry": {"type": "Point", "coordinates": [-58.57883186833234, -34.574087559777865]}}, {"type": "Feature", "properties": {"DIRECCION": null, "layer": "5TO1RA_TURNOMAÑANA_ES6_2021", "path": "C:\\Users\\usuario\\OneDrive\\Escritorio\\MAPEO MATRICULA\\ES6\\5TO1RA_TURNOMAÑANA_ES6_2021.shp"}, "geometry": {"type": "Point", "coordinates": [-58.570271751128594, -34.57949116663592]}}, {"type": "Feature", "properties": {"DIRECCION": null, "layer": "5TO1RA_TURNOMAÑANA_ES6_2021", "path": "C:\\Users\\usuario\\OneDrive\\Escritorio\\MAPEO MATRICULA\\ES6\\5TO1RA_TURNOMAÑANA_ES6_2021.shp"}, "geometry": {"type": "Point", "coordinates": [-58.57536011008565, -34.572223197104634]}}, {"type": "Feature", "properties": {"DIRECCION": null, "layer": "5TO1RA_TURNOMAÑANA_ES6_2021", "path": "C:\\Users\\usuario\\OneDrive\\Escritorio\\MAPEO MATRICULA\\ES6\\5TO1RA_TURNOMAÑANA_ES6_2021.shp"}, "geometry": {"type": "Point", "coordinates": [-58.57623290177316, -34.56517308004805]}}, {"type": "Feature", "properties": {"DIRECCION": null, "layer": "5TO3RA_TURNOMAÑANA_ES6_2021", "path": "C:\\Users\\usuario\\OneDrive\\Escritorio\\MAPEO MATRICULA\\ES6\\5TO3RA_TURNOMAÑANA_ES6_2021.shp"}, "geometry": {"type": "Point", "coordinates": [-58.57536035493459, -34.5709129489246]}}, {"type": "Feature", "properties": {"DIRECCION": null, "layer": "5TO3RA_TURNOMAÑANA_ES6_2021", "path": "C:\\Users\\usuario\\OneDrive\\Escritorio\\MAPEO MATRICULA\\ES6\\5TO3RA_TURNOMAÑANA_ES6_2021.shp"}, "geometry": {"type": "Point", "coordinates": [-58.578443279715685, -34.57074529106928]}}, {"type": "Feature", "properties": {"DIRECCION": null, "layer": "5TO3RA_TURNOMAÑANA_ES6_2021", "path": "C:\\Users\\usuario\\OneDrive\\Escritorio\\MAPEO MATRICULA\\ES6\\5TO3RA_TURNOMAÑANA_ES6_2021.shp"}, "geometry": {"type": "Point", "coordinates": [-58.57456342008575, -34.572356140261846]}}, {"type": "Feature", "properties": {"DIRECCION": null, "layer": "5TO3RA_TURNOMAÑANA_ES6_2021", "path": "C:\\Users\\usuario\\OneDrive\\Escritorio\\MAPEO MATRICULA\\ES6\\5TO3RA_TURNOMAÑANA_ES6_2021.shp"}, "geometry": {"type": "Point", "coordinates": [-58.57702206461938, -34.573674236750904]}}, {"type": "Feature", "properties": {"DIRECCION": null, "layer": "5TO3RA_TURNOMAÑANA_ES6_2021", "path": "C:\\Users\\usuario\\OneDrive\\Escritorio\\MAPEO MATRICULA\\ES6\\5TO3RA_TURNOMAÑANA_ES6_2021.shp"}, "geometry": {"type": "Point", "coordinates": [-58.57631664208438, -34.565140043131564]}}, {"type": "Feature", "properties": {"DIRECCION": null, "layer": "5TO3RA_TURNOMAÑANA_ES6_2021", "path": "C:\\Users\\usuario\\OneDrive\\Escritorio\\MAPEO MATRICULA\\ES6\\5TO3RA_TURNOMAÑANA_ES6_2021.shp"}, "geometry": {"type": "Point", "coordinates": [-58.58067963785773, -34.574001240833034]}}, {"type": "Feature", "properties": {"DIRECCION": null, "layer": "5TO3RA_TURNOMAÑANA_ES6_2021", "path": "C:\\Users\\usuario\\OneDrive\\Escritorio\\MAPEO MATRICULA\\ES6\\5TO3RA_TURNOMAÑANA_ES6_2021.shp"}, "geometry": {"type": "Point", "coordinates": [-58.558368410044025, -34.58068823521318]}}, {"type": "Feature", "properties": {"DIRECCION": null, "layer": "5TO3RA_TURNOMAÑANA_ES6_2021", "path": "C:\\Users\\usuario\\OneDrive\\Escritorio\\MAPEO MATRICULA\\ES6\\5TO3RA_TURNOMAÑANA_ES6_2021.shp"}, "geometry": {"type": "Point", "coordinates": [-58.57115562702462, -34.57387417580174]}}, {"type": "Feature", "properties": {"DIRECCION": null, "layer": "5TO3RA_TURNOMAÑANA_ES6_2021", "path": "C:\\Users\\usuario\\OneDrive\\Escritorio\\MAPEO MATRICULA\\ES6\\5TO3RA_TURNOMAÑANA_ES6_2021.shp"}, "geometry": {"type": "Point", "coordinates": [-58.568562476617096, -34.57752821692046]}}, {"type": "Feature", "properties": {"DIRECCION": null, "layer": "5TO3RA_TURNOMAÑANA_ES6_2021", "path": "C:\\Users\\usuario\\OneDrive\\Escritorio\\MAPEO MATRICULA\\ES6\\5TO3RA_TURNOMAÑANA_ES6_2021.shp"}, "geometry": {"type": "Point", "coordinates": [-58.57565828726715, -34.56567229503108]}}, {"type": "Feature", "properties": {"DIRECCION": null, "layer": "5TO3RA_TURNOMAÑANA_ES6_2021", "path": "C:\\Users\\usuario\\OneDrive\\Escritorio\\MAPEO MATRICULA\\ES6\\5TO3RA_TURNOMAÑANA_ES6_2021.shp"}, "geometry": {"type": "Point", "coordinates": [-58.57664636970871, -34.56454829769683]}}, {"type": "Feature", "properties": {"DIRECCION": null, "layer": "5TO3RA_TURNOMAÑANA_ES6_2021", "path": "C:\\Users\\usuario\\OneDrive\\Escritorio\\MAPEO MATRICULA\\ES6\\5TO3RA_TURNOMAÑANA_ES6_2021.shp"}, "geometry": {"type": "Point", "coordinates": [-58.57589358388365, -34.57393027203515]}}, {"type": "Feature", "properties": {"DIRECCION": null, "layer": "5TO3RA_TURNOMAÑANA_ES6_2021", "path": "C:\\Users\\usuario\\OneDrive\\Escritorio\\MAPEO MATRICULA\\ES6\\5TO3RA_TURNOMAÑANA_ES6_2021.shp"}, "geometry": {"type": "Point", "coordinates": [-58.57571827245505, -34.571532680003564]}}, {"type": "Feature", "properties": {"DIRECCION": null, "layer": "5TO3RA_TURNOMAÑANA_ES6_2021", "path": "C:\\Users\\usuario\\OneDrive\\Escritorio\\MAPEO MATRICULA\\ES6\\5TO3RA_TURNOMAÑANA_ES6_2021.shp"}, "geometry": {"type": "Point", "coordinates": [-58.57668792010143, -34.56928046569486]}}, {"type": "Feature", "properties": {"DIRECCION": null, "layer": "5TO3RA_TURNOMAÑANA_ES6_2021", "path": "C:\\Users\\usuario\\OneDrive\\Escritorio\\MAPEO MATRICULA\\ES6\\5TO3RA_TURNOMAÑANA_ES6_2021.shp"}, "geometry": {"type": "Point", "coordinates": [-58.57589519194978, -34.57952857026935]}}, {"type": "Feature", "properties": {"DIRECCION": null, "layer": "5TO3RA_TURNOMAÑANA_ES6_2021", "path": "C:\\Users\\usuario\\OneDrive\\Escritorio\\MAPEO MATRICULA\\ES6\\5TO3RA_TURNOMAÑANA_ES6_2021.shp"}, "geometry": {"type": "Point", "coordinates": [-58.5683554653839, -34.580056205191205]}}, {"type": "Feature", "properties": {"DIRECCION": null, "layer": "5TO3RA_TURNOMAÑANA_ES6_2021", "path": "C:\\Users\\usuario\\OneDrive\\Escritorio\\MAPEO MATRICULA\\ES6\\5TO3RA_TURNOMAÑANA_ES6_2021.shp"}, "geometry": {"type": "Point", "coordinates": [-58.565702719962744, -34.5643619290537]}}, {"type": "Feature", "properties": {"DIRECCION": null, "layer": "5TO3RA_TURNOMAÑANA_ES6_2021", "path": "C:\\Users\\usuario\\OneDrive\\Escritorio\\MAPEO MATRICULA\\ES6\\5TO3RA_TURNOMAÑANA_ES6_2021.shp"}, "geometry": {"type": "Point", "coordinates": [-58.571103822860266, -34.5783375887091]}}, {"type": "Feature", "properties": {"DIRECCION": null, "layer": "5TO3RA_TURNOMAÑANA_ES6_2021", "path": "C:\\Users\\usuario\\OneDrive\\Escritorio\\MAPEO MATRICULA\\ES6\\5TO3RA_TURNOMAÑANA_ES6_2021.shp"}, "geometry": {"type": "Point", "coordinates": [-58.57862417372348, -34.57254286334123]}}, {"type": "Feature", "properties": {"DIRECCION": null, "layer": "5TO3RA_TURNOMAÑANA_ES6_2021", "path": "C:\\Users\\usuario\\OneDrive\\Escritorio\\MAPEO MATRICULA\\ES6\\5TO3RA_TURNOMAÑANA_ES6_2021.shp"}, "geometry": {"type": "Point", "coordinates": [-58.59317384048717, -34.56330333682261]}}, {"type": "Feature", "properties": {"DIRECCION": null, "layer": "5to5ta_TURNOMAÑANA_ES6_2021", "path": "C:\\Users\\usuario\\OneDrive\\Escritorio\\MAPEO MATRICULA\\ES6\\5to5ta_TURNOMAÑANA_ES6_2021.shp"}, "geometry": {"type": "Point", "coordinates": [-58.57303495099698, -34.57822897232511]}}, {"type": "Feature", "properties": {"DIRECCION": null, "layer": "5to5ta_TURNOMAÑANA_ES6_2021", "path": "C:\\Users\\usuario\\OneDrive\\Escritorio\\MAPEO MATRICULA\\ES6\\5to5ta_TURNOMAÑANA_ES6_2021.shp"}, "geometry": {"type": "Point", "coordinates": [-58.57307631258755, -34.5782365401362]}}, {"type": "Feature", "properties": {"DIRECCION": null, "layer": "5to5ta_TURNOMAÑANA_ES6_2021", "path": "C:\\Users\\usuario\\OneDrive\\Escritorio\\MAPEO MATRICULA\\ES6\\5to5ta_TURNOMAÑANA_ES6_2021.shp"}, "geometry": {"type": "Point", "coordinates": [-58.57475941719198, -34.57213003196552]}}, {"type": "Feature", "properties": {"DIRECCION": null, "layer": "5to5ta_TURNOMAÑANA_ES6_2021", "path": "C:\\Users\\usuario\\OneDrive\\Escritorio\\MAPEO MATRICULA\\ES6\\5to5ta_TURNOMAÑANA_ES6_2021.shp"}, "geometry": {"type": "Point", "coordinates": [-58.56930946749907, -34.580277306035605]}}, {"type": "Feature", "properties": {"DIRECCION": null, "layer": "5to5ta_TURNOMAÑANA_ES6_2021", "path": "C:\\Users\\usuario\\OneDrive\\Escritorio\\MAPEO MATRICULA\\ES6\\5to5ta_TURNOMAÑANA_ES6_2021.shp"}, "geometry": {"type": "Point", "coordinates": [-58.572886319048244, -34.57740099400314]}}, {"type": "Feature", "properties": {"DIRECCION": null, "layer": "5to5ta_TURNOMAÑANA_ES6_2021", "path": "C:\\Users\\usuario\\OneDrive\\Escritorio\\MAPEO MATRICULA\\ES6\\5to5ta_TURNOMAÑANA_ES6_2021.shp"}, "geometry": {"type": "Point", "coordinates": [-58.572389047093466, -34.576688484332074]}}, {"type": "Feature", "properties": {"DIRECCION": null, "layer": "5to5ta_TURNOMAÑANA_ES6_2021", "path": "C:\\Users\\usuario\\OneDrive\\Escritorio\\MAPEO MATRICULA\\ES6\\5to5ta_TURNOMAÑANA_ES6_2021.shp"}, "geometry": {"type": "Point", "coordinates": [-58.57188736380018, -34.57489981597645]}}, {"type": "Feature", "properties": {"DIRECCION": null, "layer": "5to5ta_TURNOMAÑANA_ES6_2021", "path": "C:\\Users\\usuario\\OneDrive\\Escritorio\\MAPEO MATRICULA\\ES6\\5to5ta_TURNOMAÑANA_ES6_2021.shp"}, "geometry": {"type": "Point", "coordinates": [-58.57706259332382, -34.57530747682067]}}, {"type": "Feature", "properties": {"DIRECCION": null, "layer": "5to5ta_TURNOMAÑANA_ES6_2021", "path": "C:\\Users\\usuario\\OneDrive\\Escritorio\\MAPEO MATRICULA\\ES6\\5to5ta_TURNOMAÑANA_ES6_2021.shp"}, "geometry": {"type": "Point", "coordinates": [-58.57222629840939, -34.57919897595193]}}, {"type": "Feature", "properties": {"DIRECCION": null, "layer": "5to5ta_TURNOMAÑANA_ES6_2021", "path": "C:\\Users\\usuario\\OneDrive\\Escritorio\\MAPEO MATRICULA\\ES6\\5to5ta_TURNOMAÑANA_ES6_2021.shp"}, "geometry": {"type": "Point", "coordinates": [-58.57683566070198, -34.57423509657902]}}, {"type": "Feature", "properties": {"DIRECCION": null, "layer": "6TO1RA_TURNOMAÑANA_ES6_2021", "path": "C:\\Users\\usuario\\OneDrive\\Escritorio\\MAPEO MATRICULA\\ES6\\6TO1RA_TURNOMAÑANA_ES6_2021.shp"}, "geometry": {"type": "Point", "coordinates": [-58.581412192636925, -34.57363687301724]}}, {"type": "Feature", "properties": {"DIRECCION": null, "layer": "6TO1RA_TURNOMAÑANA_ES6_2021", "path": "C:\\Users\\usuario\\OneDrive\\Escritorio\\MAPEO MATRICULA\\ES6\\6TO1RA_TURNOMAÑANA_ES6_2021.shp"}, "geometry": {"type": "Point", "coordinates": [-58.57967330982694, -34.57213965525585]}}, {"type": "Feature", "properties": {"DIRECCION": null, "layer": "6TO1RA_TURNOMAÑANA_ES6_2021", "path": "C:\\Users\\usuario\\OneDrive\\Escritorio\\MAPEO MATRICULA\\ES6\\6TO1RA_TURNOMAÑANA_ES6_2021.shp"}, "geometry": {"type": "Point", "coordinates": [-58.5675790132885, -34.574873499987454]}}, {"type": "Feature", "properties": {"DIRECCION": null, "layer": "6TO1RA_TURNOMAÑANA_ES6_2021", "path": "C:\\Users\\usuario\\OneDrive\\Escritorio\\MAPEO MATRICULA\\ES6\\6TO1RA_TURNOMAÑANA_ES6_2021.shp"}, "geometry": {"type": "Point", "coordinates": [-58.571046118593266, -34.58098924248163]}}, {"type": "Feature", "properties": {"DIRECCION": null, "layer": "6TO1RA_TURNOMAÑANA_ES6_2021", "path": "C:\\Users\\usuario\\OneDrive\\Escritorio\\MAPEO MATRICULA\\ES6\\6TO1RA_TURNOMAÑANA_ES6_2021.shp"}, "geometry": {"type": "Point", "coordinates": [-58.57111505457757, -34.58103086405188]}}, {"type": "Feature", "properties": {"DIRECCION": null, "layer": "6TO1RA_TURNOMAÑANA_ES6_2021", "path": "C:\\Users\\usuario\\OneDrive\\Escritorio\\MAPEO MATRICULA\\ES6\\6TO1RA_TURNOMAÑANA_ES6_2021.shp"}, "geometry": {"type": "Point", "coordinates": [-58.57760586611196, -34.573874946968985]}}, {"type": "Feature", "properties": {"DIRECCION": null, "layer": "6TO3RA_TURNOMAÑANA", "path": "6TO3RA_TURNOMAÑANA.shp"}, "geometry": {"type": "Point", "coordinates": [-58.56864837587073, -34.58001970958699]}}, {"type": "Feature", "properties": {"DIRECCION": null, "layer": "6TO3RA_TURNOMAÑANA", "path": "6TO3RA_TURNOMAÑANA.shp"}, "geometry": {"type": "Point", "coordinates": [-58.57096108600815, -34.57381572116755]}}, {"type": "Feature", "properties": {"DIRECCION": null, "layer": "6TO3RA_TURNOMAÑANA", "path": "6TO3RA_TURNOMAÑANA.shp"}, "geometry": {"type": "Point", "coordinates": [-58.575811006427614, -34.5679795124146]}}, {"type": "Feature", "properties": {"DIRECCION": null, "layer": "6TO3RA_TURNOMAÑANA", "path": "6TO3RA_TURNOMAÑANA.shp"}, "geometry": {"type": "Point", "coordinates": [-58.57480332916227, -34.577749567532905]}}, {"type": "Feature", "properties": {"DIRECCION": null, "layer": "6TO3RA_TURNOMAÑANA", "path": "6TO3RA_TURNOMAÑANA.shp"}, "geometry": {"type": "Point", "coordinates": [-58.57092610557198, -34.572671357132855]}}, {"type": "Feature", "properties": {"DIRECCION": null, "layer": "6TO3RA_TURNOMAÑANA", "path": "6TO3RA_TURNOMAÑANA.shp"}, "geometry": {"type": "Point", "coordinates": [-58.57462653143839, -34.56753743807203]}}, {"type": "Feature", "properties": {"DIRECCION": null, "layer": "6TO3RA_TURNOMAÑANA", "path": "6TO3RA_TURNOMAÑANA.shp"}, "geometry": {"type": "Point", "coordinates": [-58.56889903826746, -34.55778635310631]}}, {"type": "Feature", "properties": {"DIRECCION": null, "layer": "6TO3RA_TURNOMAÑANA", "path": "6TO3RA_TURNOMAÑANA.shp"}, "geometry": {"type": "Point", "coordinates": [-58.57554610943032, -34.57180124353604]}}, {"type": "Feature", "properties": {"DIRECCION": null, "layer": "6TO3RA_TURNOMAÑANA", "path": "6TO3RA_TURNOMAÑANA.shp"}, "geometry": {"type": "Point", "coordinates": [-58.57594686378647, -34.5756113578579]}}, {"type": "Feature", "properties": {"DIRECCION": null, "layer": "6TO3RA_TURNOMAÑANA", "path": "6TO3RA_TURNOMAÑANA.shp"}, "geometry": {"type": "Point", "coordinates": [-58.580569563436185, -34.573101187119384]}}, {"type": "Feature", "properties": {"DIRECCION": null, "layer": "6to5ta_TURNOMAÑANA_ES6_2021", "path": "C:\\Users\\usuario\\OneDrive\\Escritorio\\MAPEO MATRICULA\\ES6\\6to5ta_TURNOMAÑANA_ES6_2021.shp"}, "geometry": {"type": "Point", "coordinates": [-58.57345581083686, -34.546970213012806]}}, {"type": "Feature", "properties": {"DIRECCION": null, "layer": "6to5ta_TURNOMAÑANA_ES6_2021", "path": "C:\\Users\\usuario\\OneDrive\\Escritorio\\MAPEO MATRICULA\\ES6\\6to5ta_TURNOMAÑANA_ES6_2021.shp"}, "geometry": {"type": "Point", "coordinates": [-58.57366521409309, -34.57775543749087]}}, {"type": "Feature", "properties": {"DIRECCION": null, "layer": "6to5ta_TURNOMAÑANA_ES6_2021", "path": "C:\\Users\\usuario\\OneDrive\\Escritorio\\MAPEO MATRICULA\\ES6\\6to5ta_TURNOMAÑANA_ES6_2021.shp"}, "geometry": {"type": "Point", "coordinates": [-58.57376861806954, -34.57766036626369]}}, {"type": "Feature", "properties": {"DIRECCION": null, "layer": "6to5ta_TURNOMAÑANA_ES6_2021", "path": "C:\\Users\\usuario\\OneDrive\\Escritorio\\MAPEO MATRICULA\\ES6\\6to5ta_TURNOMAÑANA_ES6_2021.shp"}, "geometry": {"type": "Point", "coordinates": [-58.56340866404202, -34.56198640176649]}}, {"type": "Feature", "properties": {"DIRECCION": null, "layer": "6to5ta_TURNOMAÑANA_ES6_2021", "path": "C:\\Users\\usuario\\OneDrive\\Escritorio\\MAPEO MATRICULA\\ES6\\6to5ta_TURNOMAÑANA_ES6_2021.shp"}, "geometry": {"type": "Point", "coordinates": [-58.57952847745908, -34.56919770969897]}}, {"type": "Feature", "properties": {"DIRECCION": null, "layer": "6to5ta_TURNOMAÑANA_ES6_2021", "path": "C:\\Users\\usuario\\OneDrive\\Escritorio\\MAPEO MATRICULA\\ES6\\6to5ta_TURNOMAÑANA_ES6_2021.shp"}, "geometry": {"type": "Point", "coordinates": [-58.57686686316661, -34.57643084208478]}}, {"type": "Feature", "properties": {"DIRECCION": null, "layer": "6to5ta_TURNOMAÑANA_ES6_2021", "path": "C:\\Users\\usuario\\OneDrive\\Escritorio\\MAPEO MATRICULA\\ES6\\6to5ta_TURNOMAÑANA_ES6_2021.shp"}, "geometry": {"type": "Point", "coordinates": [-58.556880018484364, -34.57395128838282]}}, {"type": "Feature", "properties": {"DIRECCION": null, "layer": "6to5ta_TURNOMAÑANA_ES6_2021", "path": "C:\\Users\\usuario\\OneDrive\\Escritorio\\MAPEO MATRICULA\\ES6\\6to5ta_TURNOMAÑANA_ES6_2021.shp"}, "geometry": {"type": "Point", "coordinates": [-58.5781788347691, -34.57213350466992]}}, {"type": "Feature", "properties": {"DIRECCION": null, "layer": "6to5ta_TURNOMAÑANA_ES6_2021", "path": "C:\\Users\\usuario\\OneDrive\\Escritorio\\MAPEO MATRICULA\\ES6\\6to5ta_TURNOMAÑANA_ES6_2021.shp"}, "geometry": {"type": "Point", "coordinates": [-58.58473613073224, -34.57429247358354]}}, {"type": "Feature", "properties": {"DIRECCION": null, "layer": "6to5ta_TURNOMAÑANA_ES6_2021", "path": "C:\\Users\\usuario\\OneDrive\\Escritorio\\MAPEO MATRICULA\\ES6\\6to5ta_TURNOMAÑANA_ES6_2021.shp"}, "geometry": {"type": "Point", "coordinates": [-58.57737896335454, -34.57222466523717]}}, {"type": "Feature", "properties": {"DIRECCION": null, "layer": "6to5ta_TURNOMAÑANA_ES6_2021", "path": "C:\\Users\\usuario\\OneDrive\\Escritorio\\MAPEO MATRICULA\\ES6\\6to5ta_TURNOMAÑANA_ES6_2021.shp"}, "geometry": {"type": "Point", "coordinates": [-58.58565440077205, -34.5754810824207]}}, {"type": "Feature", "properties": {"DIRECCION": null, "layer": "6to5ta_TURNOMAÑANA_ES6_2021", "path": "C:\\Users\\usuario\\OneDrive\\Escritorio\\MAPEO MATRICULA\\ES6\\6to5ta_TURNOMAÑANA_ES6_2021.shp"}, "geometry": {"type": "Point", "coordinates": [-58.58133840578119, -34.5780784489058]}}, {"type": "Feature", "properties": {"DIRECCION": null, "layer": "6to5ta_TURNOMAÑANA_ES6_2021", "path": "C:\\Users\\usuario\\OneDrive\\Escritorio\\MAPEO MATRICULA\\ES6\\6to5ta_TURNOMAÑANA_ES6_2021.shp"}, "geometry": {"type": "Point", "coordinates": [-58.54634057190315, -34.581687171543834]}}, {"type": "Feature", "properties": {"DIRECCION": null, "layer": "1RO2DA_TURNOTARDE_ES6_2021", "path": "C:/Users/usuario/OneDrive/Escritorio/MAPEO MATRICULA/ES6/1RO2DA_TURNOTARDE_ES6_2021.shp"}, "geometry": {"type": "Point", "coordinates": [-58.57762705915062, -34.57413707569619]}}, {"type": "Feature", "properties": {"DIRECCION": null, "layer": "1RO2DA_TURNOTARDE_ES6_2021", "path": "C:/Users/usuario/OneDrive/Escritorio/MAPEO MATRICULA/ES6/1RO2DA_TURNOTARDE_ES6_2021.shp"}, "geometry": {"type": "Point", "coordinates": [-58.57629109386691, -34.570246866955635]}}, {"type": "Feature", "properties": {"DIRECCION": null, "layer": "1RO2DA_TURNOTARDE_ES6_2021", "path": "C:/Users/usuario/OneDrive/Escritorio/MAPEO MATRICULA/ES6/1RO2DA_TURNOTARDE_ES6_2021.shp"}, "geometry": {"type": "Point", "coordinates": [-58.5751280240902, -34.56503535960441]}}, {"type": "Feature", "properties": {"DIRECCION": null, "layer": "1RO2DA_TURNOTARDE_ES6_2021", "path": "C:/Users/usuario/OneDrive/Escritorio/MAPEO MATRICULA/ES6/1RO2DA_TURNOTARDE_ES6_2021.shp"}, "geometry": {"type": "Point", "coordinates": [-58.57527968325565, -34.56491047080541]}}, {"type": "Feature", "properties": {"DIRECCION": null, "layer": "1RO2DA_TURNOTARDE_ES6_2021", "path": "C:/Users/usuario/OneDrive/Escritorio/MAPEO MATRICULA/ES6/1RO2DA_TURNOTARDE_ES6_2021.shp"}, "geometry": {"type": "Point", "coordinates": [-58.5754072148266, -34.564884925346135]}}, {"type": "Feature", "properties": {"DIRECCION": null, "layer": "ES6_1RO4TA_TURNOTARDE_2021", "path": "C:/Users/usuario/OneDrive/Escritorio/MAPEO MATRICULA/ES6/ES6_1RO4TA_TURNOTARDE_2021.shp"}, "geometry": {"type": "Point", "coordinates": [-58.57922225918196, -34.57628565018804]}}, {"type": "Feature", "properties": {"DIRECCION": null, "layer": "ES6_1RO4TA_TURNOTARDE_2021", "path": "C:/Users/usuario/OneDrive/Escritorio/MAPEO MATRICULA/ES6/ES6_1RO4TA_TURNOTARDE_2021.shp"}, "geometry": {"type": "Point", "coordinates": [-58.575136099447825, -34.57873795305691]}}, {"type": "Feature", "properties": {"DIRECCION": null, "layer": "ES6_1RO4TA_TURNOTARDE_2021", "path": "C:/Users/usuario/OneDrive/Escritorio/MAPEO MATRICULA/ES6/ES6_1RO4TA_TURNOTARDE_2021.shp"}, "geometry": {"type": "Point", "coordinates": [-58.57902072891259, -34.570154263905444]}}, {"type": "Feature", "properties": {"DIRECCION": null, "layer": "ES6_1RO4TA_TURNOTARDE_2021", "path": "C:/Users/usuario/OneDrive/Escritorio/MAPEO MATRICULA/ES6/ES6_1RO4TA_TURNOTARDE_2021.shp"}, "geometry": {"type": "Point", "coordinates": [-58.56707629374506, -34.58023313856605]}}, {"type": "Feature", "properties": {"DIRECCION": null, "layer": "ES6_1RO4TA_TURNOTARDE_2021", "path": "C:/Users/usuario/OneDrive/Escritorio/MAPEO MATRICULA/ES6/ES6_1RO4TA_TURNOTARDE_2021.shp"}, "geometry": {"type": "Point", "coordinates": [-58.56856916191625, -34.575343577108235]}}, {"type": "Feature", "properties": {"DIRECCION": null, "layer": "ES6_1RO4TA_TURNOTARDE_2021", "path": "C:/Users/usuario/OneDrive/Escritorio/MAPEO MATRICULA/ES6/ES6_1RO4TA_TURNOTARDE_2021.shp"}, "geometry": {"type": "Point", "coordinates": [-58.56884216698504, -34.57610861653757]}}, {"type": "Feature", "properties": {"DIRECCION": null, "layer": "ES6_1RO4TA_TURNOTARDE_2021", "path": "C:/Users/usuario/OneDrive/Escritorio/MAPEO MATRICULA/ES6/ES6_1RO4TA_TURNOTARDE_2021.shp"}, "geometry": {"type": "Point", "coordinates": [-58.60195326511582, -34.559728017186885]}}, {"type": "Feature", "properties": {"DIRECCION": null, "layer": "ES6_1RO4TA_TURNOTARDE_2021", "path": "C:/Users/usuario/OneDrive/Escritorio/MAPEO MATRICULA/ES6/ES6_1RO4TA_TURNOTARDE_2021.shp"}, "geometry": {"type": "Point", "coordinates": [-58.57813165203465, -34.569812088762596]}}, {"type": "Feature", "properties": {"DIRECCION": null, "layer": "ES6_1RO4TA_TURNOTARDE_2021", "path": "C:/Users/usuario/OneDrive/Escritorio/MAPEO MATRICULA/ES6/ES6_1RO4TA_TURNOTARDE_2021.shp"}, "geometry": {"type": "Point", "coordinates": [-58.56869930098098, -34.58007179110338]}}, {"type": "Feature", "properties": {"DIRECCION": null, "layer": "ES6_1RO4TA_TURNOTARDE_2021", "path": "C:/Users/usuario/OneDrive/Escritorio/MAPEO MATRICULA/ES6/ES6_1RO4TA_TURNOTARDE_2021.shp"}, "geometry": {"type": "Point", "coordinates": [-58.57825444417241, -34.57219700954479]}}, {"type": "Feature", "properties": {"DIRECCION": null, "layer": "ES6_1RO4TA_TURNOTARDE_2021", "path": "C:/Users/usuario/OneDrive/Escritorio/MAPEO MATRICULA/ES6/ES6_1RO4TA_TURNOTARDE_2021.shp"}, "geometry": {"type": "Point", "coordinates": [-58.57324970517599, -34.57735509046162]}}, {"type": "Feature", "properties": {"DIRECCION": null, "layer": "ES6_1RO4TA_TURNOTARDE_2021", "path": "C:/Users/usuario/OneDrive/Escritorio/MAPEO MATRICULA/ES6/ES6_1RO4TA_TURNOTARDE_2021.shp"}, "geometry": {"type": "Point", "coordinates": [-58.57328675826754, -34.577383470048034]}}, {"type": "Feature", "properties": {"DIRECCION": null, "layer": "ES6_1RO4TA_TURNOTARDE_2021", "path": "C:/Users/usuario/OneDrive/Escritorio/MAPEO MATRICULA/ES6/ES6_1RO4TA_TURNOTARDE_2021.shp"}, "geometry": {"type": "Point", "coordinates": [-58.57629285583598, -34.571766234030555]}}, {"type": "Feature", "properties": {"DIRECCION": null, "layer": "ES6_1RO4TA_TURNOTARDE_2021", "path": "C:/Users/usuario/OneDrive/Escritorio/MAPEO MATRICULA/ES6/ES6_1RO4TA_TURNOTARDE_2021.shp"}, "geometry": {"type": "Point", "coordinates": [-58.58288853666288, -34.572049638980815]}}, {"type": "Feature", "properties": {"DIRECCION": null, "layer": "ES6_1RO4TA_TURNOTARDE_2021", "path": "C:/Users/usuario/OneDrive/Escritorio/MAPEO MATRICULA/ES6/ES6_1RO4TA_TURNOTARDE_2021.shp"}, "geometry": {"type": "Point", "coordinates": [-58.58055157690945, -34.57407458117069]}}, {"type": "Feature", "properties": {"DIRECCION": null, "layer": "ES6_1RO4TA_TURNOTARDE_2021", "path": "C:/Users/usuario/OneDrive/Escritorio/MAPEO MATRICULA/ES6/ES6_1RO4TA_TURNOTARDE_2021.shp"}, "geometry": {"type": "Point", "coordinates": [-58.57867242432415, -34.57512841351111]}}, {"type": "Feature", "properties": {"DIRECCION": null, "layer": "ES6_1RO4TA_TURNOTARDE_2021", "path": "C:/Users/usuario/OneDrive/Escritorio/MAPEO MATRICULA/ES6/ES6_1RO4TA_TURNOTARDE_2021.shp"}, "geometry": {"type": "Point", "coordinates": [-58.579028444610685, -34.57134619649699]}}, {"type": "Feature", "properties": {"DIRECCION": null, "layer": "ES6_2DO2DA_TURNOTARDE_2021", "path": "C:\\Users\\usuario\\OneDrive\\Escritorio\\MAPEO MATRICULA\\ES6\\ES6_2DO2DA_TURNOTARDE_2021.shp"}, "geometry": {"type": "Point", "coordinates": [-58.57609646431007, -34.57154020597011]}}, {"type": "Feature", "properties": {"DIRECCION": null, "layer": "ES6_2DO2DA_TURNOTARDE_2021", "path": "C:\\Users\\usuario\\OneDrive\\Escritorio\\MAPEO MATRICULA\\ES6\\ES6_2DO2DA_TURNOTARDE_2021.shp"}, "geometry": {"type": "Point", "coordinates": [-58.57480173009522, -34.57719734239853]}}, {"type": "Feature", "properties": {"DIRECCION": null, "layer": "ES6_2DO2DA_TURNOTARDE_2021", "path": "C:\\Users\\usuario\\OneDrive\\Escritorio\\MAPEO MATRICULA\\ES6\\ES6_2DO2DA_TURNOTARDE_2021.shp"}, "geometry": {"type": "Point", "coordinates": [-58.57176713201098, -34.57485936557114]}}, {"type": "Feature", "properties": {"DIRECCION": null, "layer": "ES6_2DO2DA_TURNOTARDE_2021", "path": "C:\\Users\\usuario\\OneDrive\\Escritorio\\MAPEO MATRICULA\\ES6\\ES6_2DO2DA_TURNOTARDE_2021.shp"}, "geometry": {"type": "Point", "coordinates": [-58.58501620386082, -34.586235828997]}}, {"type": "Feature", "properties": {"DIRECCION": null, "layer": "ES6_2DO2DA_TURNOTARDE_2021", "path": "C:\\Users\\usuario\\OneDrive\\Escritorio\\MAPEO MATRICULA\\ES6\\ES6_2DO2DA_TURNOTARDE_2021.shp"}, "geometry": {"type": "Point", "coordinates": [-58.576624971172514, -34.5653622491333]}}, {"type": "Feature", "properties": {"DIRECCION": null, "layer": "ES6_2DO2DA_TURNOTARDE_2021", "path": "C:\\Users\\usuario\\OneDrive\\Escritorio\\MAPEO MATRICULA\\ES6\\ES6_2DO2DA_TURNOTARDE_2021.shp"}, "geometry": {"type": "Point", "coordinates": [-58.57647331200706, -34.5652487143155]}}, {"type": "Feature", "properties": {"DIRECCION": null, "layer": "ES6_2DO4TA_TT_2021", "path": "C:\\Users\\usuario\\OneDrive\\Escritorio\\MAPEO MATRICULA\\ES6\\ES6_2DO4TA_TT_2021.shp"}, "geometry": {"type": "Point", "coordinates": [-58.568217291327706, -34.5810425192817]}}, {"type": "Feature", "properties": {"DIRECCION": null, "layer": "ES6_2DO4TA_TT_2021", "path": "C:\\Users\\usuario\\OneDrive\\Escritorio\\MAPEO MATRICULA\\ES6\\ES6_2DO4TA_TT_2021.shp"}, "geometry": {"type": "Point", "coordinates": [-58.577597761357296, -34.57413675585905]}}, {"type": "Feature", "properties": {"DIRECCION": null, "layer": "ES6_2DO4TA_TT_2021", "path": "C:\\Users\\usuario\\OneDrive\\Escritorio\\MAPEO MATRICULA\\ES6\\ES6_2DO4TA_TT_2021.shp"}, "geometry": {"type": "Point", "coordinates": [-58.57920674433147, -34.576155699435546]}}, {"type": "Feature", "properties": {"DIRECCION": null, "layer": "ES6_2DO4TA_TT_2021", "path": "C:\\Users\\usuario\\OneDrive\\Escritorio\\MAPEO MATRICULA\\ES6\\ES6_2DO4TA_TT_2021.shp"}, "geometry": {"type": "Point", "coordinates": [-58.57072183978653, -34.5725207198935]}}, {"type": "Feature", "properties": {"DIRECCION": null, "layer": "ES6_2DO4TA_TT_2021", "path": "C:\\Users\\usuario\\OneDrive\\Escritorio\\MAPEO MATRICULA\\ES6\\ES6_2DO4TA_TT_2021.shp"}, "geometry": {"type": "Point", "coordinates": [-58.56859671089044, -34.57997727649148]}}, {"type": "Feature", "properties": {"DIRECCION": null, "layer": "ES6_2DO4TA_TT_2021", "path": "C:\\Users\\usuario\\OneDrive\\Escritorio\\MAPEO MATRICULA\\ES6\\ES6_2DO4TA_TT_2021.shp"}, "geometry": {"type": "Point", "coordinates": [-58.56785258211286, -34.58088918487874]}}, {"type": "Feature", "properties": {"DIRECCION": null, "layer": "ES6_2DO4TA_TT_2021", "path": "C:\\Users\\usuario\\OneDrive\\Escritorio\\MAPEO MATRICULA\\ES6\\ES6_2DO4TA_TT_2021.shp"}, "geometry": {"type": "Point", "coordinates": [-58.56706870970753, -34.58006865612718]}}, {"type": "Feature", "properties": {"DIRECCION": null, "layer": "ES6_2DO4TA_TT_2021", "path": "C:\\Users\\usuario\\OneDrive\\Escritorio\\MAPEO MATRICULA\\ES6\\ES6_2DO4TA_TT_2021.shp"}, "geometry": {"type": "Point", "coordinates": [-58.57588684470009, -34.57509136468793]}}, {"type": "Feature", "properties": {"DIRECCION": null, "layer": "ES6_2DO6TA_TURNOTARDE_2021", "path": "C:\\Users\\usuario\\OneDrive\\Escritorio\\MAPEO MATRICULA\\ES6\\ES6_2DO6TA_TURNOTARDE_2021.shp"}, "geometry": {"type": "Point", "coordinates": [-58.5712374600149, -34.57413765535366]}}, {"type": "Feature", "properties": {"DIRECCION": null, "layer": "ES6_2DO6TA_TURNOTARDE_2021", "path": "C:\\Users\\usuario\\OneDrive\\Escritorio\\MAPEO MATRICULA\\ES6\\ES6_2DO6TA_TURNOTARDE_2021.shp"}, "geometry": {"type": "Point", "coordinates": [-58.56820871507657, -34.578287713734134]}}, {"type": "Feature", "properties": {"DIRECCION": null, "layer": "ES6_2DO6TA_TURNOTARDE_2021", "path": "C:\\Users\\usuario\\OneDrive\\Escritorio\\MAPEO MATRICULA\\ES6\\ES6_2DO6TA_TURNOTARDE_2021.shp"}, "geometry": {"type": "Point", "coordinates": [-58.576414995312405, -34.57196240638334]}}, {"type": "Feature", "properties": {"DIRECCION": null, "layer": "ES6_2DO6TA_TURNOTARDE_2021", "path": "C:\\Users\\usuario\\OneDrive\\Escritorio\\MAPEO MATRICULA\\ES6\\ES6_2DO6TA_TURNOTARDE_2021.shp"}, "geometry": {"type": "Point", "coordinates": [-58.56947406779014, -34.57669136942259]}}, {"type": "Feature", "properties": {"DIRECCION": null, "layer": "ES6_2DO6TA_TURNOTARDE_2021", "path": "C:\\Users\\usuario\\OneDrive\\Escritorio\\MAPEO MATRICULA\\ES6\\ES6_2DO6TA_TURNOTARDE_2021.shp"}, "geometry": {"type": "Point", "coordinates": [-58.57648670098137, -34.57185598426144]}}, {"type": "Feature", "properties": {"DIRECCION": null, "layer": "ES6_2DO6TA_TURNOTARDE_2021", "path": "C:\\Users\\usuario\\OneDrive\\Escritorio\\MAPEO MATRICULA\\ES6\\ES6_2DO6TA_TURNOTARDE_2021.shp"}, "geometry": {"type": "Point", "coordinates": [-58.584061461884296, -34.586287391345756]}}, {"type": "Feature", "properties": {"DIRECCION": null, "layer": "ES6_2DO6TA_TURNOTARDE_2021", "path": "C:\\Users\\usuario\\OneDrive\\Escritorio\\MAPEO MATRICULA\\ES6\\ES6_2DO6TA_TURNOTARDE_2021.shp"}, "geometry": {"type": "Point", "coordinates": [-58.57852465455057, -34.569341305621464]}}, {"type": "Feature", "properties": {"DIRECCION": null, "layer": "ES6_2DO6TA_TURNOTARDE_2021", "path": "C:\\Users\\usuario\\OneDrive\\Escritorio\\MAPEO MATRICULA\\ES6\\ES6_2DO6TA_TURNOTARDE_2021.shp"}, "geometry": {"type": "Point", "coordinates": [-58.569657424776565, -34.57834988328898]}}, {"type": "Feature", "properties": {"DIRECCION": null, "layer": "ES6_2DO6TA_TURNOTARDE_2021", "path": "C:\\Users\\usuario\\OneDrive\\Escritorio\\MAPEO MATRICULA\\ES6\\ES6_2DO6TA_TURNOTARDE_2021.shp"}, "geometry": {"type": "Point", "coordinates": [-58.57659860146395, -34.57189507861637]}}, {"type": "Feature", "properties": {"DIRECCION": null, "layer": "ES6_2DO6TA_TURNOTARDE_2021", "path": "C:\\Users\\usuario\\OneDrive\\Escritorio\\MAPEO MATRICULA\\ES6\\ES6_2DO6TA_TURNOTARDE_2021.shp"}, "geometry": {"type": "Point", "coordinates": [-58.56410826166564, -34.57879475222748]}}, {"type": "Feature", "properties": {"DIRECCION": null, "layer": "ES6_3RO2DA_TURNOTARDE_2021", "path": "C:\\Users\\usuario\\OneDrive\\Escritorio\\MAPEO MATRICULA\\ES6\\ES6_3RO2DA_TURNOTARDE_2021.shp"}, "geometry": {"type": "Point", "coordinates": [-58.57746751900307, -34.57016229052192]}}, {"type": "Feature", "properties": {"DIRECCION": null, "layer": "ES6_3RO2DA_TURNOTARDE_2021", "path": "C:\\Users\\usuario\\OneDrive\\Escritorio\\MAPEO MATRICULA\\ES6\\ES6_3RO2DA_TURNOTARDE_2021.shp"}, "geometry": {"type": "Point", "coordinates": [-58.565052027697654, -34.5769600224515]}}, {"type": "Feature", "properties": {"DIRECCION": null, "layer": "ES6_3RO2DA_TURNOTARDE_2021", "path": "C:\\Users\\usuario\\OneDrive\\Escritorio\\MAPEO MATRICULA\\ES6\\ES6_3RO2DA_TURNOTARDE_2021.shp"}, "geometry": {"type": "Point", "coordinates": [-58.57649514833578, -34.571867976539835]}}, {"type": "Feature", "properties": {"DIRECCION": null, "layer": "ES6_3RO2DA_TURNOTARDE_2021", "path": "C:\\Users\\usuario\\OneDrive\\Escritorio\\MAPEO MATRICULA\\ES6\\ES6_3RO2DA_TURNOTARDE_2021.shp"}, "geometry": {"type": "Point", "coordinates": [-58.570238828198, -34.57403065500093]}}, {"type": "Feature", "properties": {"DIRECCION": null, "layer": "ES6_3RO2DA_TURNOTARDE_2021", "path": "C:\\Users\\usuario\\OneDrive\\Escritorio\\MAPEO MATRICULA\\ES6\\ES6_3RO2DA_TURNOTARDE_2021.shp"}, "geometry": {"type": "Point", "coordinates": [-58.57634825579279, -34.56520317360737]}}, {"type": "Feature", "properties": {"DIRECCION": null, "layer": "ES6_3RO2DA_TURNOTARDE_2021", "path": "C:\\Users\\usuario\\OneDrive\\Escritorio\\MAPEO MATRICULA\\ES6\\ES6_3RO2DA_TURNOTARDE_2021.shp"}, "geometry": {"type": "Point", "coordinates": [-58.57671330734327, -34.570859030103335]}}, {"type": "Feature", "properties": {"DIRECCION": null, "layer": "ES6_3RO2DA_TURNOTARDE_2021", "path": "C:\\Users\\usuario\\OneDrive\\Escritorio\\MAPEO MATRICULA\\ES6\\ES6_3RO2DA_TURNOTARDE_2021.shp"}, "geometry": {"type": "Point", "coordinates": [-58.5688155731679, -34.580149947048014]}}, {"type": "Feature", "properties": {"DIRECCION": null, "layer": "ES6_3RO2DA_TURNOTARDE_2021", "path": "C:\\Users\\usuario\\OneDrive\\Escritorio\\MAPEO MATRICULA\\ES6\\ES6_3RO2DA_TURNOTARDE_2021.shp"}, "geometry": {"type": "Point", "coordinates": [-58.564198048088834, -34.57857595351544]}}, {"type": "Feature", "properties": {"DIRECCION": null, "layer": "ES6_3RO2DA_TURNOTARDE_2021", "path": "C:\\Users\\usuario\\OneDrive\\Escritorio\\MAPEO MATRICULA\\ES6\\ES6_3RO2DA_TURNOTARDE_2021.shp"}, "geometry": {"type": "Point", "coordinates": [-58.57551750286915, -34.577223151235465]}}, {"type": "Feature", "properties": {"DIRECCION": null, "layer": "ES6_3RO2DA_TURNOTARDE_2021", "path": "C:\\Users\\usuario\\OneDrive\\Escritorio\\MAPEO MATRICULA\\ES6\\ES6_3RO2DA_TURNOTARDE_2021.shp"}, "geometry": {"type": "Point", "coordinates": [-58.57908346545206, -34.57157379992079]}}, {"type": "Feature", "properties": {"DIRECCION": null, "layer": "ES6_3RO2DA_TURNOTARDE_2021", "path": "C:\\Users\\usuario\\OneDrive\\Escritorio\\MAPEO MATRICULA\\ES6\\ES6_3RO2DA_TURNOTARDE_2021.shp"}, "geometry": {"type": "Point", "coordinates": [-58.57947073914569, -34.57230006066965]}}, {"type": "Feature", "properties": {"DIRECCION": null, "layer": "ES6_3RO2DA_TURNOTARDE_2021", "path": "C:\\Users\\usuario\\OneDrive\\Escritorio\\MAPEO MATRICULA\\ES6\\ES6_3RO2DA_TURNOTARDE_2021.shp"}, "geometry": {"type": "Point", "coordinates": [-58.579052055820135, -34.5715353046425]}}, {"type": "Feature", "properties": {"DIRECCION": null, "layer": "ES6_3RO2DA_TURNOTARDE_2021", "path": "C:\\Users\\usuario\\OneDrive\\Escritorio\\MAPEO MATRICULA\\ES6\\ES6_3RO2DA_TURNOTARDE_2021.shp"}, "geometry": {"type": "Point", "coordinates": [-58.57959026095295, -34.572373252839334]}}, {"type": "Feature", "properties": {"DIRECCION": null, "layer": "ES6_3RO2DA_TURNOTARDE_2021", "path": "C:\\Users\\usuario\\OneDrive\\Escritorio\\MAPEO MATRICULA\\ES6\\ES6_3RO2DA_TURNOTARDE_2021.shp"}, "geometry": {"type": "Point", "coordinates": [-58.57611754301719, -34.56646716203389]}}, {"type": "Feature", "properties": {"DIRECCION": null, "layer": "ES6_3RO2DA_TURNOTARDE_2021", "path": "C:\\Users\\usuario\\OneDrive\\Escritorio\\MAPEO MATRICULA\\ES6\\ES6_3RO2DA_TURNOTARDE_2021.shp"}, "geometry": {"type": "Point", "coordinates": [-58.571190576152375, -34.57881544349307]}}, {"type": "Feature", "properties": {"DIRECCION": null, "layer": "ES6_3RO2DA_TURNOTARDE_2021", "path": "C:\\Users\\usuario\\OneDrive\\Escritorio\\MAPEO MATRICULA\\ES6\\ES6_3RO2DA_TURNOTARDE_2021.shp"}, "geometry": {"type": "Point", "coordinates": [-58.55470830852421, -34.587615380793004]}}, {"type": "Feature", "properties": {"DIRECCION": null, "layer": "ES6_3RO2DA_TURNOTARDE_2021", "path": "C:\\Users\\usuario\\OneDrive\\Escritorio\\MAPEO MATRICULA\\ES6\\ES6_3RO2DA_TURNOTARDE_2021.shp"}, "geometry": {"type": "Point", "coordinates": [-58.57364334756179, -34.57776012442301]}}, {"type": "Feature", "properties": {"DIRECCION": null, "layer": "ES6_3RO2DA_TURNOTARDE_2021", "path": "C:\\Users\\usuario\\OneDrive\\Escritorio\\MAPEO MATRICULA\\ES6\\ES6_3RO2DA_TURNOTARDE_2021.shp"}, "geometry": {"type": "Point", "coordinates": [-58.57187415581981, -34.578943437102964]}}, {"type": "Feature", "properties": {"DIRECCION": null, "layer": "ES6_3RO2DA_TURNOTARDE_2021", "path": "C:\\Users\\usuario\\OneDrive\\Escritorio\\MAPEO MATRICULA\\ES6\\ES6_3RO2DA_TURNOTARDE_2021.shp"}, "geometry": {"type": "Point", "coordinates": [-58.57724771579556, -34.56497977237998]}}, {"type": "Feature", "properties": {"DIRECCION": null, "layer": "ES6_3RO2DA_TURNOTARDE_2021", "path": "C:\\Users\\usuario\\OneDrive\\Escritorio\\MAPEO MATRICULA\\ES6\\ES6_3RO2DA_TURNOTARDE_2021.shp"}, "geometry": {"type": "Point", "coordinates": [-58.59327035172575, -34.563296304259296]}}, {"type": "Feature", "properties": {"DIRECCION": null, "layer": "ES6_3RO2DA_TURNOTARDE_2021", "path": "C:\\Users\\usuario\\OneDrive\\Escritorio\\MAPEO MATRICULA\\ES6\\ES6_3RO2DA_TURNOTARDE_2021.shp"}, "geometry": {"type": "Point", "coordinates": [-58.593160054150886, -34.56314870529944]}}, {"type": "Feature", "properties": {"DIRECCION": null, "layer": "ES6_3RO5TA_TURNOTARDE_2021", "path": "ES6_3RO5TA_TURNOTARDE_2021.shp"}, "geometry": {"type": "Point", "coordinates": [-58.573418621269184, -34.56526867342231]}}, {"type": "Feature", "properties": {"DIRECCION": null, "layer": "ES6_3RO5TA_TURNOTARDE_2021", "path": "ES6_3RO5TA_TURNOTARDE_2021.shp"}, "geometry": {"type": "Point", "coordinates": [-58.57486796831795, -34.57216457917187]}}, {"type": "Feature", "properties": {"DIRECCION": null, "layer": "ES6_3RO5TA_TURNOTARDE_2021", "path": "ES6_3RO5TA_TURNOTARDE_2021.shp"}, "geometry": {"type": "Point", "coordinates": [-58.569590347561906, -34.574702375820316]}}, {"type": "Feature", "properties": {"DIRECCION": null, "layer": "ES6_3RO5TA_TURNOTARDE_2021", "path": "ES6_3RO5TA_TURNOTARDE_2021.shp"}, "geometry": {"type": "Point", "coordinates": [-58.580726461756974, -34.576476463104996]}}, {"type": "Feature", "properties": {"DIRECCION": null, "layer": "ES6_3RO5TA_TURNOTARDE_2021", "path": "ES6_3RO5TA_TURNOTARDE_2021.shp"}, "geometry": {"type": "Point", "coordinates": [-58.57635536602053, -34.57580181454697]}}, {"type": "Feature", "properties": {"DIRECCION": null, "layer": "ES6_3RO5TA_TURNOTARDE_2021", "path": "ES6_3RO5TA_TURNOTARDE_2021.shp"}, "geometry": {"type": "Point", "coordinates": [-58.571322398369496, -34.57498372819932]}}, {"type": "Feature", "properties": {"DIRECCION": null, "layer": "ES6_3RO5TA_TURNOTARDE_2021", "path": "ES6_3RO5TA_TURNOTARDE_2021.shp"}, "geometry": {"type": "Point", "coordinates": [-58.57142580234594, -34.57493264346214]}}, {"type": "Feature", "properties": {"DIRECCION": null, "layer": "ES6_3RO5TA_TURNOTARDE_2021", "path": "ES6_3RO5TA_TURNOTARDE_2021.shp"}, "geometry": {"type": "Point", "coordinates": [-58.57105496371364, -34.57707297510323]}}, {"type": "Feature", "properties": {"DIRECCION": null, "layer": "ES6_3RO5TA_TURNOTARDE_2021", "path": "ES6_3RO5TA_TURNOTARDE_2021.shp"}, "geometry": {"type": "Point", "coordinates": [-58.6060531006904, -34.566893123453404]}}, {"type": "Feature", "properties": {"DIRECCION": null, "layer": "ES6_3RO5TA_TURNOTARDE_2021", "path": "ES6_3RO5TA_TURNOTARDE_2021.shp"}, "geometry": {"type": "Point", "coordinates": [-58.60608756868255, -34.56691582998035]}}, {"type": "Feature", "properties": {"DIRECCION": null, "layer": "ES6_3RO5TA_TURNOTARDE_2021", "path": "ES6_3RO5TA_TURNOTARDE_2021.shp"}, "geometry": {"type": "Point", "coordinates": [-58.56826804021584, -34.581087615572244]}}, {"type": "Feature", "properties": {"DIRECCION": null, "layer": "ES6_3RO5TA_TURNOTARDE_2021", "path": "ES6_3RO5TA_TURNOTARDE_2021.shp"}, "geometry": {"type": "Point", "coordinates": [-58.57651545486892, -34.57206632993522]}}, {"type": "Feature", "properties": {"DIRECCION": null, "layer": "ES6_3RO5TA_TURNOTARDE_2021", "path": "ES6_3RO5TA_TURNOTARDE_2021.shp"}, "geometry": {"type": "Point", "coordinates": [-58.57815536117062, -34.56766520352046]}}, {"type": "Feature", "properties": {"DIRECCION": null, "layer": "ES6_3RO5TA_TURNOTARDE_2021", "path": "ES6_3RO5TA_TURNOTARDE_2021.shp"}, "geometry": {"type": "Point", "coordinates": [-58.570481761337845, -34.57883739639058]}}, {"type": "Feature", "properties": {"DIRECCION": null, "layer": "ES6_3RO5TA_TURNOTARDE_2021", "path": "ES6_3RO5TA_TURNOTARDE_2021.shp"}, "geometry": {"type": "Point", "coordinates": [-58.57585055228413, -34.58025778628394]}}, {"type": "Feature", "properties": {"DIRECCION": null, "layer": "ES6_3RO5TA_TURNOTARDE_2021", "path": "ES6_3RO5TA_TURNOTARDE_2021.shp"}, "geometry": {"type": "Point", "coordinates": [-58.570304147739435, -34.573979849050424]}}, {"type": "Feature", "properties": {"DIRECCION": null, "layer": "ES6_3RO5TA_TURNOTARDE_2021", "path": "ES6_3RO5TA_TURNOTARDE_2021.shp"}, "geometry": {"type": "Point", "coordinates": [-58.57902880286917, -34.576250797354874]}}, {"type": "Feature", "properties": {"DIRECCION": null, "layer": "ES6_3RO5TA_TURNOTARDE_2021", "path": "ES6_3RO5TA_TURNOTARDE_2021.shp"}, "geometry": {"type": "Point", "coordinates": [-58.576359627729616, -34.57193970123448]}}, {"type": "Feature", "properties": {"DIRECCION": null, "layer": "ES6_3RO5TA_TURNOTARDE_2021", "path": "ES6_3RO5TA_TURNOTARDE_2021.shp"}, "geometry": {"type": "Point", "coordinates": [-58.5745175988929, -34.570404599716895]}}, {"type": "Feature", "properties": {"DIRECCION": null, "layer": "ES6_3RO5TA_TURNOTARDE_2021", "path": "ES6_3RO5TA_TURNOTARDE_2021.shp"}, "geometry": {"type": "Point", "coordinates": [-58.579199769487786, -34.57057715411812]}}, {"type": "Feature", "properties": {"DIRECCION": null, "layer": "ES6_3RO5TA_TURNOTARDE_2021", "path": "ES6_3RO5TA_TURNOTARDE_2021.shp"}, "geometry": {"type": "Point", "coordinates": [-58.575188274442084, -34.575797953924145]}}, {"type": "Feature", "properties": {"DIRECCION": null, "layer": "ES6_3RO5TA_TURNOTARDE_2021", "path": "ES6_3RO5TA_TURNOTARDE_2021.shp"}, "geometry": {"type": "Point", "coordinates": [-58.57172491505722, -34.5787476710569]}}, {"type": "Feature", "properties": {"DIRECCION": null, "layer": "ES6_4TO2DA_TURNOTARDE_2021", "path": "C:\\Users\\usuario\\OneDrive\\Escritorio\\MAPEO MATRICULA\\ES6\\ES6_4TO2DA_TURNOTARDE_2021.shp"}, "geometry": {"type": "Point", "coordinates": [-58.576369674351255, -34.57171372824045]}}, {"type": "Feature", "properties": {"DIRECCION": null, "layer": "ES6_4TO2DA_TURNOTARDE_2021", "path": "C:\\Users\\usuario\\OneDrive\\Escritorio\\MAPEO MATRICULA\\ES6\\ES6_4TO2DA_TURNOTARDE_2021.shp"}, "geometry": {"type": "Point", "coordinates": [-58.5703936227884, -34.57409229538688]}}, {"type": "Feature", "properties": {"DIRECCION": null, "layer": "ES6_4TO2DA_TURNOTARDE_2021", "path": "C:\\Users\\usuario\\OneDrive\\Escritorio\\MAPEO MATRICULA\\ES6\\ES6_4TO2DA_TURNOTARDE_2021.shp"}, "geometry": {"type": "Point", "coordinates": [-58.570474494638404, -34.581818364382386]}}, {"type": "Feature", "properties": {"DIRECCION": null, "layer": "ES6_4TO2DA_TURNOTARDE_2021", "path": "C:\\Users\\usuario\\OneDrive\\Escritorio\\MAPEO MATRICULA\\ES6\\ES6_4TO2DA_TURNOTARDE_2021.shp"}, "geometry": {"type": "Point", "coordinates": [-58.61155297990738, -34.55577625486033]}}, {"type": "Feature", "properties": {"DIRECCION": null, "layer": "ES6_4TO2DA_TURNOTARDE_2021", "path": "C:\\Users\\usuario\\OneDrive\\Escritorio\\MAPEO MATRICULA\\ES6\\ES6_4TO2DA_TURNOTARDE_2021.shp"}, "geometry": {"type": "Point", "coordinates": [-58.57235650206269, -34.58049459687123]}}, {"type": "Feature", "properties": {"DIRECCION": null, "layer": "ES6_4TO2DA_TURNOTARDE_2021", "path": "C:\\Users\\usuario\\OneDrive\\Escritorio\\MAPEO MATRICULA\\ES6\\ES6_4TO2DA_TURNOTARDE_2021.shp"}, "geometry": {"type": "Point", "coordinates": [-58.57635043117822, -34.57118258981158]}}, {"type": "Feature", "properties": {"DIRECCION": null, "layer": "ES6_4TO2DA_TURNOTARDE_2021", "path": "C:\\Users\\usuario\\OneDrive\\Escritorio\\MAPEO MATRICULA\\ES6\\ES6_4TO2DA_TURNOTARDE_2021.shp"}, "geometry": {"type": "Point", "coordinates": [-58.568104670274465, -34.57774143175333]}}, {"type": "Feature", "properties": {"DIRECCION": null, "layer": "ES6_4TO2DA_TURNOTARDE_2021", "path": "C:\\Users\\usuario\\OneDrive\\Escritorio\\MAPEO MATRICULA\\ES6\\ES6_4TO2DA_TURNOTARDE_2021.shp"}, "geometry": {"type": "Point", "coordinates": [-58.570635086160614, -34.58174260148536]}}, {"type": "Feature", "properties": {"DIRECCION": null, "layer": "ES6_4TO2DA_TURNOTARDE_2021", "path": "C:\\Users\\usuario\\OneDrive\\Escritorio\\MAPEO MATRICULA\\ES6\\ES6_4TO2DA_TURNOTARDE_2021.shp"}, "geometry": {"type": "Point", "coordinates": [-58.576924265424296, -34.57425052578757]}}, {"type": "Feature", "properties": {"DIRECCION": null, "layer": "ES6_4TO2DA_TURNOTARDE_2021", "path": "C:\\Users\\usuario\\OneDrive\\Escritorio\\MAPEO MATRICULA\\ES6\\ES6_4TO2DA_TURNOTARDE_2021.shp"}, "geometry": {"type": "Point", "coordinates": [-58.570382227583664, -34.57392624143897]}}, {"type": "Feature", "properties": {"DIRECCION": null, "layer": "ES6_4TO2DA_TURNOTARDE_2021", "path": "C:\\Users\\usuario\\OneDrive\\Escritorio\\MAPEO MATRICULA\\ES6\\ES6_4TO2DA_TURNOTARDE_2021.shp"}, "geometry": {"type": "Point", "coordinates": [-58.57544252294894, -34.57233223788709]}}, {"type": "Feature", "properties": {"DIRECCION": null, "layer": "ES6_4TO2DA_TURNOTARDE_2021", "path": "C:\\Users\\usuario\\OneDrive\\Escritorio\\MAPEO MATRICULA\\ES6\\ES6_4TO2DA_TURNOTARDE_2021.shp"}, "geometry": {"type": "Point", "coordinates": [-58.579027856347544, -34.57631799022879]}}, {"type": "Feature", "properties": {"DIRECCION": null, "layer": "ES6_4TO4TA_TURNOTARDE_2021", "path": "ES6_4TO4TA_2021.shp"}, "geometry": {"type": "Point", "coordinates": [-58.57630374447749, -34.5702721606363]}}, {"type": "Feature", "properties": {"DIRECCION": null, "layer": "ES6_4TO4TA_TURNOTARDE_2021", "path": "ES6_4TO4TA_2021.shp"}, "geometry": {"type": "Point", "coordinates": [-58.571219552475675, -34.57505439980238]}}, {"type": "Feature", "properties": {"DIRECCION": null, "layer": "ES6_4TO4TA_TURNOTARDE_2021", "path": "ES6_4TO4TA_2021.shp"}, "geometry": {"type": "Point", "coordinates": [-58.572446632420615, -34.56560146112597]}}, {"type": "Feature", "properties": {"DIRECCION": null, "layer": "ES6_4TO4TA_TURNOTARDE_2021", "path": "ES6_4TO4TA_2021.shp"}, "geometry": {"type": "Point", "coordinates": [-58.57156827539292, -34.576673488735416]}}, {"type": "Feature", "properties": {"DIRECCION": null, "layer": "ES6_4TO4TA_TURNOTARDE_2021", "path": "ES6_4TO4TA_2021.shp"}, "geometry": {"type": "Point", "coordinates": [-58.575928668654385, -34.5787360040406]}}, {"type": "Feature", "properties": {"DIRECCION": null, "layer": "ES6_4TO4TA_TURNOTARDE_2021", "path": "ES6_4TO4TA_2021.shp"}, "geometry": {"type": "Point", "coordinates": [-58.57420881570024, -34.56799481780072]}}, {"type": "Feature", "properties": {"DIRECCION": null, "layer": "ES6_4TO4TA_TURNOTARDE_2021", "path": "ES6_4TO4TA_2021.shp"}, "geometry": {"type": "Point", "coordinates": [-58.57495364825056, -34.570557600696844]}}, {"type": "Feature", "properties": {"DIRECCION": null, "layer": "ES6_4TO4TA_TURNOTARDE_2021", "path": "ES6_4TO4TA_2021.shp"}, "geometry": {"type": "Point", "coordinates": [-58.579121938326054, -34.57159902347834]}}, {"type": "Feature", "properties": {"DIRECCION": null, "layer": "ES6_4TO4TA_TURNOTARDE_2021", "path": "ES6_4TO4TA_2021.shp"}, "geometry": {"type": "Point", "coordinates": [-58.56674794336688, -34.579300101451864]}}, {"type": "Feature", "properties": {"DIRECCION": null, "layer": "ES6_4TO4TA_TURNOTARDE_2021", "path": "ES6_4TO4TA_2021.shp"}, "geometry": {"type": "Point", "coordinates": [-58.56888283490432, -34.58017548781742]}}, {"type": "Feature", "properties": {"DIRECCION": null, "layer": "ES6_4TO4TA_TURNOTARDE_2021", "path": "ES6_4TO4TA_2021.shp"}, "geometry": {"type": "Point", "coordinates": [-58.56875831254186, -34.580122847662636]}}, {"type": "Feature", "properties": {"DIRECCION": null, "layer": "ES6_4TO4TA_TURNOTARDE_2021", "path": "ES6_4TO4TA_2021.shp"}, "geometry": {"type": "Point", "coordinates": [-58.57926439339652, -34.57613803177448]}}, {"type": "Feature", "properties": {"DIRECCION": null, "layer": "ES6_4TO4TA_TURNOTARDE_2021", "path": "ES6_4TO4TA_2021.shp"}, "geometry": {"type": "Point", "coordinates": [-58.57033341403406, -34.578911286063985]}}, {"type": "Feature", "properties": {"DIRECCION": null, "layer": "ES6_4TO4TA_TURNOTARDE_2021", "path": "ES6_4TO4TA_2021.shp"}, "geometry": {"type": "Point", "coordinates": [-58.58576171365847, -34.56073828704931]}}, {"type": "Feature", "properties": {"DIRECCION": null, "layer": "ES6_5TO2DA_TURNOTARDE_2021", "path": "C:\\Users\\usuario\\OneDrive\\Escritorio\\MAPEO MATRICULA\\ES6\\ES6_5TO2DA_TURNOTARDE_2021.shp"}, "geometry": {"type": "Point", "coordinates": [-58.57827932965873, -34.57149838957915]}}, {"type": "Feature", "properties": {"DIRECCION": null, "layer": "ES6_5TO2DA_TURNOTARDE_2021", "path": "C:\\Users\\usuario\\OneDrive\\Escritorio\\MAPEO MATRICULA\\ES6\\ES6_5TO2DA_TURNOTARDE_2021.shp"}, "geometry": {"type": "Point", "coordinates": [-58.57444404096938, -34.57680026544528]}}, {"type": "Feature", "properties": {"DIRECCION": null, "layer": "ES6_5TO2DA_TURNOTARDE_2021", "path": "C:\\Users\\usuario\\OneDrive\\Escritorio\\MAPEO MATRICULA\\ES6\\ES6_5TO2DA_TURNOTARDE_2021.shp"}, "geometry": {"type": "Point", "coordinates": [-58.58139904439084, -34.57272443918241]}}, {"type": "Feature", "properties": {"DIRECCION": null, "layer": "ES6_5TO2DA_TURNOTARDE_2021", "path": "C:\\Users\\usuario\\OneDrive\\Escritorio\\MAPEO MATRICULA\\ES6\\ES6_5TO2DA_TURNOTARDE_2021.shp"}, "geometry": {"type": "Point", "coordinates": [-58.57674275788088, -34.57443357910195]}}, {"type": "Feature", "properties": {"DIRECCION": null, "layer": "ES6_5TO2DA_TURNOTARDE_2021", "path": "C:\\Users\\usuario\\OneDrive\\Escritorio\\MAPEO MATRICULA\\ES6\\ES6_5TO2DA_TURNOTARDE_2021.shp"}, "geometry": {"type": "Point", "coordinates": [-58.57963434780795, -34.57317829988764]}}, {"type": "Feature", "properties": {"DIRECCION": null, "layer": "ES6_5TO2DA_TURNOTARDE_2021", "path": "C:\\Users\\usuario\\OneDrive\\Escritorio\\MAPEO MATRICULA\\ES6\\ES6_5TO2DA_TURNOTARDE_2021.shp"}, "geometry": {"type": "Point", "coordinates": [-58.581935230319104, -34.57212301749492]}}, {"type": "Feature", "properties": {"DIRECCION": null, "layer": "ES6_5TO2DA_TURNOTARDE_2021", "path": "C:\\Users\\usuario\\OneDrive\\Escritorio\\MAPEO MATRICULA\\ES6\\ES6_5TO2DA_TURNOTARDE_2021.shp"}, "geometry": {"type": "Point", "coordinates": [-58.576909080739384, -34.57373415634874]}}, {"type": "Feature", "properties": {"DIRECCION": null, "layer": "ES6_5TO2DA_TURNOTARDE_2021", "path": "C:\\Users\\usuario\\OneDrive\\Escritorio\\MAPEO MATRICULA\\ES6\\ES6_5TO2DA_TURNOTARDE_2021.shp"}, "geometry": {"type": "Point", "coordinates": [-58.57482784519578, -34.577795294474065]}}, {"type": "Feature", "properties": {"DIRECCION": null, "layer": "ES6_5TO2DA_TURNOTARDE_2021", "path": "C:\\Users\\usuario\\OneDrive\\Escritorio\\MAPEO MATRICULA\\ES6\\ES6_5TO2DA_TURNOTARDE_2021.shp"}, "geometry": {"type": "Point", "coordinates": [-58.57028825788049, -34.57957098877158]}}, {"type": "Feature", "properties": {"DIRECCION": null, "layer": "ES6_5TO2DA_TURNOTARDE_2021", "path": "C:\\Users\\usuario\\OneDrive\\Escritorio\\MAPEO MATRICULA\\ES6\\ES6_5TO2DA_TURNOTARDE_2021.shp"}, "geometry": {"type": "Point", "coordinates": [-58.57640504271204, -34.56616577898803]}}, {"type": "Feature", "properties": {"DIRECCION": null, "layer": "ES6_5TO2DA_TURNOTARDE_2021", "path": "C:\\Users\\usuario\\OneDrive\\Escritorio\\MAPEO MATRICULA\\ES6\\ES6_5TO2DA_TURNOTARDE_2021.shp"}, "geometry": {"type": "Point", "coordinates": [-58.565943878889634, -34.56710827166082]}}, {"type": "Feature", "properties": {"DIRECCION": null, "layer": "ES6_5TO2DA_TURNOTARDE_2021", "path": "C:\\Users\\usuario\\OneDrive\\Escritorio\\MAPEO MATRICULA\\ES6\\ES6_5TO2DA_TURNOTARDE_2021.shp"}, "geometry": {"type": "Point", "coordinates": [-58.57697284398144, -34.57384037595621]}}, {"type": "Feature", "properties": {"DIRECCION": null, "layer": "ES6_5TO2DA_TURNOTARDE_2021", "path": "C:\\Users\\usuario\\OneDrive\\Escritorio\\MAPEO MATRICULA\\ES6\\ES6_5TO2DA_TURNOTARDE_2021.shp"}, "geometry": {"type": "Point", "coordinates": [-58.57767574920005, -34.57442782642827]}}, {"type": "Feature", "properties": {"DIRECCION": null, "layer": "ES6_5TO4TA_TURNOTARDE_2021", "path": "C:\\Users\\usuario\\OneDrive\\Escritorio\\MAPEO MATRICULA\\ES6\\ES6_5TO4TA_TURNOMAÑANA_2021.shp"}, "geometry": {"type": "Point", "coordinates": [-58.572430344946156, -34.56557495626872]}}, {"type": "Feature", "properties": {"DIRECCION": null, "layer": "ES6_5TO4TA_TURNOTARDE_2021", "path": "C:\\Users\\usuario\\OneDrive\\Escritorio\\MAPEO MATRICULA\\ES6\\ES6_5TO4TA_TURNOMAÑANA_2021.shp"}, "geometry": {"type": "Point", "coordinates": [-58.5708530781958, -34.57644938631163]}}, {"type": "Feature", "properties": {"DIRECCION": null, "layer": "ES6_5TO4TA_TURNOTARDE_2021", "path": "C:\\Users\\usuario\\OneDrive\\Escritorio\\MAPEO MATRICULA\\ES6\\ES6_5TO4TA_TURNOMAÑANA_2021.shp"}, "geometry": {"type": "Point", "coordinates": [-58.58219980098112, -34.574058139196644]}}, {"type": "Feature", "properties": {"DIRECCION": null, "layer": "ES6_5TO4TA_TURNOTARDE_2021", "path": "C:\\Users\\usuario\\OneDrive\\Escritorio\\MAPEO MATRICULA\\ES6\\ES6_5TO4TA_TURNOMAÑANA_2021.shp"}, "geometry": {"type": "Point", "coordinates": [-58.57384567797777, -34.56864870646634]}}, {"type": "Feature", "properties": {"DIRECCION": null, "layer": "ES6_5TO4TA_TURNOTARDE_2021", "path": "C:\\Users\\usuario\\OneDrive\\Escritorio\\MAPEO MATRICULA\\ES6\\ES6_5TO4TA_TURNOMAÑANA_2021.shp"}, "geometry": {"type": "Point", "coordinates": [-58.564999937270436, -34.57688527565111]}}, {"type": "Feature", "properties": {"DIRECCION": null, "layer": "ES6_5TO4TA_TURNOTARDE_2021", "path": "C:\\Users\\usuario\\OneDrive\\Escritorio\\MAPEO MATRICULA\\ES6\\ES6_5TO4TA_TURNOMAÑANA_2021.shp"}, "geometry": {"type": "Point", "coordinates": [-58.57056809041619, -34.57563193584204]}}, {"type": "Feature", "properties": {"DIRECCION": null, "layer": "ES6_5TO4TA_TURNOTARDE_2021", "path": "C:\\Users\\usuario\\OneDrive\\Escritorio\\MAPEO MATRICULA\\ES6\\ES6_5TO4TA_TURNOMAÑANA_2021.shp"}, "geometry": {"type": "Point", "coordinates": [-58.57136053195622, -34.57492632771009]}}, {"type": "Feature", "properties": {"DIRECCION": null, "layer": "ES6_5TO4TA_TURNOTARDE_2021", "path": "C:\\Users\\usuario\\OneDrive\\Escritorio\\MAPEO MATRICULA\\ES6\\ES6_5TO4TA_TURNOMAÑANA_2021.shp"}, "geometry": {"type": "Point", "coordinates": [-58.571205425991565, -34.575119314344946]}}, {"type": "Feature", "properties": {"DIRECCION": null, "layer": "ES6_5TO4TA_TURNOTARDE_2021", "path": "C:\\Users\\usuario\\OneDrive\\Escritorio\\MAPEO MATRICULA\\ES6\\ES6_5TO4TA_TURNOMAÑANA_2021.shp"}, "geometry": {"type": "Point", "coordinates": [-58.58792259532578, -34.570855989093964]}}, {"type": "Feature", "properties": {"DIRECCION": null, "layer": "ES6_5TO4TA_TURNOTARDE_2021", "path": "C:\\Users\\usuario\\OneDrive\\Escritorio\\MAPEO MATRICULA\\ES6\\ES6_5TO4TA_TURNOMAÑANA_2021.shp"}, "geometry": {"type": "Point", "coordinates": [-58.55624650140842, -34.57964351222864]}}, {"type": "Feature", "properties": {"DIRECCION": null, "layer": "ES6_6TO2DA_TURNOTARDE_2021", "path": "C:\\Users\\usuario\\OneDrive\\Escritorio\\MAPEO MATRICULA\\ES6\\ES6_6TO2DA_TURNOTARDE_2021.shp"}, "geometry": {"type": "Point", "coordinates": [-58.57824469202297, -34.57152489254838]}}, {"type": "Feature", "properties": {"DIRECCION": null, "layer": "ES6_6TO2DA_TURNOTARDE_2021", "path": "C:\\Users\\usuario\\OneDrive\\Escritorio\\MAPEO MATRICULA\\ES6\\ES6_6TO2DA_TURNOTARDE_2021.shp"}, "geometry": {"type": "Point", "coordinates": [-58.57219835175661, -34.5799858316619]}}, {"type": "Feature", "properties": {"DIRECCION": null, "layer": "ES6_6TO2DA_TURNOTARDE_2021", "path": "C:\\Users\\usuario\\OneDrive\\Escritorio\\MAPEO MATRICULA\\ES6\\ES6_6TO2DA_TURNOTARDE_2021.shp"}, "geometry": {"type": "Point", "coordinates": [-58.572184564559755, -34.58001704821841]}}, {"type": "Feature", "properties": {"DIRECCION": null, "layer": "ES6_6TO2DA_TURNOTARDE_2021", "path": "C:\\Users\\usuario\\OneDrive\\Escritorio\\MAPEO MATRICULA\\ES6\\ES6_6TO2DA_TURNOTARDE_2021.shp"}, "geometry": {"type": "Point", "coordinates": [-58.56548081147709, -34.58165429738741]}}, {"type": "Feature", "properties": {"DIRECCION": null, "layer": "ES6_6TO2DA_TURNOTARDE_2021", "path": "C:\\Users\\usuario\\OneDrive\\Escritorio\\MAPEO MATRICULA\\ES6\\ES6_6TO2DA_TURNOTARDE_2021.shp"}, "geometry": {"type": "Point", "coordinates": [-58.57439874075119, -34.570250397531105]}}, {"type": "Feature", "properties": {"DIRECCION": null, "layer": "ES6_6TO2DA_TURNOTARDE_2021", "path": "C:\\Users\\usuario\\OneDrive\\Escritorio\\MAPEO MATRICULA\\ES6\\ES6_6TO2DA_TURNOTARDE_2021.shp"}, "geometry": {"type": "Point", "coordinates": [-58.552472616445996, -34.57529860709865]}}, {"type": "Feature", "properties": {"DIRECCION": null, "layer": "ES6_6TO2DA_TURNOTARDE_2021", "path": "C:\\Users\\usuario\\OneDrive\\Escritorio\\MAPEO MATRICULA\\ES6\\ES6_6TO2DA_TURNOTARDE_2021.shp"}, "geometry": {"type": "Point", "coordinates": [-58.57458113370845, -34.57309004098957]}}, {"type": "Feature", "properties": {"DIRECCION": null, "layer": "ES6_6TO2DA_TURNOTARDE_2021", "path": "C:\\Users\\usuario\\OneDrive\\Escritorio\\MAPEO MATRICULA\\ES6\\ES6_6TO2DA_TURNOTARDE_2021.shp"}, "geometry": {"type": "Point", "coordinates": [-58.572281114339496, -34.57366745751616]}}, {"type": "Feature", "properties": {"DIRECCION": null, "layer": "ES6_6TO2DA_TURNOTARDE_2021", "path": "C:\\Users\\usuario\\OneDrive\\Escritorio\\MAPEO MATRICULA\\ES6\\ES6_6TO2DA_TURNOTARDE_2021.shp"}, "geometry": {"type": "Point", "coordinates": [-58.561034835591244, -34.58053526011298]}}, {"type": "Feature", "properties": {"DIRECCION": null, "layer": "ES6_6TO2DA_TURNOTARDE_2021", "path": "C:\\Users\\usuario\\OneDrive\\Escritorio\\MAPEO MATRICULA\\ES6\\ES6_6TO2DA_TURNOTARDE_2021.shp"}, "geometry": {"type": "Point", "coordinates": [-58.56616886840473, -34.57274486448734]}}, {"type": "Feature", "properties": {"DIRECCION": null, "layer": "ES6_6TO4TA_TURNOTARDE_2021", "path": "C:\\Users\\usuario\\OneDrive\\Escritorio\\MAPEO MATRICULA\\ES6\\ES6_6TO4TA_TURNOTARDE_2021.shp"}, "geometry": {"type": "Point", "coordinates": [-58.57159303366231, -34.58002353464275]}}, {"type": "Feature", "properties": {"DIRECCION": null, "layer": "ES6_6TO4TA_TURNOTARDE_2021", "path": "C:\\Users\\usuario\\OneDrive\\Escritorio\\MAPEO MATRICULA\\ES6\\ES6_6TO4TA_TURNOTARDE_2021.shp"}, "geometry": {"type": "Point", "coordinates": [-58.57072457652857, -34.581867865125496]}}, {"type": "Feature", "properties": {"DIRECCION": null, "layer": "ES6_6TO4TA_TURNOTARDE_2021", "path": "C:\\Users\\usuario\\OneDrive\\Escritorio\\MAPEO MATRICULA\\ES6\\ES6_6TO4TA_TURNOTARDE_2021.shp"}, "geometry": {"type": "Point", "coordinates": [-58.57916335554255, -34.570126721943254]}}, {"type": "Feature", "properties": {"DIRECCION": null, "layer": "ES6_6TO4TA_TURNOTARDE_2021", "path": "C:\\Users\\usuario\\OneDrive\\Escritorio\\MAPEO MATRICULA\\ES6\\ES6_6TO4TA_TURNOTARDE_2021.shp"}, "geometry": {"type": "Point", "coordinates": [-58.567066311636495, -34.577315943069195]}}, {"type": "Feature", "properties": {"DIRECCION": null, "layer": "ES6_6TO4TA_TURNOTARDE_2021", "path": "C:\\Users\\usuario\\OneDrive\\Escritorio\\MAPEO MATRICULA\\ES6\\ES6_6TO4TA_TURNOTARDE_2021.shp"}, "geometry": {"type": "Point", "coordinates": [-58.575578210294395, -34.57720172682476]}}, {"type": "Feature", "properties": {"DIRECCION": null, "layer": "ES6_6TO4TA_TURNOTARDE_2021", "path": "C:\\Users\\usuario\\OneDrive\\Escritorio\\MAPEO MATRICULA\\ES6\\ES6_6TO4TA_TURNOTARDE_2021.shp"}, "geometry": {"type": "Point", "coordinates": [-58.58014051583176, -34.571920514062576]}}]}
