{"type":"FeatureCollection","features":[{"type":"Feature","properties":{"DIRECCION":null,"layer":"1ro1ra_TM_ES6_2021","path":"C:/Users/usuario/OneDrive/Escritorio/MAPEO MATRICULA/ES6/1ROS TURNO MAÑANA/1ROS_TM_ES6_2021.shp","school_id":"walsh","school_name":"Escuela Walsh","record_id":"walsh-1"},"geometry":{"type":"Point","coordinates":[-58.57086752292014,-34.58073507381966]}},{"type":"Feature","properties":{"DIRECCION":null,"layer":"1ro1ra_TM_ES6_2021","path":"C:/Users/usuario/OneDrive/Escritorio/MAPEO MATRICULA/ES6/1ROS TURNO MAÑANA/1ROS_TM_ES6_2021.shp","school_id":"walsh","school_name":"Escuela Walsh","record_id":"walsh-2"},"geometry":{"type":"Point","coordinates":[-58.5709028221151,-34.57645391876299]}},{"type":"Feature","properties":{"DIRECCION":null,"layer":"1ro1ra_TM_ES6_2021","path":"C:/Users/usuario/OneDrive/Escritorio/MAPEO MATRICULA/ES6/1ROS TURNO MAÑANA/1ROS_TM_ES6_2021.shp","school_id":"walsh","school_name":"Escuela Walsh","record_id":"walsh-3"},"geometry":{"type":"Point","coordinates":[-58.57611101898971,-34.565166160087635]}},{"type":"Feature","properties":{"DIRECCION":null,"layer":"1ro1ra_TM_ES6_2021","path":"C:/Users/usuario/OneDrive/Escritorio/MAPEO MATRICULA/ES6/1ROS TURNO MAÑANA/1ROS_TM_ES6_2021.shp","school_id":"walsh","school_name":"Escuela Walsh","record_id":"walsh-4"},"geometry":{"type":"Point","coordinates":[-58.57088972348193,-34.57349611065752]}},{"type":"Feature","properties":{"DIRECCION":null,"layer":"1ro1ra_TM_ES6_2021","path":"C:/Users/usuario/OneDrive/Escritorio/MAPEO MATRICULA/ES6/1ROS TURNO MAÑANA/1ROS_TM_ES6_2021.shp","school_id":"walsh","school_name":"Escuela Walsh","record_id":"walsh-5"},"geometry":{"type":"Point","coordinates":[-58.57316324171561,-34.57453083376985]}},{"type":"Feature","properties":{"DIRECCION":null,"layer":"1ro1ra_TM_ES6_2021","path":"C:/Users/usuario/OneDrive/Escritorio/MAPEO MATRICULA/ES6/1ROS TURNO MAÑANA/1ROS_TM_ES6_2021.shp","school_id":"walsh","school_name":"Escuela Walsh","record_id":"walsh-6"},"geometry":{"type":"Point","coordinates":[-58.57685473858956,-34.57423506960216]}},{"type":"Feature","properties":{"DIRECCION":null,"layer":"1ro1ra_TM_ES6_2021","path":"C:/Users/usuario/OneDrive/Escritorio/MAPEO MATRICULA/ES6/1ROS TURNO MAÑANA/1ROS_TM_ES6_2021.shp","school_id":"walsh","school_name":"Escuela Walsh","record_id":"walsh-7"},"geometry":{"type":"Point","coordinates":[-58.58140266201698,-34.5707379697485]}},{"type":"Feature","properties":{"DIRECCION":null,"layer":"1ro1ra_TM_ES6_2021","path":"C:/Users/usuario/OneDrive/Escritorio/MAPEO MATRICULA/ES6/1ROS TURNO MAÑANA/1ROS_TM_ES6_2021.shp","school_id":"walsh","school_name":"Escuela Walsh","record_id":"walsh-8"},"geometry":{"type":"Point","coordinates":[-58.57471337713047,-34.57771387030956]}},{"type":"Feature","properties":{"DIRECCION":null,"layer":"1ro1ra_TM_ES6_2021","path":"C:/Users/usuario/OneDrive/Escritorio/MAPEO MATRICULA/ES6/1ROS TURNO MAÑANA/1ROS_TM_ES6_2021.shp","school_id":"walsh","school_name":"Escuela Walsh","record_id":"walsh-9"},"geometry":{"type":"Point","coordinates":[-58.57296655555587,-34.57854164176499]}},{"type":"Feature","properties":{"DIRECCION":null,"layer":"1ro1ra_TM_ES6_2021","path":"C:/Users/usuario/OneDrive/Escritorio/MAPEO MATRICULA/ES6/1ROS TURNO MAÑANA/1ROS_TM_ES6_2021.shp","school_id":"walsh","school_name":"Escuela Walsh","record_id":"walsh-10"},"geometry":{"type":"Point","coordinates":[-58.57550044206603,-34.57501044088374]}},{"type":"Feature","properties":{"DIRECCION":null,"layer":"1ro1ra_TM_ES6_2021","path":"C:/Users/usuario/OneDrive/Escritorio/MAPEO MATRICULA/ES6/1ROS TURNO MAÑANA/1ROS_TM_ES6_2021.shp","school_id":"walsh","school_name":"Escuela Walsh","record_id":"walsh-11"},"geometry":{"type":"Point","coordinates":[-58.56400741575845,-34.58387985143507]}},{"type":"Feature","properties":{"DIRECCION":null,"layer":"1ro1ra_TM_ES6_2021","path":"C:/Users/usuario/OneDrive/Escritorio/MAPEO MATRICULA/ES6/1ROS TURNO MAÑANA/1ROS_TM_ES6_2021.shp","school_id":"walsh","school_name":"Escuela Walsh","record_id":"walsh-12"},"geometry":{"type":"Point","coordinates":[-58.57356143964052,-34.58155410831892]}},{"type":"Feature","properties":{"DIRECCION":null,"layer":"1ro1ra_TM_ES6_2021","path":"C:/Users/usuario/OneDrive/Escritorio/MAPEO MATRICULA/ES6/1ROS TURNO MAÑANA/1ROS_TM_ES6_2021.shp","school_id":"walsh","school_name":"Escuela Walsh","record_id":"walsh-13"},"geometry":{"type":"Point","coordinates":[-58.57276552973128,-34.579667339346464]}},{"type":"Feature","properties":{"DIRECCION":null,"layer":"1ro1ra_TM_ES6_2021","path":"C:/Users/usuario/OneDrive/Escritorio/MAPEO MATRICULA/ES6/1ROS TURNO MAÑANA/1ROS_TM_ES6_2021.shp","school_id":"walsh","school_name":"Escuela Walsh","record_id":"walsh-14"},"geometry":{"type":"Point","coordinates":[-58.611622794204195,-34.567734794492324]}},{"type":"Feature","properties":{"DIRECCION":null,"layer":"1ro1ra_TM_ES6_2021","path":"C:/Users/usuario/OneDrive/Escritorio/MAPEO MATRICULA/ES6/1ROS TURNO MAÑANA/1ROS_TM_ES6_2021.shp","school_id":"walsh","school_name":"Escuela Walsh","record_id":"walsh-15"},"geometry":{"type":"Point","coordinates":[-58.573598128443635,-34.57604574613187]}},{"type":"Feature","properties":{"DIRECCION":null,"layer":"1ro1ra_TM_ES6_2021","path":"C:/Users/usuario/OneDrive/Escritorio/MAPEO MATRICULA/ES6/1ROS TURNO MAÑANA/1ROS_TM_ES6_2021.shp","school_id":"walsh","school_name":"Escuela Walsh","record_id":"walsh-16"},"geometry":{"type":"Point","coordinates":[-58.57766515162489,-34.574430161334966]}},{"type":"Feature","properties":{"DIRECCION":null,"layer":"1ro1ra_TM_ES6_2021","path":"C:/Users/usuario/OneDrive/Escritorio/MAPEO MATRICULA/ES6/1ROS TURNO MAÑANA/1ROS_TM_ES6_2021.shp","school_id":"walsh","school_name":"Escuela Walsh","record_id":"walsh-17"},"geometry":{"type":"Point","coordinates":[-58.548681520185966,-34.582140835162946]}},{"type":"Feature","properties":{"DIRECCION":null,"layer":"1ro1ra_TM_ES6_2021","path":"C:/Users/usuario/OneDrive/Escritorio/MAPEO MATRICULA/ES6/1ROS TURNO MAÑANA/1ROS_TM_ES6_2021.shp","school_id":"walsh","school_name":"Escuela Walsh","record_id":"walsh-18"},"geometry":{"type":"Point","coordinates":[-58.57872303641026,-34.579014537370796]}},{"type":"Feature","properties":{"DIRECCION":null,"layer":"1ro3ra_ turno MAÑANA_ES6_2021","path":"C:/Users/usuario/OneDrive/Escritorio/MAPEO MATRICULA/ES6/1ro3ra_ turno MAÑANA_ES6_2021.shp","school_id":"walsh","school_name":"Escuela Walsh","record_id":"walsh-19"},"geometry":{"type":"Point","coordinates":[-58.56396260769202,-34.57590686690224]}},{"type":"Feature","properties":{"DIRECCION":null,"layer":"1ro3ra_ turno MAÑANA_ES6_2021","path":"C:/Users/usuario/OneDrive/Escritorio/MAPEO MATRICULA/ES6/1ro3ra_ turno MAÑANA_ES6_2021.shp","school_id":"walsh","school_name":"Escuela Walsh","record_id":"walsh-20"},"geometry":{"type":"Point","coordinates":[-58.57550134400127,-34.57562115878045]}},{"type":"Feature","properties":{"DIRECCION":null,"layer":"1ro3ra_ turno MAÑANA_ES6_2021","path":"C:/Users/usuario/OneDrive/Escritorio/MAPEO MATRICULA/ES6/1ro3ra_ turno MAÑANA_ES6_2021.shp","school_id":"walsh","school_name":"Escuela Walsh","record_id":"walsh-21"},"geometry":{"type":"Point","coordinates":[-58.57953397378229,-34.57908636978233]}},{"type":"Feature","properties":{"DIRECCION":null,"layer":"1ro3ra_ turno MAÑANA_ES6_2021","path":"C:/Users/usuario/OneDrive/Escritorio/MAPEO MATRICULA/ES6/1ro3ra_ turno MAÑANA_ES6_2021.shp","school_id":"walsh","school_name":"Escuela Walsh","record_id":"walsh-22"},"geometry":{"type":"Point","coordinates":[-58.5781898140347,-34.57217222257155]}},{"type":"Feature","properties":{"DIRECCION":null,"layer":"1ro3ra_ turno MAÑANA_ES6_2021","path":"C:/Users/usuario/OneDrive/Escritorio/MAPEO MATRICULA/ES6/1ro3ra_ turno MAÑANA_ES6_2021.shp","school_id":"walsh","school_name":"Escuela Walsh","record_id":"walsh-23"},"geometry":{"type":"Point","coordinates":[-58.57054741748282,-34.57998563705773]}},{"type":"Feature","properties":{"DIRECCION":null,"layer":"1ro3ra_ turno MAÑANA_ES6_2021","path":"C:/Users/usuario/OneDrive/Escritorio/MAPEO MATRICULA/ES6/1ro3ra_ turno MAÑANA_ES6_2021.shp","school_id":"walsh","school_name":"Escuela Walsh","record_id":"walsh-24"},"geometry":{"type":"Point","coordinates":[-58.576830927875335,-34.569022312261176]}},{"type":"Feature","properties":{"DIRECCION":null,"layer":"1ro3ra_ turno MAÑANA_ES6_2021","path":"C:/Users/usuario/OneDrive/Escritorio/MAPEO MATRICULA/ES6/1ro3ra_ turno MAÑANA_ES6_2021.shp","school_id":"walsh","school_name":"Escuela Walsh","record_id":"walsh-25"},"geometry":{"type":"Point","coordinates":[-58.57860323282957,-34.57802803642164]}},{"type":"Feature","properties":{"DIRECCION":null,"layer":"1ro3ra_ turno MAÑANA_ES6_2021","path":"C:/Users/usuario/OneDrive/Escritorio/MAPEO MATRICULA/ES6/1ro3ra_ turno MAÑANA_ES6_2021.shp","school_id":"walsh","school_name":"Escuela Walsh","record_id":"walsh-26"},"geometry":{"type":"Point","coordinates":[-58.55293103309091,-34.58894756778067]}},{"type":"Feature","properties":{"DIRECCION":null,"layer":"1ro3ra_ turno MAÑANA_ES6_2021","path":"C:/Users/usuario/OneDrive/Escritorio/MAPEO MATRICULA/ES6/1ro3ra_ turno MAÑANA_ES6_2021.shp","school_id":"walsh","school_name":"Escuela Walsh","record_id":"walsh-27"},"geometry":{"type":"Point","coordinates":[-58.5639906819318,-34.584049319684496]}},{"type":"Feature","properties":{"DIRECCION":null,"layer":"1ro3ra_ turno MAÑANA_ES6_2021","path":"C:/Users/usuario/OneDrive/Escritorio/MAPEO MATRICULA/ES6/1ro3ra_ turno MAÑANA_ES6_2021.shp","school_id":"walsh","school_name":"Escuela Walsh","record_id":"walsh-28"},"geometry":{"type":"Point","coordinates":[-58.575102029599414,-34.57390092797171]}},{"type":"Feature","properties":{"DIRECCION":null,"layer":"1ro3ra_ turno MAÑANA_ES6_2021","path":"C:/Users/usuario/OneDrive/Escritorio/MAPEO MATRICULA/ES6/1ro3ra_ turno MAÑANA_ES6_2021.shp","school_id":"walsh","school_name":"Escuela Walsh","record_id":"walsh-29"},"geometry":{"type":"Point","coordinates":[-58.585278366725156,-34.579848957496885]}},{"type":"Feature","properties":{"DIRECCION":null,"layer":"1ro3ra_ turno MAÑANA_ES6_2021","path":"C:/Users/usuario/OneDrive/Escritorio/MAPEO MATRICULA/ES6/1ro3ra_ turno MAÑANA_ES6_2021.shp","school_id":"walsh","school_name":"Escuela Walsh","record_id":"walsh-30"},"geometry":{"type":"Point","coordinates":[-58.57604982217441,-34.57268791733339]}},{"type":"Feature","properties":{"DIRECCION":null,"layer":"1ro3ra_ turno MAÑANA_ES6_2021","path":"C:/Users/usuario/OneDrive/Escritorio/MAPEO MATRICULA/ES6/1ro3ra_ turno MAÑANA_ES6_2021.shp","school_id":"walsh","school_name":"Escuela Walsh","record_id":"walsh-31"},"geometry":{"type":"Point","coordinates":[-58.58020908768244,-34.571397467705744]}},{"type":"Feature","properties":{"DIRECCION":null,"layer":"1ro3ra_ turno MAÑANA_ES6_2021","path":"C:/Users/usuario/OneDrive/Escritorio/MAPEO MATRICULA/ES6/1ro3ra_ turno MAÑANA_ES6_2021.shp","school_id":"walsh","school_name":"Escuela Walsh","record_id":"walsh-32"},"geometry":{"type":"Point","coordinates":[-58.57921577660313,-34.58049960589697]}},{"type":"Feature","properties":{"DIRECCION":null,"layer":"1RO5TA_TURNOMAÑANA_ES6_2021","path":"C:/Users/usuario/OneDrive/Escritorio/MAPEO MATRICULA/ES6/1RO5TA_TURNOMAÑANA_ES6_2021.shp","school_id":"walsh","school_name":"Escuela Walsh","record_id":"walsh-33"},"geometry":{"type":"Point","coordinates":[-58.57761358760913,-34.57522706909098]}},{"type":"Feature","properties":{"DIRECCION":null,"layer":"1RO5TA_TURNOMAÑANA_ES6_2021","path":"C:/Users/usuario/OneDrive/Escritorio/MAPEO MATRICULA/ES6/1RO5TA_TURNOMAÑANA_ES6_2021.shp","school_id":"walsh","school_name":"Escuela Walsh","record_id":"walsh-34"},"geometry":{"type":"Point","coordinates":[-58.576145800075864,-34.5739493644319]}},{"type":"Feature","properties":{"DIRECCION":null,"layer":"1RO5TA_TURNOMAÑANA_ES6_2021","path":"C:/Users/usuario/OneDrive/Escritorio/MAPEO MATRICULA/ES6/1RO5TA_TURNOMAÑANA_ES6_2021.shp","school_id":"walsh","school_name":"Escuela Walsh","record_id":"walsh-35"},"geometry":{"type":"Point","coordinates":[-58.5823386560249,-34.572094368749646]}},{"type":"Feature","properties":{"DIRECCION":null,"layer":"1RO5TA_TURNOMAÑANA_ES6_2021","path":"C:/Users/usuario/OneDrive/Escritorio/MAPEO MATRICULA/ES6/1RO5TA_TURNOMAÑANA_ES6_2021.shp","school_id":"walsh","school_name":"Escuela Walsh","record_id":"walsh-36"},"geometry":{"type":"Point","coordinates":[-58.56977428277237,-34.5769924002425]}},{"type":"Feature","properties":{"DIRECCION":null,"layer":"1RO5TA_TURNOMAÑANA_ES6_2021","path":"C:/Users/usuario/OneDrive/Escritorio/MAPEO MATRICULA/ES6/1RO5TA_TURNOMAÑANA_ES6_2021.shp","school_id":"walsh","school_name":"Escuela Walsh","record_id":"walsh-37"},"geometry":{"type":"Point","coordinates":[-58.573216481075896,-34.57449110098273]}},{"type":"Feature","properties":{"DIRECCION":null,"layer":"1RO5TA_TURNOMAÑANA_ES6_2021","path":"C:/Users/usuario/OneDrive/Escritorio/MAPEO MATRICULA/ES6/1RO5TA_TURNOMAÑANA_ES6_2021.shp","school_id":"walsh","school_name":"Escuela Walsh","record_id":"walsh-38"},"geometry":{"type":"Point","coordinates":[-58.578212524499214,-34.572182472045306]}},{"type":"Feature","properties":{"DIRECCION":null,"layer":"1RO5TA_TURNOMAÑANA_ES6_2021","path":"C:/Users/usuario/OneDrive/Escritorio/MAPEO MATRICULA/ES6/1RO5TA_TURNOMAÑANA_ES6_2021.shp","school_id":"walsh","school_name":"Escuela Walsh","record_id":"walsh-39"},"geometry":{"type":"Point","coordinates":[-58.57804992304019,-34.57055561557209]}},{"type":"Feature","properties":{"DIRECCION":null,"layer":"1RO5TA_TURNOMAÑANA_ES6_2021","path":"C:/Users/usuario/OneDrive/Escritorio/MAPEO MATRICULA/ES6/1RO5TA_TURNOMAÑANA_ES6_2021.shp","school_id":"walsh","school_name":"Escuela Walsh","record_id":"walsh-40"},"geometry":{"type":"Point","coordinates":[-58.57053194817618,-34.57556446304657]}},{"type":"Feature","properties":{"DIRECCION":null,"layer":"1RO5TA_TURNOMAÑANA_ES6_2021","path":"C:/Users/usuario/OneDrive/Escritorio/MAPEO MATRICULA/ES6/1RO5TA_TURNOMAÑANA_ES6_2021.shp","school_id":"walsh","school_name":"Escuela Walsh","record_id":"walsh-41"},"geometry":{"type":"Point","coordinates":[-58.57742351252863,-34.574148994482094]}},{"type":"Feature","properties":{"DIRECCION":null,"layer":"1RO5TA_TURNOMAÑANA_ES6_2021","path":"C:/Users/usuario/OneDrive/Escritorio/MAPEO MATRICULA/ES6/1RO5TA_TURNOMAÑANA_ES6_2021.shp","school_id":"walsh","school_name":"Escuela Walsh","record_id":"walsh-42"},"geometry":{"type":"Point","coordinates":[-58.57229291610915,-34.57918520299166]}},{"type":"Feature","properties":{"DIRECCION":null,"layer":"1RO5TA_TURNOMAÑANA_ES6_2021","path":"C:/Users/usuario/OneDrive/Escritorio/MAPEO MATRICULA/ES6/1RO5TA_TURNOMAÑANA_ES6_2021.shp","school_id":"walsh","school_name":"Escuela Walsh","record_id":"walsh-43"},"geometry":{"type":"Point","coordinates":[-58.57098362671951,-34.571568008199414]}},{"type":"Feature","properties":{"DIRECCION":null,"layer":"2DO1RA_TURNOMAÑANA_ES6_2021","path":"C:/Users/usuario/OneDrive/Escritorio/MAPEO MATRICULA/ES6/2DO1RA_TURNOMAÑANA_ES6_2021.shp","school_id":"walsh","school_name":"Escuela Walsh","record_id":"walsh-44"},"geometry":{"type":"Point","coordinates":[-58.57300974000504,-34.57819237208214]}},{"type":"Feature","properties":{"DIRECCION":null,"layer":"2DO1RA_TURNOMAÑANA_ES6_2021","path":"C:/Users/usuario/OneDrive/Escritorio/MAPEO MATRICULA/ES6/2DO1RA_TURNOMAÑANA_ES6_2021.shp","school_id":"walsh","school_name":"Escuela Walsh","record_id":"walsh-45"},"geometry":{"type":"Point","coordinates":[-58.57465295485532,-34.572111124535475]}},{"type":"Feature","properties":{"DIRECCION":null,"layer":"2DO1RA_TURNOMAÑANA_ES6_2021","path":"C:/Users/usuario/OneDrive/Escritorio/MAPEO MATRICULA/ES6/2DO1RA_TURNOMAÑANA_ES6_2021.shp","school_id":"walsh","school_name":"Escuela Walsh","record_id":"walsh-46"},"geometry":{"type":"Point","coordinates":[-58.57405940434321,-34.579495306694035]}},{"type":"Feature","properties":{"DIRECCION":null,"layer":"2DO1RA_TURNOMAÑANA_ES6_2021","path":"C:/Users/usuario/OneDrive/Escritorio/MAPEO MATRICULA/ES6/2DO1RA_TURNOMAÑANA_ES6_2021.shp","school_id":"walsh","school_name":"Escuela Walsh","record_id":"walsh-47"},"geometry":{"type":"Point","coordinates":[-58.55085547873683,-34.58368391413938]}},{"type":"Feature","properties":{"DIRECCION":null,"layer":"2DO1RA_TURNOMAÑANA_ES6_2021","path":"C:/Users/usuario/OneDrive/Escritorio/MAPEO MATRICULA/ES6/2DO1RA_TURNOMAÑANA_ES6_2021.shp","school_id":"walsh","school_name":"Escuela Walsh","record_id":"walsh-48"},"geometry":{"type":"Point","coordinates":[-58.575140775846776,-34.56504195420663]}},{"type":"Feature","properties":{"DIRECCION":null,"layer":"2DO1RA_TURNOMAÑANA_ES6_2021","path":"C:/Users/usuario/OneDrive/Escritorio/MAPEO MATRICULA/ES6/2DO1RA_TURNOMAÑANA_ES6_2021.shp","school_id":"walsh","school_name":"Escuela Walsh","record_id":"walsh-49"},"geometry":{"type":"Point","coordinates":[-58.568849683209464,-34.58026823866755]}},{"type":"Feature","properties":{"DIRECCION":null,"layer":"2DO1RA_TURNOMAÑANA_ES6_2021","path":"C:/Users/usuario/OneDrive/Escritorio/MAPEO MATRICULA/ES6/2DO1RA_TURNOMAÑANA_ES6_2021.shp","school_id":"walsh","school_name":"Escuela Walsh","record_id":"walsh-50"},"geometry":{"type":"Point","coordinates":[-58.57915699722931,-34.569864332224526]}},{"type":"Feature","properties":{"DIRECCION":null,"layer":"2DO1RA_TURNOMAÑANA_ES6_2021","path":"C:/Users/usuario/OneDrive/Escritorio/MAPEO MATRICULA/ES6/2DO1RA_TURNOMAÑANA_ES6_2021.shp","school_id":"walsh","school_name":"Escuela Walsh","record_id":"walsh-51"},"geometry":{"type":"Point","coordinates":[-58.563278316036595,-34.57666459890972]}},{"type":"Feature","properties":{"DIRECCION":null,"layer":"2DO1RA_TURNOMAÑANA_ES6_2021","path":"C:/Users/usuario/OneDrive/Escritorio/MAPEO MATRICULA/ES6/2DO1RA_TURNOMAÑANA_ES6_2021.shp","school_id":"walsh","school_name":"Escuela Walsh","record_id":"walsh-52"},"geometry":{"type":"Point","coordinates":[-58.57182463262476,-34.57793908512386]}},{"type":"Feature","properties":{"DIRECCION":null,"layer":"2DO1RA_TURNOMAÑANA_ES6_2021","path":"C:/Users/usuario/OneDrive/Escritorio/MAPEO MATRICULA/ES6/2DO1RA_TURNOMAÑANA_ES6_2021.shp","school_id":"walsh","school_name":"Escuela Walsh","record_id":"walsh-53"},"geometry":{"type":"Point","coordinates":[-58.57648075223918,-34.574159792312706]}},{"type":"Feature","properties":{"DIRECCION":null,"layer":"2DO1RA_TURNOMAÑANA_ES6_2021","path":"C:/Users/usuario/OneDrive/Escritorio/MAPEO MATRICULA/ES6/2DO1RA_TURNOMAÑANA_ES6_2021.shp","school_id":"walsh","school_name":"Escuela Walsh","record_id":"walsh-54"},"geometry":{"type":"Point","coordinates":[-58.57572328491403,-34.5715718627816]}},{"type":"Feature","properties":{"DIRECCION":null,"layer":"2DO1RA_TURNOMAÑANA_ES6_2021","path":"C:/Users/usuario/OneDrive/Escritorio/MAPEO MATRICULA/ES6/2DO1RA_TURNOMAÑANA_ES6_2021.shp","school_id":"walsh","school_name":"Escuela Walsh","record_id":"walsh-55"},"geometry":{"type":"Point","coordinates":[-58.57518774116044,-34.57446326677545]}},{"type":"Feature","properties":{"DIRECCION":null,"layer":"2DO1RA_TURNOMAÑANA_ES6_2021","path":"C:/Users/usuario/OneDrive/Escritorio/MAPEO MATRICULA/ES6/2DO1RA_TURNOMAÑANA_ES6_2021.shp","school_id":"walsh","school_name":"Escuela Walsh","record_id":"walsh-56"},"geometry":{"type":"Point","coordinates":[-58.58042881913491,-34.572970647705475]}},{"type":"Feature","properties":{"DIRECCION":null,"layer":"2DO3RA_TURNOMAÑANA_ES6_2021","path":"C:/Users/usuario/Documents/2DO3RA_TURNOMAÑANA_ES6_2021.shp","school_id":"walsh","school_name":"Escuela Walsh","record_id":"walsh-57"},"geometry":{"type":"Point","coordinates":[-58.570733468584194,-34.57417346558509]}},{"type":"Feature","properties":{"DIRECCION":null,"layer":"2DO3RA_TURNOMAÑANA_ES6_2021","path":"C:/Users/usuario/Documents/2DO3RA_TURNOMAÑANA_ES6_2021.shp","school_id":"walsh","school_name":"Escuela Walsh","record_id":"walsh-58"},"geometry":{"type":"Point","coordinates":[-58.57779536146171,-34.57399044200261]}},{"type":"Feature","properties":{"DIRECCION":null,"layer":"2DO3RA_TURNOMAÑANA_ES6_2021","path":"C:/Users/usuario/Documents/2DO3RA_TURNOMAÑANA_ES6_2021.shp","school_id":"walsh","school_name":"Escuela Walsh","record_id":"walsh-59"},"geometry":{"type":"Point","coordinates":[-58.55734984595471,-34.579335017428555]}},{"type":"Feature","properties":{"DIRECCION":null,"layer":"2DO3RA_TURNOMAÑANA_ES6_2021","path":"C:/Users/usuario/Documents/2DO3RA_TURNOMAÑANA_ES6_2021.shp","school_id":"walsh","school_name":"Escuela Walsh","record_id":"walsh-60"},"geometry":{"type":"Point","coordinates":[-58.57297863689254,-34.57816588472622]}},{"type":"Feature","properties":{"DIRECCION":null,"layer":"2DO3RA_TURNOMAÑANA_ES6_2021","path":"C:/Users/usuario/Documents/2DO3RA_TURNOMAÑANA_ES6_2021.shp","school_id":"walsh","school_name":"Escuela Walsh","record_id":"walsh-61"},"geometry":{"type":"Point","coordinates":[-58.579082496699414,-34.58020557250529]}},{"type":"Feature","properties":{"DIRECCION":null,"layer":"2DO3RA_TURNOMAÑANA_ES6_2021","path":"C:/Users/usuario/Documents/2DO3RA_TURNOMAÑANA_ES6_2021.shp","school_id":"walsh","school_name":"Escuela Walsh","record_id":"walsh-62"},"geometry":{"type":"Point","coordinates":[-58.571710483209635,-34.57491710393821]}},{"type":"Feature","properties":{"DIRECCION":null,"layer":"2DO3RA_TURNOMAÑANA_ES6_2021","path":"C:/Users/usuario/Documents/2DO3RA_TURNOMAÑANA_ES6_2021.shp","school_id":"walsh","school_name":"Escuela Walsh","record_id":"walsh-63"},"geometry":{"type":"Point","coordinates":[-58.57929534595545,-34.57710294649998]}},{"type":"Feature","properties":{"DIRECCION":null,"layer":"2DO3RA_TURNOMAÑANA_ES6_2021","path":"C:/Users/usuario/Documents/2DO3RA_TURNOMAÑANA_ES6_2021.shp","school_id":"walsh","school_name":"Escuela Walsh","record_id":"walsh-64"},"geometry":{"type":"Point","coordinates":[-58.5750917408832,-34.57169451566182]}},{"type":"Feature","properties":{"DIRECCION":null,"layer":"2DO3RA_TURNOMAÑANA_ES6_2021","path":"C:/Users/usuario/Documents/2DO3RA_TURNOMAÑANA_ES6_2021.shp","school_id":"walsh","school_name":"Escuela Walsh","record_id":"walsh-65"},"geometry":{"type":"Point","coordinates":[-58.571661434758745,-34.57496443160735]}},{"type":"Feature","properties":{"DIRECCION":null,"layer":"2DO3RA_TURNOMAÑANA_ES6_2021","path":"C:/Users/usuario/Documents/2DO3RA_TURNOMAÑANA_ES6_2021.shp","school_id":"walsh","school_name":"Escuela Walsh","record_id":"walsh-66"},"geometry":{"type":"Point","coordinates":[-58.575639412799795,-34.57161443511903]}},{"type":"Feature","properties":{"DIRECCION":null,"layer":"2DO3RA_TURNOMAÑANA_ES6_2021","path":"C:/Users/usuario/Documents/2DO3RA_TURNOMAÑANA_ES6_2021.shp","school_id":"walsh","school_name":"Escuela Walsh","record_id":"walsh-67"},"geometry":{"type":"Point","coordinates":[-58.567894109912466,-34.574881850093824]}},{"type":"Feature","properties":{"DIRECCION":null,"layer":"2DO3RA_TURNOMAÑANA_ES6_2021","path":"C:/Users/usuario/Documents/2DO3RA_TURNOMAÑANA_ES6_2021.shp","school_id":"walsh","school_name":"Escuela Walsh","record_id":"walsh-68"},"geometry":{"type":"Point","coordinates":[-58.57757088614954,-34.57281837519595]}},{"type":"Feature","properties":{"DIRECCION":null,"layer":"2DO3RA_TURNOMAÑANA_ES6_2021","path":"C:/Users/usuario/Documents/2DO3RA_TURNOMAÑANA_ES6_2021.shp","school_id":"walsh","school_name":"Escuela Walsh","record_id":"walsh-69"},"geometry":{"type":"Point","coordinates":[-58.57358751631406,-34.57175285009128]}},{"type":"Feature","properties":{"DIRECCION":null,"layer":"2DO3RA_TURNOMAÑANA_ES6_2021","path":"C:/Users/usuario/Documents/2DO3RA_TURNOMAÑANA_ES6_2021.shp","school_id":"walsh","school_name":"Escuela Walsh","record_id":"walsh-70"},"geometry":{"type":"Point","coordinates":[-58.57377448066609,-34.579147062550874]}},{"type":"Feature","properties":{"DIRECCION":null,"layer":"2DO3RA_TURNOMAÑANA_ES6_2021","path":"C:/Users/usuario/Documents/2DO3RA_TURNOMAÑANA_ES6_2021.shp","school_id":"walsh","school_name":"Escuela Walsh","record_id":"walsh-71"},"geometry":{"type":"Point","coordinates":[-58.571207896831865,-34.57820249874338]}},{"type":"Feature","properties":{"DIRECCION":null,"layer":"2DO5TA_ES6_TURNOMAÑANA_2021","path":"C:/Users/usuario/Documents/2DO5TA_ES6_TURNOMAÑANA_2021.shp","school_id":"walsh","school_name":"Escuela Walsh","record_id":"walsh-72"},"geometry":{"type":"Point","coordinates":[-58.572317795043936,-34.56852127181142]}},{"type":"Feature","properties":{"DIRECCION":null,"layer":"2DO5TA_ES6_TURNOMAÑANA_2021","path":"C:/Users/usuario/Documents/2DO5TA_ES6_TURNOMAÑANA_2021.shp","school_id":"walsh","school_name":"Escuela Walsh","record_id":"walsh-73"},"geometry":{"type":"Point","coordinates":[-58.57917390238863,-34.570084705339994]}},{"type":"Feature","properties":{"DIRECCION":null,"layer":"2DO5TA_ES6_TURNOMAÑANA_2021","path":"C:/Users/usuario/Documents/2DO5TA_ES6_TURNOMAÑANA_2021.shp","school_id":"walsh","school_name":"Escuela Walsh","record_id":"walsh-74"},"geometry":{"type":"Point","coordinates":[-58.576613466621176,-34.570820311343354]}},{"type":"Feature","properties":{"DIRECCION":null,"layer":"2DO5TA_ES6_TURNOMAÑANA_2021","path":"C:/Users/usuario/Documents/2DO5TA_ES6_TURNOMAÑANA_2021.shp","school_id":"walsh","school_name":"Escuela Walsh","record_id":"walsh-75"},"geometry":{"type":"Point","coordinates":[-58.57639931610946,-34.57104798544341]}},{"type":"Feature","properties":{"DIRECCION":null,"layer":"2DO5TA_ES6_TURNOMAÑANA_2021","path":"C:/Users/usuario/Documents/2DO5TA_ES6_TURNOMAÑANA_2021.shp","school_id":"walsh","school_name":"Escuela Walsh","record_id":"walsh-76"},"geometry":{"type":"Point","coordinates":[-58.61064474990096,-34.567053793862165]}},{"type":"Feature","properties":{"DIRECCION":null,"layer":"2DO5TA_ES6_TURNOMAÑANA_2021","path":"C:/Users/usuario/Documents/2DO5TA_ES6_TURNOMAÑANA_2021.shp","school_id":"walsh","school_name":"Escuela Walsh","record_id":"walsh-77"},"geometry":{"type":"Point","coordinates":[-58.57582919159945,-34.57503747123868]}},{"type":"Feature","properties":{"DIRECCION":null,"layer":"2DO5TA_ES6_TURNOMAÑANA_2021","path":"C:/Users/usuario/Documents/2DO5TA_ES6_TURNOMAÑANA_2021.shp","school_id":"walsh","school_name":"Escuela Walsh","record_id":"walsh-78"},"geometry":{"type":"Point","coordinates":[-58.57776973730222,-34.57447779562873]}},{"type":"Feature","properties":{"DIRECCION":null,"layer":"2DO5TA_ES6_TURNOMAÑANA_2021","path":"C:/Users/usuario/Documents/2DO5TA_ES6_TURNOMAÑANA_2021.shp","school_id":"walsh","school_name":"Escuela Walsh","record_id":"walsh-79"},"geometry":{"type":"Point","coordinates":[-58.5710508484538,-34.57633693492676]}},{"type":"Feature","properties":{"DIRECCION":null,"layer":"3RO1RA_TURNOMAÑANA_ES6_2021","path":"C:/Users/usuario/Documents/3RO1RA_TURNOMAÑANA_ES6_2021.shp","school_id":"walsh","school_name":"Escuela Walsh","record_id":"walsh-80"},"geometry":{"type":"Point","coordinates":[-58.57982636762851,-34.57474125613325]}},{"type":"Feature","properties":{"DIRECCION":null,"layer":"3RO1RA_TURNOMAÑANA_ES6_2021","path":"C:/Users/usuario/Documents/3RO1RA_TURNOMAÑANA_ES6_2021.shp","school_id":"walsh","school_name":"Escuela Walsh","record_id":"walsh-81"},"geometry":{"type":"Point","coordinates":[-58.56969553566434,-34.57531840080945]}},{"type":"Feature","properties":{"DIRECCION":null,"layer":"3RO1RA_TURNOMAÑANA_ES6_2021","path":"C:/Users/usuario/Documents/3RO1RA_TURNOMAÑANA_ES6_2021.shp","school_id":"walsh","school_name":"Escuela Walsh","record_id":"walsh-82"},"geometry":{"type":"Point","coordinates":[-58.57369890196484,-34.577802865769534]}},{"type":"Feature","properties":{"DIRECCION":null,"layer":"3RO1RA_TURNOMAÑANA_ES6_2021","path":"C:/Users/usuario/Documents/3RO1RA_TURNOMAÑANA_ES6_2021.shp","school_id":"walsh","school_name":"Escuela Walsh","record_id":"walsh-83"},"geometry":{"type":"Point","coordinates":[-58.576269654757766,-34.571553773079344]}},{"type":"Feature","properties":{"DIRECCION":null,"layer":"3RO1RA_TURNOMAÑANA_ES6_2021","path":"C:/Users/usuario/Documents/3RO1RA_TURNOMAÑANA_ES6_2021.shp","school_id":"walsh","school_name":"Escuela Walsh","record_id":"walsh-84"},"geometry":{"type":"Point","coordinates":[-58.57111721223011,-34.574850814993795]}},{"type":"Feature","properties":{"DIRECCION":null,"layer":"3RO1RA_TURNOMAÑANA_ES6_2021","path":"C:/Users/usuario/Documents/3RO1RA_TURNOMAÑANA_ES6_2021.shp","school_id":"walsh","school_name":"Escuela Walsh","record_id":"walsh-85"},"geometry":{"type":"Point","coordinates":[-58.576077060920326,-34.57413908757735]}},{"type":"Feature","properties":{"DIRECCION":null,"layer":"3RO1RA_TURNOMAÑANA_ES6_2021","path":"C:/Users/usuario/Documents/3RO1RA_TURNOMAÑANA_ES6_2021.shp","school_id":"walsh","school_name":"Escuela Walsh","record_id":"walsh-86"},"geometry":{"type":"Point","coordinates":[-58.579425736499026,-34.58115842001522]}},{"type":"Feature","properties":{"DIRECCION":null,"layer":"3RO1RA_TURNOMAÑANA_ES6_2021","path":"C:/Users/usuario/Documents/3RO1RA_TURNOMAÑANA_ES6_2021.shp","school_id":"walsh","school_name":"Escuela Walsh","record_id":"walsh-87"},"geometry":{"type":"Point","coordinates":[-58.57927407733359,-34.580575717029134]}},{"type":"Feature","properties":{"DIRECCION":null,"layer":"3RO1RA_TURNOMAÑANA_ES6_2021","path":"C:/Users/usuario/Documents/3RO1RA_TURNOMAÑANA_ES6_2021.shp","school_id":"walsh","school_name":"Escuela Walsh","record_id":"walsh-88"},"geometry":{"type":"Point","coordinates":[-58.57675043022668,-34.5742939236419]}},{"type":"Feature","properties":{"DIRECCION":null,"layer":"3RO1RA_TURNOMAÑANA_ES6_2021","path":"C:/Users/usuario/Documents/3RO1RA_TURNOMAÑANA_ES6_2021.shp","school_id":"walsh","school_name":"Escuela Walsh","record_id":"walsh-89"},"geometry":{"type":"Point","coordinates":[-58.59048900867003,-34.58140994473296]}},{"type":"Feature","properties":{"DIRECCION":null,"layer":"3RO1RA_TURNOMAÑANA_ES6_2021","path":"C:/Users/usuario/Documents/3RO1RA_TURNOMAÑANA_ES6_2021.shp","school_id":"walsh","school_name":"Escuela Walsh","record_id":"walsh-90"},"geometry":{"type":"Point","coordinates":[-58.57567017730454,-34.5678536684531]}},{"type":"Feature","properties":{"DIRECCION":null,"layer":"3RO1RA_TURNOMAÑANA_ES6_2021","path":"C:/Users/usuario/Documents/3RO1RA_TURNOMAÑANA_ES6_2021.shp","school_id":"walsh","school_name":"Escuela Walsh","record_id":"walsh-91"},"geometry":{"type":"Point","coordinates":[-58.57883520015992,-34.57127788918088]}},{"type":"Feature","properties":{"DIRECCION":null,"layer":"3RO1RA_TURNOMAÑANA_ES6_2021","path":"C:/Users/usuario/Documents/3RO1RA_TURNOMAÑANA_ES6_2021.shp","school_id":"walsh","school_name":"Escuela Walsh","record_id":"walsh-92"},"geometry":{"type":"Point","coordinates":[-58.54892874055934,-34.582118139756986]}},{"type":"Feature","properties":{"DIRECCION":null,"layer":"3RO1RA_TURNOMAÑANA_ES6_2021","path":"C:/Users/usuario/Documents/3RO1RA_TURNOMAÑANA_ES6_2021.shp","school_id":"walsh","school_name":"Escuela Walsh","record_id":"walsh-93"},"geometry":{"type":"Point","coordinates":[-58.57315311337249,-34.5744750885014]}},{"type":"Feature","properties":{"DIRECCION":null,"layer":"3RO1RA_TURNOMAÑANA_ES6_2021","path":"C:/Users/usuario/Documents/3RO1RA_TURNOMAÑANA_ES6_2021.shp","school_id":"walsh","school_name":"Escuela Walsh","record_id":"walsh-94"},"geometry":{"type":"Point","coordinates":[-58.57802215896636,-34.57201449227675]}},{"type":"Feature","properties":{"DIRECCION":null,"layer":"3RO1RA_TURNOMAÑANA_ES6_2021","path":"C:/Users/usuario/Documents/3RO1RA_TURNOMAÑANA_ES6_2021.shp","school_id":"walsh","school_name":"Escuela Walsh","record_id":"walsh-95"},"geometry":{"type":"Point","coordinates":[-58.57167889158597,-34.574885802253284]}},{"type":"Feature","properties":{"DIRECCION":null,"layer":"3RO1RA_TURNOMAÑANA_ES6_2021","path":"C:/Users/usuario/Documents/3RO1RA_TURNOMAÑANA_ES6_2021.shp","school_id":"walsh","school_name":"Escuela Walsh","record_id":"walsh-96"},"geometry":{"type":"Point","coordinates":[-58.548967132148135,-34.58215816910001]}},{"type":"Feature","properties":{"DIRECCION":null,"layer":"3RO1RA_TURNOMAÑANA_ES6_2021","path":"C:/Users/usuario/Documents/3RO1RA_TURNOMAÑANA_ES6_2021.shp","school_id":"walsh","school_name":"Escuela Walsh","record_id":"walsh-97"},"geometry":{"type":"Point","coordinates":[-58.573353451066325,-34.565820879964136]}},{"type":"Feature","properties":{"DIRECCION":null,"layer":"3RO1RA_TURNOMAÑANA_ES6_2021","path":"C:/Users/usuario/Documents/3RO1RA_TURNOMAÑANA_ES6_2021.shp","school_id":"walsh","school_name":"Escuela Walsh","record_id":"walsh-98"},"geometry":{"type":"Point","coordinates":[-58.57207533413112,-34.57234419695333]}},{"type":"Feature","properties":{"DIRECCION":null,"layer":"3RO1RA_TURNOMAÑANA_ES6_2021","path":"C:/Users/usuario/Documents/3RO1RA_TURNOMAÑANA_ES6_2021.shp","school_id":"walsh","school_name":"Escuela Walsh","record_id":"walsh-99"},"geometry":{"type":"Point","coordinates":[-58.573517482800185,-34.57224066972772]}},{"type":"Feature","properties":{"DIRECCION":null,"layer":"3RO1RA_TURNOMAÑANA_ES6_2021","path":"C:/Users/usuario/Documents/3RO1RA_TURNOMAÑANA_ES6_2021.shp","school_id":"walsh","school_name":"Escuela Walsh","record_id":"walsh-100"},"geometry":{"type":"Point","coordinates":[-58.57050406367193,-34.57951174112257]}},{"type":"Feature","properties":{"DIRECCION":null,"layer":"3RO1RA_TURNOMAÑANA_ES6_2021","path":"C:/Users/usuario/Documents/3RO1RA_TURNOMAÑANA_ES6_2021.shp","school_id":"walsh","school_name":"Escuela Walsh","record_id":"walsh-101"},"geometry":{"type":"Point","coordinates":[-58.57950557258565,-34.574013587615084]}},{"type":"Feature","properties":{"DIRECCION":null,"layer":"3RO1RA_TURNOMAÑANA_ES6_2021","path":"C:/Users/usuario/Documents/3RO1RA_TURNOMAÑANA_ES6_2021.shp","school_id":"walsh","school_name":"Escuela Walsh","record_id":"walsh-102"},"geometry":{"type":"Point","coordinates":[-58.57076941893032,-34.56985610578551]}},{"type":"Feature","properties":{"DIRECCION":null,"layer":"3RO3RA_TURNOMAÑANA_ES6","path":"C:/Users/usuario/OneDrive/Escritorio/MAPEO MATRICULA/ES6/3RO3RA_TURNOMAÑANA_ES6.shp","school_id":"walsh","school_name":"Escuela Walsh","record_id":"walsh-103"},"geometry":{"type":"Point","coordinates":[-58.573699508857416,-34.577791935548646]}},{"type":"Feature","properties":{"DIRECCION":null,"layer":"3RO3RA_TURNOMAÑANA_ES6","path":"C:/Users/usuario/OneDrive/Escritorio/MAPEO MATRICULA/ES6/3RO3RA_TURNOMAÑANA_ES6.shp","school_id":"walsh","school_name":"Escuela Walsh","record_id":"walsh-104"},"geometry":{"type":"Point","coordinates":[-58.57003862959927,-34.57728991925536]}},{"type":"Feature","properties":{"DIRECCION":null,"layer":"3RO3RA_TURNOMAÑANA_ES6","path":"C:/Users/usuario/OneDrive/Escritorio/MAPEO MATRICULA/ES6/3RO3RA_TURNOMAÑANA_ES6.shp","school_id":"walsh","school_name":"Escuela Walsh","record_id":"walsh-105"},"geometry":{"type":"Point","coordinates":[-58.57002024667012,-34.57726153963702]}},{"type":"Feature","properties":{"DIRECCION":null,"layer":"3RO3RA_TURNOMAÑANA_ES6","path":"C:/Users/usuario/OneDrive/Escritorio/MAPEO MATRICULA/ES6/3RO3RA_TURNOMAÑANA_ES6.shp","school_id":"walsh","school_name":"Escuela Walsh","record_id":"walsh-106"},"geometry":{"type":"Point","coordinates":[-58.56753286891473,-34.56634992254515]}},{"type":"Feature","properties":{"DIRECCION":null,"layer":"3RO3RA_TURNOMAÑANA_ES6","path":"C:/Users/usuario/OneDrive/Escritorio/MAPEO MATRICULA/ES6/3RO3RA_TURNOMAÑANA_ES6.shp","school_id":"walsh","school_name":"Escuela Walsh","record_id":"walsh-107"},"geometry":{"type":"Point","coordinates":[-58.57510280212339,-34.57008102526932]}},{"type":"Feature","properties":{"DIRECCION":null,"layer":"3RO3RA_TURNOMAÑANA_ES6","path":"C:/Users/usuario/OneDrive/Escritorio/MAPEO MATRICULA/ES6/3RO3RA_TURNOMAÑANA_ES6.shp","school_id":"walsh","school_name":"Escuela Walsh","record_id":"walsh-108"},"geometry":{"type":"Point","coordinates":[-58.57779093216077,-34.575302040513485]}},{"type":"Feature","properties":{"DIRECCION":null,"layer":"3RO3RA_TURNOMAÑANA_ES6","path":"C:/Users/usuario/OneDrive/Escritorio/MAPEO MATRICULA/ES6/3RO3RA_TURNOMAÑANA_ES6.shp","school_id":"walsh","school_name":"Escuela Walsh","record_id":"walsh-109"},"geometry":{"type":"Point","coordinates":[-58.570886760943345,-34.581056732628454]}},{"type":"Feature","properties":{"DIRECCION":null,"layer":"3RO3RA_TURNOMAÑANA_ES6","path":"C:/Users/usuario/OneDrive/Escritorio/MAPEO MATRICULA/ES6/3RO3RA_TURNOMAÑANA_ES6.shp","school_id":"walsh","school_name":"Escuela Walsh","record_id":"walsh-110"},"geometry":{"type":"Point","coordinates":[-58.57231093475914,-34.56869341128726]}},{"type":"Feature","properties":{"DIRECCION":null,"layer":"3RO3RA_TURNOMAÑANA_ES6","path":"C:/Users/usuario/OneDrive/Escritorio/MAPEO MATRICULA/ES6/3RO3RA_TURNOMAÑANA_ES6.shp","school_id":"walsh","school_name":"Escuela Walsh","record_id":"walsh-111"},"geometry":{"type":"Point","coordinates":[-58.57558085788086,-34.57401750781847]}},{"type":"Feature","properties":{"DIRECCION":null,"layer":"3RO3RA_TURNOMAÑANA_ES6","path":"C:/Users/usuario/OneDrive/Escritorio/MAPEO MATRICULA/ES6/3RO3RA_TURNOMAÑANA_ES6.shp","school_id":"walsh","school_name":"Escuela Walsh","record_id":"walsh-112"},"geometry":{"type":"Point","coordinates":[-58.56835138131455,-34.580051633405475]}},{"type":"Feature","properties":{"DIRECCION":null,"layer":"3RO3RA_TURNOMAÑANA_ES6","path":"C:/Users/usuario/OneDrive/Escritorio/MAPEO MATRICULA/ES6/3RO3RA_TURNOMAÑANA_ES6.shp","school_id":"walsh","school_name":"Escuela Walsh","record_id":"walsh-113"},"geometry":{"type":"Point","coordinates":[-58.572349994742126,-34.579150438860424]}},{"type":"Feature","properties":{"DIRECCION":null,"layer":"3RO3RA_TURNOMAÑANA_ES6","path":"C:/Users/usuario/OneDrive/Escritorio/MAPEO MATRICULA/ES6/3RO3RA_TURNOMAÑANA_ES6.shp","school_id":"walsh","school_name":"Escuela Walsh","record_id":"walsh-114"},"geometry":{"type":"Point","coordinates":[-58.57044241273341,-34.574091268186045]}},{"type":"Feature","properties":{"DIRECCION":null,"layer":"3RO3RA_TURNOMAÑANA_ES6","path":"C:/Users/usuario/OneDrive/Escritorio/MAPEO MATRICULA/ES6/3RO3RA_TURNOMAÑANA_ES6.shp","school_id":"walsh","school_name":"Escuela Walsh","record_id":"walsh-115"},"geometry":{"type":"Point","coordinates":[-58.578135859327965,-34.56978433281015]}},{"type":"Feature","properties":{"DIRECCION":null,"layer":"3RO3RA_TURNOMAÑANA_ES6","path":"C:/Users/usuario/OneDrive/Escritorio/MAPEO MATRICULA/ES6/3RO3RA_TURNOMAÑANA_ES6.shp","school_id":"walsh","school_name":"Escuela Walsh","record_id":"walsh-116"},"geometry":{"type":"Point","coordinates":[-58.57719307261357,-34.57508458416101]}},{"type":"Feature","properties":{"DIRECCION":null,"layer":"3RO4TA_TURNOMAÑANA_ES6_2021","path":"C:/Users/usuario/OneDrive/Escritorio/MAPEO MATRICULA/ES6/3RO4TA_TURNOMAÑANA_ES6_2021.shp","school_id":"walsh","school_name":"Escuela Walsh","record_id":"walsh-117"},"geometry":{"type":"Point","coordinates":[-58.57379709015286,-34.569557350679254]}},{"type":"Feature","properties":{"DIRECCION":null,"layer":"3RO4TA_TURNOMAÑANA_ES6_2021","path":"C:/Users/usuario/OneDrive/Escritorio/MAPEO MATRICULA/ES6/3RO4TA_TURNOMAÑANA_ES6_2021.shp","school_id":"walsh","school_name":"Escuela Walsh","record_id":"walsh-118"},"geometry":{"type":"Point","coordinates":[-58.570356828561785,-34.579504646342954]}},{"type":"Feature","properties":{"DIRECCION":null,"layer":"3RO4TA_TURNOMAÑANA_ES6_2021","path":"C:/Users/usuario/OneDrive/Escritorio/MAPEO MATRICULA/ES6/3RO4TA_TURNOMAÑANA_ES6_2021.shp","school_id":"walsh","school_name":"Escuela Walsh","record_id":"walsh-119"},"geometry":{"type":"Point","coordinates":[-58.58102870275108,-34.57101769636784]}},{"type":"Feature","properties":{"DIRECCION":null,"layer":"3RO4TA_TURNOMAÑANA_ES6_2021","path":"C:/Users/usuario/OneDrive/Escritorio/MAPEO MATRICULA/ES6/3RO4TA_TURNOMAÑANA_ES6_2021.shp","school_id":"walsh","school_name":"Escuela Walsh","record_id":"walsh-120"},"geometry":{"type":"Point","coordinates":[-58.568482664496344,-34.57935201513321]}},{"type":"Feature","properties":{"DIRECCION":null,"layer":"3RO4TA_TURNOMAÑANA_ES6_2021","path":"C:/Users/usuario/OneDrive/Escritorio/MAPEO MATRICULA/ES6/3RO4TA_TURNOMAÑANA_ES6_2021.shp","school_id":"walsh","school_name":"Escuela Walsh","record_id":"walsh-121"},"geometry":{"type":"Point","coordinates":[-58.576885295181754,-34.57510410414468]}},{"type":"Feature","properties":{"DIRECCION":null,"layer":"3RO4TA_TURNOMAÑANA_ES6_2021","path":"C:/Users/usuario/OneDrive/Escritorio/MAPEO MATRICULA/ES6/3RO4TA_TURNOMAÑANA_ES6_2021.shp","school_id":"walsh","school_name":"Escuela Walsh","record_id":"walsh-122"},"geometry":{"type":"Point","coordinates":[-58.578892845901805,-34.57292955510168]}},{"type":"Feature","properties":{"DIRECCION":null,"layer":"3RO4TA_TURNOMAÑANA_ES6_2021","path":"C:/Users/usuario/OneDrive/Escritorio/MAPEO MATRICULA/ES6/3RO4TA_TURNOMAÑANA_ES6_2021.shp","school_id":"walsh","school_name":"Escuela Walsh","record_id":"walsh-123"},"geometry":{"type":"Point","coordinates":[-58.574899367580144,-34.57789248891757]}},{"type":"Feature","properties":{"DIRECCION":null,"layer":"3RO4TA_TURNOMAÑANA_ES6_2021","path":"C:/Users/usuario/OneDrive/Escritorio/MAPEO MATRICULA/ES6/3RO4TA_TURNOMAÑANA_ES6_2021.shp","school_id":"walsh","school_name":"Escuela Walsh","record_id":"walsh-124"},"geometry":{"type":"Point","coordinates":[-58.57333829511156,-34.57748145950126]}},{"type":"Feature","properties":{"DIRECCION":null,"layer":"3RO4TA_TURNOMAÑANA_ES6_2021","path":"C:/Users/usuario/OneDrive/Escritorio/MAPEO MATRICULA/ES6/3RO4TA_TURNOMAÑANA_ES6_2021.shp","school_id":"walsh","school_name":"Escuela Walsh","record_id":"walsh-125"},"geometry":{"type":"Point","coordinates":[-58.57666238007476,-34.56446424096949]}},{"type":"Feature","properties":{"DIRECCION":null,"layer":"3RO4TA_TURNOMAÑANA_ES6_2021","path":"C:/Users/usuario/OneDrive/Escritorio/MAPEO MATRICULA/ES6/3RO4TA_TURNOMAÑANA_ES6_2021.shp","school_id":"walsh","school_name":"Escuela Walsh","record_id":"walsh-126"},"geometry":{"type":"Point","coordinates":[-58.57736239310556,-34.57551063151767]}},{"type":"Feature","properties":{"DIRECCION":null,"layer":"3RO4TA_TURNOMAÑANA_ES6_2021","path":"C:/Users/usuario/OneDrive/Escritorio/MAPEO MATRICULA/ES6/3RO4TA_TURNOMAÑANA_ES6_2021.shp","school_id":"walsh","school_name":"Escuela Walsh","record_id":"walsh-127"},"geometry":{"type":"Point","coordinates":[-58.56340263439406,-34.56211483424727]}},{"type":"Feature","properties":{"DIRECCION":null,"layer":"3RO4TA_TURNOMAÑANA_ES6_2021","path":"C:/Users/usuario/OneDrive/Escritorio/MAPEO MATRICULA/ES6/3RO4TA_TURNOMAÑANA_ES6_2021.shp","school_id":"walsh","school_name":"Escuela Walsh","record_id":"walsh-128"},"geometry":{"type":"Point","coordinates":[-58.576641094203396,-34.57085367359113]}},{"type":"Feature","properties":{"DIRECCION":null,"layer":"3RO4TA_TURNOMAÑANA_ES6_2021","path":"C:/Users/usuario/OneDrive/Escritorio/MAPEO MATRICULA/ES6/3RO4TA_TURNOMAÑANA_ES6_2021.shp","school_id":"walsh","school_name":"Escuela Walsh","record_id":"walsh-129"},"geometry":{"type":"Point","coordinates":[-58.56769704116031,-34.576567756952386]}},{"type":"Feature","properties":{"DIRECCION":null,"layer":"3RO4TA_TURNOMAÑANA_ES6_2021","path":"C:/Users/usuario/OneDrive/Escritorio/MAPEO MATRICULA/ES6/3RO4TA_TURNOMAÑANA_ES6_2021.shp","school_id":"walsh","school_name":"Escuela Walsh","record_id":"walsh-130"},"geometry":{"type":"Point","coordinates":[-58.570083201813134,-34.571745912583715]}},{"type":"Feature","properties":{"DIRECCION":null,"layer":"3RO4TA_TURNOMAÑANA_ES6_2021","path":"C:/Users/usuario/OneDrive/Escritorio/MAPEO MATRICULA/ES6/3RO4TA_TURNOMAÑANA_ES6_2021.shp","school_id":"walsh","school_name":"Escuela Walsh","record_id":"walsh-131"},"geometry":{"type":"Point","coordinates":[-58.57033033246606,-34.5747218818482]}},{"type":"Feature","properties":{"DIRECCION":null,"layer":"3RO4TA_TURNOMAÑANA_ES6_2021","path":"C:/Users/usuario/OneDrive/Escritorio/MAPEO MATRICULA/ES6/3RO4TA_TURNOMAÑANA_ES6_2021.shp","school_id":"walsh","school_name":"Escuela Walsh","record_id":"walsh-132"},"geometry":{"type":"Point","coordinates":[-58.57102054225719,-34.56729018126258]}},{"type":"Feature","properties":{"DIRECCION":null,"layer":"3RO4TA_TURNOMAÑANA_ES6_2021","path":"C:/Users/usuario/OneDrive/Escritorio/MAPEO MATRICULA/ES6/3RO4TA_TURNOMAÑANA_ES6_2021.shp","school_id":"walsh","school_name":"Escuela Walsh","record_id":"walsh-133"},"geometry":{"type":"Point","coordinates":[-58.57653365801393,-34.57183256966965]}},{"type":"Feature","properties":{"DIRECCION":null,"layer":"3RO4TA_TURNOMAÑANA_ES6_2021","path":"C:/Users/usuario/OneDrive/Escritorio/MAPEO MATRICULA/ES6/3RO4TA_TURNOMAÑANA_ES6_2021.shp","school_id":"walsh","school_name":"Escuela Walsh","record_id":"walsh-134"},"geometry":{"type":"Point","coordinates":[-58.57359334515075,-34.572274114614295]}},{"type":"Feature","properties":{"DIRECCION":null,"layer":"3RO4TA_TURNOMAÑANA_ES6_2021","path":"C:/Users/usuario/OneDrive/Escritorio/MAPEO MATRICULA/ES6/3RO4TA_TURNOMAÑANA_ES6_2021.shp","school_id":"walsh","school_name":"Escuela Walsh","record_id":"walsh-135"},"geometry":{"type":"Point","coordinates":[-58.56704862553636,-34.57670262219569]}},{"type":"Feature","properties":{"DIRECCION":null,"layer":"3RO4TA_TURNOMAÑANA_ES6_2021","path":"C:/Users/usuario/OneDrive/Escritorio/MAPEO MATRICULA/ES6/3RO4TA_TURNOMAÑANA_ES6_2021.shp","school_id":"walsh","school_name":"Escuela Walsh","record_id":"walsh-136"},"geometry":{"type":"Point","coordinates":[-58.57172584116019,-34.57878037676237]}},{"type":"Feature","properties":{"DIRECCION":null,"layer":"3RO4TA_TURNOMAÑANA_ES6_2021","path":"C:/Users/usuario/OneDrive/Escritorio/MAPEO MATRICULA/ES6/3RO4TA_TURNOMAÑANA_ES6_2021.shp","school_id":"walsh","school_name":"Escuela Walsh","record_id":"walsh-137"},"geometry":{"type":"Point","coordinates":[-58.570415825771846,-34.579438722185046]}},{"type":"Feature","properties":{"DIRECCION":null,"layer":"4TO_6TA_TURNOMAÑANA_ES6_2021","path":"C:\\Users\\usuario\\OneDrive\\Escritorio\\MAPEO MATRICULA\\ES6\\4TO_6TA_TURNOMAÑANA_ES6_2021.shp","school_id":"walsh","school_name":"Escuela Walsh","record_id":"walsh-138"},"geometry":{"type":"Point","coordinates":[-58.571261922087785,-34.57497435127843]}},{"type":"Feature","properties":{"DIRECCION":null,"layer":"4TO_6TA_TURNOMAÑANA_ES6_2021","path":"C:\\Users\\usuario\\OneDrive\\Escritorio\\MAPEO MATRICULA\\ES6\\4TO_6TA_TURNOMAÑANA_ES6_2021.shp","school_id":"walsh","school_name":"Escuela Walsh","record_id":"walsh-139"},"geometry":{"type":"Point","coordinates":[-58.57555670909357,-34.571233073513206]}},{"type":"Feature","properties":{"DIRECCION":null,"layer":"4TO_6TA_TURNOMAÑANA_ES6_2021","path":"C:\\Users\\usuario\\OneDrive\\Escritorio\\MAPEO MATRICULA\\ES6\\4TO_6TA_TURNOMAÑANA_ES6_2021.shp","school_id":"walsh","school_name":"Escuela Walsh","record_id":"walsh-140"},"geometry":{"type":"Point","coordinates":[-58.56980926682577,-34.57561126123187]}},{"type":"Feature","properties":{"DIRECCION":null,"layer":"4TO_6TA_TURNOMAÑANA_ES6_2021","path":"C:\\Users\\usuario\\OneDrive\\Escritorio\\MAPEO MATRICULA\\ES6\\4TO_6TA_TURNOMAÑANA_ES6_2021.shp","school_id":"walsh","school_name":"Escuela Walsh","record_id":"walsh-141"},"geometry":{"type":"Point","coordinates":[-58.56977250096749,-34.57558665157831]}},{"type":"Feature","properties":{"DIRECCION":null,"layer":"4TO_6TA_TURNOMAÑANA_ES6_2021","path":"C:\\Users\\usuario\\OneDrive\\Escritorio\\MAPEO MATRICULA\\ES6\\4TO_6TA_TURNOMAÑANA_ES6_2021.shp","school_id":"walsh","school_name":"Escuela Walsh","record_id":"walsh-142"},"geometry":{"type":"Point","coordinates":[-58.566644072817496,-34.58069840710133]}},{"type":"Feature","properties":{"DIRECCION":null,"layer":"4TO_6TA_TURNOMAÑANA_ES6_2021","path":"C:\\Users\\usuario\\OneDrive\\Escritorio\\MAPEO MATRICULA\\ES6\\4TO_6TA_TURNOMAÑANA_ES6_2021.shp","school_id":"walsh","school_name":"Escuela Walsh","record_id":"walsh-143"},"geometry":{"type":"Point","coordinates":[-58.57269612236503,-34.57809413809932]}},{"type":"Feature","properties":{"DIRECCION":null,"layer":"4TO_6TA_TURNOMAÑANA_ES6_2021","path":"C:\\Users\\usuario\\OneDrive\\Escritorio\\MAPEO MATRICULA\\ES6\\4TO_6TA_TURNOMAÑANA_ES6_2021.shp","school_id":"walsh","school_name":"Escuela Walsh","record_id":"walsh-144"},"geometry":{"type":"Point","coordinates":[-58.576784653672206,-34.574272284283914]}},{"type":"Feature","properties":{"DIRECCION":null,"layer":"4TO_6TA_TURNOMAÑANA_ES6_2021","path":"C:\\Users\\usuario\\OneDrive\\Escritorio\\MAPEO MATRICULA\\ES6\\4TO_6TA_TURNOMAÑANA_ES6_2021.shp","school_id":"walsh","school_name":"Escuela Walsh","record_id":"walsh-145"},"geometry":{"type":"Point","coordinates":[-58.570489506786195,-34.579381271203644]}},{"type":"Feature","properties":{"DIRECCION":null,"layer":"4TO_6TA_TURNOMAÑANA_ES6_2021","path":"C:\\Users\\usuario\\OneDrive\\Escritorio\\MAPEO MATRICULA\\ES6\\4TO_6TA_TURNOMAÑANA_ES6_2021.shp","school_id":"walsh","school_name":"Escuela Walsh","record_id":"walsh-146"},"geometry":{"type":"Point","coordinates":[-58.56351586854979,-34.58355040409652]}},{"type":"Feature","properties":{"DIRECCION":null,"layer":"4TO_6TA_TURNOMAÑANA_ES6_2021","path":"C:\\Users\\usuario\\OneDrive\\Escritorio\\MAPEO MATRICULA\\ES6\\4TO_6TA_TURNOMAÑANA_ES6_2021.shp","school_id":"walsh","school_name":"Escuela Walsh","record_id":"walsh-147"},"geometry":{"type":"Point","coordinates":[-58.58213312179744,-34.57230889497902]}},{"type":"Feature","properties":{"DIRECCION":null,"layer":"4TO_6TA_TURNOMAÑANA_ES6_2021","path":"C:\\Users\\usuario\\OneDrive\\Escritorio\\MAPEO MATRICULA\\ES6\\4TO_6TA_TURNOMAÑANA_ES6_2021.shp","school_id":"walsh","school_name":"Escuela Walsh","record_id":"walsh-148"},"geometry":{"type":"Point","coordinates":[-58.576230736219735,-34.57153736781243]}},{"type":"Feature","properties":{"DIRECCION":null,"layer":"4TO_6TA_TURNOMAÑANA_ES6_2021","path":"C:\\Users\\usuario\\OneDrive\\Escritorio\\MAPEO MATRICULA\\ES6\\4TO_6TA_TURNOMAÑANA_ES6_2021.shp","school_id":"walsh","school_name":"Escuela Walsh","record_id":"walsh-149"},"geometry":{"type":"Point","coordinates":[-58.57915137565246,-34.57573362009805]}},{"type":"Feature","properties":{"DIRECCION":null,"layer":"4TO_6TA_TURNOMAÑANA_ES6_2021","path":"C:\\Users\\usuario\\OneDrive\\Escritorio\\MAPEO MATRICULA\\ES6\\4TO_6TA_TURNOMAÑANA_ES6_2021.shp","school_id":"walsh","school_name":"Escuela Walsh","record_id":"walsh-150"},"geometry":{"type":"Point","coordinates":[-58.57594248325482,-34.57870319999058]}},{"type":"Feature","properties":{"DIRECCION":null,"layer":"4TO_6TA_TURNOMAÑANA_ES6_2021","path":"C:\\Users\\usuario\\OneDrive\\Escritorio\\MAPEO MATRICULA\\ES6\\4TO_6TA_TURNOMAÑANA_ES6_2021.shp","school_id":"walsh","school_name":"Escuela Walsh","record_id":"walsh-151"},"geometry":{"type":"Point","coordinates":[-58.58736843448093,-34.582482451872536]}},{"type":"Feature","properties":{"DIRECCION":null,"layer":"4TO_6TA_TURNOMAÑANA_ES6_2021","path":"C:\\Users\\usuario\\OneDrive\\Escritorio\\MAPEO MATRICULA\\ES6\\4TO_6TA_TURNOMAÑANA_ES6_2021.shp","school_id":"walsh","school_name":"Escuela Walsh","record_id":"walsh-152"},"geometry":{"type":"Point","coordinates":[-58.57574664011068,-34.57154956925892]}},{"type":"Feature","properties":{"DIRECCION":null,"layer":"4TO_6TA_TURNOMAÑANA_ES6_2021","path":"C:\\Users\\usuario\\OneDrive\\Escritorio\\MAPEO MATRICULA\\ES6\\4TO_6TA_TURNOMAÑANA_ES6_2021.shp","school_id":"walsh","school_name":"Escuela Walsh","record_id":"walsh-153"},"geometry":{"type":"Point","coordinates":[-58.572032399279315,-34.58026809259628]}},{"type":"Feature","properties":{"DIRECCION":null,"layer":"4TO_6TA_TURNOMAÑANA_ES6_2021","path":"C:\\Users\\usuario\\OneDrive\\Escritorio\\MAPEO MATRICULA\\ES6\\4TO_6TA_TURNOMAÑANA_ES6_2021.shp","school_id":"walsh","school_name":"Escuela Walsh","record_id":"walsh-154"},"geometry":{"type":"Point","coordinates":[-58.59315124466763,-34.563344890579884]}},{"type":"Feature","properties":{"DIRECCION":null,"layer":"4TO_6TA_TURNOMAÑANA_ES6_2021","path":"C:\\Users\\usuario\\OneDrive\\Escritorio\\MAPEO MATRICULA\\ES6\\4TO_6TA_TURNOMAÑANA_ES6_2021.shp","school_id":"walsh","school_name":"Escuela Walsh","record_id":"walsh-155"},"geometry":{"type":"Point","coordinates":[-58.56427784494547,-34.58429485618623]}},{"type":"Feature","properties":{"DIRECCION":null,"layer":"4TO_6TA_TURNOMAÑANA_ES6_2021","path":"C:\\Users\\usuario\\OneDrive\\Escritorio\\MAPEO MATRICULA\\ES6\\4TO_6TA_TURNOMAÑANA_ES6_2021.shp","school_id":"walsh","school_name":"Escuela Walsh","record_id":"walsh-156"},"geometry":{"type":"Point","coordinates":[-58.57075233577396,-34.58115889454439]}},{"type":"Feature","properties":{"DIRECCION":null,"layer":"4TO_6TA_TURNOMAÑANA_ES6_2021","path":"C:\\Users\\usuario\\OneDrive\\Escritorio\\MAPEO MATRICULA\\ES6\\4TO_6TA_TURNOMAÑANA_ES6_2021.shp","school_id":"walsh","school_name":"Escuela Walsh","record_id":"walsh-157"},"geometry":{"type":"Point","coordinates":[-58.569715252093516,-34.57544883611526]}},{"type":"Feature","properties":{"DIRECCION":null,"layer":"4TO_6TA_TURNOMAÑANA_ES6_2021","path":"C:\\Users\\usuario\\OneDrive\\Escritorio\\MAPEO MATRICULA\\ES6\\4TO_6TA_TURNOMAÑANA_ES6_2021.shp","school_id":"walsh","school_name":"Escuela Walsh","record_id":"walsh-158"},"geometry":{"type":"Point","coordinates":[-58.58041229535304,-34.57862725910731]}},{"type":"Feature","properties":{"DIRECCION":null,"layer":"4TO_6TA_TURNOMAÑANA_ES6_2021","path":"C:\\Users\\usuario\\OneDrive\\Escritorio\\MAPEO MATRICULA\\ES6\\4TO_6TA_TURNOMAÑANA_ES6_2021.shp","school_id":"walsh","school_name":"Escuela Walsh","record_id":"walsh-159"},"geometry":{"type":"Point","coordinates":[-58.58140840587674,-34.57815020353442]}},{"type":"Feature","properties":{"DIRECCION":null,"layer":"4TO_6TA_TURNOMAÑANA_ES6_2021","path":"C:\\Users\\usuario\\OneDrive\\Escritorio\\MAPEO MATRICULA\\ES6\\4TO_6TA_TURNOMAÑANA_ES6_2021.shp","school_id":"walsh","school_name":"Escuela Walsh","record_id":"walsh-160"},"geometry":{"type":"Point","coordinates":[-58.57155658892407,-34.57984402325625]}},{"type":"Feature","properties":{"DIRECCION":null,"layer":"4TO1RA_ES6_TURNOMAÑANA_2021","path":"C:/Users/usuario/OneDrive/Escritorio/MAPEO MATRICULA/ES6/4TO1RA_ES6_TURNOMAÑANA_2021.shp","school_id":"walsh","school_name":"Escuela Walsh","record_id":"walsh-161"},"geometry":{"type":"Point","coordinates":[-58.575596237603754,-34.5712561724905]}},{"type":"Feature","properties":{"DIRECCION":null,"layer":"4TO1RA_ES6_TURNOMAÑANA_2021","path":"C:/Users/usuario/OneDrive/Escritorio/MAPEO MATRICULA/ES6/4TO1RA_ES6_TURNOMAÑANA_2021.shp","school_id":"walsh","school_name":"Escuela Walsh","record_id":"walsh-162"},"geometry":{"type":"Point","coordinates":[-58.57791785272147,-34.57041314700684]}},{"type":"Feature","properties":{"DIRECCION":null,"layer":"4TO1RA_ES6_TURNOMAÑANA_2021","path":"C:/Users/usuario/OneDrive/Escritorio/MAPEO MATRICULA/ES6/4TO1RA_ES6_TURNOMAÑANA_2021.shp","school_id":"walsh","school_name":"Escuela Walsh","record_id":"walsh-163"},"geometry":{"type":"Point","coordinates":[-58.571639614662395,-34.573277613423784]}},{"type":"Feature","properties":{"DIRECCION":null,"layer":"4TO1RA_ES6_TURNOMAÑANA_2021","path":"C:/Users/usuario/OneDrive/Escritorio/MAPEO MATRICULA/ES6/4TO1RA_ES6_TURNOMAÑANA_2021.shp","school_id":"walsh","school_name":"Escuela Walsh","record_id":"walsh-164"},"geometry":{"type":"Point","coordinates":[-58.57628394281218,-34.57136454636946]}},{"type":"Feature","properties":{"DIRECCION":null,"layer":"4TO1RA_ES6_TURNOMAÑANA_2021","path":"C:/Users/usuario/OneDrive/Escritorio/MAPEO MATRICULA/ES6/4TO1RA_ES6_TURNOMAÑANA_2021.shp","school_id":"walsh","school_name":"Escuela Walsh","record_id":"walsh-165"},"geometry":{"type":"Point","coordinates":[-58.57840313924502,-34.577519126285864]}},{"type":"Feature","properties":{"DIRECCION":null,"layer":"4TO1RA_ES6_TURNOMAÑANA_2021","path":"C:/Users/usuario/OneDrive/Escritorio/MAPEO MATRICULA/ES6/4TO1RA_ES6_TURNOMAÑANA_2021.shp","school_id":"walsh","school_name":"Escuela Walsh","record_id":"walsh-166"},"geometry":{"type":"Point","coordinates":[-58.5792842962176,-34.5756415107714]}},{"type":"Feature","properties":{"DIRECCION":null,"layer":"4TO1RA_ES6_TURNOMAÑANA_2021","path":"C:/Users/usuario/OneDrive/Escritorio/MAPEO MATRICULA/ES6/4TO1RA_ES6_TURNOMAÑANA_2021.shp","school_id":"walsh","school_name":"Escuela Walsh","record_id":"walsh-167"},"geometry":{"type":"Point","coordinates":[-58.578258339436225,-34.569534510248445]}},{"type":"Feature","properties":{"DIRECCION":null,"layer":"4TO1RA_ES6_TURNOMAÑANA_2021","path":"C:/Users/usuario/OneDrive/Escritorio/MAPEO MATRICULA/ES6/4TO1RA_ES6_TURNOMAÑANA_2021.shp","school_id":"walsh","school_name":"Escuela Walsh","record_id":"walsh-168"},"geometry":{"type":"Point","coordinates":[-58.57595569266452,-34.56480568508644]}},{"type":"Feature","properties":{"DIRECCION":null,"layer":"4TO1RA_ES6_TURNOMAÑANA_2021","path":"C:/Users/usuario/OneDrive/Escritorio/MAPEO MATRICULA/ES6/4TO1RA_ES6_TURNOMAÑANA_2021.shp","school_id":"walsh","school_name":"Escuela Walsh","record_id":"walsh-169"},"geometry":{"type":"Point","coordinates":[-58.5711544792783,-34.579477134794374]}},{"type":"Feature","properties":{"DIRECCION":null,"layer":"4TO1RA_ES6_TURNOMAÑANA_2021","path":"C:/Users/usuario/OneDrive/Escritorio/MAPEO MATRICULA/ES6/4TO1RA_ES6_TURNOMAÑANA_2021.shp","school_id":"walsh","school_name":"Escuela Walsh","record_id":"walsh-170"},"geometry":{"type":"Point","coordinates":[-58.5677495200265,-34.57654188175847]}},{"type":"Feature","properties":{"DIRECCION":null,"layer":"4TO1RA_ES6_TURNOMAÑANA_2021","path":"C:/Users/usuario/OneDrive/Escritorio/MAPEO MATRICULA/ES6/4TO1RA_ES6_TURNOMAÑANA_2021.shp","school_id":"walsh","school_name":"Escuela Walsh","record_id":"walsh-171"},"geometry":{"type":"Point","coordinates":[-58.56957378782787,-34.57406933779999]}},{"type":"Feature","properties":{"DIRECCION":null,"layer":"4TO1RA_ES6_TURNOMAÑANA_2021","path":"C:/Users/usuario/OneDrive/Escritorio/MAPEO MATRICULA/ES6/4TO1RA_ES6_TURNOMAÑANA_2021.shp","school_id":"walsh","school_name":"Escuela Walsh","record_id":"walsh-172"},"geometry":{"type":"Point","coordinates":[-58.593346994992885,-34.56348294504322]}},{"type":"Feature","properties":{"DIRECCION":null,"layer":"4TO1RA_ES6_TURNOMAÑANA_2021","path":"C:/Users/usuario/OneDrive/Escritorio/MAPEO MATRICULA/ES6/4TO1RA_ES6_TURNOMAÑANA_2021.shp","school_id":"walsh","school_name":"Escuela Walsh","record_id":"walsh-173"},"geometry":{"type":"Point","coordinates":[-58.57386193161473,-34.577640886907844]}},{"type":"Feature","properties":{"DIRECCION":null,"layer":"4TO1RA_ES6_TURNOMAÑANA_2021","path":"C:/Users/usuario/OneDrive/Escritorio/MAPEO MATRICULA/ES6/4TO1RA_ES6_TURNOMAÑANA_2021.shp","school_id":"walsh","school_name":"Escuela Walsh","record_id":"walsh-174"},"geometry":{"type":"Point","coordinates":[-58.57336144108813,-34.57074212003229]}},{"type":"Feature","properties":{"DIRECCION":null,"layer":"4TO1RA_ES6_TURNOMAÑANA_2021","path":"C:/Users/usuario/OneDrive/Escritorio/MAPEO MATRICULA/ES6/4TO1RA_ES6_TURNOMAÑANA_2021.shp","school_id":"walsh","school_name":"Escuela Walsh","record_id":"walsh-175"},"geometry":{"type":"Point","coordinates":[-58.5744670519337,-34.57797625312839]}},{"type":"Feature","properties":{"DIRECCION":null,"layer":"4TO1RA_ES6_TURNOMAÑANA_2021","path":"C:/Users/usuario/OneDrive/Escritorio/MAPEO MATRICULA/ES6/4TO1RA_ES6_TURNOMAÑANA_2021.shp","school_id":"walsh","school_name":"Escuela Walsh","record_id":"walsh-176"},"geometry":{"type":"Point","coordinates":[-58.57455437084714,-34.5779686852936]}},{"type":"Feature","properties":{"DIRECCION":null,"layer":"4TO1RA_ES6_TURNOMAÑANA_2021","path":"C:/Users/usuario/OneDrive/Escritorio/MAPEO MATRICULA/ES6/4TO1RA_ES6_TURNOMAÑANA_2021.shp","school_id":"walsh","school_name":"Escuela Walsh","record_id":"walsh-177"},"geometry":{"type":"Point","coordinates":[-58.570857948817704,-34.579411043428046]}},{"type":"Feature","properties":{"DIRECCION":null,"layer":"4TO1RA_ES6_TURNOMAÑANA_2021","path":"C:/Users/usuario/OneDrive/Escritorio/MAPEO MATRICULA/ES6/4TO1RA_ES6_TURNOMAÑANA_2021.shp","school_id":"walsh","school_name":"Escuela Walsh","record_id":"walsh-178"},"geometry":{"type":"Point","coordinates":[-58.57362745747172,-34.57232898515944]}},{"type":"Feature","properties":{"DIRECCION":null,"layer":"4TO1RA_ES6_TURNOMAÑANA_2021","path":"C:/Users/usuario/OneDrive/Escritorio/MAPEO MATRICULA/ES6/4TO1RA_ES6_TURNOMAÑANA_2021.shp","school_id":"walsh","school_name":"Escuela Walsh","record_id":"walsh-179"},"geometry":{"type":"Point","coordinates":[-58.57876171893005,-34.57482266595231]}},{"type":"Feature","properties":{"DIRECCION":null,"layer":"4TO1RA_ES6_TURNOMAÑANA_2021","path":"C:/Users/usuario/OneDrive/Escritorio/MAPEO MATRICULA/ES6/4TO1RA_ES6_TURNOMAÑANA_2021.shp","school_id":"walsh","school_name":"Escuela Walsh","record_id":"walsh-180"},"geometry":{"type":"Point","coordinates":[-58.57955773809493,-34.572212188683125]}},{"type":"Feature","properties":{"DIRECCION":null,"layer":"4TO1RA_ES6_TURNOMAÑANA_2021","path":"C:/Users/usuario/OneDrive/Escritorio/MAPEO MATRICULA/ES6/4TO1RA_ES6_TURNOMAÑANA_2021.shp","school_id":"walsh","school_name":"Escuela Walsh","record_id":"walsh-181"},"geometry":{"type":"Point","coordinates":[-58.57120237764067,-34.57425960135152]}},{"type":"Feature","properties":{"DIRECCION":null,"layer":"4TO3RA_TURNOMAÑANA_ES6_2021","path":"C:\\Users\\usuario\\OneDrive\\Escritorio\\MAPEO MATRICULA\\ES6\\4TO6TA_TURNOMAÑANA_ES6_2021.shp","school_id":"walsh","school_name":"Escuela Walsh","record_id":"walsh-182"},"geometry":{"type":"Point","coordinates":[-58.57940031933974,-34.57324386098848]}},{"type":"Feature","properties":{"DIRECCION":null,"layer":"4TO3RA_TURNOMAÑANA_ES6_2021","path":"C:\\Users\\usuario\\OneDrive\\Escritorio\\MAPEO MATRICULA\\ES6\\4TO6TA_TURNOMAÑANA_ES6_2021.shp","school_id":"walsh","school_name":"Escuela Walsh","record_id":"walsh-183"},"geometry":{"type":"Point","coordinates":[-58.57555781309669,-34.579487562852535]}},{"type":"Feature","properties":{"DIRECCION":null,"layer":"4TO3RA_TURNOMAÑANA_ES6_2021","path":"C:\\Users\\usuario\\OneDrive\\Escritorio\\MAPEO MATRICULA\\ES6\\4TO6TA_TURNOMAÑANA_ES6_2021.shp","school_id":"walsh","school_name":"Escuela Walsh","record_id":"walsh-184"},"geometry":{"type":"Point","coordinates":[-58.59749764778084,-34.570965795416946]}},{"type":"Feature","properties":{"DIRECCION":null,"layer":"4TO3RA_TURNOMAÑANA_ES6_2021","path":"C:\\Users\\usuario\\OneDrive\\Escritorio\\MAPEO MATRICULA\\ES6\\4TO6TA_TURNOMAÑANA_ES6_2021.shp","school_id":"walsh","school_name":"Escuela Walsh","record_id":"walsh-185"},"geometry":{"type":"Point","coordinates":[-58.578146395430316,-34.57510140899275]}},{"type":"Feature","properties":{"DIRECCION":null,"layer":"4TO3RA_TURNOMAÑANA_ES6_2021","path":"C:\\Users\\usuario\\OneDrive\\Escritorio\\MAPEO MATRICULA\\ES6\\4TO6TA_TURNOMAÑANA_ES6_2021.shp","school_id":"walsh","school_name":"Escuela Walsh","record_id":"walsh-186"},"geometry":{"type":"Point","coordinates":[-58.53539904047333,-34.576176053252574]}},{"type":"Feature","properties":{"DIRECCION":null,"layer":"4TO3RA_TURNOMAÑANA_ES6_2021","path":"C:\\Users\\usuario\\OneDrive\\Escritorio\\MAPEO MATRICULA\\ES6\\4TO6TA_TURNOMAÑANA_ES6_2021.shp","school_id":"walsh","school_name":"Escuela Walsh","record_id":"walsh-187"},"geometry":{"type":"Point","coordinates":[-58.57236995558987,-34.56865862929776]}},{"type":"Feature","properties":{"DIRECCION":null,"layer":"4TO3RA_TURNOMAÑANA_ES6_2021","path":"C:\\Users\\usuario\\OneDrive\\Escritorio\\MAPEO MATRICULA\\ES6\\4TO6TA_TURNOMAÑANA_ES6_2021.shp","school_id":"walsh","school_name":"Escuela Walsh","record_id":"walsh-188"},"geometry":{"type":"Point","coordinates":[-58.54687124197351,-34.59788265173193]}},{"type":"Feature","properties":{"DIRECCION":null,"layer":"4TO3RA_TURNOMAÑANA_ES6_2021","path":"C:\\Users\\usuario\\OneDrive\\Escritorio\\MAPEO MATRICULA\\ES6\\4TO6TA_TURNOMAÑANA_ES6_2021.shp","school_id":"walsh","school_name":"Escuela Walsh","record_id":"walsh-189"},"geometry":{"type":"Point","coordinates":[-58.57658926349133,-34.569191367744786]}},{"type":"Feature","properties":{"DIRECCION":null,"layer":"4TO3RA_TURNOMAÑANA_ES6_2021","path":"C:\\Users\\usuario\\OneDrive\\Escritorio\\MAPEO MATRICULA\\ES6\\4TO6TA_TURNOMAÑANA_ES6_2021.shp","school_id":"walsh","school_name":"Escuela Walsh","record_id":"walsh-190"},"geometry":{"type":"Point","coordinates":[-58.57256468961132,-34.57420255260653]}},{"type":"Feature","properties":{"DIRECCION":null,"layer":"4TO3RA_TURNOMAÑANA_ES6_2021","path":"C:\\Users\\usuario\\OneDrive\\Escritorio\\MAPEO MATRICULA\\ES6\\4TO6TA_TURNOMAÑANA_ES6_2021.shp","school_id":"walsh","school_name":"Escuela Walsh","record_id":"walsh-191"},"geometry":{"type":"Point","coordinates":[-58.57130326903196,-34.57821206743188]}},{"type":"Feature","properties":{"DIRECCION":null,"layer":"4TO3RA_TURNOMAÑANA_ES6_2021","path":"C:\\Users\\usuario\\OneDrive\\Escritorio\\MAPEO MATRICULA\\ES6\\4TO6TA_TURNOMAÑANA_ES6_2021.shp","school_id":"walsh","school_name":"Escuela Walsh","record_id":"walsh-192"},"geometry":{"type":"Point","coordinates":[-58.575774262267004,-34.571428600524115]}},{"type":"Feature","properties":{"DIRECCION":null,"layer":"4TO3RA_TURNOMAÑANA_ES6_2021","path":"C:\\Users\\usuario\\OneDrive\\Escritorio\\MAPEO MATRICULA\\ES6\\4TO6TA_TURNOMAÑANA_ES6_2021.shp","school_id":"walsh","school_name":"Escuela Walsh","record_id":"walsh-193"},"geometry":{"type":"Point","coordinates":[-58.593284301915354,-34.563414722580106]}},{"type":"Feature","properties":{"DIRECCION":null,"layer":"4TO3RA_TURNOMAÑANA_ES6_2021","path":"C:\\Users\\usuario\\OneDrive\\Escritorio\\MAPEO MATRICULA\\ES6\\4TO6TA_TURNOMAÑANA_ES6_2021.shp","school_id":"walsh","school_name":"Escuela Walsh","record_id":"walsh-194"},"geometry":{"type":"Point","coordinates":[-58.577349712017835,-34.57275263772587]}},{"type":"Feature","properties":{"DIRECCION":null,"layer":"4TO3RA_TURNOMAÑANA_ES6_2021","path":"C:\\Users\\usuario\\OneDrive\\Escritorio\\MAPEO MATRICULA\\ES6\\4TO6TA_TURNOMAÑANA_ES6_2021.shp","school_id":"walsh","school_name":"Escuela Walsh","record_id":"walsh-195"},"geometry":{"type":"Point","coordinates":[-58.57741645010504,-34.58143589990525]}},{"type":"Feature","properties":{"DIRECCION":null,"layer":"4TO3RA_TURNOMAÑANA_ES6_2021","path":"C:\\Users\\usuario\\OneDrive\\Escritorio\\MAPEO MATRICULA\\ES6\\4TO6TA_TURNOMAÑANA_ES6_2021.shp","school_id":"walsh","school_name":"Escuela Walsh","record_id":"walsh-196"},"geometry":{"type":"Point","coordinates":[-58.57752094842795,-34.57024166351616]}},{"type":"Feature","properties":{"DIRECCION":null,"layer":"4TO3RA_TURNOMAÑANA_ES6_2021","path":"C:\\Users\\usuario\\OneDrive\\Escritorio\\MAPEO MATRICULA\\ES6\\4TO6TA_TURNOMAÑANA_ES6_2021.shp","school_id":"walsh","school_name":"Escuela Walsh","record_id":"walsh-197"},"geometry":{"type":"Point","coordinates":[-58.576850619717476,-34.573539170647116]}},{"type":"Feature","properties":{"DIRECCION":null,"layer":"4TO3RA_TURNOMAÑANA_ES6_2021","path":"C:\\Users\\usuario\\OneDrive\\Escritorio\\MAPEO MATRICULA\\ES6\\4TO6TA_TURNOMAÑANA_ES6_2021.shp","school_id":"walsh","school_name":"Escuela Walsh","record_id":"walsh-198"},"geometry":{"type":"Point","coordinates":[-58.57148511140421,-34.57993816682689]}},{"type":"Feature","properties":{"DIRECCION":null,"layer":"4TO3RA_TURNOMAÑANA_ES6_2021","path":"C:\\Users\\usuario\\OneDrive\\Escritorio\\MAPEO MATRICULA\\ES6\\4TO6TA_TURNOMAÑANA_ES6_2021.shp","school_id":"walsh","school_name":"Escuela Walsh","record_id":"walsh-199"},"geometry":{"type":"Point","coordinates":[-58.56822406950522,-34.579941318176964]}},{"type":"Feature","properties":{"DIRECCION":null,"layer":"4TO3RA_TURNOMAÑANA_ES6_2021","path":"C:\\Users\\usuario\\OneDrive\\Escritorio\\MAPEO MATRICULA\\ES6\\4TO6TA_TURNOMAÑANA_ES6_2021.shp","school_id":"walsh","school_name":"Escuela Walsh","record_id":"walsh-200"},"geometry":{"type":"Point","coordinates":[-58.579452355119265,-34.57224822159236]}},{"type":"Feature","properties":{"DIRECCION":null,"layer":"4TO3RA_TURNOMAÑANA_ES6_2021","path":"C:\\Users\\usuario\\OneDrive\\Escritorio\\MAPEO MATRICULA\\ES6\\4TO6TA_TURNOMAÑANA_ES6_2021.shp","school_id":"walsh","school_name":"Escuela Walsh","record_id":"walsh-201"},"geometry":{"type":"Point","coordinates":[-58.57124951666445,-34.57427852178141]}},{"type":"Feature","properties":{"DIRECCION":null,"layer":"5TO1RA_TURNOMAÑANA_ES6_2021","path":"C:\\Users\\usuario\\OneDrive\\Escritorio\\MAPEO MATRICULA\\ES6\\5TO1RA_TURNOMAÑANA_ES6_2021.shp","school_id":"walsh","school_name":"Escuela Walsh","record_id":"walsh-202"},"geometry":{"type":"Point","coordinates":[-58.57257361466245,-34.57268182087221]}},{"type":"Feature","properties":{"DIRECCION":null,"layer":"5TO1RA_TURNOMAÑANA_ES6_2021","path":"C:\\Users\\usuario\\OneDrive\\Escritorio\\MAPEO MATRICULA\\ES6\\5TO1RA_TURNOMAÑANA_ES6_2021.shp","school_id":"walsh","school_name":"Escuela Walsh","record_id":"walsh-203"},"geometry":{"type":"Point","coordinates":[-58.574308223197534,-34.579714622477276]}},{"type":"Feature","properties":{"DIRECCION":null,"layer":"5TO1RA_TURNOMAÑANA_ES6_2021","path":"C:\\Users\\usuario\\OneDrive\\Escritorio\\MAPEO MATRICULA\\ES6\\5TO1RA_TURNOMAÑANA_ES6_2021.shp","school_id":"walsh","school_name":"Escuela Walsh","record_id":"walsh-204"},"geometry":{"type":"Point","coordinates":[-58.57357712200559,-34.57881041982414]}},{"type":"Feature","properties":{"DIRECCION":null,"layer":"5TO1RA_TURNOMAÑANA_ES6_2021","path":"C:\\Users\\usuario\\OneDrive\\Escritorio\\MAPEO MATRICULA\\ES6\\5TO1RA_TURNOMAÑANA_ES6_2021.shp","school_id":"walsh","school_name":"Escuela Walsh","record_id":"walsh-205"},"geometry":{"type":"Point","coordinates":[-58.5701301761794,-34.578535418349794]}},{"type":"Feature","properties":{"DIRECCION":null,"layer":"5TO1RA_TURNOMAÑANA_ES6_2021","path":"C:\\Users\\usuario\\OneDrive\\Escritorio\\MAPEO MATRICULA\\ES6\\5TO1RA_TURNOMAÑANA_ES6_2021.shp","school_id":"walsh","school_name":"Escuela Walsh","record_id":"walsh-206"},"geometry":{"type":"Point","coordinates":[-58.57931988037499,-34.575665521210794]}},{"type":"Feature","properties":{"DIRECCION":null,"layer":"5TO1RA_TURNOMAÑANA_ES6_2021","path":"C:\\Users\\usuario\\OneDrive\\Escritorio\\MAPEO MATRICULA\\ES6\\5TO1RA_TURNOMAÑANA_ES6_2021.shp","school_id":"walsh","school_name":"Escuela Walsh","record_id":"walsh-207"},"geometry":{"type":"Point","coordinates":[-58.572561286484984,-34.581398054985684]}},{"type":"Feature","properties":{"DIRECCION":null,"layer":"5TO1RA_TURNOMAÑANA_ES6_2021","path":"C:\\Users\\usuario\\OneDrive\\Escritorio\\MAPEO MATRICULA\\ES6\\5TO1RA_TURNOMAÑANA_ES6_2021.shp","school_id":"walsh","school_name":"Escuela Walsh","record_id":"walsh-208"},"geometry":{"type":"Point","coordinates":[-58.57304281059714,-34.57856744662298]}},{"type":"Feature","properties":{"DIRECCION":null,"layer":"5TO1RA_TURNOMAÑANA_ES6_2021","path":"C:\\Users\\usuario\\OneDrive\\Escritorio\\MAPEO MATRICULA\\ES6\\5TO1RA_TURNOMAÑANA_ES6_2021.shp","school_id":"walsh","school_name":"Escuela Walsh","record_id":"walsh-209"},"geometry":{"type":"Point","coordinates":[-58.57391364998688,-34.577678113552835]}},{"type":"Feature","properties":{"DIRECCION":null,"layer":"5TO1RA_TURNOMAÑANA_ES6_2021","path":"C:\\Users\\usuario\\OneDrive\\Escritorio\\MAPEO MATRICULA\\ES6\\5TO1RA_TURNOMAÑANA_ES6_2021.shp","school_id":"walsh","school_name":"Escuela Walsh","record_id":"walsh-210"},"geometry":{"type":"Point","coordinates":[-58.58027733908563,-34.57322385700162]}},{"type":"Feature","properties":{"DIRECCION":null,"layer":"5TO1RA_TURNOMAÑANA_ES6_2021","path":"C:\\Users\\usuario\\OneDrive\\Escritorio\\MAPEO MATRICULA\\ES6\\5TO1RA_TURNOMAÑANA_ES6_2021.shp","school_id":"walsh","school_name":"Escuela Walsh","record_id":"walsh-211"},"geometry":{"type":"Point","coordinates":[-58.59321299691092,-34.56337453662294]}},{"type":"Feature","properties":{"DIRECCION":null,"layer":"5TO1RA_TURNOMAÑANA_ES6_2021","path":"C:\\Users\\usuario\\OneDrive\\Escritorio\\MAPEO MATRICULA\\ES6\\5TO1RA_TURNOMAÑANA_ES6_2021.shp","school_id":"walsh","school_name":"Escuela Walsh","record_id":"walsh-212"},"geometry":{"type":"Point","coordinates":[-58.57883186833234,-34.574087559777865]}},{"type":"Feature","properties":{"DIRECCION":null,"layer":"5TO1RA_TURNOMAÑANA_ES6_2021","path":"C:\\Users\\usuario\\OneDrive\\Escritorio\\MAPEO MATRICULA\\ES6\\5TO1RA_TURNOMAÑANA_ES6_2021.shp","school_id":"walsh","school_name":"Escuela Walsh","record_id":"walsh-213"},"geometry":{"type":"Point","coordinates":[-58.570271751128594,-34.57949116663592]}},{"type":"Feature","properties":{"DIRECCION":null,"layer":"5TO1RA_TURNOMAÑANA_ES6_2021","path":"C:\\Users\\usuario\\OneDrive\\Escritorio\\MAPEO MATRICULA\\ES6\\5TO1RA_TURNOMAÑANA_ES6_2021.shp","school_id":"walsh","school_name":"Escuela Walsh","record_id":"walsh-214"},"geometry":{"type":"Point","coordinates":[-58.57536011008565,-34.572223197104634]}},{"type":"Feature","properties":{"DIRECCION":null,"layer":"5TO1RA_TURNOMAÑANA_ES6_2021","path":"C:\\Users\\usuario\\OneDrive\\Escritorio\\MAPEO MATRICULA\\ES6\\5TO1RA_TURNOMAÑANA_ES6_2021.shp","school_id":"walsh","school_name":"Escuela Walsh","record_id":"walsh-215"},"geometry":{"type":"Point","coordinates":[-58.57623290177316,-34.56517308004805]}},{"type":"Feature","properties":{"DIRECCION":null,"layer":"5TO3RA_TURNOMAÑANA_ES6_2021","path":"C:\\Users\\usuario\\OneDrive\\Escritorio\\MAPEO MATRICULA\\ES6\\5TO3RA_TURNOMAÑANA_ES6_2021.shp","school_id":"walsh","school_name":"Escuela Walsh","record_id":"walsh-216"},"geometry":{"type":"Point","coordinates":[-58.57536035493459,-34.5709129489246]}},{"type":"Feature","properties":{"DIRECCION":null,"layer":"5TO3RA_TURNOMAÑANA_ES6_2021","path":"C:\\Users\\usuario\\OneDrive\\Escritorio\\MAPEO MATRICULA\\ES6\\5TO3RA_TURNOMAÑANA_ES6_2021.shp","school_id":"walsh","school_name":"Escuela Walsh","record_id":"walsh-217"},"geometry":{"type":"Point","coordinates":[-58.578443279715685,-34.57074529106928]}},{"type":"Feature","properties":{"DIRECCION":null,"layer":"5TO3RA_TURNOMAÑANA_ES6_2021","path":"C:\\Users\\usuario\\OneDrive\\Escritorio\\MAPEO MATRICULA\\ES6\\5TO3RA_TURNOMAÑANA_ES6_2021.shp","school_id":"walsh","school_name":"Escuela Walsh","record_id":"walsh-218"},"geometry":{"type":"Point","coordinates":[-58.57456342008575,-34.572356140261846]}},{"type":"Feature","properties":{"DIRECCION":null,"layer":"5TO3RA_TURNOMAÑANA_ES6_2021","path":"C:\\Users\\usuario\\OneDrive\\Escritorio\\MAPEO MATRICULA\\ES6\\5TO3RA_TURNOMAÑANA_ES6_2021.shp","school_id":"walsh","school_name":"Escuela Walsh","record_id":"walsh-219"},"geometry":{"type":"Point","coordinates":[-58.57702206461938,-34.573674236750904]}},{"type":"Feature","properties":{"DIRECCION":null,"layer":"5TO3RA_TURNOMAÑANA_ES6_2021","path":"C:\\Users\\usuario\\OneDrive\\Escritorio\\MAPEO MATRICULA\\ES6\\5TO3RA_TURNOMAÑANA_ES6_2021.shp","school_id":"walsh","school_name":"Escuela Walsh","record_id":"walsh-220"},"geometry":{"type":"Point","coordinates":[-58.57631664208438,-34.565140043131564]}},{"type":"Feature","properties":{"DIRECCION":null,"layer":"5TO3RA_TURNOMAÑANA_ES6_2021","path":"C:\\Users\\usuario\\OneDrive\\Escritorio\\MAPEO MATRICULA\\ES6\\5TO3RA_TURNOMAÑANA_ES6_2021.shp","school_id":"walsh","school_name":"Escuela Walsh","record_id":"walsh-221"},"geometry":{"type":"Point","coordinates":[-58.58067963785773,-34.574001240833034]}},{"type":"Feature","properties":{"DIRECCION":null,"layer":"5TO3RA_TURNOMAÑANA_ES6_2021","path":"C:\\Users\\usuario\\OneDrive\\Escritorio\\MAPEO MATRICULA\\ES6\\5TO3RA_TURNOMAÑANA_ES6_2021.shp","school_id":"walsh","school_name":"Escuela Walsh","record_id":"walsh-222"},"geometry":{"type":"Point","coordinates":[-58.558368410044025,-34.58068823521318]}},{"type":"Feature","properties":{"DIRECCION":null,"layer":"5TO3RA_TURNOMAÑANA_ES6_2021","path":"C:\\Users\\usuario\\OneDrive\\Escritorio\\MAPEO MATRICULA\\ES6\\5TO3RA_TURNOMAÑANA_ES6_2021.shp","school_id":"walsh","school_name":"Escuela Walsh","record_id":"walsh-223"},"geometry":{"type":"Point","coordinates":[-58.57115562702462,-34.57387417580174]}},{"type":"Feature","properties":{"DIRECCION":null,"layer":"5TO3RA_TURNOMAÑANA_ES6_2021","path":"C:\\Users\\usuario\\OneDrive\\Escritorio\\MAPEO MATRICULA\\ES6\\5TO3RA_TURNOMAÑANA_ES6_2021.shp","school_id":"walsh","school_name":"Escuela Walsh","record_id":"walsh-224"},"geometry":{"type":"Point","coordinates":[-58.568562476617096,-34.57752821692046]}},{"type":"Feature","properties":{"DIRECCION":null,"layer":"5TO3RA_TURNOMAÑANA_ES6_2021","path":"C:\\Users\\usuario\\OneDrive\\Escritorio\\MAPEO MATRICULA\\ES6\\5TO3RA_TURNOMAÑANA_ES6_2021.shp","school_id":"walsh","school_name":"Escuela Walsh","record_id":"walsh-225"},"geometry":{"type":"Point","coordinates":[-58.57565828726715,-34.56567229503108]}},{"type":"Feature","properties":{"DIRECCION":null,"layer":"5TO3RA_TURNOMAÑANA_ES6_2021","path":"C:\\Users\\usuario\\OneDrive\\Escritorio\\MAPEO MATRICULA\\ES6\\5TO3RA_TURNOMAÑANA_ES6_2021.shp","school_id":"walsh","school_name":"Escuela Walsh","record_id":"walsh-226"},"geometry":{"type":"Point","coordinates":[-58.57664636970871,-34.56454829769683]}},{"type":"Feature","properties":{"DIRECCION":null,"layer":"5TO3RA_TURNOMAÑANA_ES6_2021","path":"C:\\Users\\usuario\\OneDrive\\Escritorio\\MAPEO MATRICULA\\ES6\\5TO3RA_TURNOMAÑANA_ES6_2021.shp","school_id":"walsh","school_name":"Escuela Walsh","record_id":"walsh-227"},"geometry":{"type":"Point","coordinates":[-58.57589358388365,-34.57393027203515]}},{"type":"Feature","properties":{"DIRECCION":null,"layer":"5TO3RA_TURNOMAÑANA_ES6_2021","path":"C:\\Users\\usuario\\OneDrive\\Escritorio\\MAPEO MATRICULA\\ES6\\5TO3RA_TURNOMAÑANA_ES6_2021.shp","school_id":"walsh","school_name":"Escuela Walsh","record_id":"walsh-228"},"geometry":{"type":"Point","coordinates":[-58.57571827245505,-34.571532680003564]}},{"type":"Feature","properties":{"DIRECCION":null,"layer":"5TO3RA_TURNOMAÑANA_ES6_2021","path":"C:\\Users\\usuario\\OneDrive\\Escritorio\\MAPEO MATRICULA\\ES6\\5TO3RA_TURNOMAÑANA_ES6_2021.shp","school_id":"walsh","school_name":"Escuela Walsh","record_id":"walsh-229"},"geometry":{"type":"Point","coordinates":[-58.57668792010143,-34.56928046569486]}},{"type":"Feature","properties":{"DIRECCION":null,"layer":"5TO3RA_TURNOMAÑANA_ES6_2021","path":"C:\\Users\\usuario\\OneDrive\\Escritorio\\MAPEO MATRICULA\\ES6\\5TO3RA_TURNOMAÑANA_ES6_2021.shp","school_id":"walsh","school_name":"Escuela Walsh","record_id":"walsh-230"},"geometry":{"type":"Point","coordinates":[-58.57589519194978,-34.57952857026935]}},{"type":"Feature","properties":{"DIRECCION":null,"layer":"5TO3RA_TURNOMAÑANA_ES6_2021","path":"C:\\Users\\usuario\\OneDrive\\Escritorio\\MAPEO MATRICULA\\ES6\\5TO3RA_TURNOMAÑANA_ES6_2021.shp","school_id":"walsh","school_name":"Escuela Walsh","record_id":"walsh-231"},"geometry":{"type":"Point","coordinates":[-58.5683554653839,-34.580056205191205]}},{"type":"Feature","properties":{"DIRECCION":null,"layer":"5TO3RA_TURNOMAÑANA_ES6_2021","path":"C:\\Users\\usuario\\OneDrive\\Escritorio\\MAPEO MATRICULA\\ES6\\5TO3RA_TURNOMAÑANA_ES6_2021.shp","school_id":"walsh","school_name":"Escuela Walsh","record_id":"walsh-232"},"geometry":{"type":"Point","coordinates":[-58.565702719962744,-34.5643619290537]}},{"type":"Feature","properties":{"DIRECCION":null,"layer":"5TO3RA_TURNOMAÑANA_ES6_2021","path":"C:\\Users\\usuario\\OneDrive\\Escritorio\\MAPEO MATRICULA\\ES6\\5TO3RA_TURNOMAÑANA_ES6_2021.shp","school_id":"walsh","school_name":"Escuela Walsh","record_id":"walsh-233"},"geometry":{"type":"Point","coordinates":[-58.571103822860266,-34.5783375887091]}},{"type":"Feature","properties":{"DIRECCION":null,"layer":"5TO3RA_TURNOMAÑANA_ES6_2021","path":"C:\\Users\\usuario\\OneDrive\\Escritorio\\MAPEO MATRICULA\\ES6\\5TO3RA_TURNOMAÑANA_ES6_2021.shp","school_id":"walsh","school_name":"Escuela Walsh","record_id":"walsh-234"},"geometry":{"type":"Point","coordinates":[-58.57862417372348,-34.57254286334123]}},{"type":"Feature","properties":{"DIRECCION":null,"layer":"5TO3RA_TURNOMAÑANA_ES6_2021","path":"C:\\Users\\usuario\\OneDrive\\Escritorio\\MAPEO MATRICULA\\ES6\\5TO3RA_TURNOMAÑANA_ES6_2021.shp","school_id":"walsh","school_name":"Escuela Walsh","record_id":"walsh-235"},"geometry":{"type":"Point","coordinates":[-58.59317384048717,-34.56330333682261]}},{"type":"Feature","properties":{"DIRECCION":null,"layer":"5to5ta_TURNOMAÑANA_ES6_2021","path":"C:\\Users\\usuario\\OneDrive\\Escritorio\\MAPEO MATRICULA\\ES6\\5to5ta_TURNOMAÑANA_ES6_2021.shp","school_id":"walsh","school_name":"Escuela Walsh","record_id":"walsh-236"},"geometry":{"type":"Point","coordinates":[-58.57303495099698,-34.57822897232511]}},{"type":"Feature","properties":{"DIRECCION":null,"layer":"5to5ta_TURNOMAÑANA_ES6_2021","path":"C:\\Users\\usuario\\OneDrive\\Escritorio\\MAPEO MATRICULA\\ES6\\5to5ta_TURNOMAÑANA_ES6_2021.shp","school_id":"walsh","school_name":"Escuela Walsh","record_id":"walsh-237"},"geometry":{"type":"Point","coordinates":[-58.57307631258755,-34.5782365401362]}},{"type":"Feature","properties":{"DIRECCION":null,"layer":"5to5ta_TURNOMAÑANA_ES6_2021","path":"C:\\Users\\usuario\\OneDrive\\Escritorio\\MAPEO MATRICULA\\ES6\\5to5ta_TURNOMAÑANA_ES6_2021.shp","school_id":"walsh","school_name":"Escuela Walsh","record_id":"walsh-238"},"geometry":{"type":"Point","coordinates":[-58.57475941719198,-34.57213003196552]}},{"type":"Feature","properties":{"DIRECCION":null,"layer":"5to5ta_TURNOMAÑANA_ES6_2021","path":"C:\\Users\\usuario\\OneDrive\\Escritorio\\MAPEO MATRICULA\\ES6\\5to5ta_TURNOMAÑANA_ES6_2021.shp","school_id":"walsh","school_name":"Escuela Walsh","record_id":"walsh-239"},"geometry":{"type":"Point","coordinates":[-58.56930946749907,-34.580277306035605]}},{"type":"Feature","properties":{"DIRECCION":null,"layer":"5to5ta_TURNOMAÑANA_ES6_2021","path":"C:\\Users\\usuario\\OneDrive\\Escritorio\\MAPEO MATRICULA\\ES6\\5to5ta_TURNOMAÑANA_ES6_2021.shp","school_id":"walsh","school_name":"Escuela Walsh","record_id":"walsh-240"},"geometry":{"type":"Point","coordinates":[-58.572886319048244,-34.57740099400314]}},{"type":"Feature","properties":{"DIRECCION":null,"layer":"5to5ta_TURNOMAÑANA_ES6_2021","path":"C:\\Users\\usuario\\OneDrive\\Escritorio\\MAPEO MATRICULA\\ES6\\5to5ta_TURNOMAÑANA_ES6_2021.shp","school_id":"walsh","school_name":"Escuela Walsh","record_id":"walsh-241"},"geometry":{"type":"Point","coordinates":[-58.572389047093466,-34.576688484332074]}},{"type":"Feature","properties":{"DIRECCION":null,"layer":"5to5ta_TURNOMAÑANA_ES6_2021","path":"C:\\Users\\usuario\\OneDrive\\Escritorio\\MAPEO MATRICULA\\ES6\\5to5ta_TURNOMAÑANA_ES6_2021.shp","school_id":"walsh","school_name":"Escuela Walsh","record_id":"walsh-242"},"geometry":{"type":"Point","coordinates":[-58.57188736380018,-34.57489981597645]}},{"type":"Feature","properties":{"DIRECCION":null,"layer":"5to5ta_TURNOMAÑANA_ES6_2021","path":"C:\\Users\\usuario\\OneDrive\\Escritorio\\MAPEO MATRICULA\\ES6\\5to5ta_TURNOMAÑANA_ES6_2021.shp","school_id":"walsh","school_name":"Escuela Walsh","record_id":"walsh-243"},"geometry":{"type":"Point","coordinates":[-58.57706259332382,-34.57530747682067]}},{"type":"Feature","properties":{"DIRECCION":null,"layer":"5to5ta_TURNOMAÑANA_ES6_2021","path":"C:\\Users\\usuario\\OneDrive\\Escritorio\\MAPEO MATRICULA\\ES6\\5to5ta_TURNOMAÑANA_ES6_2021.shp","school_id":"walsh","school_name":"Escuela Walsh","record_id":"walsh-244"},"geometry":{"type":"Point","coordinates":[-58.57222629840939,-34.57919897595193]}},{"type":"Feature","properties":{"DIRECCION":null,"layer":"5to5ta_TURNOMAÑANA_ES6_2021","path":"C:\\Users\\usuario\\OneDrive\\Escritorio\\MAPEO MATRICULA\\ES6\\5to5ta_TURNOMAÑANA_ES6_2021.shp","school_id":"walsh","school_name":"Escuela Walsh","record_id":"walsh-245"},"geometry":{"type":"Point","coordinates":[-58.57683566070198,-34.57423509657902]}},{"type":"Feature","properties":{"DIRECCION":null,"layer":"6TO1RA_TURNOMAÑANA_ES6_2021","path":"C:\\Users\\usuario\\OneDrive\\Escritorio\\MAPEO MATRICULA\\ES6\\6TO1RA_TURNOMAÑANA_ES6_2021.shp","school_id":"walsh","school_name":"Escuela Walsh","record_id":"walsh-246"},"geometry":{"type":"Point","coordinates":[-58.581412192636925,-34.57363687301724]}},{"type":"Feature","properties":{"DIRECCION":null,"layer":"6TO1RA_TURNOMAÑANA_ES6_2021","path":"C:\\Users\\usuario\\OneDrive\\Escritorio\\MAPEO MATRICULA\\ES6\\6TO1RA_TURNOMAÑANA_ES6_2021.shp","school_id":"walsh","school_name":"Escuela Walsh","record_id":"walsh-247"},"geometry":{"type":"Point","coordinates":[-58.57967330982694,-34.57213965525585]}},{"type":"Feature","properties":{"DIRECCION":null,"layer":"6TO1RA_TURNOMAÑANA_ES6_2021","path":"C:\\Users\\usuario\\OneDrive\\Escritorio\\MAPEO MATRICULA\\ES6\\6TO1RA_TURNOMAÑANA_ES6_2021.shp","school_id":"walsh","school_name":"Escuela Walsh","record_id":"walsh-248"},"geometry":{"type":"Point","coordinates":[-58.5675790132885,-34.574873499987454]}},{"type":"Feature","properties":{"DIRECCION":null,"layer":"6TO1RA_TURNOMAÑANA_ES6_2021","path":"C:\\Users\\usuario\\OneDrive\\Escritorio\\MAPEO MATRICULA\\ES6\\6TO1RA_TURNOMAÑANA_ES6_2021.shp","school_id":"walsh","school_name":"Escuela Walsh","record_id":"walsh-249"},"geometry":{"type":"Point","coordinates":[-58.571046118593266,-34.58098924248163]}},{"type":"Feature","properties":{"DIRECCION":null,"layer":"6TO1RA_TURNOMAÑANA_ES6_2021","path":"C:\\Users\\usuario\\OneDrive\\Escritorio\\MAPEO MATRICULA\\ES6\\6TO1RA_TURNOMAÑANA_ES6_2021.shp","school_id":"walsh","school_name":"Escuela Walsh","record_id":"walsh-250"},"geometry":{"type":"Point","coordinates":[-58.57111505457757,-34.58103086405188]}},{"type":"Feature","properties":{"DIRECCION":null,"layer":"6TO1RA_TURNOMAÑANA_ES6_2021","path":"C:\\Users\\usuario\\OneDrive\\Escritorio\\MAPEO MATRICULA\\ES6\\6TO1RA_TURNOMAÑANA_ES6_2021.shp","school_id":"walsh","school_name":"Escuela Walsh","record_id":"walsh-251"},"geometry":{"type":"Point","coordinates":[-58.57760586611196,-34.573874946968985]}},{"type":"Feature","properties":{"DIRECCION":null,"layer":"6TO3RA_TURNOMAÑANA","path":"6TO3RA_TURNOMAÑANA.shp","school_id":"walsh","school_name":"Escuela Walsh","record_id":"walsh-252"},"geometry":{"type":"Point","coordinates":[-58.56864837587073,-34.58001970958699]}},{"type":"Feature","properties":{"DIRECCION":null,"layer":"6TO3RA_TURNOMAÑANA","path":"6TO3RA_TURNOMAÑANA.shp","school_id":"walsh","school_name":"Escuela Walsh","record_id":"walsh-253"},"geometry":{"type":"Point","coordinates":[-58.57096108600815,-34.57381572116755]}},{"type":"Feature","properties":{"DIRECCION":null,"layer":"6TO3RA_TURNOMAÑANA","path":"6TO3RA_TURNOMAÑANA.shp","school_id":"walsh","school_name":"Escuela Walsh","record_id":"walsh-254"},"geometry":{"type":"Point","coordinates":[-58.575811006427614,-34.5679795124146]}},{"type":"Feature","properties":{"DIRECCION":null,"layer":"6TO3RA_TURNOMAÑANA","path":"6TO3RA_TURNOMAÑANA.shp","school_id":"walsh","school_name":"Escuela Walsh","record_id":"walsh-255"},"geometry":{"type":"Point","coordinates":[-58.57480332916227,-34.577749567532905]}},{"type":"Feature","properties":{"DIRECCION":null,"layer":"6TO3RA_TURNOMAÑANA","path":"6TO3RA_TURNOMAÑANA.shp","school_id":"walsh","school_name":"Escuela Walsh","record_id":"walsh-256"},"geometry":{"type":"Point","coordinates":[-58.57092610557198,-34.572671357132855]}},{"type":"Feature","properties":{"DIRECCION":null,"layer":"6TO3RA_TURNOMAÑANA","path":"6TO3RA_TURNOMAÑANA.shp","school_id":"walsh","school_name":"Escuela Walsh","record_id":"walsh-257"},"geometry":{"type":"Point","coordinates":[-58.57462653143839,-34.56753743807203]}},{"type":"Feature","properties":{"DIRECCION":null,"layer":"6TO3RA_TURNOMAÑANA","path":"6TO3RA_TURNOMAÑANA.shp","school_id":"walsh","school_name":"Escuela Walsh","record_id":"walsh-258"},"geometry":{"type":"Point","coordinates":[-58.56889903826746,-34.55778635310631]}},{"type":"Feature","properties":{"DIRECCION":null,"layer":"6TO3RA_TURNOMAÑANA","path":"6TO3RA_TURNOMAÑANA.shp","school_id":"walsh","school_name":"Escuela Walsh","record_id":"walsh-259"},"geometry":{"type":"Point","coordinates":[-58.57554610943032,-34.57180124353604]}},{"type":"Feature","properties":{"DIRECCION":null,"layer":"6TO3RA_TURNOMAÑANA","path":"6TO3RA_TURNOMAÑANA.shp","school_id":"walsh","school_name":"Escuela Walsh","record_id":"walsh-260"},"geometry":{"type":"Point","coordinates":[-58.57594686378647,-34.5756113578579]}},{"type":"Feature","properties":{"DIRECCION":null,"layer":"6TO3RA_TURNOMAÑANA","path":"6TO3RA_TURNOMAÑANA.shp","school_id":"walsh","school_name":"Escuela Walsh","record_id":"walsh-261"},"geometry":{"type":"Point","coordinates":[-58.580569563436185,-34.573101187119384]}},{"type":"Feature","properties":{"DIRECCION":null,"layer":"6to5ta_TURNOMAÑANA_ES6_2021","path":"C:\\Users\\usuario\\OneDrive\\Escritorio\\MAPEO MATRICULA\\ES6\\6to5ta_TURNOMAÑANA_ES6_2021.shp","school_id":"walsh","school_name":"Escuela Walsh","record_id":"walsh-262"},"geometry":{"type":"Point","coordinates":[-58.57345581083686,-34.546970213012806]}},{"type":"Feature","properties":{"DIRECCION":null,"layer":"6to5ta_TURNOMAÑANA_ES6_2021","path":"C:\\Users\\usuario\\OneDrive\\Escritorio\\MAPEO MATRICULA\\ES6\\6to5ta_TURNOMAÑANA_ES6_2021.shp","school_id":"walsh","school_name":"Escuela Walsh","record_id":"walsh-263"},"geometry":{"type":"Point","coordinates":[-58.57366521409309,-34.57775543749087]}},{"type":"Feature","properties":{"DIRECCION":null,"layer":"6to5ta_TURNOMAÑANA_ES6_2021","path":"C:\\Users\\usuario\\OneDrive\\Escritorio\\MAPEO MATRICULA\\ES6\\6to5ta_TURNOMAÑANA_ES6_2021.shp","school_id":"walsh","school_name":"Escuela Walsh","record_id":"walsh-264"},"geometry":{"type":"Point","coordinates":[-58.57376861806954,-34.57766036626369]}},{"type":"Feature","properties":{"DIRECCION":null,"layer":"6to5ta_TURNOMAÑANA_ES6_2021","path":"C:\\Users\\usuario\\OneDrive\\Escritorio\\MAPEO MATRICULA\\ES6\\6to5ta_TURNOMAÑANA_ES6_2021.shp","school_id":"walsh","school_name":"Escuela Walsh","record_id":"walsh-265"},"geometry":{"type":"Point","coordinates":[-58.56340866404202,-34.56198640176649]}},{"type":"Feature","properties":{"DIRECCION":null,"layer":"6to5ta_TURNOMAÑANA_ES6_2021","path":"C:\\Users\\usuario\\OneDrive\\Escritorio\\MAPEO MATRICULA\\ES6\\6to5ta_TURNOMAÑANA_ES6_2021.shp","school_id":"walsh","school_name":"Escuela Walsh","record_id":"walsh-266"},"geometry":{"type":"Point","coordinates":[-58.57952847745908,-34.56919770969897]}},{"type":"Feature","properties":{"DIRECCION":null,"layer":"6to5ta_TURNOMAÑANA_ES6_2021","path":"C:\\Users\\usuario\\OneDrive\\Escritorio\\MAPEO MATRICULA\\ES6\\6to5ta_TURNOMAÑANA_ES6_2021.shp","school_id":"walsh","school_name":"Escuela Walsh","record_id":"walsh-267"},"geometry":{"type":"Point","coordinates":[-58.57686686316661,-34.57643084208478]}},{"type":"Feature","properties":{"DIRECCION":null,"layer":"6to5ta_TURNOMAÑANA_ES6_2021","path":"C:\\Users\\usuario\\OneDrive\\Escritorio\\MAPEO MATRICULA\\ES6\\6to5ta_TURNOMAÑANA_ES6_2021.shp","school_id":"walsh","school_name":"Escuela Walsh","record_id":"walsh-268"},"geometry":{"type":"Point","coordinates":[-58.556880018484364,-34.57395128838282]}},{"type":"Feature","properties":{"DIRECCION":null,"layer":"6to5ta_TURNOMAÑANA_ES6_2021","path":"C:\\Users\\usuario\\OneDrive\\Escritorio\\MAPEO MATRICULA\\ES6\\6to5ta_TURNOMAÑANA_ES6_2021.shp","school_id":"walsh","school_name":"Escuela Walsh","record_id":"walsh-269"},"geometry":{"type":"Point","coordinates":[-58.5781788347691,-34.57213350466992]}},{"type":"Feature","properties":{"DIRECCION":null,"layer":"6to5ta_TURNOMAÑANA_ES6_2021","path":"C:\\Users\\usuario\\OneDrive\\Escritorio\\MAPEO MATRICULA\\ES6\\6to5ta_TURNOMAÑANA_ES6_2021.shp","school_id":"walsh","school_name":"Escuela Walsh","record_id":"walsh-270"},"geometry":{"type":"Point","coordinates":[-58.58473613073224,-34.57429247358354]}},{"type":"Feature","properties":{"DIRECCION":null,"layer":"6to5ta_TURNOMAÑANA_ES6_2021","path":"C:\\Users\\usuario\\OneDrive\\Escritorio\\MAPEO MATRICULA\\ES6\\6to5ta_TURNOMAÑANA_ES6_2021.shp","school_id":"walsh","school_name":"Escuela Walsh","record_id":"walsh-271"},"geometry":{"type":"Point","coordinates":[-58.57737896335454,-34.57222466523717]}},{"type":"Feature","properties":{"DIRECCION":null,"layer":"6to5ta_TURNOMAÑANA_ES6_2021","path":"C:\\Users\\usuario\\OneDrive\\Escritorio\\MAPEO MATRICULA\\ES6\\6to5ta_TURNOMAÑANA_ES6_2021.shp","school_id":"walsh","school_name":"Escuela Walsh","record_id":"walsh-272"},"geometry":{"type":"Point","coordinates":[-58.58565440077205,-34.5754810824207]}},{"type":"Feature","properties":{"DIRECCION":null,"layer":"6to5ta_TURNOMAÑANA_ES6_2021","path":"C:\\Users\\usuario\\OneDrive\\Escritorio\\MAPEO MATRICULA\\ES6\\6to5ta_TURNOMAÑANA_ES6_2021.shp","school_id":"walsh","school_name":"Escuela Walsh","record_id":"walsh-273"},"geometry":{"type":"Point","coordinates":[-58.58133840578119,-34.5780784489058]}},{"type":"Feature","properties":{"DIRECCION":null,"layer":"6to5ta_TURNOMAÑANA_ES6_2021","path":"C:\\Users\\usuario\\OneDrive\\Escritorio\\MAPEO MATRICULA\\ES6\\6to5ta_TURNOMAÑANA_ES6_2021.shp","school_id":"walsh","school_name":"Escuela Walsh","record_id":"walsh-274"},"geometry":{"type":"Point","coordinates":[-58.54634057190315,-34.581687171543834]}},{"type":"Feature","properties":{"DIRECCION":null,"layer":"1RO2DA_TURNOTARDE_ES6_2021","path":"C:/Users/usuario/OneDrive/Escritorio/MAPEO MATRICULA/ES6/1RO2DA_TURNOTARDE_ES6_2021.shp","school_id":"walsh","school_name":"Escuela Walsh","record_id":"walsh-275"},"geometry":{"type":"Point","coordinates":[-58.57762705915062,-34.57413707569619]}},{"type":"Feature","properties":{"DIRECCION":null,"layer":"1RO2DA_TURNOTARDE_ES6_2021","path":"C:/Users/usuario/OneDrive/Escritorio/MAPEO MATRICULA/ES6/1RO2DA_TURNOTARDE_ES6_2021.shp","school_id":"walsh","school_name":"Escuela Walsh","record_id":"walsh-276"},"geometry":{"type":"Point","coordinates":[-58.57629109386691,-34.570246866955635]}},{"type":"Feature","properties":{"DIRECCION":null,"layer":"1RO2DA_TURNOTARDE_ES6_2021","path":"C:/Users/usuario/OneDrive/Escritorio/MAPEO MATRICULA/ES6/1RO2DA_TURNOTARDE_ES6_2021.shp","school_id":"walsh","school_name":"Escuela Walsh","record_id":"walsh-277"},"geometry":{"type":"Point","coordinates":[-58.5751280240902,-34.56503535960441]}},{"type":"Feature","properties":{"DIRECCION":null,"layer":"1RO2DA_TURNOTARDE_ES6_2021","path":"C:/Users/usuario/OneDrive/Escritorio/MAPEO MATRICULA/ES6/1RO2DA_TURNOTARDE_ES6_2021.shp","school_id":"walsh","school_name":"Escuela Walsh","record_id":"walsh-278"},"geometry":{"type":"Point","coordinates":[-58.57527968325565,-34.56491047080541]}},{"type":"Feature","properties":{"DIRECCION":null,"layer":"1RO2DA_TURNOTARDE_ES6_2021","path":"C:/Users/usuario/OneDrive/Escritorio/MAPEO MATRICULA/ES6/1RO2DA_TURNOTARDE_ES6_2021.shp","school_id":"walsh","school_name":"Escuela Walsh","record_id":"walsh-279"},"geometry":{"type":"Point","coordinates":[-58.5754072148266,-34.564884925346135]}},{"type":"Feature","properties":{"DIRECCION":null,"layer":"ES6_1RO4TA_TURNOTARDE_2021","path":"C:/Users/usuario/OneDrive/Escritorio/MAPEO MATRICULA/ES6/ES6_1RO4TA_TURNOTARDE_2021.shp","school_id":"walsh","school_name":"Escuela Walsh","record_id":"walsh-280"},"geometry":{"type":"Point","coordinates":[-58.57922225918196,-34.57628565018804]}},{"type":"Feature","properties":{"DIRECCION":null,"layer":"ES6_1RO4TA_TURNOTARDE_2021","path":"C:/Users/usuario/OneDrive/Escritorio/MAPEO MATRICULA/ES6/ES6_1RO4TA_TURNOTARDE_2021.shp","school_id":"walsh","school_name":"Escuela Walsh","record_id":"walsh-281"},"geometry":{"type":"Point","coordinates":[-58.575136099447825,-34.57873795305691]}},{"type":"Feature","properties":{"DIRECCION":null,"layer":"ES6_1RO4TA_TURNOTARDE_2021","path":"C:/Users/usuario/OneDrive/Escritorio/MAPEO MATRICULA/ES6/ES6_1RO4TA_TURNOTARDE_2021.shp","school_id":"walsh","school_name":"Escuela Walsh","record_id":"walsh-282"},"geometry":{"type":"Point","coordinates":[-58.57902072891259,-34.570154263905444]}},{"type":"Feature","properties":{"DIRECCION":null,"layer":"ES6_1RO4TA_TURNOTARDE_2021","path":"C:/Users/usuario/OneDrive/Escritorio/MAPEO MATRICULA/ES6/ES6_1RO4TA_TURNOTARDE_2021.shp","school_id":"walsh","school_name":"Escuela Walsh","record_id":"walsh-283"},"geometry":{"type":"Point","coordinates":[-58.56707629374506,-34.58023313856605]}},{"type":"Feature","properties":{"DIRECCION":null,"layer":"ES6_1RO4TA_TURNOTARDE_2021","path":"C:/Users/usuario/OneDrive/Escritorio/MAPEO MATRICULA/ES6/ES6_1RO4TA_TURNOTARDE_2021.shp","school_id":"walsh","school_name":"Escuela Walsh","record_id":"walsh-284"},"geometry":{"type":"Point","coordinates":[-58.56856916191625,-34.575343577108235]}},{"type":"Feature","properties":{"DIRECCION":null,"layer":"ES6_1RO4TA_TURNOTARDE_2021","path":"C:/Users/usuario/OneDrive/Escritorio/MAPEO MATRICULA/ES6/ES6_1RO4TA_TURNOTARDE_2021.shp","school_id":"walsh","school_name":"Escuela Walsh","record_id":"walsh-285"},"geometry":{"type":"Point","coordinates":[-58.56884216698504,-34.57610861653757]}},{"type":"Feature","properties":{"DIRECCION":null,"layer":"ES6_1RO4TA_TURNOTARDE_2021","path":"C:/Users/usuario/OneDrive/Escritorio/MAPEO MATRICULA/ES6/ES6_1RO4TA_TURNOTARDE_2021.shp","school_id":"walsh","school_name":"Escuela Walsh","record_id":"walsh-286"},"geometry":{"type":"Point","coordinates":[-58.60195326511582,-34.559728017186885]}},{"type":"Feature","properties":{"DIRECCION":null,"layer":"ES6_1RO4TA_TURNOTARDE_2021","path":"C:/Users/usuario/OneDrive/Escritorio/MAPEO MATRICULA/ES6/ES6_1RO4TA_TURNOTARDE_2021.shp","school_id":"walsh","school_name":"Escuela Walsh","record_id":"walsh-287"},"geometry":{"type":"Point","coordinates":[-58.57813165203465,-34.569812088762596]}},{"type":"Feature","properties":{"DIRECCION":null,"layer":"ES6_1RO4TA_TURNOTARDE_2021","path":"C:/Users/usuario/OneDrive/Escritorio/MAPEO MATRICULA/ES6/ES6_1RO4TA_TURNOTARDE_2021.shp","school_id":"walsh","school_name":"Escuela Walsh","record_id":"walsh-288"},"geometry":{"type":"Point","coordinates":[-58.56869930098098,-34.58007179110338]}},{"type":"Feature","properties":{"DIRECCION":null,"layer":"ES6_1RO4TA_TURNOTARDE_2021","path":"C:/Users/usuario/OneDrive/Escritorio/MAPEO MATRICULA/ES6/ES6_1RO4TA_TURNOTARDE_2021.shp","school_id":"walsh","school_name":"Escuela Walsh","record_id":"walsh-289"},"geometry":{"type":"Point","coordinates":[-58.57825444417241,-34.57219700954479]}},{"type":"Feature","properties":{"DIRECCION":null,"layer":"ES6_1RO4TA_TURNOTARDE_2021","path":"C:/Users/usuario/OneDrive/Escritorio/MAPEO MATRICULA/ES6/ES6_1RO4TA_TURNOTARDE_2021.shp","school_id":"walsh","school_name":"Escuela Walsh","record_id":"walsh-290"},"geometry":{"type":"Point","coordinates":[-58.57324970517599,-34.57735509046162]}},{"type":"Feature","properties":{"DIRECCION":null,"layer":"ES6_1RO4TA_TURNOTARDE_2021","path":"C:/Users/usuario/OneDrive/Escritorio/MAPEO MATRICULA/ES6/ES6_1RO4TA_TURNOTARDE_2021.shp","school_id":"walsh","school_name":"Escuela Walsh","record_id":"walsh-291"},"geometry":{"type":"Point","coordinates":[-58.57328675826754,-34.577383470048034]}},{"type":"Feature","properties":{"DIRECCION":null,"layer":"ES6_1RO4TA_TURNOTARDE_2021","path":"C:/Users/usuario/OneDrive/Escritorio/MAPEO MATRICULA/ES6/ES6_1RO4TA_TURNOTARDE_2021.shp","school_id":"walsh","school_name":"Escuela Walsh","record_id":"walsh-292"},"geometry":{"type":"Point","coordinates":[-58.57629285583598,-34.571766234030555]}},{"type":"Feature","properties":{"DIRECCION":null,"layer":"ES6_1RO4TA_TURNOTARDE_2021","path":"C:/Users/usuario/OneDrive/Escritorio/MAPEO MATRICULA/ES6/ES6_1RO4TA_TURNOTARDE_2021.shp","school_id":"walsh","school_name":"Escuela Walsh","record_id":"walsh-293"},"geometry":{"type":"Point","coordinates":[-58.58288853666288,-34.572049638980815]}},{"type":"Feature","properties":{"DIRECCION":null,"layer":"ES6_1RO4TA_TURNOTARDE_2021","path":"C:/Users/usuario/OneDrive/Escritorio/MAPEO MATRICULA/ES6/ES6_1RO4TA_TURNOTARDE_2021.shp","school_id":"walsh","school_name":"Escuela Walsh","record_id":"walsh-294"},"geometry":{"type":"Point","coordinates":[-58.58055157690945,-34.57407458117069]}},{"type":"Feature","properties":{"DIRECCION":null,"layer":"ES6_1RO4TA_TURNOTARDE_2021","path":"C:/Users/usuario/OneDrive/Escritorio/MAPEO MATRICULA/ES6/ES6_1RO4TA_TURNOTARDE_2021.shp","school_id":"walsh","school_name":"Escuela Walsh","record_id":"walsh-295"},"geometry":{"type":"Point","coordinates":[-58.57867242432415,-34.57512841351111]}},{"type":"Feature","properties":{"DIRECCION":null,"layer":"ES6_1RO4TA_TURNOTARDE_2021","path":"C:/Users/usuario/OneDrive/Escritorio/MAPEO MATRICULA/ES6/ES6_1RO4TA_TURNOTARDE_2021.shp","school_id":"walsh","school_name":"Escuela Walsh","record_id":"walsh-296"},"geometry":{"type":"Point","coordinates":[-58.579028444610685,-34.57134619649699]}},{"type":"Feature","properties":{"DIRECCION":null,"layer":"ES6_2DO2DA_TURNOTARDE_2021","path":"C:\\Users\\usuario\\OneDrive\\Escritorio\\MAPEO MATRICULA\\ES6\\ES6_2DO2DA_TURNOTARDE_2021.shp","school_id":"walsh","school_name":"Escuela Walsh","record_id":"walsh-297"},"geometry":{"type":"Point","coordinates":[-58.57609646431007,-34.57154020597011]}},{"type":"Feature","properties":{"DIRECCION":null,"layer":"ES6_2DO2DA_TURNOTARDE_2021","path":"C:\\Users\\usuario\\OneDrive\\Escritorio\\MAPEO MATRICULA\\ES6\\ES6_2DO2DA_TURNOTARDE_2021.shp","school_id":"walsh","school_name":"Escuela Walsh","record_id":"walsh-298"},"geometry":{"type":"Point","coordinates":[-58.57480173009522,-34.57719734239853]}},{"type":"Feature","properties":{"DIRECCION":null,"layer":"ES6_2DO2DA_TURNOTARDE_2021","path":"C:\\Users\\usuario\\OneDrive\\Escritorio\\MAPEO MATRICULA\\ES6\\ES6_2DO2DA_TURNOTARDE_2021.shp","school_id":"walsh","school_name":"Escuela Walsh","record_id":"walsh-299"},"geometry":{"type":"Point","coordinates":[-58.57176713201098,-34.57485936557114]}},{"type":"Feature","properties":{"DIRECCION":null,"layer":"ES6_2DO2DA_TURNOTARDE_2021","path":"C:\\Users\\usuario\\OneDrive\\Escritorio\\MAPEO MATRICULA\\ES6\\ES6_2DO2DA_TURNOTARDE_2021.shp","school_id":"walsh","school_name":"Escuela Walsh","record_id":"walsh-300"},"geometry":{"type":"Point","coordinates":[-58.58501620386082,-34.586235828997]}},{"type":"Feature","properties":{"DIRECCION":null,"layer":"ES6_2DO2DA_TURNOTARDE_2021","path":"C:\\Users\\usuario\\OneDrive\\Escritorio\\MAPEO MATRICULA\\ES6\\ES6_2DO2DA_TURNOTARDE_2021.shp","school_id":"walsh","school_name":"Escuela Walsh","record_id":"walsh-301"},"geometry":{"type":"Point","coordinates":[-58.576624971172514,-34.5653622491333]}},{"type":"Feature","properties":{"DIRECCION":null,"layer":"ES6_2DO2DA_TURNOTARDE_2021","path":"C:\\Users\\usuario\\OneDrive\\Escritorio\\MAPEO MATRICULA\\ES6\\ES6_2DO2DA_TURNOTARDE_2021.shp","school_id":"walsh","school_name":"Escuela Walsh","record_id":"walsh-302"},"geometry":{"type":"Point","coordinates":[-58.57647331200706,-34.5652487143155]}},{"type":"Feature","properties":{"DIRECCION":null,"layer":"ES6_2DO4TA_TT_2021","path":"C:\\Users\\usuario\\OneDrive\\Escritorio\\MAPEO MATRICULA\\ES6\\ES6_2DO4TA_TT_2021.shp","school_id":"walsh","school_name":"Escuela Walsh","record_id":"walsh-303"},"geometry":{"type":"Point","coordinates":[-58.568217291327706,-34.5810425192817]}},{"type":"Feature","properties":{"DIRECCION":null,"layer":"ES6_2DO4TA_TT_2021","path":"C:\\Users\\usuario\\OneDrive\\Escritorio\\MAPEO MATRICULA\\ES6\\ES6_2DO4TA_TT_2021.shp","school_id":"walsh","school_name":"Escuela Walsh","record_id":"walsh-304"},"geometry":{"type":"Point","coordinates":[-58.577597761357296,-34.57413675585905]}},{"type":"Feature","properties":{"DIRECCION":null,"layer":"ES6_2DO4TA_TT_2021","path":"C:\\Users\\usuario\\OneDrive\\Escritorio\\MAPEO MATRICULA\\ES6\\ES6_2DO4TA_TT_2021.shp","school_id":"walsh","school_name":"Escuela Walsh","record_id":"walsh-305"},"geometry":{"type":"Point","coordinates":[-58.57920674433147,-34.576155699435546]}},{"type":"Feature","properties":{"DIRECCION":null,"layer":"ES6_2DO4TA_TT_2021","path":"C:\\Users\\usuario\\OneDrive\\Escritorio\\MAPEO MATRICULA\\ES6\\ES6_2DO4TA_TT_2021.shp","school_id":"walsh","school_name":"Escuela Walsh","record_id":"walsh-306"},"geometry":{"type":"Point","coordinates":[-58.57072183978653,-34.5725207198935]}},{"type":"Feature","properties":{"DIRECCION":null,"layer":"ES6_2DO4TA_TT_2021","path":"C:\\Users\\usuario\\OneDrive\\Escritorio\\MAPEO MATRICULA\\ES6\\ES6_2DO4TA_TT_2021.shp","school_id":"walsh","school_name":"Escuela Walsh","record_id":"walsh-307"},"geometry":{"type":"Point","coordinates":[-58.56859671089044,-34.57997727649148]}},{"type":"Feature","properties":{"DIRECCION":null,"layer":"ES6_2DO4TA_TT_2021","path":"C:\\Users\\usuario\\OneDrive\\Escritorio\\MAPEO MATRICULA\\ES6\\ES6_2DO4TA_TT_2021.shp","school_id":"walsh","school_name":"Escuela Walsh","record_id":"walsh-308"},"geometry":{"type":"Point","coordinates":[-58.56785258211286,-34.58088918487874]}},{"type":"Feature","properties":{"DIRECCION":null,"layer":"ES6_2DO4TA_TT_2021","path":"C:\\Users\\usuario\\OneDrive\\Escritorio\\MAPEO MATRICULA\\ES6\\ES6_2DO4TA_TT_2021.shp","school_id":"walsh","school_name":"Escuela Walsh","record_id":"walsh-309"},"geometry":{"type":"Point","coordinates":[-58.56706870970753,-34.58006865612718]}},{"type":"Feature","properties":{"DIRECCION":null,"layer":"ES6_2DO4TA_TT_2021","path":"C:\\Users\\usuario\\OneDrive\\Escritorio\\MAPEO MATRICULA\\ES6\\ES6_2DO4TA_TT_2021.shp","school_id":"walsh","school_name":"Escuela Walsh","record_id":"walsh-310"},"geometry":{"type":"Point","coordinates":[-58.57588684470009,-34.57509136468793]}},{"type":"Feature","properties":{"DIRECCION":null,"layer":"ES6_2DO6TA_TURNOTARDE_2021","path":"C:\\Users\\usuario\\OneDrive\\Escritorio\\MAPEO MATRICULA\\ES6\\ES6_2DO6TA_TURNOTARDE_2021.shp","school_id":"walsh","school_name":"Escuela Walsh","record_id":"walsh-311"},"geometry":{"type":"Point","coordinates":[-58.5712374600149,-34.57413765535366]}},{"type":"Feature","properties":{"DIRECCION":null,"layer":"ES6_2DO6TA_TURNOTARDE_2021","path":"C:\\Users\\usuario\\OneDrive\\Escritorio\\MAPEO MATRICULA\\ES6\\ES6_2DO6TA_TURNOTARDE_2021.shp","school_id":"walsh","school_name":"Escuela Walsh","record_id":"walsh-312"},"geometry":{"type":"Point","coordinates":[-58.56820871507657,-34.578287713734134]}},{"type":"Feature","properties":{"DIRECCION":null,"layer":"ES6_2DO6TA_TURNOTARDE_2021","path":"C:\\Users\\usuario\\OneDrive\\Escritorio\\MAPEO MATRICULA\\ES6\\ES6_2DO6TA_TURNOTARDE_2021.shp","school_id":"walsh","school_name":"Escuela Walsh","record_id":"walsh-313"},"geometry":{"type":"Point","coordinates":[-58.576414995312405,-34.57196240638334]}},{"type":"Feature","properties":{"DIRECCION":null,"layer":"ES6_2DO6TA_TURNOTARDE_2021","path":"C:\\Users\\usuario\\OneDrive\\Escritorio\\MAPEO MATRICULA\\ES6\\ES6_2DO6TA_TURNOTARDE_2021.shp","school_id":"walsh","school_name":"Escuela Walsh","record_id":"walsh-314"},"geometry":{"type":"Point","coordinates":[-58.56947406779014,-34.57669136942259]}},{"type":"Feature","properties":{"DIRECCION":null,"layer":"ES6_2DO6TA_TURNOTARDE_2021","path":"C:\\Users\\usuario\\OneDrive\\Escritorio\\MAPEO MATRICULA\\ES6\\ES6_2DO6TA_TURNOTARDE_2021.shp","school_id":"walsh","school_name":"Escuela Walsh","record_id":"walsh-315"},"geometry":{"type":"Point","coordinates":[-58.57648670098137,-34.57185598426144]}},{"type":"Feature","properties":{"DIRECCION":null,"layer":"ES6_2DO6TA_TURNOTARDE_2021","path":"C:\\Users\\usuario\\OneDrive\\Escritorio\\MAPEO MATRICULA\\ES6\\ES6_2DO6TA_TURNOTARDE_2021.shp","school_id":"walsh","school_name":"Escuela Walsh","record_id":"walsh-316"},"geometry":{"type":"Point","coordinates":[-58.584061461884296,-34.586287391345756]}},{"type":"Feature","properties":{"DIRECCION":null,"layer":"ES6_2DO6TA_TURNOTARDE_2021","path":"C:\\Users\\usuario\\OneDrive\\Escritorio\\MAPEO MATRICULA\\ES6\\ES6_2DO6TA_TURNOTARDE_2021.shp","school_id":"walsh","school_name":"Escuela Walsh","record_id":"walsh-317"},"geometry":{"type":"Point","coordinates":[-58.57852465455057,-34.569341305621464]}},{"type":"Feature","properties":{"DIRECCION":null,"layer":"ES6_2DO6TA_TURNOTARDE_2021","path":"C:\\Users\\usuario\\OneDrive\\Escritorio\\MAPEO MATRICULA\\ES6\\ES6_2DO6TA_TURNOTARDE_2021.shp","school_id":"walsh","school_name":"Escuela Walsh","record_id":"walsh-318"},"geometry":{"type":"Point","coordinates":[-58.569657424776565,-34.57834988328898]}},{"type":"Feature","properties":{"DIRECCION":null,"layer":"ES6_2DO6TA_TURNOTARDE_2021","path":"C:\\Users\\usuario\\OneDrive\\Escritorio\\MAPEO MATRICULA\\ES6\\ES6_2DO6TA_TURNOTARDE_2021.shp","school_id":"walsh","school_name":"Escuela Walsh","record_id":"walsh-319"},"geometry":{"type":"Point","coordinates":[-58.57659860146395,-34.57189507861637]}},{"type":"Feature","properties":{"DIRECCION":null,"layer":"ES6_2DO6TA_TURNOTARDE_2021","path":"C:\\Users\\usuario\\OneDrive\\Escritorio\\MAPEO MATRICULA\\ES6\\ES6_2DO6TA_TURNOTARDE_2021.shp","school_id":"walsh","school_name":"Escuela Walsh","record_id":"walsh-320"},"geometry":{"type":"Point","coordinates":[-58.56410826166564,-34.57879475222748]}},{"type":"Feature","properties":{"DIRECCION":null,"layer":"ES6_3RO2DA_TURNOTARDE_2021","path":"C:\\Users\\usuario\\OneDrive\\Escritorio\\MAPEO MATRICULA\\ES6\\ES6_3RO2DA_TURNOTARDE_2021.shp","school_id":"walsh","school_name":"Escuela Walsh","record_id":"walsh-321"},"geometry":{"type":"Point","coordinates":[-58.57746751900307,-34.57016229052192]}},{"type":"Feature","properties":{"DIRECCION":null,"layer":"ES6_3RO2DA_TURNOTARDE_2021","path":"C:\\Users\\usuario\\OneDrive\\Escritorio\\MAPEO MATRICULA\\ES6\\ES6_3RO2DA_TURNOTARDE_2021.shp","school_id":"walsh","school_name":"Escuela Walsh","record_id":"walsh-322"},"geometry":{"type":"Point","coordinates":[-58.565052027697654,-34.5769600224515]}},{"type":"Feature","properties":{"DIRECCION":null,"layer":"ES6_3RO2DA_TURNOTARDE_2021","path":"C:\\Users\\usuario\\OneDrive\\Escritorio\\MAPEO MATRICULA\\ES6\\ES6_3RO2DA_TURNOTARDE_2021.shp","school_id":"walsh","school_name":"Escuela Walsh","record_id":"walsh-323"},"geometry":{"type":"Point","coordinates":[-58.57649514833578,-34.571867976539835]}},{"type":"Feature","properties":{"DIRECCION":null,"layer":"ES6_3RO2DA_TURNOTARDE_2021","path":"C:\\Users\\usuario\\OneDrive\\Escritorio\\MAPEO MATRICULA\\ES6\\ES6_3RO2DA_TURNOTARDE_2021.shp","school_id":"walsh","school_name":"Escuela Walsh","record_id":"walsh-324"},"geometry":{"type":"Point","coordinates":[-58.570238828198,-34.57403065500093]}},{"type":"Feature","properties":{"DIRECCION":null,"layer":"ES6_3RO2DA_TURNOTARDE_2021","path":"C:\\Users\\usuario\\OneDrive\\Escritorio\\MAPEO MATRICULA\\ES6\\ES6_3RO2DA_TURNOTARDE_2021.shp","school_id":"walsh","school_name":"Escuela Walsh","record_id":"walsh-325"},"geometry":{"type":"Point","coordinates":[-58.57634825579279,-34.56520317360737]}},{"type":"Feature","properties":{"DIRECCION":null,"layer":"ES6_3RO2DA_TURNOTARDE_2021","path":"C:\\Users\\usuario\\OneDrive\\Escritorio\\MAPEO MATRICULA\\ES6\\ES6_3RO2DA_TURNOTARDE_2021.shp","school_id":"walsh","school_name":"Escuela Walsh","record_id":"walsh-326"},"geometry":{"type":"Point","coordinates":[-58.57671330734327,-34.570859030103335]}},{"type":"Feature","properties":{"DIRECCION":null,"layer":"ES6_3RO2DA_TURNOTARDE_2021","path":"C:\\Users\\usuario\\OneDrive\\Escritorio\\MAPEO MATRICULA\\ES6\\ES6_3RO2DA_TURNOTARDE_2021.shp","school_id":"walsh","school_name":"Escuela Walsh","record_id":"walsh-327"},"geometry":{"type":"Point","coordinates":[-58.5688155731679,-34.580149947048014]}},{"type":"Feature","properties":{"DIRECCION":null,"layer":"ES6_3RO2DA_TURNOTARDE_2021","path":"C:\\Users\\usuario\\OneDrive\\Escritorio\\MAPEO MATRICULA\\ES6\\ES6_3RO2DA_TURNOTARDE_2021.shp","school_id":"walsh","school_name":"Escuela Walsh","record_id":"walsh-328"},"geometry":{"type":"Point","coordinates":[-58.564198048088834,-34.57857595351544]}},{"type":"Feature","properties":{"DIRECCION":null,"layer":"ES6_3RO2DA_TURNOTARDE_2021","path":"C:\\Users\\usuario\\OneDrive\\Escritorio\\MAPEO MATRICULA\\ES6\\ES6_3RO2DA_TURNOTARDE_2021.shp","school_id":"walsh","school_name":"Escuela Walsh","record_id":"walsh-329"},"geometry":{"type":"Point","coordinates":[-58.57551750286915,-34.577223151235465]}},{"type":"Feature","properties":{"DIRECCION":null,"layer":"ES6_3RO2DA_TURNOTARDE_2021","path":"C:\\Users\\usuario\\OneDrive\\Escritorio\\MAPEO MATRICULA\\ES6\\ES6_3RO2DA_TURNOTARDE_2021.shp","school_id":"walsh","school_name":"Escuela Walsh","record_id":"walsh-330"},"geometry":{"type":"Point","coordinates":[-58.57908346545206,-34.57157379992079]}},{"type":"Feature","properties":{"DIRECCION":null,"layer":"ES6_3RO2DA_TURNOTARDE_2021","path":"C:\\Users\\usuario\\OneDrive\\Escritorio\\MAPEO MATRICULA\\ES6\\ES6_3RO2DA_TURNOTARDE_2021.shp","school_id":"walsh","school_name":"Escuela Walsh","record_id":"walsh-331"},"geometry":{"type":"Point","coordinates":[-58.57947073914569,-34.57230006066965]}},{"type":"Feature","properties":{"DIRECCION":null,"layer":"ES6_3RO2DA_TURNOTARDE_2021","path":"C:\\Users\\usuario\\OneDrive\\Escritorio\\MAPEO MATRICULA\\ES6\\ES6_3RO2DA_TURNOTARDE_2021.shp","school_id":"walsh","school_name":"Escuela Walsh","record_id":"walsh-332"},"geometry":{"type":"Point","coordinates":[-58.579052055820135,-34.5715353046425]}},{"type":"Feature","properties":{"DIRECCION":null,"layer":"ES6_3RO2DA_TURNOTARDE_2021","path":"C:\\Users\\usuario\\OneDrive\\Escritorio\\MAPEO MATRICULA\\ES6\\ES6_3RO2DA_TURNOTARDE_2021.shp","school_id":"walsh","school_name":"Escuela Walsh","record_id":"walsh-333"},"geometry":{"type":"Point","coordinates":[-58.57959026095295,-34.572373252839334]}},{"type":"Feature","properties":{"DIRECCION":null,"layer":"ES6_3RO2DA_TURNOTARDE_2021","path":"C:\\Users\\usuario\\OneDrive\\Escritorio\\MAPEO MATRICULA\\ES6\\ES6_3RO2DA_TURNOTARDE_2021.shp","school_id":"walsh","school_name":"Escuela Walsh","record_id":"walsh-334"},"geometry":{"type":"Point","coordinates":[-58.57611754301719,-34.56646716203389]}},{"type":"Feature","properties":{"DIRECCION":null,"layer":"ES6_3RO2DA_TURNOTARDE_2021","path":"C:\\Users\\usuario\\OneDrive\\Escritorio\\MAPEO MATRICULA\\ES6\\ES6_3RO2DA_TURNOTARDE_2021.shp","school_id":"walsh","school_name":"Escuela Walsh","record_id":"walsh-335"},"geometry":{"type":"Point","coordinates":[-58.571190576152375,-34.57881544349307]}},{"type":"Feature","properties":{"DIRECCION":null,"layer":"ES6_3RO2DA_TURNOTARDE_2021","path":"C:\\Users\\usuario\\OneDrive\\Escritorio\\MAPEO MATRICULA\\ES6\\ES6_3RO2DA_TURNOTARDE_2021.shp","school_id":"walsh","school_name":"Escuela Walsh","record_id":"walsh-336"},"geometry":{"type":"Point","coordinates":[-58.55470830852421,-34.587615380793004]}},{"type":"Feature","properties":{"DIRECCION":null,"layer":"ES6_3RO2DA_TURNOTARDE_2021","path":"C:\\Users\\usuario\\OneDrive\\Escritorio\\MAPEO MATRICULA\\ES6\\ES6_3RO2DA_TURNOTARDE_2021.shp","school_id":"walsh","school_name":"Escuela Walsh","record_id":"walsh-337"},"geometry":{"type":"Point","coordinates":[-58.57364334756179,-34.57776012442301]}},{"type":"Feature","properties":{"DIRECCION":null,"layer":"ES6_3RO2DA_TURNOTARDE_2021","path":"C:\\Users\\usuario\\OneDrive\\Escritorio\\MAPEO MATRICULA\\ES6\\ES6_3RO2DA_TURNOTARDE_2021.shp","school_id":"walsh","school_name":"Escuela Walsh","record_id":"walsh-338"},"geometry":{"type":"Point","coordinates":[-58.57187415581981,-34.578943437102964]}},{"type":"Feature","properties":{"DIRECCION":null,"layer":"ES6_3RO2DA_TURNOTARDE_2021","path":"C:\\Users\\usuario\\OneDrive\\Escritorio\\MAPEO MATRICULA\\ES6\\ES6_3RO2DA_TURNOTARDE_2021.shp","school_id":"walsh","school_name":"Escuela Walsh","record_id":"walsh-339"},"geometry":{"type":"Point","coordinates":[-58.57724771579556,-34.56497977237998]}},{"type":"Feature","properties":{"DIRECCION":null,"layer":"ES6_3RO2DA_TURNOTARDE_2021","path":"C:\\Users\\usuario\\OneDrive\\Escritorio\\MAPEO MATRICULA\\ES6\\ES6_3RO2DA_TURNOTARDE_2021.shp","school_id":"walsh","school_name":"Escuela Walsh","record_id":"walsh-340"},"geometry":{"type":"Point","coordinates":[-58.59327035172575,-34.563296304259296]}},{"type":"Feature","properties":{"DIRECCION":null,"layer":"ES6_3RO2DA_TURNOTARDE_2021","path":"C:\\Users\\usuario\\OneDrive\\Escritorio\\MAPEO MATRICULA\\ES6\\ES6_3RO2DA_TURNOTARDE_2021.shp","school_id":"walsh","school_name":"Escuela Walsh","record_id":"walsh-341"},"geometry":{"type":"Point","coordinates":[-58.593160054150886,-34.56314870529944]}},{"type":"Feature","properties":{"DIRECCION":null,"layer":"ES6_3RO5TA_TURNOTARDE_2021","path":"ES6_3RO5TA_TURNOTARDE_2021.shp","school_id":"walsh","school_name":"Escuela Walsh","record_id":"walsh-342"},"geometry":{"type":"Point","coordinates":[-58.573418621269184,-34.56526867342231]}},{"type":"Feature","properties":{"DIRECCION":null,"layer":"ES6_3RO5TA_TURNOTARDE_2021","path":"ES6_3RO5TA_TURNOTARDE_2021.shp","school_id":"walsh","school_name":"Escuela Walsh","record_id":"walsh-343"},"geometry":{"type":"Point","coordinates":[-58.57486796831795,-34.57216457917187]}},{"type":"Feature","properties":{"DIRECCION":null,"layer":"ES6_3RO5TA_TURNOTARDE_2021","path":"ES6_3RO5TA_TURNOTARDE_2021.shp","school_id":"walsh","school_name":"Escuela Walsh","record_id":"walsh-344"},"geometry":{"type":"Point","coordinates":[-58.569590347561906,-34.574702375820316]}},{"type":"Feature","properties":{"DIRECCION":null,"layer":"ES6_3RO5TA_TURNOTARDE_2021","path":"ES6_3RO5TA_TURNOTARDE_2021.shp","school_id":"walsh","school_name":"Escuela Walsh","record_id":"walsh-345"},"geometry":{"type":"Point","coordinates":[-58.580726461756974,-34.576476463104996]}},{"type":"Feature","properties":{"DIRECCION":null,"layer":"ES6_3RO5TA_TURNOTARDE_2021","path":"ES6_3RO5TA_TURNOTARDE_2021.shp","school_id":"walsh","school_name":"Escuela Walsh","record_id":"walsh-346"},"geometry":{"type":"Point","coordinates":[-58.57635536602053,-34.57580181454697]}},{"type":"Feature","properties":{"DIRECCION":null,"layer":"ES6_3RO5TA_TURNOTARDE_2021","path":"ES6_3RO5TA_TURNOTARDE_2021.shp","school_id":"walsh","school_name":"Escuela Walsh","record_id":"walsh-347"},"geometry":{"type":"Point","coordinates":[-58.571322398369496,-34.57498372819932]}},{"type":"Feature","properties":{"DIRECCION":null,"layer":"ES6_3RO5TA_TURNOTARDE_2021","path":"ES6_3RO5TA_TURNOTARDE_2021.shp","school_id":"walsh","school_name":"Escuela Walsh","record_id":"walsh-348"},"geometry":{"type":"Point","coordinates":[-58.57142580234594,-34.57493264346214]}},{"type":"Feature","properties":{"DIRECCION":null,"layer":"ES6_3RO5TA_TURNOTARDE_2021","path":"ES6_3RO5TA_TURNOTARDE_2021.shp","school_id":"walsh","school_name":"Escuela Walsh","record_id":"walsh-349"},"geometry":{"type":"Point","coordinates":[-58.57105496371364,-34.57707297510323]}},{"type":"Feature","properties":{"DIRECCION":null,"layer":"ES6_3RO5TA_TURNOTARDE_2021","path":"ES6_3RO5TA_TURNOTARDE_2021.shp","school_id":"walsh","school_name":"Escuela Walsh","record_id":"walsh-350"},"geometry":{"type":"Point","coordinates":[-58.6060531006904,-34.566893123453404]}},{"type":"Feature","properties":{"DIRECCION":null,"layer":"ES6_3RO5TA_TURNOTARDE_2021","path":"ES6_3RO5TA_TURNOTARDE_2021.shp","school_id":"walsh","school_name":"Escuela Walsh","record_id":"walsh-351"},"geometry":{"type":"Point","coordinates":[-58.60608756868255,-34.56691582998035]}},{"type":"Feature","properties":{"DIRECCION":null,"layer":"ES6_3RO5TA_TURNOTARDE_2021","path":"ES6_3RO5TA_TURNOTARDE_2021.shp","school_id":"walsh","school_name":"Escuela Walsh","record_id":"walsh-352"},"geometry":{"type":"Point","coordinates":[-58.56826804021584,-34.581087615572244]}},{"type":"Feature","properties":{"DIRECCION":null,"layer":"ES6_3RO5TA_TURNOTARDE_2021","path":"ES6_3RO5TA_TURNOTARDE_2021.shp","school_id":"walsh","school_name":"Escuela Walsh","record_id":"walsh-353"},"geometry":{"type":"Point","coordinates":[-58.57651545486892,-34.57206632993522]}},{"type":"Feature","properties":{"DIRECCION":null,"layer":"ES6_3RO5TA_TURNOTARDE_2021","path":"ES6_3RO5TA_TURNOTARDE_2021.shp","school_id":"walsh","school_name":"Escuela Walsh","record_id":"walsh-354"},"geometry":{"type":"Point","coordinates":[-58.57815536117062,-34.56766520352046]}},{"type":"Feature","properties":{"DIRECCION":null,"layer":"ES6_3RO5TA_TURNOTARDE_2021","path":"ES6_3RO5TA_TURNOTARDE_2021.shp","school_id":"walsh","school_name":"Escuela Walsh","record_id":"walsh-355"},"geometry":{"type":"Point","coordinates":[-58.570481761337845,-34.57883739639058]}},{"type":"Feature","properties":{"DIRECCION":null,"layer":"ES6_3RO5TA_TURNOTARDE_2021","path":"ES6_3RO5TA_TURNOTARDE_2021.shp","school_id":"walsh","school_name":"Escuela Walsh","record_id":"walsh-356"},"geometry":{"type":"Point","coordinates":[-58.57585055228413,-34.58025778628394]}},{"type":"Feature","properties":{"DIRECCION":null,"layer":"ES6_3RO5TA_TURNOTARDE_2021","path":"ES6_3RO5TA_TURNOTARDE_2021.shp","school_id":"walsh","school_name":"Escuela Walsh","record_id":"walsh-357"},"geometry":{"type":"Point","coordinates":[-58.570304147739435,-34.573979849050424]}},{"type":"Feature","properties":{"DIRECCION":null,"layer":"ES6_3RO5TA_TURNOTARDE_2021","path":"ES6_3RO5TA_TURNOTARDE_2021.shp","school_id":"walsh","school_name":"Escuela Walsh","record_id":"walsh-358"},"geometry":{"type":"Point","coordinates":[-58.57902880286917,-34.576250797354874]}},{"type":"Feature","properties":{"DIRECCION":null,"layer":"ES6_3RO5TA_TURNOTARDE_2021","path":"ES6_3RO5TA_TURNOTARDE_2021.shp","school_id":"walsh","school_name":"Escuela Walsh","record_id":"walsh-359"},"geometry":{"type":"Point","coordinates":[-58.576359627729616,-34.57193970123448]}},{"type":"Feature","properties":{"DIRECCION":null,"layer":"ES6_3RO5TA_TURNOTARDE_2021","path":"ES6_3RO5TA_TURNOTARDE_2021.shp","school_id":"walsh","school_name":"Escuela Walsh","record_id":"walsh-360"},"geometry":{"type":"Point","coordinates":[-58.5745175988929,-34.570404599716895]}},{"type":"Feature","properties":{"DIRECCION":null,"layer":"ES6_3RO5TA_TURNOTARDE_2021","path":"ES6_3RO5TA_TURNOTARDE_2021.shp","school_id":"walsh","school_name":"Escuela Walsh","record_id":"walsh-361"},"geometry":{"type":"Point","coordinates":[-58.579199769487786,-34.57057715411812]}},{"type":"Feature","properties":{"DIRECCION":null,"layer":"ES6_3RO5TA_TURNOTARDE_2021","path":"ES6_3RO5TA_TURNOTARDE_2021.shp","school_id":"walsh","school_name":"Escuela Walsh","record_id":"walsh-362"},"geometry":{"type":"Point","coordinates":[-58.575188274442084,-34.575797953924145]}},{"type":"Feature","properties":{"DIRECCION":null,"layer":"ES6_3RO5TA_TURNOTARDE_2021","path":"ES6_3RO5TA_TURNOTARDE_2021.shp","school_id":"walsh","school_name":"Escuela Walsh","record_id":"walsh-363"},"geometry":{"type":"Point","coordinates":[-58.57172491505722,-34.5787476710569]}},{"type":"Feature","properties":{"DIRECCION":null,"layer":"ES6_4TO2DA_TURNOTARDE_2021","path":"C:\\Users\\usuario\\OneDrive\\Escritorio\\MAPEO MATRICULA\\ES6\\ES6_4TO2DA_TURNOTARDE_2021.shp","school_id":"walsh","school_name":"Escuela Walsh","record_id":"walsh-364"},"geometry":{"type":"Point","coordinates":[-58.576369674351255,-34.57171372824045]}},{"type":"Feature","properties":{"DIRECCION":null,"layer":"ES6_4TO2DA_TURNOTARDE_2021","path":"C:\\Users\\usuario\\OneDrive\\Escritorio\\MAPEO MATRICULA\\ES6\\ES6_4TO2DA_TURNOTARDE_2021.shp","school_id":"walsh","school_name":"Escuela Walsh","record_id":"walsh-365"},"geometry":{"type":"Point","coordinates":[-58.5703936227884,-34.57409229538688]}},{"type":"Feature","properties":{"DIRECCION":null,"layer":"ES6_4TO2DA_TURNOTARDE_2021","path":"C:\\Users\\usuario\\OneDrive\\Escritorio\\MAPEO MATRICULA\\ES6\\ES6_4TO2DA_TURNOTARDE_2021.shp","school_id":"walsh","school_name":"Escuela Walsh","record_id":"walsh-366"},"geometry":{"type":"Point","coordinates":[-58.570474494638404,-34.581818364382386]}},{"type":"Feature","properties":{"DIRECCION":null,"layer":"ES6_4TO2DA_TURNOTARDE_2021","path":"C:\\Users\\usuario\\OneDrive\\Escritorio\\MAPEO MATRICULA\\ES6\\ES6_4TO2DA_TURNOTARDE_2021.shp","school_id":"walsh","school_name":"Escuela Walsh","record_id":"walsh-367"},"geometry":{"type":"Point","coordinates":[-58.61155297990738,-34.55577625486033]}},{"type":"Feature","properties":{"DIRECCION":null,"layer":"ES6_4TO2DA_TURNOTARDE_2021","path":"C:\\Users\\usuario\\OneDrive\\Escritorio\\MAPEO MATRICULA\\ES6\\ES6_4TO2DA_TURNOTARDE_2021.shp","school_id":"walsh","school_name":"Escuela Walsh","record_id":"walsh-368"},"geometry":{"type":"Point","coordinates":[-58.57235650206269,-34.58049459687123]}},{"type":"Feature","properties":{"DIRECCION":null,"layer":"ES6_4TO2DA_TURNOTARDE_2021","path":"C:\\Users\\usuario\\OneDrive\\Escritorio\\MAPEO MATRICULA\\ES6\\ES6_4TO2DA_TURNOTARDE_2021.shp","school_id":"walsh","school_name":"Escuela Walsh","record_id":"walsh-369"},"geometry":{"type":"Point","coordinates":[-58.57635043117822,-34.57118258981158]}},{"type":"Feature","properties":{"DIRECCION":null,"layer":"ES6_4TO2DA_TURNOTARDE_2021","path":"C:\\Users\\usuario\\OneDrive\\Escritorio\\MAPEO MATRICULA\\ES6\\ES6_4TO2DA_TURNOTARDE_2021.shp","school_id":"walsh","school_name":"Escuela Walsh","record_id":"walsh-370"},"geometry":{"type":"Point","coordinates":[-58.568104670274465,-34.57774143175333]}},{"type":"Feature","properties":{"DIRECCION":null,"layer":"ES6_4TO2DA_TURNOTARDE_2021","path":"C:\\Users\\usuario\\OneDrive\\Escritorio\\MAPEO MATRICULA\\ES6\\ES6_4TO2DA_TURNOTARDE_2021.shp","school_id":"walsh","school_name":"Escuela Walsh","record_id":"walsh-371"},"geometry":{"type":"Point","coordinates":[-58.570635086160614,-34.58174260148536]}},{"type":"Feature","properties":{"DIRECCION":null,"layer":"ES6_4TO2DA_TURNOTARDE_2021","path":"C:\\Users\\usuario\\OneDrive\\Escritorio\\MAPEO MATRICULA\\ES6\\ES6_4TO2DA_TURNOTARDE_2021.shp","school_id":"walsh","school_name":"Escuela Walsh","record_id":"walsh-372"},"geometry":{"type":"Point","coordinates":[-58.576924265424296,-34.57425052578757]}},{"type":"Feature","properties":{"DIRECCION":null,"layer":"ES6_4TO2DA_TURNOTARDE_2021","path":"C:\\Users\\usuario\\OneDrive\\Escritorio\\MAPEO MATRICULA\\ES6\\ES6_4TO2DA_TURNOTARDE_2021.shp","school_id":"walsh","school_name":"Escuela Walsh","record_id":"walsh-373"},"geometry":{"type":"Point","coordinates":[-58.570382227583664,-34.57392624143897]}},{"type":"Feature","properties":{"DIRECCION":null,"layer":"ES6_4TO2DA_TURNOTARDE_2021","path":"C:\\Users\\usuario\\OneDrive\\Escritorio\\MAPEO MATRICULA\\ES6\\ES6_4TO2DA_TURNOTARDE_2021.shp","school_id":"walsh","school_name":"Escuela Walsh","record_id":"walsh-374"},"geometry":{"type":"Point","coordinates":[-58.57544252294894,-34.57233223788709]}},{"type":"Feature","properties":{"DIRECCION":null,"layer":"ES6_4TO2DA_TURNOTARDE_2021","path":"C:\\Users\\usuario\\OneDrive\\Escritorio\\MAPEO MATRICULA\\ES6\\ES6_4TO2DA_TURNOTARDE_2021.shp","school_id":"walsh","school_name":"Escuela Walsh","record_id":"walsh-375"},"geometry":{"type":"Point","coordinates":[-58.579027856347544,-34.57631799022879]}},{"type":"Feature","properties":{"DIRECCION":null,"layer":"ES6_4TO4TA_TURNOTARDE_2021","path":"ES6_4TO4TA_2021.shp","school_id":"walsh","school_name":"Escuela Walsh","record_id":"walsh-376"},"geometry":{"type":"Point","coordinates":[-58.57630374447749,-34.5702721606363]}},{"type":"Feature","properties":{"DIRECCION":null,"layer":"ES6_4TO4TA_TURNOTARDE_2021","path":"ES6_4TO4TA_2021.shp","school_id":"walsh","school_name":"Escuela Walsh","record_id":"walsh-377"},"geometry":{"type":"Point","coordinates":[-58.571219552475675,-34.57505439980238]}},{"type":"Feature","properties":{"DIRECCION":null,"layer":"ES6_4TO4TA_TURNOTARDE_2021","path":"ES6_4TO4TA_2021.shp","school_id":"walsh","school_name":"Escuela Walsh","record_id":"walsh-378"},"geometry":{"type":"Point","coordinates":[-58.572446632420615,-34.56560146112597]}},{"type":"Feature","properties":{"DIRECCION":null,"layer":"ES6_4TO4TA_TURNOTARDE_2021","path":"ES6_4TO4TA_2021.shp","school_id":"walsh","school_name":"Escuela Walsh","record_id":"walsh-379"},"geometry":{"type":"Point","coordinates":[-58.57156827539292,-34.576673488735416]}},{"type":"Feature","properties":{"DIRECCION":null,"layer":"ES6_4TO4TA_TURNOTARDE_2021","path":"ES6_4TO4TA_2021.shp","school_id":"walsh","school_name":"Escuela Walsh","record_id":"walsh-380"},"geometry":{"type":"Point","coordinates":[-58.575928668654385,-34.5787360040406]}},{"type":"Feature","properties":{"DIRECCION":null,"layer":"ES6_4TO4TA_TURNOTARDE_2021","path":"ES6_4TO4TA_2021.shp","school_id":"walsh","school_name":"Escuela Walsh","record_id":"walsh-381"},"geometry":{"type":"Point","coordinates":[-58.57420881570024,-34.56799481780072]}},{"type":"Feature","properties":{"DIRECCION":null,"layer":"ES6_4TO4TA_TURNOTARDE_2021","path":"ES6_4TO4TA_2021.shp","school_id":"walsh","school_name":"Escuela Walsh","record_id":"walsh-382"},"geometry":{"type":"Point","coordinates":[-58.57495364825056,-34.570557600696844]}},{"type":"Feature","properties":{"DIRECCION":null,"layer":"ES6_4TO4TA_TURNOTARDE_2021","path":"ES6_4TO4TA_2021.shp","school_id":"walsh","school_name":"Escuela Walsh","record_id":"walsh-383"},"geometry":{"type":"Point","coordinates":[-58.579121938326054,-34.57159902347834]}},{"type":"Feature","properties":{"DIRECCION":null,"layer":"ES6_4TO4TA_TURNOTARDE_2021","path":"ES6_4TO4TA_2021.shp","school_id":"walsh","school_name":"Escuela Walsh","record_id":"walsh-384"},"geometry":{"type":"Point","coordinates":[-58.56674794336688,-34.579300101451864]}},{"type":"Feature","properties":{"DIRECCION":null,"layer":"ES6_4TO4TA_TURNOTARDE_2021","path":"ES6_4TO4TA_2021.shp","school_id":"walsh","school_name":"Escuela Walsh","record_id":"walsh-385"},"geometry":{"type":"Point","coordinates":[-58.56888283490432,-34.58017548781742]}},{"type":"Feature","properties":{"DIRECCION":null,"layer":"ES6_4TO4TA_TURNOTARDE_2021","path":"ES6_4TO4TA_2021.shp","school_id":"walsh","school_name":"Escuela Walsh","record_id":"walsh-386"},"geometry":{"type":"Point","coordinates":[-58.56875831254186,-34.580122847662636]}},{"type":"Feature","properties":{"DIRECCION":null,"layer":"ES6_4TO4TA_TURNOTARDE_2021","path":"ES6_4TO4TA_2021.shp","school_id":"walsh","school_name":"Escuela Walsh","record_id":"walsh-387"},"geometry":{"type":"Point","coordinates":[-58.57926439339652,-34.57613803177448]}},{"type":"Feature","properties":{"DIRECCION":null,"layer":"ES6_4TO4TA_TURNOTARDE_2021","path":"ES6_4TO4TA_2021.shp","school_id":"walsh","school_name":"Escuela Walsh","record_id":"walsh-388"},"geometry":{"type":"Point","coordinates":[-58.57033341403406,-34.578911286063985]}},{"type":"Feature","properties":{"DIRECCION":null,"layer":"ES6_4TO4TA_TURNOTARDE_2021","path":"ES6_4TO4TA_2021.shp","school_id":"walsh","school_name":"Escuela Walsh","record_id":"walsh-389"},"geometry":{"type":"Point","coordinates":[-58.58576171365847,-34.56073828704931]}},{"type":"Feature","properties":{"DIRECCION":null,"layer":"ES6_5TO2DA_TURNOTARDE_2021","path":"C:\\Users\\usuario\\OneDrive\\Escritorio\\MAPEO MATRICULA\\ES6\\ES6_5TO2DA_TURNOTARDE_2021.shp","school_id":"walsh","school_name":"Escuela Walsh","record_id":"walsh-390"},"geometry":{"type":"Point","coordinates":[-58.57827932965873,-34.57149838957915]}},{"type":"Feature","properties":{"DIRECCION":null,"layer":"ES6_5TO2DA_TURNOTARDE_2021","path":"C:\\Users\\usuario\\OneDrive\\Escritorio\\MAPEO MATRICULA\\ES6\\ES6_5TO2DA_TURNOTARDE_2021.shp","school_id":"walsh","school_name":"Escuela Walsh","record_id":"walsh-391"},"geometry":{"type":"Point","coordinates":[-58.57444404096938,-34.57680026544528]}},{"type":"Feature","properties":{"DIRECCION":null,"layer":"ES6_5TO2DA_TURNOTARDE_2021","path":"C:\\Users\\usuario\\OneDrive\\Escritorio\\MAPEO MATRICULA\\ES6\\ES6_5TO2DA_TURNOTARDE_2021.shp","school_id":"walsh","school_name":"Escuela Walsh","record_id":"walsh-392"},"geometry":{"type":"Point","coordinates":[-58.58139904439084,-34.57272443918241]}},{"type":"Feature","properties":{"DIRECCION":null,"layer":"ES6_5TO2DA_TURNOTARDE_2021","path":"C:\\Users\\usuario\\OneDrive\\Escritorio\\MAPEO MATRICULA\\ES6\\ES6_5TO2DA_TURNOTARDE_2021.shp","school_id":"walsh","school_name":"Escuela Walsh","record_id":"walsh-393"},"geometry":{"type":"Point","coordinates":[-58.57674275788088,-34.57443357910195]}},{"type":"Feature","properties":{"DIRECCION":null,"layer":"ES6_5TO2DA_TURNOTARDE_2021","path":"C:\\Users\\usuario\\OneDrive\\Escritorio\\MAPEO MATRICULA\\ES6\\ES6_5TO2DA_TURNOTARDE_2021.shp","school_id":"walsh","school_name":"Escuela Walsh","record_id":"walsh-394"},"geometry":{"type":"Point","coordinates":[-58.57963434780795,-34.57317829988764]}},{"type":"Feature","properties":{"DIRECCION":null,"layer":"ES6_5TO2DA_TURNOTARDE_2021","path":"C:\\Users\\usuario\\OneDrive\\Escritorio\\MAPEO MATRICULA\\ES6\\ES6_5TO2DA_TURNOTARDE_2021.shp","school_id":"walsh","school_name":"Escuela Walsh","record_id":"walsh-395"},"geometry":{"type":"Point","coordinates":[-58.581935230319104,-34.57212301749492]}},{"type":"Feature","properties":{"DIRECCION":null,"layer":"ES6_5TO2DA_TURNOTARDE_2021","path":"C:\\Users\\usuario\\OneDrive\\Escritorio\\MAPEO MATRICULA\\ES6\\ES6_5TO2DA_TURNOTARDE_2021.shp","school_id":"walsh","school_name":"Escuela Walsh","record_id":"walsh-396"},"geometry":{"type":"Point","coordinates":[-58.576909080739384,-34.57373415634874]}},{"type":"Feature","properties":{"DIRECCION":null,"layer":"ES6_5TO2DA_TURNOTARDE_2021","path":"C:\\Users\\usuario\\OneDrive\\Escritorio\\MAPEO MATRICULA\\ES6\\ES6_5TO2DA_TURNOTARDE_2021.shp","school_id":"walsh","school_name":"Escuela Walsh","record_id":"walsh-397"},"geometry":{"type":"Point","coordinates":[-58.57482784519578,-34.577795294474065]}},{"type":"Feature","properties":{"DIRECCION":null,"layer":"ES6_5TO2DA_TURNOTARDE_2021","path":"C:\\Users\\usuario\\OneDrive\\Escritorio\\MAPEO MATRICULA\\ES6\\ES6_5TO2DA_TURNOTARDE_2021.shp","school_id":"walsh","school_name":"Escuela Walsh","record_id":"walsh-398"},"geometry":{"type":"Point","coordinates":[-58.57028825788049,-34.57957098877158]}},{"type":"Feature","properties":{"DIRECCION":null,"layer":"ES6_5TO2DA_TURNOTARDE_2021","path":"C:\\Users\\usuario\\OneDrive\\Escritorio\\MAPEO MATRICULA\\ES6\\ES6_5TO2DA_TURNOTARDE_2021.shp","school_id":"walsh","school_name":"Escuela Walsh","record_id":"walsh-399"},"geometry":{"type":"Point","coordinates":[-58.57640504271204,-34.56616577898803]}},{"type":"Feature","properties":{"DIRECCION":null,"layer":"ES6_5TO2DA_TURNOTARDE_2021","path":"C:\\Users\\usuario\\OneDrive\\Escritorio\\MAPEO MATRICULA\\ES6\\ES6_5TO2DA_TURNOTARDE_2021.shp","school_id":"walsh","school_name":"Escuela Walsh","record_id":"walsh-400"},"geometry":{"type":"Point","coordinates":[-58.565943878889634,-34.56710827166082]}},{"type":"Feature","properties":{"DIRECCION":null,"layer":"ES6_5TO2DA_TURNOTARDE_2021","path":"C:\\Users\\usuario\\OneDrive\\Escritorio\\MAPEO MATRICULA\\ES6\\ES6_5TO2DA_TURNOTARDE_2021.shp","school_id":"walsh","school_name":"Escuela Walsh","record_id":"walsh-401"},"geometry":{"type":"Point","coordinates":[-58.57697284398144,-34.57384037595621]}},{"type":"Feature","properties":{"DIRECCION":null,"layer":"ES6_5TO2DA_TURNOTARDE_2021","path":"C:\\Users\\usuario\\OneDrive\\Escritorio\\MAPEO MATRICULA\\ES6\\ES6_5TO2DA_TURNOTARDE_2021.shp","school_id":"walsh","school_name":"Escuela Walsh","record_id":"walsh-402"},"geometry":{"type":"Point","coordinates":[-58.57767574920005,-34.57442782642827]}},{"type":"Feature","properties":{"DIRECCION":null,"layer":"ES6_5TO4TA_TURNOTARDE_2021","path":"C:\\Users\\usuario\\OneDrive\\Escritorio\\MAPEO MATRICULA\\ES6\\ES6_5TO4TA_TURNOMAÑANA_2021.shp","school_id":"walsh","school_name":"Escuela Walsh","record_id":"walsh-403"},"geometry":{"type":"Point","coordinates":[-58.572430344946156,-34.56557495626872]}},{"type":"Feature","properties":{"DIRECCION":null,"layer":"ES6_5TO4TA_TURNOTARDE_2021","path":"C:\\Users\\usuario\\OneDrive\\Escritorio\\MAPEO MATRICULA\\ES6\\ES6_5TO4TA_TURNOMAÑANA_2021.shp","school_id":"walsh","school_name":"Escuela Walsh","record_id":"walsh-404"},"geometry":{"type":"Point","coordinates":[-58.5708530781958,-34.57644938631163]}},{"type":"Feature","properties":{"DIRECCION":null,"layer":"ES6_5TO4TA_TURNOTARDE_2021","path":"C:\\Users\\usuario\\OneDrive\\Escritorio\\MAPEO MATRICULA\\ES6\\ES6_5TO4TA_TURNOMAÑANA_2021.shp","school_id":"walsh","school_name":"Escuela Walsh","record_id":"walsh-405"},"geometry":{"type":"Point","coordinates":[-58.58219980098112,-34.574058139196644]}},{"type":"Feature","properties":{"DIRECCION":null,"layer":"ES6_5TO4TA_TURNOTARDE_2021","path":"C:\\Users\\usuario\\OneDrive\\Escritorio\\MAPEO MATRICULA\\ES6\\ES6_5TO4TA_TURNOMAÑANA_2021.shp","school_id":"walsh","school_name":"Escuela Walsh","record_id":"walsh-406"},"geometry":{"type":"Point","coordinates":[-58.57384567797777,-34.56864870646634]}},{"type":"Feature","properties":{"DIRECCION":null,"layer":"ES6_5TO4TA_TURNOTARDE_2021","path":"C:\\Users\\usuario\\OneDrive\\Escritorio\\MAPEO MATRICULA\\ES6\\ES6_5TO4TA_TURNOMAÑANA_2021.shp","school_id":"walsh","school_name":"Escuela Walsh","record_id":"walsh-407"},"geometry":{"type":"Point","coordinates":[-58.564999937270436,-34.57688527565111]}},{"type":"Feature","properties":{"DIRECCION":null,"layer":"ES6_5TO4TA_TURNOTARDE_2021","path":"C:\\Users\\usuario\\OneDrive\\Escritorio\\MAPEO MATRICULA\\ES6\\ES6_5TO4TA_TURNOMAÑANA_2021.shp","school_id":"walsh","school_name":"Escuela Walsh","record_id":"walsh-408"},"geometry":{"type":"Point","coordinates":[-58.57056809041619,-34.57563193584204]}},{"type":"Feature","properties":{"DIRECCION":null,"layer":"ES6_5TO4TA_TURNOTARDE_2021","path":"C:\\Users\\usuario\\OneDrive\\Escritorio\\MAPEO MATRICULA\\ES6\\ES6_5TO4TA_TURNOMAÑANA_2021.shp","school_id":"walsh","school_name":"Escuela Walsh","record_id":"walsh-409"},"geometry":{"type":"Point","coordinates":[-58.57136053195622,-34.57492632771009]}},{"type":"Feature","properties":{"DIRECCION":null,"layer":"ES6_5TO4TA_TURNOTARDE_2021","path":"C:\\Users\\usuario\\OneDrive\\Escritorio\\MAPEO MATRICULA\\ES6\\ES6_5TO4TA_TURNOMAÑANA_2021.shp","school_id":"walsh","school_name":"Escuela Walsh","record_id":"walsh-410"},"geometry":{"type":"Point","coordinates":[-58.571205425991565,-34.575119314344946]}},{"type":"Feature","properties":{"DIRECCION":null,"layer":"ES6_5TO4TA_TURNOTARDE_2021","path":"C:\\Users\\usuario\\OneDrive\\Escritorio\\MAPEO MATRICULA\\ES6\\ES6_5TO4TA_TURNOMAÑANA_2021.shp","school_id":"walsh","school_name":"Escuela Walsh","record_id":"walsh-411"},"geometry":{"type":"Point","coordinates":[-58.58792259532578,-34.570855989093964]}},{"type":"Feature","properties":{"DIRECCION":null,"layer":"ES6_5TO4TA_TURNOTARDE_2021","path":"C:\\Users\\usuario\\OneDrive\\Escritorio\\MAPEO MATRICULA\\ES6\\ES6_5TO4TA_TURNOMAÑANA_2021.shp","school_id":"walsh","school_name":"Escuela Walsh","record_id":"walsh-412"},"geometry":{"type":"Point","coordinates":[-58.55624650140842,-34.57964351222864]}},{"type":"Feature","properties":{"DIRECCION":null,"layer":"ES6_6TO2DA_TURNOTARDE_2021","path":"C:\\Users\\usuario\\OneDrive\\Escritorio\\MAPEO MATRICULA\\ES6\\ES6_6TO2DA_TURNOTARDE_2021.shp","school_id":"walsh","school_name":"Escuela Walsh","record_id":"walsh-413"},"geometry":{"type":"Point","coordinates":[-58.57824469202297,-34.57152489254838]}},{"type":"Feature","properties":{"DIRECCION":null,"layer":"ES6_6TO2DA_TURNOTARDE_2021","path":"C:\\Users\\usuario\\OneDrive\\Escritorio\\MAPEO MATRICULA\\ES6\\ES6_6TO2DA_TURNOTARDE_2021.shp","school_id":"walsh","school_name":"Escuela Walsh","record_id":"walsh-414"},"geometry":{"type":"Point","coordinates":[-58.57219835175661,-34.5799858316619]}},{"type":"Feature","properties":{"DIRECCION":null,"layer":"ES6_6TO2DA_TURNOTARDE_2021","path":"C:\\Users\\usuario\\OneDrive\\Escritorio\\MAPEO MATRICULA\\ES6\\ES6_6TO2DA_TURNOTARDE_2021.shp","school_id":"walsh","school_name":"Escuela Walsh","record_id":"walsh-415"},"geometry":{"type":"Point","coordinates":[-58.572184564559755,-34.58001704821841]}},{"type":"Feature","properties":{"DIRECCION":null,"layer":"ES6_6TO2DA_TURNOTARDE_2021","path":"C:\\Users\\usuario\\OneDrive\\Escritorio\\MAPEO MATRICULA\\ES6\\ES6_6TO2DA_TURNOTARDE_2021.shp","school_id":"walsh","school_name":"Escuela Walsh","record_id":"walsh-416"},"geometry":{"type":"Point","coordinates":[-58.56548081147709,-34.58165429738741]}},{"type":"Feature","properties":{"DIRECCION":null,"layer":"ES6_6TO2DA_TURNOTARDE_2021","path":"C:\\Users\\usuario\\OneDrive\\Escritorio\\MAPEO MATRICULA\\ES6\\ES6_6TO2DA_TURNOTARDE_2021.shp","school_id":"walsh","school_name":"Escuela Walsh","record_id":"walsh-417"},"geometry":{"type":"Point","coordinates":[-58.57439874075119,-34.570250397531105]}},{"type":"Feature","properties":{"DIRECCION":null,"layer":"ES6_6TO2DA_TURNOTARDE_2021","path":"C:\\Users\\usuario\\OneDrive\\Escritorio\\MAPEO MATRICULA\\ES6\\ES6_6TO2DA_TURNOTARDE_2021.shp","school_id":"walsh","school_name":"Escuela Walsh","record_id":"walsh-418"},"geometry":{"type":"Point","coordinates":[-58.552472616445996,-34.57529860709865]}},{"type":"Feature","properties":{"DIRECCION":null,"layer":"ES6_6TO2DA_TURNOTARDE_2021","path":"C:\\Users\\usuario\\OneDrive\\Escritorio\\MAPEO MATRICULA\\ES6\\ES6_6TO2DA_TURNOTARDE_2021.shp","school_id":"walsh","school_name":"Escuela Walsh","record_id":"walsh-419"},"geometry":{"type":"Point","coordinates":[-58.57458113370845,-34.57309004098957]}},{"type":"Feature","properties":{"DIRECCION":null,"layer":"ES6_6TO2DA_TURNOTARDE_2021","path":"C:\\Users\\usuario\\OneDrive\\Escritorio\\MAPEO MATRICULA\\ES6\\ES6_6TO2DA_TURNOTARDE_2021.shp","school_id":"walsh","school_name":"Escuela Walsh","record_id":"walsh-420"},"geometry":{"type":"Point","coordinates":[-58.572281114339496,-34.57366745751616]}},{"type":"Feature","properties":{"DIRECCION":null,"layer":"ES6_6TO2DA_TURNOTARDE_2021","path":"C:\\Users\\usuario\\OneDrive\\Escritorio\\MAPEO MATRICULA\\ES6\\ES6_6TO2DA_TURNOTARDE_2021.shp","school_id":"walsh","school_name":"Escuela Walsh","record_id":"walsh-421"},"geometry":{"type":"Point","coordinates":[-58.561034835591244,-34.58053526011298]}},{"type":"Feature","properties":{"DIRECCION":null,"layer":"ES6_6TO2DA_TURNOTARDE_2021","path":"C:\\Users\\usuario\\OneDrive\\Escritorio\\MAPEO MATRICULA\\ES6\\ES6_6TO2DA_TURNOTARDE_2021.shp","school_id":"walsh","school_name":"Escuela Walsh","record_id":"walsh-422"},"geometry":{"type":"Point","coordinates":[-58.56616886840473,-34.57274486448734]}},{"type":"Feature","properties":{"DIRECCION":null,"layer":"ES6_6TO4TA_TURNOTARDE_2021","path":"C:\\Users\\usuario\\OneDrive\\Escritorio\\MAPEO MATRICULA\\ES6\\ES6_6TO4TA_TURNOTARDE_2021.shp","school_id":"walsh","school_name":"Escuela Walsh","record_id":"walsh-423"},"geometry":{"type":"Point","coordinates":[-58.57159303366231,-34.58002353464275]}},{"type":"Feature","properties":{"DIRECCION":null,"layer":"ES6_6TO4TA_TURNOTARDE_2021","path":"C:\\Users\\usuario\\OneDrive\\Escritorio\\MAPEO MATRICULA\\ES6\\ES6_6TO4TA_TURNOTARDE_2021.shp","school_id":"walsh","school_name":"Escuela Walsh","record_id":"walsh-424"},"geometry":{"type":"Point","coordinates":[-58.57072457652857,-34.581867865125496]}},{"type":"Feature","properties":{"DIRECCION":null,"layer":"ES6_6TO4TA_TURNOTARDE_2021","path":"C:\\Users\\usuario\\OneDrive\\Escritorio\\MAPEO MATRICULA\\ES6\\ES6_6TO4TA_TURNOTARDE_2021.shp","school_id":"walsh","school_name":"Escuela Walsh","record_id":"walsh-425"},"geometry":{"type":"Point","coordinates":[-58.57916335554255,-34.570126721943254]}},{"type":"Feature","properties":{"DIRECCION":null,"layer":"ES6_6TO4TA_TURNOTARDE_2021","path":"C:\\Users\\usuario\\OneDrive\\Escritorio\\MAPEO MATRICULA\\ES6\\ES6_6TO4TA_TURNOTARDE_2021.shp","school_id":"walsh","school_name":"Escuela Walsh","record_id":"walsh-426"},"geometry":{"type":"Point","coordinates":[-58.567066311636495,-34.577315943069195]}},{"type":"Feature","properties":{"DIRECCION":null,"layer":"ES6_6TO4TA_TURNOTARDE_2021","path":"C:\\Users\\usuario\\OneDrive\\Escritorio\\MAPEO MATRICULA\\ES6\\ES6_6TO4TA_TURNOTARDE_2021.shp","school_id":"walsh","school_name":"Escuela Walsh","record_id":"walsh-427"},"geometry":{"type":"Point","coordinates":[-58.575578210294395,-34.57720172682476]}},{"type":"Feature","properties":{"DIRECCION":null,"layer":"ES6_6TO4TA_TURNOTARDE_2021","path":"C:\\Users\\usuario\\OneDrive\\Escritorio\\MAPEO MATRICULA\\ES6\\ES6_6TO4TA_TURNOTARDE_2021.shp","school_id":"walsh","school_name":"Escuela Walsh","record_id":"walsh-428"},"geometry":{"type":"Point","coordinates":[-58.58014051583176,-34.571920514062576]}},{"type":"Feature","properties":{"DIRECCION":null,"ADRES":null,"layer":"ES24_1C_TTARDE_2023","path":"C:/Users/usuario/Documents/ES24_1C_TTARDE_2023.shp","school_id":"galeano","school_name":"Escuela Galeano","record_id":"galeano-1"},"geometry":{"type":"Point","coordinates":[-58.60063734784108,-34.54831766487452]}},{"type":"Feature","properties":{"DIRECCION":null,"ADRES":null,"layer":"ES24_1C_TTARDE_2023","path":"C:/Users/usuario/Documents/ES24_1C_TTARDE_2023.shp","school_id":"galeano","school_name":"Escuela Galeano","record_id":"galeano-2"},"geometry":{"type":"Point","coordinates":[-58.597945760106576,-34.55388167207735]}},{"type":"Feature","properties":{"DIRECCION":null,"ADRES":null,"layer":"ES24_1C_TTARDE_2023","path":"C:/Users/usuario/Documents/ES24_1C_TTARDE_2023.shp","school_id":"galeano","school_name":"Escuela Galeano","record_id":"galeano-3"},"geometry":{"type":"Point","coordinates":[-58.603098473834144,-34.554065404097294]}},{"type":"Feature","properties":{"DIRECCION":null,"ADRES":null,"layer":"ES24_1C_TTARDE_2023","path":"C:/Users/usuario/Documents/ES24_1C_TTARDE_2023.shp","school_id":"galeano","school_name":"Escuela Galeano","record_id":"galeano-4"},"geometry":{"type":"Point","coordinates":[-58.600124009481334,-34.54759349991175]}},{"type":"Feature","properties":{"DIRECCION":null,"ADRES":null,"layer":"ES24_1C_TTARDE_2023","path":"C:/Users/usuario/Documents/ES24_1C_TTARDE_2023.shp","school_id":"galeano","school_name":"Escuela Galeano","record_id":"galeano-5"},"geometry":{"type":"Point","coordinates":[-58.60529090970866,-34.5527163901355]}},{"type":"Feature","properties":{"DIRECCION":null,"ADRES":null,"layer":"ES24_1C_TTARDE_2023","path":"C:/Users/usuario/Documents/ES24_1C_TTARDE_2023.shp","school_id":"galeano","school_name":"Escuela Galeano","record_id":"galeano-6"},"geometry":{"type":"Point","coordinates":[-58.625093521955364,-34.567828049571986]}},{"type":"Feature","properties":{"DIRECCION":null,"ADRES":null,"layer":"ES24_1C_TTARDE_2023","path":"C:/Users/usuario/Documents/ES24_1C_TTARDE_2023.shp","school_id":"galeano","school_name":"Escuela Galeano","record_id":"galeano-7"},"geometry":{"type":"Point","coordinates":[-58.60133499172436,-34.55343801721]}},{"type":"Feature","properties":{"DIRECCION":null,"ADRES":null,"layer":"ES24_1C_TTARDE_2023","path":"C:/Users/usuario/Documents/ES24_1C_TTARDE_2023.shp","school_id":"galeano","school_name":"Escuela Galeano","record_id":"galeano-8"},"geometry":{"type":"Point","coordinates":[-58.60387698895253,-34.554498361987775]}},{"type":"Feature","properties":{"DIRECCION":null,"ADRES":null,"layer":"ES24_1C_TTARDE_2023","path":"C:/Users/usuario/Documents/ES24_1C_TTARDE_2023.shp","school_id":"galeano","school_name":"Escuela Galeano","record_id":"galeano-9"},"geometry":{"type":"Point","coordinates":[-58.60267295019561,-34.55469738821801]}},{"type":"Feature","properties":{"DIRECCION":null,"ADRES":null,"layer":"ES24_1C_TTARDE_2023","path":"C:/Users/usuario/Documents/ES24_1C_TTARDE_2023.shp","school_id":"galeano","school_name":"Escuela Galeano","record_id":"galeano-10"},"geometry":{"type":"Point","coordinates":[-58.597041237852004,-34.544342381834504]}},{"type":"Feature","properties":{"DIRECCION":null,"ADRES":null,"layer":"ES24_1C_TTARDE_2023","path":"C:/Users/usuario/Documents/ES24_1C_TTARDE_2023.shp","school_id":"galeano","school_name":"Escuela Galeano","record_id":"galeano-11"},"geometry":{"type":"Point","coordinates":[-58.602226696165324,-34.55186464014774]}},{"type":"Feature","properties":{"DIRECCION":null,"ADRES":null,"layer":"ES24_1C_TTARDE_2023","path":"C:/Users/usuario/Documents/ES24_1C_TTARDE_2023.shp","school_id":"galeano","school_name":"Escuela Galeano","record_id":"galeano-12"},"geometry":{"type":"Point","coordinates":[-58.597310396684165,-34.55447902827898]}},{"type":"Feature","properties":{"DIRECCION":null,"ADRES":null,"layer":"ES24_1C_TTARDE_2023","path":"C:/Users/usuario/Documents/ES24_1C_TTARDE_2023.shp","school_id":"galeano","school_name":"Escuela Galeano","record_id":"galeano-13"},"geometry":{"type":"Point","coordinates":[-58.59727822655817,-34.55450552318055]}},{"type":"Feature","properties":{"DIRECCION":null,"ADRES":null,"layer":"ES24_1C_TTARDE_2023","path":"C:/Users/usuario/Documents/ES24_1C_TTARDE_2023.shp","school_id":"galeano","school_name":"Escuela Galeano","record_id":"galeano-14"},"geometry":{"type":"Point","coordinates":[-58.600801145092404,-34.55475931274485]}},{"type":"Feature","properties":{"DIRECCION":null,"ADRES":null,"layer":"ES24_1C_TTARDE_2023","path":"C:/Users/usuario/Documents/ES24_1C_TTARDE_2023.shp","school_id":"galeano","school_name":"Escuela Galeano","record_id":"galeano-15"},"geometry":{"type":"Point","coordinates":[-58.60924667213187,-34.55430857647586]}},{"type":"Feature","properties":{"DIRECCION":null,"ADRES":null,"layer":"ES24_1C_TTARDE_2023","path":"C:/Users/usuario/Documents/ES24_1C_TTARDE_2023.shp","school_id":"galeano","school_name":"Escuela Galeano","record_id":"galeano-16"},"geometry":{"type":"Point","coordinates":[-58.60551708828744,-34.559296518202466]}},{"type":"Feature","properties":{"DIRECCION":null,"ADRES":null,"layer":"ES24_1C_TTARDE_2023","path":"C:/Users/usuario/Documents/ES24_1C_TTARDE_2023.shp","school_id":"galeano","school_name":"Escuela Galeano","record_id":"galeano-17"},"geometry":{"type":"Point","coordinates":[-58.60269440241543,-34.55294887377557]}},{"type":"Feature","properties":{"DIRECCION":null,"ADRES":null,"layer":"ES24_1C_TTARDE_2023","path":"C:/Users/usuario/Documents/ES24_1C_TTARDE_2023.shp","school_id":"galeano","school_name":"Escuela Galeano","record_id":"galeano-18"},"geometry":{"type":"Point","coordinates":[-58.603965898206894,-34.55366298346165]}},{"type":"Feature","properties":{"DIRECCION":null,"ADRES":null,"layer":"ES24_1C_TTARDE_2023","path":"C:/Users/usuario/Documents/ES24_1C_TTARDE_2023.shp","school_id":"galeano","school_name":"Escuela Galeano","record_id":"galeano-19"},"geometry":{"type":"Point","coordinates":[-58.602536918612316,-34.55789025485112]}},{"type":"Feature","properties":{"DIRECCION":null,"ADRES":null,"layer":"ES24_1ROA_TMAÑANA_2023","path":"C:/Users/usuario/OneDrive/Escritorio/MAPEO MATRICULA/ES24/ES24_1ROA_TMAÑANA_2023.shp","school_id":"galeano","school_name":"Escuela Galeano","record_id":"galeano-20"},"geometry":{"type":"Point","coordinates":[-58.60020262677306,-34.55785510438012]}},{"type":"Feature","properties":{"DIRECCION":null,"ADRES":null,"layer":"ES24_1ROA_TMAÑANA_2023","path":"C:/Users/usuario/OneDrive/Escritorio/MAPEO MATRICULA/ES24/ES24_1ROA_TMAÑANA_2023.shp","school_id":"galeano","school_name":"Escuela Galeano","record_id":"galeano-21"},"geometry":{"type":"Point","coordinates":[-58.611731044542566,-34.55503581188139]}},{"type":"Feature","properties":{"DIRECCION":null,"ADRES":null,"layer":"ES24_1ROA_TMAÑANA_2023","path":"C:/Users/usuario/OneDrive/Escritorio/MAPEO MATRICULA/ES24/ES24_1ROA_TMAÑANA_2023.shp","school_id":"galeano","school_name":"Escuela Galeano","record_id":"galeano-22"},"geometry":{"type":"Point","coordinates":[-58.6018804491497,-34.553425011132546]}},{"type":"Feature","properties":{"DIRECCION":null,"ADRES":null,"layer":"ES24_1ROA_TMAÑANA_2023","path":"C:/Users/usuario/OneDrive/Escritorio/MAPEO MATRICULA/ES24/ES24_1ROA_TMAÑANA_2023.shp","school_id":"galeano","school_name":"Escuela Galeano","record_id":"galeano-23"},"geometry":{"type":"Point","coordinates":[-58.599573729435875,-34.55106148466927]}},{"type":"Feature","properties":{"DIRECCION":null,"ADRES":null,"layer":"ES24_1ROA_TMAÑANA_2023","path":"C:/Users/usuario/OneDrive/Escritorio/MAPEO MATRICULA/ES24/ES24_1ROA_TMAÑANA_2023.shp","school_id":"galeano","school_name":"Escuela Galeano","record_id":"galeano-24"},"geometry":{"type":"Point","coordinates":[-58.600395559924834,-34.557740114996484]}},{"type":"Feature","properties":{"DIRECCION":null,"ADRES":null,"layer":"ES24_1ROA_TMAÑANA_2023","path":"C:/Users/usuario/OneDrive/Escritorio/MAPEO MATRICULA/ES24/ES24_1ROA_TMAÑANA_2023.shp","school_id":"galeano","school_name":"Escuela Galeano","record_id":"galeano-25"},"geometry":{"type":"Point","coordinates":[-58.60151678945499,-34.552481408373566]}},{"type":"Feature","properties":{"DIRECCION":null,"ADRES":null,"layer":"ES24_1ROA_TMAÑANA_2023","path":"C:/Users/usuario/OneDrive/Escritorio/MAPEO MATRICULA/ES24/ES24_1ROA_TMAÑANA_2023.shp","school_id":"galeano","school_name":"Escuela Galeano","record_id":"galeano-26"},"geometry":{"type":"Point","coordinates":[-58.60364001777125,-34.55259496061865]}},{"type":"Feature","properties":{"DIRECCION":null,"ADRES":null,"layer":"ES24_1ROA_TMAÑANA_2023","path":"C:/Users/usuario/OneDrive/Escritorio/MAPEO MATRICULA/ES24/ES24_1ROA_TMAÑANA_2023.shp","school_id":"galeano","school_name":"Escuela Galeano","record_id":"galeano-27"},"geometry":{"type":"Point","coordinates":[-58.58577378255826,-34.55333360984583]}},{"type":"Feature","properties":{"DIRECCION":null,"ADRES":null,"layer":"ES24_1ROA_TMAÑANA_2023","path":"C:/Users/usuario/OneDrive/Escritorio/MAPEO MATRICULA/ES24/ES24_1ROA_TMAÑANA_2023.shp","school_id":"galeano","school_name":"Escuela Galeano","record_id":"galeano-28"},"geometry":{"type":"Point","coordinates":[-58.593805686142375,-34.55349244352229]}},{"type":"Feature","properties":{"DIRECCION":null,"ADRES":null,"layer":"ES24_1ROA_TMAÑANA_2023","path":"C:/Users/usuario/OneDrive/Escritorio/MAPEO MATRICULA/ES24/ES24_1ROA_TMAÑANA_2023.shp","school_id":"galeano","school_name":"Escuela Galeano","record_id":"galeano-29"},"geometry":{"type":"Point","coordinates":[-58.60020215265116,-34.55048900704349]}},{"type":"Feature","properties":{"DIRECCION":null,"ADRES":null,"layer":"ES24_1ROA_TMAÑANA_2023","path":"C:/Users/usuario/OneDrive/Escritorio/MAPEO MATRICULA/ES24/ES24_1ROA_TMAÑANA_2023.shp","school_id":"galeano","school_name":"Escuela Galeano","record_id":"galeano-30"},"geometry":{"type":"Point","coordinates":[-58.60282252145594,-34.556116983118976]}},{"type":"Feature","properties":{"DIRECCION":null,"ADRES":null,"layer":"ES24_1ROA_TMAÑANA_2023","path":"C:/Users/usuario/OneDrive/Escritorio/MAPEO MATRICULA/ES24/ES24_1ROA_TMAÑANA_2023.shp","school_id":"galeano","school_name":"Escuela Galeano","record_id":"galeano-31"},"geometry":{"type":"Point","coordinates":[-58.597333094018666,-34.554410417713655]}},{"type":"Feature","properties":{"DIRECCION":null,"ADRES":null,"layer":"ES24_1ROA_TMAÑANA_2023","path":"C:/Users/usuario/OneDrive/Escritorio/MAPEO MATRICULA/ES24/ES24_1ROA_TMAÑANA_2023.shp","school_id":"galeano","school_name":"Escuela Galeano","record_id":"galeano-32"},"geometry":{"type":"Point","coordinates":[-58.60096770231633,-34.551870423989236]}},{"type":"Feature","properties":{"DIRECCION":null,"ADRES":null,"layer":"ES24_1ROA_TMAÑANA_2023","path":"C:/Users/usuario/OneDrive/Escritorio/MAPEO MATRICULA/ES24/ES24_1ROA_TMAÑANA_2023.shp","school_id":"galeano","school_name":"Escuela Galeano","record_id":"galeano-33"},"geometry":{"type":"Point","coordinates":[-58.599514995114944,-34.55011281891395]}},{"type":"Feature","properties":{"DIRECCION":null,"ADRES":null,"layer":"ES24_1ROA_TMAÑANA_2023","path":"C:/Users/usuario/OneDrive/Escritorio/MAPEO MATRICULA/ES24/ES24_1ROA_TMAÑANA_2023.shp","school_id":"galeano","school_name":"Escuela Galeano","record_id":"galeano-34"},"geometry":{"type":"Point","coordinates":[-58.60189192209815,-34.553484318979656]}},{"type":"Feature","properties":{"DIRECCION":null,"ADRES":null,"layer":"ES24_1ROA_TMAÑANA_2023","path":"C:/Users/usuario/OneDrive/Escritorio/MAPEO MATRICULA/ES24/ES24_1ROA_TMAÑANA_2023.shp","school_id":"galeano","school_name":"Escuela Galeano","record_id":"galeano-35"},"geometry":{"type":"Point","coordinates":[-58.60478614736513,-34.55281881069482]}},{"type":"Feature","properties":{"DIRECCION":null,"ADRES":null,"layer":"ES24_1ROA_TMAÑANA_2023","path":"C:/Users/usuario/OneDrive/Escritorio/MAPEO MATRICULA/ES24/ES24_1ROA_TMAÑANA_2023.shp","school_id":"galeano","school_name":"Escuela Galeano","record_id":"galeano-36"},"geometry":{"type":"Point","coordinates":[-58.601477236977054,-34.55533402330707]}},{"type":"Feature","properties":{"DIRECCION":null,"ADRES":null,"layer":"ES24_1ROA_TMAÑANA_2023","path":"C:/Users/usuario/OneDrive/Escritorio/MAPEO MATRICULA/ES24/ES24_1ROA_TMAÑANA_2023.shp","school_id":"galeano","school_name":"Escuela Galeano","record_id":"galeano-37"},"geometry":{"type":"Point","coordinates":[-58.608074229140364,-34.55524048172752]}},{"type":"Feature","properties":{"DIRECCION":null,"ADRES":null,"layer":"ES24_1ROA_TMAÑANA_2023","path":"C:/Users/usuario/OneDrive/Escritorio/MAPEO MATRICULA/ES24/ES24_1ROA_TMAÑANA_2023.shp","school_id":"galeano","school_name":"Escuela Galeano","record_id":"galeano-38"},"geometry":{"type":"Point","coordinates":[-58.5978623339794,-34.55537628830976]}},{"type":"Feature","properties":{"DIRECCION":null,"ADRES":null,"layer":"ES24_1ROA_TMAÑANA_2023","path":"C:/Users/usuario/OneDrive/Escritorio/MAPEO MATRICULA/ES24/ES24_1ROA_TMAÑANA_2023.shp","school_id":"galeano","school_name":"Escuela Galeano","record_id":"galeano-39"},"geometry":{"type":"Point","coordinates":[-58.601449521413755,-34.5560866135422]}},{"type":"Feature","properties":{"DIRECCION":null,"ADRES":null,"layer":"ES24_1ROA_TMAÑANA_2023","path":"C:/Users/usuario/OneDrive/Escritorio/MAPEO MATRICULA/ES24/ES24_1ROA_TMAÑANA_2023.shp","school_id":"galeano","school_name":"Escuela Galeano","record_id":"galeano-40"},"geometry":{"type":"Point","coordinates":[-58.60801296363136,-34.555495339262094]}},{"type":"Feature","properties":{"DIRECCION":null,"ADRES":null,"layer":"ES24_1ROA_TMAÑANA_2023","path":"C:/Users/usuario/OneDrive/Escritorio/MAPEO MATRICULA/ES24/ES24_1ROA_TMAÑANA_2023.shp","school_id":"galeano","school_name":"Escuela Galeano","record_id":"galeano-41"},"geometry":{"type":"Point","coordinates":[-58.60205978944635,-34.55349507129223]}},{"type":"Feature","properties":{"DIRECCION":null,"ADRES":null,"layer":"ES24_1ROB_TMAÑANA_2023","path":"C:/Users/usuario/OneDrive/Escritorio/MAPEO MATRICULA/ES24/ES24_1ROB_TMAÑANA_2023.shp","school_id":"galeano","school_name":"Escuela Galeano","record_id":"galeano-42"},"geometry":{"type":"Point","coordinates":[-58.59170656622069,-34.55111003801823]}},{"type":"Feature","properties":{"DIRECCION":null,"ADRES":null,"layer":"ES24_1ROB_TMAÑANA_2023","path":"C:/Users/usuario/OneDrive/Escritorio/MAPEO MATRICULA/ES24/ES24_1ROB_TMAÑANA_2023.shp","school_id":"galeano","school_name":"Escuela Galeano","record_id":"galeano-43"},"geometry":{"type":"Point","coordinates":[-58.60680792135157,-34.55162299738304]}},{"type":"Feature","properties":{"DIRECCION":null,"ADRES":null,"layer":"ES24_1ROB_TMAÑANA_2023","path":"C:/Users/usuario/OneDrive/Escritorio/MAPEO MATRICULA/ES24/ES24_1ROB_TMAÑANA_2023.shp","school_id":"galeano","school_name":"Escuela Galeano","record_id":"galeano-44"},"geometry":{"type":"Point","coordinates":[-58.60366059693564,-34.55913759200867]}},{"type":"Feature","properties":{"DIRECCION":null,"ADRES":null,"layer":"ES24_1ROB_TMAÑANA_2023","path":"C:/Users/usuario/OneDrive/Escritorio/MAPEO MATRICULA/ES24/ES24_1ROB_TMAÑANA_2023.shp","school_id":"galeano","school_name":"Escuela Galeano","record_id":"galeano-45"},"geometry":{"type":"Point","coordinates":[-58.60776595966058,-34.555560983149036]}},{"type":"Feature","properties":{"DIRECCION":null,"ADRES":null,"layer":"ES24_1ROB_TMAÑANA_2023","path":"C:/Users/usuario/OneDrive/Escritorio/MAPEO MATRICULA/ES24/ES24_1ROB_TMAÑANA_2023.shp","school_id":"galeano","school_name":"Escuela Galeano","record_id":"galeano-46"},"geometry":{"type":"Point","coordinates":[-58.60051557084099,-34.554858197978355]}},{"type":"Feature","properties":{"DIRECCION":null,"ADRES":null,"layer":"ES24_1ROB_TMAÑANA_2023","path":"C:/Users/usuario/OneDrive/Escritorio/MAPEO MATRICULA/ES24/ES24_1ROB_TMAÑANA_2023.shp","school_id":"galeano","school_name":"Escuela Galeano","record_id":"galeano-47"},"geometry":{"type":"Point","coordinates":[-58.608315264479316,-34.55259211948067]}},{"type":"Feature","properties":{"DIRECCION":null,"ADRES":null,"layer":"ES24_1ROB_TMAÑANA_2023","path":"C:/Users/usuario/OneDrive/Escritorio/MAPEO MATRICULA/ES24/ES24_1ROB_TMAÑANA_2023.shp","school_id":"galeano","school_name":"Escuela Galeano","record_id":"galeano-48"},"geometry":{"type":"Point","coordinates":[-58.608532039880416,-34.55600852246347]}},{"type":"Feature","properties":{"DIRECCION":null,"ADRES":null,"layer":"ES24_1ROB_TMAÑANA_2023","path":"C:/Users/usuario/OneDrive/Escritorio/MAPEO MATRICULA/ES24/ES24_1ROB_TMAÑANA_2023.shp","school_id":"galeano","school_name":"Escuela Galeano","record_id":"galeano-49"},"geometry":{"type":"Point","coordinates":[-58.60180572044433,-34.549494767683484]}},{"type":"Feature","properties":{"DIRECCION":null,"ADRES":null,"layer":"ES24_1ROB_TMAÑANA_2023","path":"C:/Users/usuario/OneDrive/Escritorio/MAPEO MATRICULA/ES24/ES24_1ROB_TMAÑANA_2023.shp","school_id":"galeano","school_name":"Escuela Galeano","record_id":"galeano-50"},"geometry":{"type":"Point","coordinates":[-58.59759920595575,-34.55553955988925]}},{"type":"Feature","properties":{"DIRECCION":null,"ADRES":null,"layer":"ES24_1ROB_TMAÑANA_2023","path":"C:/Users/usuario/OneDrive/Escritorio/MAPEO MATRICULA/ES24/ES24_1ROB_TMAÑANA_2023.shp","school_id":"galeano","school_name":"Escuela Galeano","record_id":"galeano-51"},"geometry":{"type":"Point","coordinates":[-58.597645163278614,-34.555564161984506]}},{"type":"Feature","properties":{"DIRECCION":null,"ADRES":null,"layer":"ES24_1ROB_TMAÑANA_2023","path":"C:/Users/usuario/OneDrive/Escritorio/MAPEO MATRICULA/ES24/ES24_1ROB_TMAÑANA_2023.shp","school_id":"galeano","school_name":"Escuela Galeano","record_id":"galeano-52"},"geometry":{"type":"Point","coordinates":[-58.60059359540544,-34.55485742387507]}},{"type":"Feature","properties":{"DIRECCION":null,"ADRES":null,"layer":"ES24_1ROB_TMAÑANA_2023","path":"C:/Users/usuario/OneDrive/Escritorio/MAPEO MATRICULA/ES24/ES24_1ROB_TMAÑANA_2023.shp","school_id":"galeano","school_name":"Escuela Galeano","record_id":"galeano-53"},"geometry":{"type":"Point","coordinates":[-58.594269890876994,-34.54390438832599]}},{"type":"Feature","properties":{"DIRECCION":null,"ADRES":null,"layer":"ES24_1ROB_TMAÑANA_2023","path":"C:/Users/usuario/OneDrive/Escritorio/MAPEO MATRICULA/ES24/ES24_1ROB_TMAÑANA_2023.shp","school_id":"galeano","school_name":"Escuela Galeano","record_id":"galeano-54"},"geometry":{"type":"Point","coordinates":[-58.60053944512487,-34.548293264682314]}},{"type":"Feature","properties":{"DIRECCION":null,"ADRES":null,"layer":"ES24_1ROB_TMAÑANA_2023","path":"C:/Users/usuario/OneDrive/Escritorio/MAPEO MATRICULA/ES24/ES24_1ROB_TMAÑANA_2023.shp","school_id":"galeano","school_name":"Escuela Galeano","record_id":"galeano-55"},"geometry":{"type":"Point","coordinates":[-58.600377462816326,-34.55203454222803]}},{"type":"Feature","properties":{"DIRECCION":null,"ADRES":null,"layer":"ES24_1ROB_TMAÑANA_2023","path":"C:/Users/usuario/OneDrive/Escritorio/MAPEO MATRICULA/ES24/ES24_1ROB_TMAÑANA_2023.shp","school_id":"galeano","school_name":"Escuela Galeano","record_id":"galeano-56"},"geometry":{"type":"Point","coordinates":[-58.6044131216824,-34.55382845856998]}},{"type":"Feature","properties":{"DIRECCION":null,"ADRES":null,"layer":"ES24_1ROB_TMAÑANA_2023","path":"C:/Users/usuario/OneDrive/Escritorio/MAPEO MATRICULA/ES24/ES24_1ROB_TMAÑANA_2023.shp","school_id":"galeano","school_name":"Escuela Galeano","record_id":"galeano-57"},"geometry":{"type":"Point","coordinates":[-58.602712297879066,-34.55367251733546]}},{"type":"Feature","properties":{"DIRECCION":null,"ADRES":null,"layer":"ES24_1ROB_TMAÑANA_2023","path":"C:/Users/usuario/OneDrive/Escritorio/MAPEO MATRICULA/ES24/ES24_1ROB_TMAÑANA_2023.shp","school_id":"galeano","school_name":"Escuela Galeano","record_id":"galeano-58"},"geometry":{"type":"Point","coordinates":[-58.608719327398966,-34.55307183385649]}},{"type":"Feature","properties":{"DIRECCION":null,"ADRES":null,"layer":"ES24_1ROB_TMAÑANA_2023","path":"C:/Users/usuario/OneDrive/Escritorio/MAPEO MATRICULA/ES24/ES24_1ROB_TMAÑANA_2023.shp","school_id":"galeano","school_name":"Escuela Galeano","record_id":"galeano-59"},"geometry":{"type":"Point","coordinates":[-58.58206690999402,-34.546430074797414]}},{"type":"Feature","properties":{"DIRECCION":null,"ADRES":null,"layer":"ES24_1ROB_TMAÑANA_2023","path":"C:/Users/usuario/OneDrive/Escritorio/MAPEO MATRICULA/ES24/ES24_1ROB_TMAÑANA_2023.shp","school_id":"galeano","school_name":"Escuela Galeano","record_id":"galeano-60"},"geometry":{"type":"Point","coordinates":[-58.60512014229286,-34.55291931127512]}},{"type":"Feature","properties":{"DIRECCION":null,"ADRES":null,"layer":"ES24_1ROB_TMAÑANA_2023","path":"C:/Users/usuario/OneDrive/Escritorio/MAPEO MATRICULA/ES24/ES24_1ROB_TMAÑANA_2023.shp","school_id":"galeano","school_name":"Escuela Galeano","record_id":"galeano-61"},"geometry":{"type":"Point","coordinates":[-58.591457178161,-34.55357980553224]}},{"type":"Feature","properties":{"DIRECCION":null,"ADRES":null,"layer":"ES24_1ROD_TTARDE_2023","path":"C:/Users/usuario/OneDrive/Escritorio/MAPEO MATRICULA/ES24/ES24_1ROD_TTARDE_2023.shp","school_id":"galeano","school_name":"Escuela Galeano","record_id":"galeano-62"},"geometry":{"type":"Point","coordinates":[-58.61270484863599,-34.559074287074964]}},{"type":"Feature","properties":{"DIRECCION":null,"ADRES":null,"layer":"ES24_1ROD_TTARDE_2023","path":"C:/Users/usuario/OneDrive/Escritorio/MAPEO MATRICULA/ES24/ES24_1ROD_TTARDE_2023.shp","school_id":"galeano","school_name":"Escuela Galeano","record_id":"galeano-63"},"geometry":{"type":"Point","coordinates":[-58.60014011656526,-34.54764347386187]}},{"type":"Feature","properties":{"DIRECCION":null,"ADRES":null,"layer":"ES24_1ROD_TTARDE_2023","path":"C:/Users/usuario/OneDrive/Escritorio/MAPEO MATRICULA/ES24/ES24_1ROD_TTARDE_2023.shp","school_id":"galeano","school_name":"Escuela Galeano","record_id":"galeano-64"},"geometry":{"type":"Point","coordinates":[-58.596148580244716,-34.54269117963836]}},{"type":"Feature","properties":{"DIRECCION":null,"ADRES":null,"layer":"ES24_1ROD_TTARDE_2023","path":"C:/Users/usuario/OneDrive/Escritorio/MAPEO MATRICULA/ES24/ES24_1ROD_TTARDE_2023.shp","school_id":"galeano","school_name":"Escuela Galeano","record_id":"galeano-65"},"geometry":{"type":"Point","coordinates":[-58.60053376008065,-34.55397360612669]}},{"type":"Feature","properties":{"DIRECCION":null,"ADRES":null,"layer":"ES24_1ROD_TTARDE_2023","path":"C:/Users/usuario/OneDrive/Escritorio/MAPEO MATRICULA/ES24/ES24_1ROD_TTARDE_2023.shp","school_id":"galeano","school_name":"Escuela Galeano","record_id":"galeano-66"},"geometry":{"type":"Point","coordinates":[-58.602717802460596,-34.55465278232539]}},{"type":"Feature","properties":{"DIRECCION":null,"ADRES":null,"layer":"ES24_1ROD_TTARDE_2023","path":"C:/Users/usuario/OneDrive/Escritorio/MAPEO MATRICULA/ES24/ES24_1ROD_TTARDE_2023.shp","school_id":"galeano","school_name":"Escuela Galeano","record_id":"galeano-67"},"geometry":{"type":"Point","coordinates":[-58.602296925186906,-34.55557280528694]}},{"type":"Feature","properties":{"DIRECCION":null,"ADRES":null,"layer":"ES24_1ROD_TTARDE_2023","path":"C:/Users/usuario/OneDrive/Escritorio/MAPEO MATRICULA/ES24/ES24_1ROD_TTARDE_2023.shp","school_id":"galeano","school_name":"Escuela Galeano","record_id":"galeano-68"},"geometry":{"type":"Point","coordinates":[-58.602572051452974,-34.55348651019527]}},{"type":"Feature","properties":{"DIRECCION":null,"ADRES":null,"layer":"ES24_1ROD_TTARDE_2023","path":"C:/Users/usuario/OneDrive/Escritorio/MAPEO MATRICULA/ES24/ES24_1ROD_TTARDE_2023.shp","school_id":"galeano","school_name":"Escuela Galeano","record_id":"galeano-69"},"geometry":{"type":"Point","coordinates":[-58.59735167244889,-34.554449588995425]}},{"type":"Feature","properties":{"DIRECCION":null,"ADRES":null,"layer":"ES24_1ROD_TTARDE_2023","path":"C:/Users/usuario/OneDrive/Escritorio/MAPEO MATRICULA/ES24/ES24_1ROD_TTARDE_2023.shp","school_id":"galeano","school_name":"Escuela Galeano","record_id":"galeano-70"},"geometry":{"type":"Point","coordinates":[-58.6080064745708,-34.55554516979111]}},{"type":"Feature","properties":{"DIRECCION":null,"ADRES":null,"layer":"ES24_1ROD_TTARDE_2023","path":"C:/Users/usuario/OneDrive/Escritorio/MAPEO MATRICULA/ES24/ES24_1ROD_TTARDE_2023.shp","school_id":"galeano","school_name":"Escuela Galeano","record_id":"galeano-71"},"geometry":{"type":"Point","coordinates":[-58.6071871657301,-34.556044802500274]}},{"type":"Feature","properties":{"DIRECCION":null,"ADRES":null,"layer":"ES24_1ROD_TTARDE_2023","path":"C:/Users/usuario/OneDrive/Escritorio/MAPEO MATRICULA/ES24/ES24_1ROD_TTARDE_2023.shp","school_id":"galeano","school_name":"Escuela Galeano","record_id":"galeano-72"},"geometry":{"type":"Point","coordinates":[-58.61245855990189,-34.554333590000645]}},{"type":"Feature","properties":{"DIRECCION":null,"ADRES":null,"layer":"ES24_1ROD_TTARDE_2023","path":"C:/Users/usuario/OneDrive/Escritorio/MAPEO MATRICULA/ES24/ES24_1ROD_TTARDE_2023.shp","school_id":"galeano","school_name":"Escuela Galeano","record_id":"galeano-73"},"geometry":{"type":"Point","coordinates":[-58.6021572580919,-34.553462627891314]}},{"type":"Feature","properties":{"DIRECCION":null,"ADRES":null,"layer":"ES24_1ROD_TTARDE_2023","path":"C:/Users/usuario/OneDrive/Escritorio/MAPEO MATRICULA/ES24/ES24_1ROD_TTARDE_2023.shp","school_id":"galeano","school_name":"Escuela Galeano","record_id":"galeano-74"},"geometry":{"type":"Point","coordinates":[-58.59696226598067,-34.54783169930924]}},{"type":"Feature","properties":{"DIRECCION":null,"ADRES":null,"layer":"ES24_1ROD_TTARDE_2023","path":"C:/Users/usuario/OneDrive/Escritorio/MAPEO MATRICULA/ES24/ES24_1ROD_TTARDE_2023.shp","school_id":"galeano","school_name":"Escuela Galeano","record_id":"galeano-75"},"geometry":{"type":"Point","coordinates":[-58.597049584894116,-34.547752208203704]}},{"type":"Feature","properties":{"DIRECCION":null,"ADRES":null,"layer":"ES24_1ROD_TTARDE_2023","path":"C:/Users/usuario/OneDrive/Escritorio/MAPEO MATRICULA/ES24/ES24_1ROD_TTARDE_2023.shp","school_id":"galeano","school_name":"Escuela Galeano","record_id":"galeano-76"},"geometry":{"type":"Point","coordinates":[-58.599693077074306,-34.556235102376235]}},{"type":"Feature","properties":{"DIRECCION":null,"ADRES":null,"layer":"ES24_1ROD_TTARDE_2023","path":"C:/Users/usuario/OneDrive/Escritorio/MAPEO MATRICULA/ES24/ES24_1ROD_TTARDE_2023.shp","school_id":"galeano","school_name":"Escuela Galeano","record_id":"galeano-77"},"geometry":{"type":"Point","coordinates":[-58.60396873554702,-34.555814705963584]}},{"type":"Feature","properties":{"DIRECCION":null,"ADRES":null,"layer":"ES24_1ROD_TTARDE_2023","path":"C:/Users/usuario/OneDrive/Escritorio/MAPEO MATRICULA/ES24/ES24_1ROD_TTARDE_2023.shp","school_id":"galeano","school_name":"Escuela Galeano","record_id":"galeano-78"},"geometry":{"type":"Point","coordinates":[-58.6015039153898,-34.555514632574734]}},{"type":"Feature","properties":{"DIRECCION":null,"ADRES":null,"layer":"ES24_1ROD_TTARDE_2023","path":"C:/Users/usuario/OneDrive/Escritorio/MAPEO MATRICULA/ES24/ES24_1ROD_TTARDE_2023.shp","school_id":"galeano","school_name":"Escuela Galeano","record_id":"galeano-79"},"geometry":{"type":"Point","coordinates":[-58.59690611277122,-34.55078034811059]}},{"type":"Feature","properties":{"DIRECCION":null,"ADRES":null,"layer":"ES24_1ROD_TTARDE_2023","path":"C:/Users/usuario/OneDrive/Escritorio/MAPEO MATRICULA/ES24/ES24_1ROD_TTARDE_2023.shp","school_id":"galeano","school_name":"Escuela Galeano","record_id":"galeano-80"},"geometry":{"type":"Point","coordinates":[-58.60935374612096,-34.55409649771222]}},{"type":"Feature","properties":{"DIRECCION":null,"ADRES":null,"layer":"ES24_1ROD_TTARDE_2023","path":"C:/Users/usuario/OneDrive/Escritorio/MAPEO MATRICULA/ES24/ES24_1ROD_TTARDE_2023.shp","school_id":"galeano","school_name":"Escuela Galeano","record_id":"galeano-81"},"geometry":{"type":"Point","coordinates":[-58.601940056764676,-34.55833340970834]}},{"type":"Feature","properties":{"DIRECCION":null,"ADRES":null,"layer":"ES24_1ROD_TTARDE_2023","path":"C:/Users/usuario/OneDrive/Escritorio/MAPEO MATRICULA/ES24/ES24_1ROD_TTARDE_2023.shp","school_id":"galeano","school_name":"Escuela Galeano","record_id":"galeano-82"},"geometry":{"type":"Point","coordinates":[-58.60190099304024,-34.558361795787334]}},{"type":"Feature","properties":{"DIRECCION":null,"ADRES":null,"layer":"ES24_1ROD_TTARDE_2023","path":"C:/Users/usuario/OneDrive/Escritorio/MAPEO MATRICULA/ES24/ES24_1ROD_TTARDE_2023.shp","school_id":"galeano","school_name":"Escuela Galeano","record_id":"galeano-83"},"geometry":{"type":"Point","coordinates":[-58.600331638115314,-34.557788752312845]}},{"type":"Feature","properties":{"DIRECCION":null,"ADRES":null,"layer":"ES24_2DOB_TMAÑANA_2023","path":"C:/Users/usuario/OneDrive/Escritorio/MAPEO MATRICULA/ES24/ES24_2DOB_TMAÑANA_2023.shp","school_id":"galeano","school_name":"Escuela Galeano","record_id":"galeano-84"},"geometry":{"type":"Point","coordinates":[-58.59951144283795,-34.556412103518014]}},{"type":"Feature","properties":{"DIRECCION":null,"ADRES":null,"layer":"ES24_2DOB_TMAÑANA_2023","path":"C:/Users/usuario/OneDrive/Escritorio/MAPEO MATRICULA/ES24/ES24_2DOB_TMAÑANA_2023.shp","school_id":"galeano","school_name":"Escuela Galeano","record_id":"galeano-85"},"geometry":{"type":"Point","coordinates":[-58.59881772723953,-34.55698459084956]}},{"type":"Feature","properties":{"DIRECCION":null,"ADRES":null,"layer":"ES24_2DOB_TMAÑANA_2023","path":"C:/Users/usuario/OneDrive/Escritorio/MAPEO MATRICULA/ES24/ES24_2DOB_TMAÑANA_2023.shp","school_id":"galeano","school_name":"Escuela Galeano","record_id":"galeano-86"},"geometry":{"type":"Point","coordinates":[-58.59742188410238,-34.55271722685393]}},{"type":"Feature","properties":{"DIRECCION":null,"ADRES":null,"layer":"ES24_2DOB_TMAÑANA_2023","path":"C:/Users/usuario/OneDrive/Escritorio/MAPEO MATRICULA/ES24/ES24_2DOB_TMAÑANA_2023.shp","school_id":"galeano","school_name":"Escuela Galeano","record_id":"galeano-87"},"geometry":{"type":"Point","coordinates":[-58.60459916288786,-34.55322777366194]}},{"type":"Feature","properties":{"DIRECCION":null,"ADRES":null,"layer":"ES24_2DOB_TMAÑANA_2023","path":"C:/Users/usuario/OneDrive/Escritorio/MAPEO MATRICULA/ES24/ES24_2DOB_TMAÑANA_2023.shp","school_id":"galeano","school_name":"Escuela Galeano","record_id":"galeano-88"},"geometry":{"type":"Point","coordinates":[-58.60457768398411,-34.55395184319381]}},{"type":"Feature","properties":{"DIRECCION":null,"ADRES":null,"layer":"ES24_2DOB_TMAÑANA_2023","path":"C:/Users/usuario/OneDrive/Escritorio/MAPEO MATRICULA/ES24/ES24_2DOB_TMAÑANA_2023.shp","school_id":"galeano","school_name":"Escuela Galeano","record_id":"galeano-89"},"geometry":{"type":"Point","coordinates":[-58.59952779142736,-34.55935775137776]}},{"type":"Feature","properties":{"DIRECCION":null,"ADRES":null,"layer":"ES24_2DOB_TMAÑANA_2023","path":"C:/Users/usuario/OneDrive/Escritorio/MAPEO MATRICULA/ES24/ES24_2DOB_TMAÑANA_2023.shp","school_id":"galeano","school_name":"Escuela Galeano","record_id":"galeano-90"},"geometry":{"type":"Point","coordinates":[-58.5992886599289,-34.559470159789065]}},{"type":"Feature","properties":{"DIRECCION":null,"ADRES":null,"layer":"ES24_2DOB_TMAÑANA_2023","path":"C:/Users/usuario/OneDrive/Escritorio/MAPEO MATRICULA/ES24/ES24_2DOB_TMAÑANA_2023.shp","school_id":"galeano","school_name":"Escuela Galeano","record_id":"galeano-91"},"geometry":{"type":"Point","coordinates":[-58.594141366972494,-34.55185221889608]}},{"type":"Feature","properties":{"DIRECCION":null,"ADRES":null,"layer":"ES24_2DOB_TMAÑANA_2023","path":"C:/Users/usuario/OneDrive/Escritorio/MAPEO MATRICULA/ES24/ES24_2DOB_TMAÑANA_2023.shp","school_id":"galeano","school_name":"Escuela Galeano","record_id":"galeano-92"},"geometry":{"type":"Point","coordinates":[-58.602052949901605,-34.55185537473671]}},{"type":"Feature","properties":{"DIRECCION":null,"ADRES":null,"layer":"ES24_2DOB_TMAÑANA_2023","path":"C:/Users/usuario/OneDrive/Escritorio/MAPEO MATRICULA/ES24/ES24_2DOB_TMAÑANA_2023.shp","school_id":"galeano","school_name":"Escuela Galeano","record_id":"galeano-93"},"geometry":{"type":"Point","coordinates":[-58.60119373813566,-34.555531530613436]}},{"type":"Feature","properties":{"DIRECCION":null,"ADRES":null,"layer":"ES24_2DOB_TMAÑANA_2023","path":"C:/Users/usuario/OneDrive/Escritorio/MAPEO MATRICULA/ES24/ES24_2DOB_TMAÑANA_2023.shp","school_id":"galeano","school_name":"Escuela Galeano","record_id":"galeano-94"},"geometry":{"type":"Point","coordinates":[-58.604940107699015,-34.5526999432054]}},{"type":"Feature","properties":{"DIRECCION":null,"ADRES":null,"layer":"ES24_2DOB_TMAÑANA_2023","path":"C:/Users/usuario/OneDrive/Escritorio/MAPEO MATRICULA/ES24/ES24_2DOB_TMAÑANA_2023.shp","school_id":"galeano","school_name":"Escuela Galeano","record_id":"galeano-95"},"geometry":{"type":"Point","coordinates":[-58.592228864519456,-34.55951713661076]}},{"type":"Feature","properties":{"DIRECCION":null,"ADRES":null,"layer":"ES24_2DOB_TMAÑANA_2023","path":"C:/Users/usuario/OneDrive/Escritorio/MAPEO MATRICULA/ES24/ES24_2DOB_TMAÑANA_2023.shp","school_id":"galeano","school_name":"Escuela Galeano","record_id":"galeano-96"},"geometry":{"type":"Point","coordinates":[-58.6005412942756,-34.55318046820944]}},{"type":"Feature","properties":{"DIRECCION":null,"ADRES":null,"layer":"ES24_2DOB_TMAÑANA_2023","path":"C:/Users/usuario/OneDrive/Escritorio/MAPEO MATRICULA/ES24/ES24_2DOB_TMAÑANA_2023.shp","school_id":"galeano","school_name":"Escuela Galeano","record_id":"galeano-97"},"geometry":{"type":"Point","coordinates":[-58.61181664998388,-34.55480991711496]}},{"type":"Feature","properties":{"DIRECCION":null,"ADRES":null,"layer":"ES24_2DOB_TMAÑANA_2023","path":"C:/Users/usuario/OneDrive/Escritorio/MAPEO MATRICULA/ES24/ES24_2DOB_TMAÑANA_2023.shp","school_id":"galeano","school_name":"Escuela Galeano","record_id":"galeano-98"},"geometry":{"type":"Point","coordinates":[-58.59994127775604,-34.55490454134829]}},{"type":"Feature","properties":{"DIRECCION":null,"ADRES":null,"layer":"ES24_2DOB_TMAÑANA_2023","path":"C:/Users/usuario/OneDrive/Escritorio/MAPEO MATRICULA/ES24/ES24_2DOB_TMAÑANA_2023.shp","school_id":"galeano","school_name":"Escuela Galeano","record_id":"galeano-99"},"geometry":{"type":"Point","coordinates":[-58.60020913142919,-34.54668225290002]}},{"type":"Feature","properties":{"DIRECCION":null,"ADRES":null,"layer":"ES24_2DOB_TMAÑANA_2023","path":"C:/Users/usuario/OneDrive/Escritorio/MAPEO MATRICULA/ES24/ES24_2DOB_TMAÑANA_2023.shp","school_id":"galeano","school_name":"Escuela Galeano","record_id":"galeano-100"},"geometry":{"type":"Point","coordinates":[-58.59984714907872,-34.55288728964937]}},{"type":"Feature","properties":{"DIRECCION":null,"ADRES":null,"layer":"ES24_2DOB_TMAÑANA_2023","path":"C:/Users/usuario/OneDrive/Escritorio/MAPEO MATRICULA/ES24/ES24_2DOB_TMAÑANA_2023.shp","school_id":"galeano","school_name":"Escuela Galeano","record_id":"galeano-101"},"geometry":{"type":"Point","coordinates":[-58.60179104120695,-34.555364244213564]}},{"type":"Feature","properties":{"DIRECCION":null,"ADRES":null,"layer":"ES24_2DOB_TMAÑANA_2023","path":"C:/Users/usuario/OneDrive/Escritorio/MAPEO MATRICULA/ES24/ES24_2DOB_TMAÑANA_2023.shp","school_id":"galeano","school_name":"Escuela Galeano","record_id":"galeano-102"},"geometry":{"type":"Point","coordinates":[-58.5983567723589,-34.544058177244736]}},{"type":"Feature","properties":{"DIRECCION":null,"ADRES":null,"layer":"ES24_2DOB_TMAÑANA_2023","path":"C:/Users/usuario/OneDrive/Escritorio/MAPEO MATRICULA/ES24/ES24_2DOB_TMAÑANA_2023.shp","school_id":"galeano","school_name":"Escuela Galeano","record_id":"galeano-103"},"geometry":{"type":"Point","coordinates":[-58.60070481953048,-34.54794715980053]}},{"type":"Feature","properties":{"DIRECCION":null,"ADRES":null,"layer":"ES24_2DOB_TMAÑANA_2023","path":"C:/Users/usuario/OneDrive/Escritorio/MAPEO MATRICULA/ES24/ES24_2DOB_TMAÑANA_2023.shp","school_id":"galeano","school_name":"Escuela Galeano","record_id":"galeano-104"},"geometry":{"type":"Point","coordinates":[-58.604034661943516,-34.55230757405796]}},{"type":"Feature","properties":{"DIRECCION":null,"ADRES":null,"layer":"ES24_2DOC_TTARDE_2023","path":"C:/Users/usuario/OneDrive/Escritorio/MAPEO MATRICULA/ES24/ES24_2DOC_TTARDE_2023.shp","school_id":"galeano","school_name":"Escuela Galeano","record_id":"galeano-105"},"geometry":{"type":"Point","coordinates":[-58.60359364471554,-34.55123902341329]}},{"type":"Feature","properties":{"DIRECCION":null,"ADRES":null,"layer":"ES24_2DOC_TTARDE_2023","path":"C:/Users/usuario/OneDrive/Escritorio/MAPEO MATRICULA/ES24/ES24_2DOC_TTARDE_2023.shp","school_id":"galeano","school_name":"Escuela Galeano","record_id":"galeano-106"},"geometry":{"type":"Point","coordinates":[-58.60044729057424,-34.552811221108875]}},{"type":"Feature","properties":{"DIRECCION":null,"ADRES":null,"layer":"ES24_2DOC_TTARDE_2023","path":"C:/Users/usuario/OneDrive/Escritorio/MAPEO MATRICULA/ES24/ES24_2DOC_TTARDE_2023.shp","school_id":"galeano","school_name":"Escuela Galeano","record_id":"galeano-107"},"geometry":{"type":"Point","coordinates":[-58.60165428471675,-34.55233447276319]}},{"type":"Feature","properties":{"DIRECCION":null,"ADRES":null,"layer":"ES24_2DOC_TTARDE_2023","path":"C:/Users/usuario/OneDrive/Escritorio/MAPEO MATRICULA/ES24/ES24_2DOC_TTARDE_2023.shp","school_id":"galeano","school_name":"Escuela Galeano","record_id":"galeano-108"},"geometry":{"type":"Point","coordinates":[-58.585185752648805,-34.573037583783616]}},{"type":"Feature","properties":{"DIRECCION":null,"ADRES":null,"layer":"ES24_2DOC_TTARDE_2023","path":"C:/Users/usuario/OneDrive/Escritorio/MAPEO MATRICULA/ES24/ES24_2DOC_TTARDE_2023.shp","school_id":"galeano","school_name":"Escuela Galeano","record_id":"galeano-109"},"geometry":{"type":"Point","coordinates":[-58.60253586416068,-34.55639374137188]}},{"type":"Feature","properties":{"DIRECCION":null,"ADRES":null,"layer":"ES24_2DOC_TTARDE_2023","path":"C:/Users/usuario/OneDrive/Escritorio/MAPEO MATRICULA/ES24/ES24_2DOC_TTARDE_2023.shp","school_id":"galeano","school_name":"Escuela Galeano","record_id":"galeano-110"},"geometry":{"type":"Point","coordinates":[-58.60225979931912,-34.5512273648175]}},{"type":"Feature","properties":{"DIRECCION":null,"ADRES":null,"layer":"ES24_2DOC_TTARDE_2023","path":"C:/Users/usuario/OneDrive/Escritorio/MAPEO MATRICULA/ES24/ES24_2DOC_TTARDE_2023.shp","school_id":"galeano","school_name":"Escuela Galeano","record_id":"galeano-111"},"geometry":{"type":"Point","coordinates":[-58.603596929099446,-34.55864543860815]}},{"type":"Feature","properties":{"DIRECCION":null,"ADRES":null,"layer":"ES24_2DOC_TTARDE_2023","path":"C:/Users/usuario/OneDrive/Escritorio/MAPEO MATRICULA/ES24/ES24_2DOC_TTARDE_2023.shp","school_id":"galeano","school_name":"Escuela Galeano","record_id":"galeano-112"},"geometry":{"type":"Point","coordinates":[-58.612572774342624,-34.55419785973864]}},{"type":"Feature","properties":{"DIRECCION":null,"ADRES":null,"layer":"ES24_2DOC_TTARDE_2023","path":"C:/Users/usuario/OneDrive/Escritorio/MAPEO MATRICULA/ES24/ES24_2DOC_TTARDE_2023.shp","school_id":"galeano","school_name":"Escuela Galeano","record_id":"galeano-113"},"geometry":{"type":"Point","coordinates":[-58.602312802013415,-34.55498135091107]}},{"type":"Feature","properties":{"DIRECCION":null,"ADRES":null,"layer":"ES24_2DOC_TTARDE_2023","path":"C:/Users/usuario/OneDrive/Escritorio/MAPEO MATRICULA/ES24/ES24_2DOC_TTARDE_2023.shp","school_id":"galeano","school_name":"Escuela Galeano","record_id":"galeano-114"},"geometry":{"type":"Point","coordinates":[-58.61011497251268,-34.55362729691836]}},{"type":"Feature","properties":{"DIRECCION":null,"ADRES":null,"layer":"ES24_2DOC_TTARDE_2023","path":"C:/Users/usuario/OneDrive/Escritorio/MAPEO MATRICULA/ES24/ES24_2DOC_TTARDE_2023.shp","school_id":"galeano","school_name":"Escuela Galeano","record_id":"galeano-115"},"geometry":{"type":"Point","coordinates":[-58.59113455497442,-34.55587933977932]}},{"type":"Feature","properties":{"DIRECCION":null,"ADRES":null,"layer":"ES24_2DOC_TTARDE_2023","path":"C:/Users/usuario/OneDrive/Escritorio/MAPEO MATRICULA/ES24/ES24_2DOC_TTARDE_2023.shp","school_id":"galeano","school_name":"Escuela Galeano","record_id":"galeano-116"},"geometry":{"type":"Point","coordinates":[-58.6102248893946,-34.5535774142735]}},{"type":"Feature","properties":{"DIRECCION":null,"ADRES":null,"layer":"ES24_2DOC_TTARDE_2023","path":"C:/Users/usuario/OneDrive/Escritorio/MAPEO MATRICULA/ES24/ES24_2DOC_TTARDE_2023.shp","school_id":"galeano","school_name":"Escuela Galeano","record_id":"galeano-117"},"geometry":{"type":"Point","coordinates":[-58.61276416601673,-34.554049682972526]}},{"type":"Feature","properties":{"DIRECCION":null,"ADRES":null,"layer":"ES24_2DOC_TTARDE_2023","path":"C:/Users/usuario/OneDrive/Escritorio/MAPEO MATRICULA/ES24/ES24_2DOC_TTARDE_2023.shp","school_id":"galeano","school_name":"Escuela Galeano","record_id":"galeano-118"},"geometry":{"type":"Point","coordinates":[-58.60216243923215,-34.554948394418766]}},{"type":"Feature","properties":{"DIRECCION":null,"ADRES":null,"layer":"ES24_2DOC_TTARDE_2023","path":"C:/Users/usuario/OneDrive/Escritorio/MAPEO MATRICULA/ES24/ES24_2DOC_TTARDE_2023.shp","school_id":"galeano","school_name":"Escuela Galeano","record_id":"galeano-119"},"geometry":{"type":"Point","coordinates":[-58.610052338005595,-34.553700539387684]}},{"type":"Feature","properties":{"DIRECCION":null,"ADRES":null,"layer":"ES24_2DOC_TTARDE_2023","path":"C:/Users/usuario/OneDrive/Escritorio/MAPEO MATRICULA/ES24/ES24_2DOC_TTARDE_2023.shp","school_id":"galeano","school_name":"Escuela Galeano","record_id":"galeano-120"},"geometry":{"type":"Point","coordinates":[-58.607604336631915,-34.55671430203569]}},{"type":"Feature","properties":{"DIRECCION":null,"ADRES":null,"layer":"ES24_2DOC_TTARDE_2023","path":"C:/Users/usuario/OneDrive/Escritorio/MAPEO MATRICULA/ES24/ES24_2DOC_TTARDE_2023.shp","school_id":"galeano","school_name":"Escuela Galeano","record_id":"galeano-121"},"geometry":{"type":"Point","coordinates":[-58.59776075292745,-34.54734230462138]}},{"type":"Feature","properties":{"DIRECCION":null,"ADRES":null,"layer":"ES24_2DOC_TTARDE_2023","path":"C:/Users/usuario/OneDrive/Escritorio/MAPEO MATRICULA/ES24/ES24_2DOC_TTARDE_2023.shp","school_id":"galeano","school_name":"Escuela Galeano","record_id":"galeano-122"},"geometry":{"type":"Point","coordinates":[-58.606001755386856,-34.552219982084594]}},{"type":"Feature","properties":{"DIRECCION":null,"ADRES":null,"layer":"ES24_2DOC_TTARDE_2023","path":"C:/Users/usuario/OneDrive/Escritorio/MAPEO MATRICULA/ES24/ES24_2DOC_TTARDE_2023.shp","school_id":"galeano","school_name":"Escuela Galeano","record_id":"galeano-123"},"geometry":{"type":"Point","coordinates":[-58.60108580431809,-34.55213517684204]}},{"type":"Feature","properties":{"DIRECCION":null,"ADRES":null,"layer":"ES24_2DOC_TTARDE_2023","path":"C:/Users/usuario/OneDrive/Escritorio/MAPEO MATRICULA/ES24/ES24_2DOC_TTARDE_2023.shp","school_id":"galeano","school_name":"Escuela Galeano","record_id":"galeano-124"},"geometry":{"type":"Point","coordinates":[-58.60833160106953,-34.55205616691084]}},{"type":"Feature","properties":{"DIRECCION":null,"ADRES":null,"layer":"ES24_2DOC_TTARDE_2023","path":"C:/Users/usuario/OneDrive/Escritorio/MAPEO MATRICULA/ES24/ES24_2DOC_TTARDE_2023.shp","school_id":"galeano","school_name":"Escuela Galeano","record_id":"galeano-125"},"geometry":{"type":"Point","coordinates":[-58.598814605441035,-34.55352242231289]}},{"type":"Feature","properties":{"DIRECCION":null,"ADRES":null,"layer":"ES24_2DOC_TTARDE_2023","path":"C:/Users/usuario/OneDrive/Escritorio/MAPEO MATRICULA/ES24/ES24_2DOC_TTARDE_2023.shp","school_id":"galeano","school_name":"Escuela Galeano","record_id":"galeano-126"},"geometry":{"type":"Point","coordinates":[-58.596888383533866,-34.548825154016164]}},{"type":"Feature","properties":{"DIRECCION":null,"ADRES":null,"layer":"ES24_2DOC_TTARDE_2023","path":"C:/Users/usuario/OneDrive/Escritorio/MAPEO MATRICULA/ES24/ES24_2DOC_TTARDE_2023.shp","school_id":"galeano","school_name":"Escuela Galeano","record_id":"galeano-127"},"geometry":{"type":"Point","coordinates":[-58.60121794569758,-34.55605053987795]}},{"type":"Feature","properties":{"DIRECCION":null,"ADRES":null,"layer":"ES24_2DOC_TTARDE_2023","path":"C:/Users/usuario/OneDrive/Escritorio/MAPEO MATRICULA/ES24/ES24_2DOC_TTARDE_2023.shp","school_id":"galeano","school_name":"Escuela Galeano","record_id":"galeano-128"},"geometry":{"type":"Point","coordinates":[-58.61030618983407,-34.554777122410464]}},{"type":"Feature","properties":{"DIRECCION":null,"ADRES":null,"layer":"ES24_2DOC_TTARDE_2023","path":"C:/Users/usuario/OneDrive/Escritorio/MAPEO MATRICULA/ES24/ES24_2DOC_TTARDE_2023.shp","school_id":"galeano","school_name":"Escuela Galeano","record_id":"galeano-129"},"geometry":{"type":"Point","coordinates":[-58.60116558884365,-34.55597075009904]}},{"type":"Feature","properties":{"DIRECCION":null,"ADRES":null,"layer":"ES24_2DOC_TTARDE_2023","path":"C:/Users/usuario/OneDrive/Escritorio/MAPEO MATRICULA/ES24/ES24_2DOC_TTARDE_2023.shp","school_id":"galeano","school_name":"Escuela Galeano","record_id":"galeano-130"},"geometry":{"type":"Point","coordinates":[-58.61017291211983,-34.55470034197205]}},{"type":"Feature","properties":{"DIRECCION":null,"ADRES":null,"layer":"ES24_2DOC_TTARDE_2023","path":"C:/Users/usuario/OneDrive/Escritorio/MAPEO MATRICULA/ES24/ES24_2DOC_TTARDE_2023.shp","school_id":"galeano","school_name":"Escuela Galeano","record_id":"galeano-131"},"geometry":{"type":"Point","coordinates":[-58.59939961225192,-34.55618369579566]}},{"type":"Feature","properties":{"DIRECCION":null,"ADRES":null,"layer":"ES24_2DOC_TTARDE_2023","path":"C:/Users/usuario/OneDrive/Escritorio/MAPEO MATRICULA/ES24/ES24_2DOC_TTARDE_2023.shp","school_id":"galeano","school_name":"Escuela Galeano","record_id":"galeano-132"},"geometry":{"type":"Point","coordinates":[-58.598014496408865,-34.54974298003986]}},{"type":"Feature","properties":{"DIRECCION":null,"ADRES":null,"layer":"ES24_2DOC_TTARDE_2023","path":"C:/Users/usuario/OneDrive/Escritorio/MAPEO MATRICULA/ES24/ES24_2DOC_TTARDE_2023.shp","school_id":"galeano","school_name":"Escuela Galeano","record_id":"galeano-133"},"geometry":{"type":"Point","coordinates":[-58.58681545674238,-34.56095945278599]}},{"type":"Feature","properties":{"DIRECCION":null,"ADRES":null,"layer":"ES24_3ROA_TMAÑANA_2023","path":"C:/Users/usuario/OneDrive/Escritorio/MAPEO MATRICULA/ES24/ES24_3ROA_TMAÑANA_2023.shp","school_id":"galeano","school_name":"Escuela Galeano","record_id":"galeano-134"},"geometry":{"type":"Point","coordinates":[-58.57419189475915,-34.52603872759239]}},{"type":"Feature","properties":{"DIRECCION":null,"ADRES":null,"layer":"ES24_3ROA_TMAÑANA_2023","path":"C:/Users/usuario/OneDrive/Escritorio/MAPEO MATRICULA/ES24/ES24_3ROA_TMAÑANA_2023.shp","school_id":"galeano","school_name":"Escuela Galeano","record_id":"galeano-135"},"geometry":{"type":"Point","coordinates":[-58.59571398639756,-34.551986961347964]}},{"type":"Feature","properties":{"DIRECCION":null,"ADRES":null,"layer":"ES24_3ROA_TMAÑANA_2023","path":"C:/Users/usuario/OneDrive/Escritorio/MAPEO MATRICULA/ES24/ES24_3ROA_TMAÑANA_2023.shp","school_id":"galeano","school_name":"Escuela Galeano","record_id":"galeano-136"},"geometry":{"type":"Point","coordinates":[-58.594439811260244,-34.546804788788435]}},{"type":"Feature","properties":{"DIRECCION":null,"ADRES":null,"layer":"ES24_3ROA_TMAÑANA_2023","path":"C:/Users/usuario/OneDrive/Escritorio/MAPEO MATRICULA/ES24/ES24_3ROA_TMAÑANA_2023.shp","school_id":"galeano","school_name":"Escuela Galeano","record_id":"galeano-137"},"geometry":{"type":"Point","coordinates":[-58.60733053167518,-34.55122872323767]}},{"type":"Feature","properties":{"DIRECCION":null,"ADRES":null,"layer":"ES24_3ROA_TMAÑANA_2023","path":"C:/Users/usuario/OneDrive/Escritorio/MAPEO MATRICULA/ES24/ES24_3ROA_TMAÑANA_2023.shp","school_id":"galeano","school_name":"Escuela Galeano","record_id":"galeano-138"},"geometry":{"type":"Point","coordinates":[-58.60148393756694,-34.55554393518508]}},{"type":"Feature","properties":{"DIRECCION":null,"ADRES":null,"layer":"ES24_3ROA_TMAÑANA_2023","path":"C:/Users/usuario/OneDrive/Escritorio/MAPEO MATRICULA/ES24/ES24_3ROA_TMAÑANA_2023.shp","school_id":"galeano","school_name":"Escuela Galeano","record_id":"galeano-139"},"geometry":{"type":"Point","coordinates":[-58.59491977633535,-34.543663601914346]}},{"type":"Feature","properties":{"DIRECCION":null,"ADRES":null,"layer":"ES24_3ROA_TMAÑANA_2023","path":"C:/Users/usuario/OneDrive/Escritorio/MAPEO MATRICULA/ES24/ES24_3ROA_TMAÑANA_2023.shp","school_id":"galeano","school_name":"Escuela Galeano","record_id":"galeano-140"},"geometry":{"type":"Point","coordinates":[-58.60475141413995,-34.553202252323345]}},{"type":"Feature","properties":{"DIRECCION":null,"ADRES":null,"layer":"ES24_3ROA_TMAÑANA_2023","path":"C:/Users/usuario/OneDrive/Escritorio/MAPEO MATRICULA/ES24/ES24_3ROA_TMAÑANA_2023.shp","school_id":"galeano","school_name":"Escuela Galeano","record_id":"galeano-141"},"geometry":{"type":"Point","coordinates":[-58.59921516501974,-34.55953064620807]}},{"type":"Feature","properties":{"DIRECCION":null,"ADRES":null,"layer":"ES24_3ROA_TMAÑANA_2023","path":"C:/Users/usuario/OneDrive/Escritorio/MAPEO MATRICULA/ES24/ES24_3ROA_TMAÑANA_2023.shp","school_id":"galeano","school_name":"Escuela Galeano","record_id":"galeano-142"},"geometry":{"type":"Point","coordinates":[-58.584721274134026,-34.55279804687892]}},{"type":"Feature","properties":{"DIRECCION":null,"ADRES":null,"layer":"ES24_3ROA_TMAÑANA_2023","path":"C:/Users/usuario/OneDrive/Escritorio/MAPEO MATRICULA/ES24/ES24_3ROA_TMAÑANA_2023.shp","school_id":"galeano","school_name":"Escuela Galeano","record_id":"galeano-143"},"geometry":{"type":"Point","coordinates":[-58.6119025413662,-34.553574051857616]}},{"type":"Feature","properties":{"DIRECCION":null,"ADRES":null,"layer":"ES24_3ROA_TMAÑANA_2023","path":"C:/Users/usuario/OneDrive/Escritorio/MAPEO MATRICULA/ES24/ES24_3ROA_TMAÑANA_2023.shp","school_id":"galeano","school_name":"Escuela Galeano","record_id":"galeano-144"},"geometry":{"type":"Point","coordinates":[-58.60590970646483,-34.55224171143556]}},{"type":"Feature","properties":{"DIRECCION":null,"ADRES":null,"layer":"ES24_3ROA_TMAÑANA_2023","path":"C:/Users/usuario/OneDrive/Escritorio/MAPEO MATRICULA/ES24/ES24_3ROA_TMAÑANA_2023.shp","school_id":"galeano","school_name":"Escuela Galeano","record_id":"galeano-145"},"geometry":{"type":"Point","coordinates":[-58.59150378112652,-34.55858989656109]}},{"type":"Feature","properties":{"DIRECCION":null,"ADRES":null,"layer":"ES24_3ROA_TMAÑANA_2023","path":"C:/Users/usuario/OneDrive/Escritorio/MAPEO MATRICULA/ES24/ES24_3ROA_TMAÑANA_2023.shp","school_id":"galeano","school_name":"Escuela Galeano","record_id":"galeano-146"},"geometry":{"type":"Point","coordinates":[-58.60432327764166,-34.553499818428136]}},{"type":"Feature","properties":{"DIRECCION":null,"ADRES":null,"layer":"ES24_3ROA_TMAÑANA_2023","path":"C:/Users/usuario/OneDrive/Escritorio/MAPEO MATRICULA/ES24/ES24_3ROA_TMAÑANA_2023.shp","school_id":"galeano","school_name":"Escuela Galeano","record_id":"galeano-147"},"geometry":{"type":"Point","coordinates":[-58.599860008082565,-34.5509103720775]}},{"type":"Feature","properties":{"DIRECCION":null,"ADRES":null,"layer":"ES24_3ROA_TMAÑANA_2023","path":"C:/Users/usuario/OneDrive/Escritorio/MAPEO MATRICULA/ES24/ES24_3ROA_TMAÑANA_2023.shp","school_id":"galeano","school_name":"Escuela Galeano","record_id":"galeano-148"},"geometry":{"type":"Point","coordinates":[-58.59996684710046,-34.55379092814864]}},{"type":"Feature","properties":{"DIRECCION":null,"ADRES":null,"layer":"ES24_3ROA_TMAÑANA_2023","path":"C:/Users/usuario/OneDrive/Escritorio/MAPEO MATRICULA/ES24/ES24_3ROA_TMAÑANA_2023.shp","school_id":"galeano","school_name":"Escuela Galeano","record_id":"galeano-149"},"geometry":{"type":"Point","coordinates":[-58.6072607989307,-34.551137064361626]}},{"type":"Feature","properties":{"DIRECCION":null,"ADRES":null,"layer":"ES24_3ROA_TMAÑANA_2023","path":"C:/Users/usuario/OneDrive/Escritorio/MAPEO MATRICULA/ES24/ES24_3ROA_TMAÑANA_2023.shp","school_id":"galeano","school_name":"Escuela Galeano","record_id":"galeano-150"},"geometry":{"type":"Point","coordinates":[-58.608397367031685,-34.55200109873897]}},{"type":"Feature","properties":{"DIRECCION":null,"ADRES":null,"layer":"ES24_3ROA_TMAÑANA_2023","path":"C:/Users/usuario/OneDrive/Escritorio/MAPEO MATRICULA/ES24/ES24_3ROA_TMAÑANA_2023.shp","school_id":"galeano","school_name":"Escuela Galeano","record_id":"galeano-151"},"geometry":{"type":"Point","coordinates":[-58.59734889223526,-34.552784382108854]}},{"type":"Feature","properties":{"DIRECCION":null,"ADRES":null,"layer":"ES24_3ROA_TMAÑANA_2023","path":"C:/Users/usuario/OneDrive/Escritorio/MAPEO MATRICULA/ES24/ES24_3ROA_TMAÑANA_2023.shp","school_id":"galeano","school_name":"Escuela Galeano","record_id":"galeano-152"},"geometry":{"type":"Point","coordinates":[-58.59817201457706,-34.55483730695668]}},{"type":"Feature","properties":{"DIRECCION":null,"ADRES":null,"layer":"ES24_3ROA_TMAÑANA_2023","path":"C:/Users/usuario/OneDrive/Escritorio/MAPEO MATRICULA/ES24/ES24_3ROA_TMAÑANA_2023.shp","school_id":"galeano","school_name":"Escuela Galeano","record_id":"galeano-153"},"geometry":{"type":"Point","coordinates":[-58.58817969794261,-34.55955793155827]}},{"type":"Feature","properties":{"DIRECCION":null,"ADRES":null,"layer":"ES24_3ROB_TTARDE_2023","path":"C:/Users/usuario/OneDrive/Escritorio/MAPEO MATRICULA/ES24/ES24_3ROB_TTARDE_2023.shp","school_id":"galeano","school_name":"Escuela Galeano","record_id":"galeano-154"},"geometry":{"type":"Point","coordinates":[-58.594834645544424,-34.55886355231511]}},{"type":"Feature","properties":{"DIRECCION":null,"ADRES":null,"layer":"ES24_3ROB_TTARDE_2023","path":"C:/Users/usuario/OneDrive/Escritorio/MAPEO MATRICULA/ES24/ES24_3ROB_TTARDE_2023.shp","school_id":"galeano","school_name":"Escuela Galeano","record_id":"galeano-155"},"geometry":{"type":"Point","coordinates":[-58.57841522033361,-34.53909751701571]}},{"type":"Feature","properties":{"DIRECCION":null,"ADRES":null,"layer":"ES24_3ROB_TTARDE_2023","path":"C:/Users/usuario/OneDrive/Escritorio/MAPEO MATRICULA/ES24/ES24_3ROB_TTARDE_2023.shp","school_id":"galeano","school_name":"Escuela Galeano","record_id":"galeano-156"},"geometry":{"type":"Point","coordinates":[-58.60306846868435,-34.55046694123842]}},{"type":"Feature","properties":{"DIRECCION":null,"ADRES":null,"layer":"ES24_3ROB_TTARDE_2023","path":"C:/Users/usuario/OneDrive/Escritorio/MAPEO MATRICULA/ES24/ES24_3ROB_TTARDE_2023.shp","school_id":"galeano","school_name":"Escuela Galeano","record_id":"galeano-157"},"geometry":{"type":"Point","coordinates":[-58.602539830696756,-34.55631300130667]}},{"type":"Feature","properties":{"DIRECCION":null,"ADRES":null,"layer":"ES24_3ROB_TTARDE_2023","path":"C:/Users/usuario/OneDrive/Escritorio/MAPEO MATRICULA/ES24/ES24_3ROB_TTARDE_2023.shp","school_id":"galeano","school_name":"Escuela Galeano","record_id":"galeano-158"},"geometry":{"type":"Point","coordinates":[-58.610362183214974,-34.55459840100391]}},{"type":"Feature","properties":{"DIRECCION":null,"ADRES":null,"layer":"ES24_3ROB_TTARDE_2023","path":"C:/Users/usuario/OneDrive/Escritorio/MAPEO MATRICULA/ES24/ES24_3ROB_TTARDE_2023.shp","school_id":"galeano","school_name":"Escuela Galeano","record_id":"galeano-159"},"geometry":{"type":"Point","coordinates":[-58.600592986259784,-34.55488815414744]}},{"type":"Feature","properties":{"DIRECCION":null,"ADRES":null,"layer":"ES24_3ROB_TTARDE_2023","path":"C:/Users/usuario/OneDrive/Escritorio/MAPEO MATRICULA/ES24/ES24_3ROB_TTARDE_2023.shp","school_id":"galeano","school_name":"Escuela Galeano","record_id":"galeano-160"},"geometry":{"type":"Point","coordinates":[-58.59807089862978,-34.55377100403335]}},{"type":"Feature","properties":{"DIRECCION":null,"ADRES":null,"layer":"ES24_3ROB_TTARDE_2023","path":"C:/Users/usuario/OneDrive/Escritorio/MAPEO MATRICULA/ES24/ES24_3ROB_TTARDE_2023.shp","school_id":"galeano","school_name":"Escuela Galeano","record_id":"galeano-161"},"geometry":{"type":"Point","coordinates":[-58.60050019772843,-34.55333534781458]}},{"type":"Feature","properties":{"DIRECCION":null,"ADRES":null,"layer":"ES24_3ROB_TTARDE_2023","path":"C:/Users/usuario/OneDrive/Escritorio/MAPEO MATRICULA/ES24/ES24_3ROB_TTARDE_2023.shp","school_id":"galeano","school_name":"Escuela Galeano","record_id":"galeano-162"},"geometry":{"type":"Point","coordinates":[-58.59991936838814,-34.553793997899085]}},{"type":"Feature","properties":{"DIRECCION":null,"ADRES":null,"layer":"ES24_3ROB_TTARDE_2023","path":"C:/Users/usuario/OneDrive/Escritorio/MAPEO MATRICULA/ES24/ES24_3ROB_TTARDE_2023.shp","school_id":"galeano","school_name":"Escuela Galeano","record_id":"galeano-163"},"geometry":{"type":"Point","coordinates":[-58.597295252572195,-34.55447672980441]}},{"type":"Feature","properties":{"DIRECCION":null,"ADRES":null,"layer":"ES24_3ROB_TTARDE_2023","path":"C:/Users/usuario/OneDrive/Escritorio/MAPEO MATRICULA/ES24/ES24_3ROB_TTARDE_2023.shp","school_id":"galeano","school_name":"Escuela Galeano","record_id":"galeano-164"},"geometry":{"type":"Point","coordinates":[-58.60350745011457,-34.551192415377194]}},{"type":"Feature","properties":{"DIRECCION":null,"ADRES":null,"layer":"ES24_3ROB_TTARDE_2023","path":"C:/Users/usuario/OneDrive/Escritorio/MAPEO MATRICULA/ES24/ES24_3ROB_TTARDE_2023.shp","school_id":"galeano","school_name":"Escuela Galeano","record_id":"galeano-165"},"geometry":{"type":"Point","coordinates":[-58.60834646264561,-34.552660297042735]}},{"type":"Feature","properties":{"DIRECCION":null,"ADRES":null,"layer":"ES24_3ROB_TTARDE_2023","path":"C:/Users/usuario/OneDrive/Escritorio/MAPEO MATRICULA/ES24/ES24_3ROB_TTARDE_2023.shp","school_id":"galeano","school_name":"Escuela Galeano","record_id":"galeano-166"},"geometry":{"type":"Point","coordinates":[-58.61165887096275,-34.555037886516864]}},{"type":"Feature","properties":{"DIRECCION":null,"ADRES":null,"layer":"ES24_3ROB_TTARDE_2023","path":"C:/Users/usuario/OneDrive/Escritorio/MAPEO MATRICULA/ES24/ES24_3ROB_TTARDE_2023.shp","school_id":"galeano","school_name":"Escuela Galeano","record_id":"galeano-167"},"geometry":{"type":"Point","coordinates":[-58.60553280129535,-34.55928011304535]}},{"type":"Feature","properties":{"DIRECCION":null,"ADRES":null,"layer":"ES24_3ROB_TTARDE_2023","path":"C:/Users/usuario/OneDrive/Escritorio/MAPEO MATRICULA/ES24/ES24_3ROB_TTARDE_2023.shp","school_id":"galeano","school_name":"Escuela Galeano","record_id":"galeano-168"},"geometry":{"type":"Point","coordinates":[-58.5985793293226,-34.56114926137693]}},{"type":"Feature","properties":{"DIRECCION":null,"ADRES":null,"layer":"ES24_3ROB_TTARDE_2023","path":"C:/Users/usuario/OneDrive/Escritorio/MAPEO MATRICULA/ES24/ES24_3ROB_TTARDE_2023.shp","school_id":"galeano","school_name":"Escuela Galeano","record_id":"galeano-169"},"geometry":{"type":"Point","coordinates":[-58.592386536001655,-34.55964190373863]}},{"type":"Feature","properties":{"DIRECCION":null,"ADRES":null,"layer":"ES24_3ROB_TTARDE_2023","path":"C:/Users/usuario/OneDrive/Escritorio/MAPEO MATRICULA/ES24/ES24_3ROB_TTARDE_2023.shp","school_id":"galeano","school_name":"Escuela Galeano","record_id":"galeano-170"},"geometry":{"type":"Point","coordinates":[-58.622656670036335,-34.56172800185942]}},{"type":"Feature","properties":{"DIRECCION":null,"ADRES":null,"layer":"ES24_3ROB_TTARDE_2023","path":"C:/Users/usuario/OneDrive/Escritorio/MAPEO MATRICULA/ES24/ES24_3ROB_TTARDE_2023.shp","school_id":"galeano","school_name":"Escuela Galeano","record_id":"galeano-171"},"geometry":{"type":"Point","coordinates":[-58.622610712713474,-34.56177720238224]}},{"type":"Feature","properties":{"DIRECCION":null,"ADRES":null,"layer":"ES24_3ROB_TTARDE_2023","path":"C:/Users/usuario/OneDrive/Escritorio/MAPEO MATRICULA/ES24/ES24_3ROB_TTARDE_2023.shp","school_id":"galeano","school_name":"Escuela Galeano","record_id":"galeano-172"},"geometry":{"type":"Point","coordinates":[-58.60688293242096,-34.55637486227195]}},{"type":"Feature","properties":{"DIRECCION":null,"ADRES":null,"layer":"ES24_3ROC-TTARDE_2023","path":"C:/Users/usuario/OneDrive/Escritorio/MAPEO MATRICULA/ES24/ES24_3ROC-TTARDE_2023.shp","school_id":"galeano","school_name":"Escuela Galeano","record_id":"galeano-173"},"geometry":{"type":"Point","coordinates":[-58.59472412423676,-34.55852063781317]}},{"type":"Feature","properties":{"DIRECCION":null,"ADRES":null,"layer":"ES24_3ROC-TTARDE_2023","path":"C:/Users/usuario/OneDrive/Escritorio/MAPEO MATRICULA/ES24/ES24_3ROC-TTARDE_2023.shp","school_id":"galeano","school_name":"Escuela Galeano","record_id":"galeano-174"},"geometry":{"type":"Point","coordinates":[-58.5986770053972,-34.56228063884427]}},{"type":"Feature","properties":{"DIRECCION":null,"ADRES":null,"layer":"ES24_3ROC-TTARDE_2023","path":"C:/Users/usuario/OneDrive/Escritorio/MAPEO MATRICULA/ES24/ES24_3ROC-TTARDE_2023.shp","school_id":"galeano","school_name":"Escuela Galeano","record_id":"galeano-175"},"geometry":{"type":"Point","coordinates":[-58.60235757302368,-34.553335775607735]}},{"type":"Feature","properties":{"DIRECCION":null,"ADRES":null,"layer":"ES24_3ROC-TTARDE_2023","path":"C:/Users/usuario/OneDrive/Escritorio/MAPEO MATRICULA/ES24/ES24_3ROC-TTARDE_2023.shp","school_id":"galeano","school_name":"Escuela Galeano","record_id":"galeano-176"},"geometry":{"type":"Point","coordinates":[-58.60095852759849,-34.554226930625205]}},{"type":"Feature","properties":{"DIRECCION":null,"ADRES":null,"layer":"ES24_3ROC-TTARDE_2023","path":"C:/Users/usuario/OneDrive/Escritorio/MAPEO MATRICULA/ES24/ES24_3ROC-TTARDE_2023.shp","school_id":"galeano","school_name":"Escuela Galeano","record_id":"galeano-177"},"geometry":{"type":"Point","coordinates":[-58.60221381720661,-34.55734629791205]}},{"type":"Feature","properties":{"DIRECCION":null,"ADRES":null,"layer":"ES24_3ROC-TTARDE_2023","path":"C:/Users/usuario/OneDrive/Escritorio/MAPEO MATRICULA/ES24/ES24_3ROC-TTARDE_2023.shp","school_id":"galeano","school_name":"Escuela Galeano","record_id":"galeano-178"},"geometry":{"type":"Point","coordinates":[-58.61169502655252,-34.55501303239836]}},{"type":"Feature","properties":{"DIRECCION":null,"ADRES":null,"layer":"ES24_3ROC-TTARDE_2023","path":"C:/Users/usuario/OneDrive/Escritorio/MAPEO MATRICULA/ES24/ES24_3ROC-TTARDE_2023.shp","school_id":"galeano","school_name":"Escuela Galeano","record_id":"galeano-179"},"geometry":{"type":"Point","coordinates":[-58.5962113367028,-34.552285483145205]}},{"type":"Feature","properties":{"DIRECCION":null,"ADRES":null,"layer":"ES24_3ROC-TTARDE_2023","path":"C:/Users/usuario/OneDrive/Escritorio/MAPEO MATRICULA/ES24/ES24_3ROC-TTARDE_2023.shp","school_id":"galeano","school_name":"Escuela Galeano","record_id":"galeano-180"},"geometry":{"type":"Point","coordinates":[-58.60291040970857,-34.55506838340992]}},{"type":"Feature","properties":{"DIRECCION":null,"ADRES":null,"layer":"ES24_3ROC-TTARDE_2023","path":"C:/Users/usuario/OneDrive/Escritorio/MAPEO MATRICULA/ES24/ES24_3ROC-TTARDE_2023.shp","school_id":"galeano","school_name":"Escuela Galeano","record_id":"galeano-181"},"geometry":{"type":"Point","coordinates":[-58.60295636703143,-34.55511758787183]}},{"type":"Feature","properties":{"DIRECCION":null,"ADRES":null,"layer":"ES24_3ROC-TTARDE_2023","path":"C:/Users/usuario/OneDrive/Escritorio/MAPEO MATRICULA/ES24/ES24_3ROC-TTARDE_2023.shp","school_id":"galeano","school_name":"Escuela Galeano","record_id":"galeano-182"},"geometry":{"type":"Point","coordinates":[-58.595362589407266,-34.557273135771034]}},{"type":"Feature","properties":{"DIRECCION":null,"ADRES":null,"layer":"ES24_3ROC-TTARDE_2023","path":"C:/Users/usuario/OneDrive/Escritorio/MAPEO MATRICULA/ES24/ES24_3ROC-TTARDE_2023.shp","school_id":"galeano","school_name":"Escuela Galeano","record_id":"galeano-183"},"geometry":{"type":"Point","coordinates":[-58.60289039889258,-34.55511573792824]}},{"type":"Feature","properties":{"DIRECCION":null,"ADRES":null,"layer":"ES24_3ROC-TTARDE_2023","path":"C:/Users/usuario/OneDrive/Escritorio/MAPEO MATRICULA/ES24/ES24_3ROC-TTARDE_2023.shp","school_id":"galeano","school_name":"Escuela Galeano","record_id":"galeano-184"},"geometry":{"type":"Point","coordinates":[-58.602872015963435,-34.5550211139351]}},{"type":"Feature","properties":{"DIRECCION":null,"ADRES":null,"layer":"ES24_3ROC-TTARDE_2023","path":"C:/Users/usuario/OneDrive/Escritorio/MAPEO MATRICULA/ES24/ES24_3ROC-TTARDE_2023.shp","school_id":"galeano","school_name":"Escuela Galeano","record_id":"galeano-185"},"geometry":{"type":"Point","coordinates":[-58.60685388272845,-34.55467649683934]}},{"type":"Feature","properties":{"DIRECCION":null,"ADRES":null,"layer":"ES24_3ROC-TTARDE_2023","path":"C:/Users/usuario/OneDrive/Escritorio/MAPEO MATRICULA/ES24/ES24_3ROC-TTARDE_2023.shp","school_id":"galeano","school_name":"Escuela Galeano","record_id":"galeano-186"},"geometry":{"type":"Point","coordinates":[-58.58873029898061,-34.54717942931916]}},{"type":"Feature","properties":{"DIRECCION":null,"ADRES":null,"layer":"ES24_3ROC-TTARDE_2023","path":"C:/Users/usuario/OneDrive/Escritorio/MAPEO MATRICULA/ES24/ES24_3ROC-TTARDE_2023.shp","school_id":"galeano","school_name":"Escuela Galeano","record_id":"galeano-187"},"geometry":{"type":"Point","coordinates":[-58.59964097531901,-34.54676348233285]}},{"type":"Feature","properties":{"DIRECCION":null,"ADRES":null,"layer":"ES24_3ROC-TTARDE_2023","path":"C:/Users/usuario/OneDrive/Escritorio/MAPEO MATRICULA/ES24/ES24_3ROC-TTARDE_2023.shp","school_id":"galeano","school_name":"Escuela Galeano","record_id":"galeano-188"},"geometry":{"type":"Point","coordinates":[-58.597395136120056,-34.55440032889834]}},{"type":"Feature","properties":{"DIRECCION":null,"ADRES":null,"layer":"ES24_3ROC-TTARDE_2023","path":"C:/Users/usuario/OneDrive/Escritorio/MAPEO MATRICULA/ES24/ES24_3ROC-TTARDE_2023.shp","school_id":"galeano","school_name":"Escuela Galeano","record_id":"galeano-189"},"geometry":{"type":"Point","coordinates":[-58.60231796703654,-34.55552711512514]}},{"type":"Feature","properties":{"DIRECCION":null,"ADRES":null,"layer":"ES24_3ROC-TTARDE_2023","path":"C:/Users/usuario/OneDrive/Escritorio/MAPEO MATRICULA/ES24/ES24_3ROC-TTARDE_2023.shp","school_id":"galeano","school_name":"Escuela Galeano","record_id":"galeano-190"},"geometry":{"type":"Point","coordinates":[-58.60153356727746,-34.55610996905485]}},{"type":"Feature","properties":{"DIRECCION":null,"ADRES":null,"layer":"ES24_3ROC-TTARDE_2023","path":"C:/Users/usuario/OneDrive/Escritorio/MAPEO MATRICULA/ES24/ES24_3ROC-TTARDE_2023.shp","school_id":"galeano","school_name":"Escuela Galeano","record_id":"galeano-191"},"geometry":{"type":"Point","coordinates":[-58.59487950359817,-34.55805437144676]}},{"type":"Feature","properties":{"DIRECCION":null,"ADRES":null,"layer":"ES24_3ROC-TTARDE_2023","path":"C:/Users/usuario/OneDrive/Escritorio/MAPEO MATRICULA/ES24/ES24_3ROC-TTARDE_2023.shp","school_id":"galeano","school_name":"Escuela Galeano","record_id":"galeano-192"},"geometry":{"type":"Point","coordinates":[-58.60210889195095,-34.55186673005364]}},{"type":"Feature","properties":{"DIRECCION":null,"ADRES":null,"layer":"ES24_4A_TMAÑANA_2023","path":"C:/Users/usuario/OneDrive/Escritorio/MAPEO MATRICULA/ES24/ES24_4A_TMAÑANA_2023.shp","school_id":"galeano","school_name":"Escuela Galeano","record_id":"galeano-193"},"geometry":{"type":"Point","coordinates":[-58.600963195810934,-34.55202454330577]}},{"type":"Feature","properties":{"DIRECCION":null,"ADRES":null,"layer":"ES24_4A_TMAÑANA_2023","path":"C:/Users/usuario/OneDrive/Escritorio/MAPEO MATRICULA/ES24/ES24_4A_TMAÑANA_2023.shp","school_id":"galeano","school_name":"Escuela Galeano","record_id":"galeano-194"},"geometry":{"type":"Point","coordinates":[-58.60501476481764,-34.55208924045392]}},{"type":"Feature","properties":{"DIRECCION":null,"ADRES":null,"layer":"ES24_4A_TMAÑANA_2023","path":"C:/Users/usuario/OneDrive/Escritorio/MAPEO MATRICULA/ES24/ES24_4A_TMAÑANA_2023.shp","school_id":"galeano","school_name":"Escuela Galeano","record_id":"galeano-195"},"geometry":{"type":"Point","coordinates":[-58.58679883368375,-34.56097372422773]}},{"type":"Feature","properties":{"DIRECCION":null,"ADRES":null,"layer":"ES24_4A_TMAÑANA_2023","path":"C:/Users/usuario/OneDrive/Escritorio/MAPEO MATRICULA/ES24/ES24_4A_TMAÑANA_2023.shp","school_id":"galeano","school_name":"Escuela Galeano","record_id":"galeano-196"},"geometry":{"type":"Point","coordinates":[-58.59348429068839,-34.559233426954194]}},{"type":"Feature","properties":{"DIRECCION":null,"ADRES":null,"layer":"ES24_4A_TMAÑANA_2023","path":"C:/Users/usuario/OneDrive/Escritorio/MAPEO MATRICULA/ES24/ES24_4A_TMAÑANA_2023.shp","school_id":"galeano","school_name":"Escuela Galeano","record_id":"galeano-197"},"geometry":{"type":"Point","coordinates":[-58.60679855276775,-34.5566077779257]}},{"type":"Feature","properties":{"DIRECCION":null,"ADRES":null,"layer":"ES24_4A_TMAÑANA_2023","path":"C:/Users/usuario/OneDrive/Escritorio/MAPEO MATRICULA/ES24/ES24_4A_TMAÑANA_2023.shp","school_id":"galeano","school_name":"Escuela Galeano","record_id":"galeano-198"},"geometry":{"type":"Point","coordinates":[-58.6089326781419,-34.55569130644888]}},{"type":"Feature","properties":{"DIRECCION":null,"ADRES":null,"layer":"ES24_4A_TMAÑANA_2023","path":"C:/Users/usuario/OneDrive/Escritorio/MAPEO MATRICULA/ES24/ES24_4A_TMAÑANA_2023.shp","school_id":"galeano","school_name":"Escuela Galeano","record_id":"galeano-199"},"geometry":{"type":"Point","coordinates":[-58.60310531555529,-34.55269997399949]}},{"type":"Feature","properties":{"DIRECCION":null,"ADRES":null,"layer":"ES24_4A_TMAÑANA_2023","path":"C:/Users/usuario/OneDrive/Escritorio/MAPEO MATRICULA/ES24/ES24_4A_TMAÑANA_2023.shp","school_id":"galeano","school_name":"Escuela Galeano","record_id":"galeano-200"},"geometry":{"type":"Point","coordinates":[-58.592334395683736,-34.55956603015894]}},{"type":"Feature","properties":{"DIRECCION":null,"ADRES":null,"layer":"ES24_4A_TMAÑANA_2023","path":"C:/Users/usuario/OneDrive/Escritorio/MAPEO MATRICULA/ES24/ES24_4A_TMAÑANA_2023.shp","school_id":"galeano","school_name":"Escuela Galeano","record_id":"galeano-201"},"geometry":{"type":"Point","coordinates":[-58.56717778052216,-34.54230004634015]}},{"type":"Feature","properties":{"DIRECCION":null,"ADRES":null,"layer":"ES24_4A_TMAÑANA_2023","path":"C:/Users/usuario/OneDrive/Escritorio/MAPEO MATRICULA/ES24/ES24_4A_TMAÑANA_2023.shp","school_id":"galeano","school_name":"Escuela Galeano","record_id":"galeano-202"},"geometry":{"type":"Point","coordinates":[-58.60329694743215,-34.55413502653178]}},{"type":"Feature","properties":{"DIRECCION":null,"ADRES":null,"layer":"ES24_4A_TMAÑANA_2023","path":"C:/Users/usuario/OneDrive/Escritorio/MAPEO MATRICULA/ES24/ES24_4A_TMAÑANA_2023.shp","school_id":"galeano","school_name":"Escuela Galeano","record_id":"galeano-203"},"geometry":{"type":"Point","coordinates":[-58.61285522809849,-34.55405004636139]}},{"type":"Feature","properties":{"DIRECCION":null,"ADRES":null,"layer":"ES24_4A_TMAÑANA_2023","path":"C:/Users/usuario/OneDrive/Escritorio/MAPEO MATRICULA/ES24/ES24_4A_TMAÑANA_2023.shp","school_id":"galeano","school_name":"Escuela Galeano","record_id":"galeano-204"},"geometry":{"type":"Point","coordinates":[-58.602007002036665,-34.55355988663324]}},{"type":"Feature","properties":{"DIRECCION":null,"ADRES":null,"layer":"ES24_4A_TMAÑANA_2023","path":"C:/Users/usuario/OneDrive/Escritorio/MAPEO MATRICULA/ES24/ES24_4A_TMAÑANA_2023.shp","school_id":"galeano","school_name":"Escuela Galeano","record_id":"galeano-205"},"geometry":{"type":"Point","coordinates":[-58.6019932148398,-34.55342741053534]}},{"type":"Feature","properties":{"DIRECCION":null,"ADRES":null,"layer":"ES24_4A_TMAÑANA_2023","path":"C:/Users/usuario/OneDrive/Escritorio/MAPEO MATRICULA/ES24/ES24_4A_TMAÑANA_2023.shp","school_id":"galeano","school_name":"Escuela Galeano","record_id":"galeano-206"},"geometry":{"type":"Point","coordinates":[-58.59237237620131,-34.560483019615745]}},{"type":"Feature","properties":{"DIRECCION":null,"ADRES":null,"layer":"ES24_4A_TMAÑANA_2023","path":"C:/Users/usuario/OneDrive/Escritorio/MAPEO MATRICULA/ES24/ES24_4A_TMAÑANA_2023.shp","school_id":"galeano","school_name":"Escuela Galeano","record_id":"galeano-207"},"geometry":{"type":"Point","coordinates":[-58.593487071986566,-34.54753511831394]}},{"type":"Feature","properties":{"DIRECCION":null,"ADRES":null,"layer":"ES24_4A_TMAÑANA_2023","path":"C:/Users/usuario/OneDrive/Escritorio/MAPEO MATRICULA/ES24/ES24_4A_TMAÑANA_2023.shp","school_id":"galeano","school_name":"Escuela Galeano","record_id":"galeano-208"},"geometry":{"type":"Point","coordinates":[-58.59574267487995,-34.55473028712514]}},{"type":"Feature","properties":{"DIRECCION":null,"ADRES":null,"layer":"ES24_4A_TMAÑANA_2023","path":"C:/Users/usuario/OneDrive/Escritorio/MAPEO MATRICULA/ES24/ES24_4A_TMAÑANA_2023.shp","school_id":"galeano","school_name":"Escuela Galeano","record_id":"galeano-209"},"geometry":{"type":"Point","coordinates":[-58.59761418457616,-34.55543300625483]}},{"type":"Feature","properties":{"DIRECCION":null,"ADRES":null,"layer":"ES24_4A_TMAÑANA_2023","path":"C:/Users/usuario/OneDrive/Escritorio/MAPEO MATRICULA/ES24/ES24_4A_TMAÑANA_2023.shp","school_id":"galeano","school_name":"Escuela Galeano","record_id":"galeano-210"},"geometry":{"type":"Point","coordinates":[-58.59672958768307,-34.555081226084454]}},{"type":"Feature","properties":{"DIRECCION":null,"ADRES":null,"layer":"ES24_4A_TMAÑANA_2023","path":"C:/Users/usuario/OneDrive/Escritorio/MAPEO MATRICULA/ES24/ES24_4A_TMAÑANA_2023.shp","school_id":"galeano","school_name":"Escuela Galeano","record_id":"galeano-211"},"geometry":{"type":"Point","coordinates":[-58.59960223254377,-34.55734182048753]}},{"type":"Feature","properties":{"DIRECCION":null,"ADRES":null,"layer":"ES24_4A_TMAÑANA_2023","path":"C:/Users/usuario/OneDrive/Escritorio/MAPEO MATRICULA/ES24/ES24_4A_TMAÑANA_2023.shp","school_id":"galeano","school_name":"Escuela Galeano","record_id":"galeano-212"},"geometry":{"type":"Point","coordinates":[-58.60282565352757,-34.55360565305587]}},{"type":"Feature","properties":{"DIRECCION":null,"ADRES":null,"layer":"ES24_4A_TMAÑANA_2023","path":"C:/Users/usuario/OneDrive/Escritorio/MAPEO MATRICULA/ES24/ES24_4A_TMAÑANA_2023.shp","school_id":"galeano","school_name":"Escuela Galeano","record_id":"galeano-213"},"geometry":{"type":"Point","coordinates":[-58.60003605712205,-34.55633612589751]}},{"type":"Feature","properties":{"DIRECCION":null,"ADRES":null,"layer":"ES24_4A_TMAÑANA_2023","path":"C:/Users/usuario/OneDrive/Escritorio/MAPEO MATRICULA/ES24/ES24_4A_TMAÑANA_2023.shp","school_id":"galeano","school_name":"Escuela Galeano","record_id":"galeano-214"},"geometry":{"type":"Point","coordinates":[-58.598390517557185,-34.552320682883604]}},{"type":"Feature","properties":{"DIRECCION":null,"ADRES":null,"layer":"ES24_4A_TMAÑANA_2023","path":"C:/Users/usuario/OneDrive/Escritorio/MAPEO MATRICULA/ES24/ES24_4A_TMAÑANA_2023.shp","school_id":"galeano","school_name":"Escuela Galeano","record_id":"galeano-215"},"geometry":{"type":"Point","coordinates":[-58.60162020989112,-34.55518752100756]}},{"type":"Feature","properties":{"DIRECCION":null,"ADRES":null,"layer":"ES24_4A_TMAÑANA_2023","path":"C:/Users/usuario/OneDrive/Escritorio/MAPEO MATRICULA/ES24/ES24_4A_TMAÑANA_2023.shp","school_id":"galeano","school_name":"Escuela Galeano","record_id":"galeano-216"},"geometry":{"type":"Point","coordinates":[-58.6015558696391,-34.55524051035097]}},{"type":"Feature","properties":{"DIRECCION":null,"ADRES":null,"layer":"ES24_4A_TMAÑANA_2023","path":"C:/Users/usuario/OneDrive/Escritorio/MAPEO MATRICULA/ES24/ES24_4A_TMAÑANA_2023.shp","school_id":"galeano","school_name":"Escuela Galeano","record_id":"galeano-217"},"geometry":{"type":"Point","coordinates":[-58.60344746744107,-34.55408299096514]}},{"type":"Feature","properties":{"DIRECCION":null,"ADRES":null,"layer":"ES24_4A_TMAÑANA_2023","path":"C:/Users/usuario/OneDrive/Escritorio/MAPEO MATRICULA/ES24/ES24_4A_TMAÑANA_2023.shp","school_id":"galeano","school_name":"Escuela Galeano","record_id":"galeano-218"},"geometry":{"type":"Point","coordinates":[-58.59680635531114,-34.5488453329853]}},{"type":"Feature","properties":{"DIRECCION":null,"ADRES":null,"layer":"ES24_4A_TMAÑANA_2023","path":"C:/Users/usuario/OneDrive/Escritorio/MAPEO MATRICULA/ES24/ES24_4A_TMAÑANA_2023.shp","school_id":"galeano","school_name":"Escuela Galeano","record_id":"galeano-219"},"geometry":{"type":"Point","coordinates":[-58.60117573953573,-34.54915608704371]}},{"type":"Feature","properties":{"DIRECCION":null,"ADRES":null,"layer":"ES24_5A_TMAÑANA_2023","path":"C:/Users/usuario/Documents/ES24_5A_TMAÑANA_2023.shp","school_id":"galeano","school_name":"Escuela Galeano","record_id":"galeano-220"},"geometry":{"type":"Point","coordinates":[-58.61027792960025,-34.553564906995]}},{"type":"Feature","properties":{"DIRECCION":null,"ADRES":null,"layer":"ES24_5A_TMAÑANA_2023","path":"C:/Users/usuario/Documents/ES24_5A_TMAÑANA_2023.shp","school_id":"galeano","school_name":"Escuela Galeano","record_id":"galeano-221"},"geometry":{"type":"Point","coordinates":[-58.59720947359664,-34.55452939143573]}},{"type":"Feature","properties":{"DIRECCION":null,"ADRES":null,"layer":"ES24_5A_TMAÑANA_2023","path":"C:/Users/usuario/Documents/ES24_5A_TMAÑANA_2023.shp","school_id":"galeano","school_name":"Escuela Galeano","record_id":"galeano-222"},"geometry":{"type":"Point","coordinates":[-58.60312362169685,-34.55185377724905]}},{"type":"Feature","properties":{"DIRECCION":null,"ADRES":null,"layer":"ES24_5A_TMAÑANA_2023","path":"C:/Users/usuario/Documents/ES24_5A_TMAÑANA_2023.shp","school_id":"galeano","school_name":"Escuela Galeano","record_id":"galeano-223"},"geometry":{"type":"Point","coordinates":[-58.602742677495954,-34.55492153623565]}},{"type":"Feature","properties":{"DIRECCION":null,"ADRES":null,"layer":"ES24_5A_TMAÑANA_2023","path":"C:/Users/usuario/Documents/ES24_5A_TMAÑANA_2023.shp","school_id":"galeano","school_name":"Escuela Galeano","record_id":"galeano-224"},"geometry":{"type":"Point","coordinates":[-58.601511339318684,-34.556102503752136]}},{"type":"Feature","properties":{"DIRECCION":null,"ADRES":null,"layer":"ES24_5A_TMAÑANA_2023","path":"C:/Users/usuario/Documents/ES24_5A_TMAÑANA_2023.shp","school_id":"galeano","school_name":"Escuela Galeano","record_id":"galeano-225"},"geometry":{"type":"Point","coordinates":[-58.59754788170448,-34.55542173462284]}},{"type":"Feature","properties":{"DIRECCION":null,"ADRES":null,"layer":"ES24_5A_TMAÑANA_2023","path":"C:/Users/usuario/Documents/ES24_5A_TMAÑANA_2023.shp","school_id":"galeano","school_name":"Escuela Galeano","record_id":"galeano-226"},"geometry":{"type":"Point","coordinates":[-58.59749962651547,-34.55540470237467]}},{"type":"Feature","properties":{"DIRECCION":null,"ADRES":null,"layer":"ES24_5A_TMAÑANA_2023","path":"C:/Users/usuario/Documents/ES24_5A_TMAÑANA_2023.shp","school_id":"galeano","school_name":"Escuela Galeano","record_id":"galeano-227"},"geometry":{"type":"Point","coordinates":[-58.59916028988927,-34.549404988211016]}},{"type":"Feature","properties":{"DIRECCION":null,"ADRES":null,"layer":"ES24_5A_TMAÑANA_2023","path":"C:/Users/usuario/Documents/ES24_5A_TMAÑANA_2023.shp","school_id":"galeano","school_name":"Escuela Galeano","record_id":"galeano-228"},"geometry":{"type":"Point","coordinates":[-58.59460596647683,-34.54216075242686]}},{"type":"Feature","properties":{"DIRECCION":null,"ADRES":null,"layer":"ES24_5A_TMAÑANA_2023","path":"C:/Users/usuario/Documents/ES24_5A_TMAÑANA_2023.shp","school_id":"galeano","school_name":"Escuela Galeano","record_id":"galeano-229"},"geometry":{"type":"Point","coordinates":[-58.6021675039215,-34.55195316107897]}},{"type":"Feature","properties":{"DIRECCION":null,"ADRES":null,"layer":"ES24_5A_TMAÑANA_2023","path":"C:/Users/usuario/Documents/ES24_5A_TMAÑANA_2023.shp","school_id":"galeano","school_name":"Escuela Galeano","record_id":"galeano-230"},"geometry":{"type":"Point","coordinates":[-58.58685660316108,-34.56095118006316]}},{"type":"Feature","properties":{"DIRECCION":null,"ADRES":null,"layer":"ES24_5A_TMAÑANA_2023","path":"C:/Users/usuario/Documents/ES24_5A_TMAÑANA_2023.shp","school_id":"galeano","school_name":"Escuela Galeano","record_id":"galeano-231"},"geometry":{"type":"Point","coordinates":[-58.603492334467965,-34.55156010049906]}},{"type":"Feature","properties":{"DIRECCION":null,"ADRES":null,"layer":"ES24_5A_TMAÑANA_2023","path":"C:/Users/usuario/Documents/ES24_5A_TMAÑANA_2023.shp","school_id":"galeano","school_name":"Escuela Galeano","record_id":"galeano-232"},"geometry":{"type":"Point","coordinates":[-58.60617074442248,-34.55352794367647]}},{"type":"Feature","properties":{"DIRECCION":null,"ADRES":null,"layer":"ES24_5A_TMAÑANA_2023","path":"C:/Users/usuario/Documents/ES24_5A_TMAÑANA_2023.shp","school_id":"galeano","school_name":"Escuela Galeano","record_id":"galeano-233"},"geometry":{"type":"Point","coordinates":[-58.60118568325911,-34.552786335889756]}},{"type":"Feature","properties":{"DIRECCION":null,"ADRES":null,"layer":"ES24_5A_TMAÑANA_2023","path":"C:/Users/usuario/Documents/ES24_5A_TMAÑANA_2023.shp","school_id":"galeano","school_name":"Escuela Galeano","record_id":"galeano-234"},"geometry":{"type":"Point","coordinates":[-58.600597236324944,-34.553157730948946]}},{"type":"Feature","properties":{"DIRECCION":null,"ADRES":null,"layer":"ES24_5A_TMAÑANA_2023","path":"C:/Users/usuario/Documents/ES24_5A_TMAÑANA_2023.shp","school_id":"galeano","school_name":"Escuela Galeano","record_id":"galeano-235"},"geometry":{"type":"Point","coordinates":[-58.60216071019089,-34.55481887522567]}},{"type":"Feature","properties":{"DIRECCION":null,"ADRES":null,"layer":"ES24_5A_TMAÑANA_2023","path":"C:/Users/usuario/Documents/ES24_5A_TMAÑANA_2023.shp","school_id":"galeano","school_name":"Escuela Galeano","record_id":"galeano-236"},"geometry":{"type":"Point","coordinates":[-58.604960268624076,-34.55969680816176]}},{"type":"Feature","properties":{"DIRECCION":null,"ADRES":null,"layer":"ES24_5A_TMAÑANA_2023","path":"C:/Users/usuario/Documents/ES24_5A_TMAÑANA_2023.shp","school_id":"galeano","school_name":"Escuela Galeano","record_id":"galeano-237"},"geometry":{"type":"Point","coordinates":[-58.59777765746959,-34.55604829060844]}},{"type":"Feature","properties":{"DIRECCION":null,"ADRES":null,"layer":"ES24_5A_TMAÑANA_2023","path":"C:/Users/usuario/Documents/ES24_5A_TMAÑANA_2023.shp","school_id":"galeano","school_name":"Escuela Galeano","record_id":"galeano-238"},"geometry":{"type":"Point","coordinates":[-58.58682169109342,-34.561033992474684]}},{"type":"Feature","properties":{"DIRECCION":null,"ADRES":null,"layer":"ES24_5A_TMAÑANA_2023","path":"C:/Users/usuario/Documents/ES24_5A_TMAÑANA_2023.shp","school_id":"galeano","school_name":"Escuela Galeano","record_id":"galeano-239"},"geometry":{"type":"Point","coordinates":[-58.602381984385204,-34.55564638108801]}},{"type":"Feature","properties":{"DIRECCION":null,"ADRES":null,"layer":"ES24_5A_TMAÑANA_2023","path":"C:/Users/usuario/Documents/ES24_5A_TMAÑANA_2023.shp","school_id":"galeano","school_name":"Escuela Galeano","record_id":"galeano-240"},"geometry":{"type":"Point","coordinates":[-58.60270530991344,-34.55362883371568]}},{"type":"Feature","properties":{"DIRECCION":null,"ADRES":null,"layer":"ES24_5A_TMAÑANA_2023","path":"C:/Users/usuario/Documents/ES24_5A_TMAÑANA_2023.shp","school_id":"galeano","school_name":"Escuela Galeano","record_id":"galeano-241"},"geometry":{"type":"Point","coordinates":[-58.610366272204736,-34.55458029992265]}},{"type":"Feature","properties":{"DIRECCION":null,"ADRES":null,"layer":"ES24_5A_TMAÑANA_2023","path":"C:/Users/usuario/Documents/ES24_5A_TMAÑANA_2023.shp","school_id":"galeano","school_name":"Escuela Galeano","record_id":"galeano-242"},"geometry":{"type":"Point","coordinates":[-58.60792295812773,-34.55548149262038]}},{"type":"Feature","properties":{"DIRECCION":null,"ADRES":null,"layer":"ES24_5TOB_TTARDE_2023","path":"C:/Users/usuario/Documents/ES24_5TOB_TTARDE_2023.shp","school_id":"galeano","school_name":"Escuela Galeano","record_id":"galeano-243"},"geometry":{"type":"Point","coordinates":[-58.60081266057062,-34.557529179514745]}},{"type":"Feature","properties":{"DIRECCION":null,"ADRES":null,"layer":"ES24_5TOB_TTARDE_2023","path":"C:/Users/usuario/Documents/ES24_5TOB_TTARDE_2023.shp","school_id":"galeano","school_name":"Escuela Galeano","record_id":"galeano-244"},"geometry":{"type":"Point","coordinates":[-58.60348386497068,-34.555379005534895]}},{"type":"Feature","properties":{"DIRECCION":null,"ADRES":null,"layer":"ES24_5TOB_TTARDE_2023","path":"C:/Users/usuario/Documents/ES24_5TOB_TTARDE_2023.shp","school_id":"galeano","school_name":"Escuela Galeano","record_id":"galeano-245"},"geometry":{"type":"Point","coordinates":[-58.599691156151145,-34.54889825351327]}},{"type":"Feature","properties":{"DIRECCION":null,"ADRES":null,"layer":"ES24_5TOB_TTARDE_2023","path":"C:/Users/usuario/Documents/ES24_5TOB_TTARDE_2023.shp","school_id":"galeano","school_name":"Escuela Galeano","record_id":"galeano-246"},"geometry":{"type":"Point","coordinates":[-58.60330574521462,-34.55890605976917]}},{"type":"Feature","properties":{"DIRECCION":null,"ADRES":null,"layer":"ES24_5TOB_TTARDE_2023","path":"C:/Users/usuario/Documents/ES24_5TOB_TTARDE_2023.shp","school_id":"galeano","school_name":"Escuela Galeano","record_id":"galeano-247"},"geometry":{"type":"Point","coordinates":[-58.59764459456735,-34.54647994525252]}},{"type":"Feature","properties":{"DIRECCION":null,"ADRES":null,"layer":"ES24_5TOB_TTARDE_2023","path":"C:/Users/usuario/Documents/ES24_5TOB_TTARDE_2023.shp","school_id":"galeano","school_name":"Escuela Galeano","record_id":"galeano-248"},"geometry":{"type":"Point","coordinates":[-58.60505562848219,-34.55298234269198]}},{"type":"Feature","properties":{"DIRECCION":null,"ADRES":null,"layer":"ES24_5TOB_TTARDE_2023","path":"C:/Users/usuario/Documents/ES24_5TOB_TTARDE_2023.shp","school_id":"galeano","school_name":"Escuela Galeano","record_id":"galeano-249"},"geometry":{"type":"Point","coordinates":[-58.60632127381543,-34.553439720710145]}},{"type":"Feature","properties":{"DIRECCION":null,"ADRES":null,"layer":"ES24_5TOB_TTARDE_2023","path":"C:/Users/usuario/Documents/ES24_5TOB_TTARDE_2023.shp","school_id":"galeano","school_name":"Escuela Galeano","record_id":"galeano-250"},"geometry":{"type":"Point","coordinates":[-58.607988852135726,-34.55546693870728]}},{"type":"Feature","properties":{"DIRECCION":null,"ADRES":null,"layer":"ES24_5TOB_TTARDE_2023","path":"C:/Users/usuario/Documents/ES24_5TOB_TTARDE_2023.shp","school_id":"galeano","school_name":"Escuela Galeano","record_id":"galeano-251"},"geometry":{"type":"Point","coordinates":[-58.60667700668304,-34.55625023594301]}},{"type":"Feature","properties":{"DIRECCION":null,"ADRES":null,"layer":"ES24_5TOB_TTARDE_2023","path":"C:/Users/usuario/Documents/ES24_5TOB_TTARDE_2023.shp","school_id":"galeano","school_name":"Escuela Galeano","record_id":"galeano-252"},"geometry":{"type":"Point","coordinates":[-58.599817698557054,-34.55634718264307]}},{"type":"Feature","properties":{"DIRECCION":null,"ADRES":null,"layer":"ES24_5TOB_TTARDE_2023","path":"C:/Users/usuario/Documents/ES24_5TOB_TTARDE_2023.shp","school_id":"galeano","school_name":"Escuela Galeano","record_id":"galeano-253"},"geometry":{"type":"Point","coordinates":[-58.59829264489173,-34.55395507629938]}},{"type":"Feature","properties":{"DIRECCION":null,"ADRES":null,"layer":"ES24_5TOB_TTARDE_2023","path":"C:/Users/usuario/Documents/ES24_5TOB_TTARDE_2023.shp","school_id":"galeano","school_name":"Escuela Galeano","record_id":"galeano-254"},"geometry":{"type":"Point","coordinates":[-58.61016148638804,-34.55363629772056]}},{"type":"Feature","properties":{"DIRECCION":null,"ADRES":null,"layer":"ES24_5TOB_TTARDE_2023","path":"C:/Users/usuario/Documents/ES24_5TOB_TTARDE_2023.shp","school_id":"galeano","school_name":"Escuela Galeano","record_id":"galeano-255"},"geometry":{"type":"Point","coordinates":[-58.592217869824715,-34.56046346965326]}},{"type":"Feature","properties":{"DIRECCION":null,"ADRES":null,"layer":"ES24_5TOB_TTARDE_2023","path":"C:/Users/usuario/Documents/ES24_5TOB_TTARDE_2023.shp","school_id":"galeano","school_name":"Escuela Galeano","record_id":"galeano-256"},"geometry":{"type":"Point","coordinates":[-58.597293253131774,-34.55438143092887]}},{"type":"Feature","properties":{"DIRECCION":null,"ADRES":null,"layer":"ES24_5TOB_TTARDE_2023","path":"C:/Users/usuario/Documents/ES24_5TOB_TTARDE_2023.shp","school_id":"galeano","school_name":"Escuela Galeano","record_id":"galeano-257"},"geometry":{"type":"Point","coordinates":[-58.60232103211271,-34.55500530158817]}},{"type":"Feature","properties":{"DIRECCION":null,"ADRES":null,"layer":"ES24_5TOB_TTARDE_2023","path":"C:/Users/usuario/Documents/ES24_5TOB_TTARDE_2023.shp","school_id":"galeano","school_name":"Escuela Galeano","record_id":"galeano-258"},"geometry":{"type":"Point","coordinates":[-58.60984974136621,-34.552613151537734]}},{"type":"Feature","properties":{"DIRECCION":null,"ADRES":null,"layer":"ES24_5TOB_TTARDE_2023","path":"C:/Users/usuario/Documents/ES24_5TOB_TTARDE_2023.shp","school_id":"galeano","school_name":"Escuela Galeano","record_id":"galeano-259"},"geometry":{"type":"Point","coordinates":[-58.59241208727334,-34.55997533003195]}},{"type":"Feature","properties":{"DIRECCION":null,"ADRES":null,"layer":"ES24_5TOB_TTARDE_2023","path":"C:/Users/usuario/Documents/ES24_5TOB_TTARDE_2023.shp","school_id":"galeano","school_name":"Escuela Galeano","record_id":"galeano-260"},"geometry":{"type":"Point","coordinates":[-58.58509345360041,-34.573077846759006]}},{"type":"Feature","properties":{"DIRECCION":null,"ADRES":null,"layer":"ES24_5TOB_TTARDE_2023","path":"C:/Users/usuario/Documents/ES24_5TOB_TTARDE_2023.shp","school_id":"galeano","school_name":"Escuela Galeano","record_id":"galeano-261"},"geometry":{"type":"Point","coordinates":[-58.60185747020265,-34.55352854062764]}},{"type":"Feature","properties":{"DIRECCION":null,"ADRES":null,"layer":"ES24_5TOB_TTARDE_2023","path":"C:/Users/usuario/Documents/ES24_5TOB_TTARDE_2023.shp","school_id":"galeano","school_name":"Escuela Galeano","record_id":"galeano-262"},"geometry":{"type":"Point","coordinates":[-58.60686225162568,-34.556377394532994]}},{"type":"Feature","properties":{"DIRECCION":null,"ADRES":null,"layer":"ES24_6TOA_TMAÑANA_2023","path":"C:/Users/usuario/OneDrive/Escritorio/MAPEO MATRICULA/ES24/ES24_6TOA_TMAÑANA_2023.shp","school_id":"galeano","school_name":"Escuela Galeano","record_id":"galeano-263"},"geometry":{"type":"Point","coordinates":[-58.6028885472124,-34.55508922766889]}},{"type":"Feature","properties":{"DIRECCION":null,"ADRES":null,"layer":"ES24_6TOA_TMAÑANA_2023","path":"C:/Users/usuario/OneDrive/Escritorio/MAPEO MATRICULA/ES24/ES24_6TOA_TMAÑANA_2023.shp","school_id":"galeano","school_name":"Escuela Galeano","record_id":"galeano-264"},"geometry":{"type":"Point","coordinates":[-58.59929090332169,-34.55112406094227]}},{"type":"Feature","properties":{"DIRECCION":null,"ADRES":null,"layer":"ES24_6TOA_TMAÑANA_2023","path":"C:/Users/usuario/OneDrive/Escritorio/MAPEO MATRICULA/ES24/ES24_6TOA_TMAÑANA_2023.shp","school_id":"galeano","school_name":"Escuela Galeano","record_id":"galeano-265"},"geometry":{"type":"Point","coordinates":[-58.597314075087425,-34.546598802357195]}},{"type":"Feature","properties":{"DIRECCION":null,"ADRES":null,"layer":"ES24_6TOA_TMAÑANA_2023","path":"C:/Users/usuario/OneDrive/Escritorio/MAPEO MATRICULA/ES24/ES24_6TOA_TMAÑANA_2023.shp","school_id":"galeano","school_name":"Escuela Galeano","record_id":"galeano-266"},"geometry":{"type":"Point","coordinates":[-58.60026683308138,-34.551706968666274]}},{"type":"Feature","properties":{"DIRECCION":null,"ADRES":null,"layer":"ES24_6TOA_TMAÑANA_2023","path":"C:/Users/usuario/OneDrive/Escritorio/MAPEO MATRICULA/ES24/ES24_6TOA_TMAÑANA_2023.shp","school_id":"galeano","school_name":"Escuela Galeano","record_id":"galeano-267"},"geometry":{"type":"Point","coordinates":[-58.60383331190024,-34.55238497735641]}},{"type":"Feature","properties":{"DIRECCION":null,"ADRES":null,"layer":"ES24_6TOA_TMAÑANA_2023","path":"C:/Users/usuario/OneDrive/Escritorio/MAPEO MATRICULA/ES24/ES24_6TOA_TMAÑANA_2023.shp","school_id":"galeano","school_name":"Escuela Galeano","record_id":"galeano-268"},"geometry":{"type":"Point","coordinates":[-58.60461405529717,-34.553186908266866]}},{"type":"Feature","properties":{"DIRECCION":null,"ADRES":null,"layer":"ES24_6TOA_TMAÑANA_2023","path":"C:/Users/usuario/OneDrive/Escritorio/MAPEO MATRICULA/ES24/ES24_6TOA_TMAÑANA_2023.shp","school_id":"galeano","school_name":"Escuela Galeano","record_id":"galeano-269"},"geometry":{"type":"Point","coordinates":[-58.59344076255858,-34.55922021570259]}},{"type":"Feature","properties":{"DIRECCION":null,"ADRES":null,"layer":"ES24_6TOA_TMAÑANA_2023","path":"C:/Users/usuario/OneDrive/Escritorio/MAPEO MATRICULA/ES24/ES24_6TOA_TMAÑANA_2023.shp","school_id":"galeano","school_name":"Escuela Galeano","record_id":"galeano-270"},"geometry":{"type":"Point","coordinates":[-58.602789940077216,-34.552952110822424]}},{"type":"Feature","properties":{"DIRECCION":null,"ADRES":null,"layer":"ES24_6TOA_TMAÑANA_2023","path":"C:/Users/usuario/OneDrive/Escritorio/MAPEO MATRICULA/ES24/ES24_6TOA_TMAÑANA_2023.shp","school_id":"galeano","school_name":"Escuela Galeano","record_id":"galeano-271"},"geometry":{"type":"Point","coordinates":[-58.60282787255495,-34.555005972025626]}},{"type":"Feature","properties":{"DIRECCION":null,"ADRES":null,"layer":"ES24_6TOA_TMAÑANA_2023","path":"C:/Users/usuario/OneDrive/Escritorio/MAPEO MATRICULA/ES24/ES24_6TOA_TMAÑANA_2023.shp","school_id":"galeano","school_name":"Escuela Galeano","record_id":"galeano-272"},"geometry":{"type":"Point","coordinates":[-58.60464108231867,-34.55473992811085]}},{"type":"Feature","properties":{"DIRECCION":null,"ADRES":null,"layer":"ES24_6TOA_TMAÑANA_2023","path":"C:/Users/usuario/OneDrive/Escritorio/MAPEO MATRICULA/ES24/ES24_6TOA_TMAÑANA_2023.shp","school_id":"galeano","school_name":"Escuela Galeano","record_id":"galeano-273"},"geometry":{"type":"Point","coordinates":[-58.6012151799715,-34.555701059071566]}},{"type":"Feature","properties":{"DIRECCION":null,"ADRES":null,"layer":"ES24_6TOA_TMAÑANA_2023","path":"C:/Users/usuario/OneDrive/Escritorio/MAPEO MATRICULA/ES24/ES24_6TOA_TMAÑANA_2023.shp","school_id":"galeano","school_name":"Escuela Galeano","record_id":"galeano-274"},"geometry":{"type":"Point","coordinates":[-58.59913561111196,-34.552259539430764]}},{"type":"Feature","properties":{"DIRECCION":null,"ADRES":null,"layer":"ES24_6TOA_TMAÑANA_2023","path":"C:/Users/usuario/OneDrive/Escritorio/MAPEO MATRICULA/ES24/ES24_6TOA_TMAÑANA_2023.shp","school_id":"galeano","school_name":"Escuela Galeano","record_id":"galeano-275"},"geometry":{"type":"Point","coordinates":[-58.60275245242127,-34.552893539173496]}},{"type":"Feature","properties":{"DIRECCION":null,"ADRES":null,"layer":"ES24_6TOA_TMAÑANA_2023","path":"C:/Users/usuario/OneDrive/Escritorio/MAPEO MATRICULA/ES24/ES24_6TOA_TMAÑANA_2023.shp","school_id":"galeano","school_name":"Escuela Galeano","record_id":"galeano-276"},"geometry":{"type":"Point","coordinates":[-58.602294883488035,-34.554677515597845]}},{"type":"Feature","properties":{"DIRECCION":null,"ADRES":null,"layer":"ES24_6TOA_TMAÑANA_2023","path":"C:/Users/usuario/OneDrive/Escritorio/MAPEO MATRICULA/ES24/ES24_6TOA_TMAÑANA_2023.shp","school_id":"galeano","school_name":"Escuela Galeano","record_id":"galeano-277"},"geometry":{"type":"Point","coordinates":[-58.59677850583271,-34.5507144516943]}},{"type":"Feature","properties":{"DIRECCION":null,"ADRES":null,"layer":"ES24_6TOA_TMAÑANA_2023","path":"C:/Users/usuario/OneDrive/Escritorio/MAPEO MATRICULA/ES24/ES24_6TOA_TMAÑANA_2023.shp","school_id":"galeano","school_name":"Escuela Galeano","record_id":"galeano-278"},"geometry":{"type":"Point","coordinates":[-58.60352389189597,-34.55130209536766]}},{"type":"Feature","properties":{"DIRECCION":null,"ADRES":null,"layer":"ES24_6TOA_TMAÑANA_2023","path":"C:/Users/usuario/OneDrive/Escritorio/MAPEO MATRICULA/ES24/ES24_6TOA_TMAÑANA_2023.shp","school_id":"galeano","school_name":"Escuela Galeano","record_id":"galeano-279"},"geometry":{"type":"Point","coordinates":[-58.598854627893076,-34.5515481285233]}},{"type":"Feature","properties":{"DIRECCION":null,"ADRES":null,"layer":"ES24_6TOA_TMAÑANA_2023","path":"C:/Users/usuario/OneDrive/Escritorio/MAPEO MATRICULA/ES24/ES24_6TOA_TMAÑANA_2023.shp","school_id":"galeano","school_name":"Escuela Galeano","record_id":"galeano-280"},"geometry":{"type":"Point","coordinates":[-58.60446008762158,-34.55405651515142]}},{"type":"Feature","properties":{"DIRECCION":null,"ADRES":null,"layer":"ES24_6TOA_TMAÑANA_2023","path":"C:/Users/usuario/OneDrive/Escritorio/MAPEO MATRICULA/ES24/ES24_6TOA_TMAÑANA_2023.shp","school_id":"galeano","school_name":"Escuela Galeano","record_id":"galeano-281"},"geometry":{"type":"Point","coordinates":[-58.607474078006035,-34.55345224169144]}},{"type":"Feature","properties":{"DIRECCION":null,"ADRES":null,"layer":"ES24_6TOA_TMAÑANA_2023","path":"C:/Users/usuario/OneDrive/Escritorio/MAPEO MATRICULA/ES24/ES24_6TOA_TMAÑANA_2023.shp","school_id":"galeano","school_name":"Escuela Galeano","record_id":"galeano-282"},"geometry":{"type":"Point","coordinates":[-58.6019185492718,-34.55362314158339]}},{"type":"Feature","properties":{"DIRECCION":null,"ADRES":null,"layer":"ES24_6TOA_TMAÑANA_2023","path":"C:/Users/usuario/OneDrive/Escritorio/MAPEO MATRICULA/ES24/ES24_6TOA_TMAÑANA_2023.shp","school_id":"galeano","school_name":"Escuela Galeano","record_id":"galeano-283"},"geometry":{"type":"Point","coordinates":[-58.606577036693814,-34.553258600725954]}},{"type":"Feature","properties":{"DIRECCION":null,"ADRES":null,"layer":"ES24_6TOA_TMAÑANA_2023","path":"C:/Users/usuario/OneDrive/Escritorio/MAPEO MATRICULA/ES24/ES24_6TOA_TMAÑANA_2023.shp","school_id":"galeano","school_name":"Escuela Galeano","record_id":"galeano-284"},"geometry":{"type":"Point","coordinates":[-58.601095888138175,-34.54903884986208]}},{"type":"Feature","properties":{"DIRECCION":null,"ADRES":null,"layer":"ES24_6TOA_TMAÑANA_2023","path":"C:/Users/usuario/OneDrive/Escritorio/MAPEO MATRICULA/ES24/ES24_6TOA_TMAÑANA_2023.shp","school_id":"galeano","school_name":"Escuela Galeano","record_id":"galeano-285"},"geometry":{"type":"Point","coordinates":[-58.601613571385656,-34.55621907813679]}},{"type":"Feature","properties":{"DIRECCION":null,"ADRES":null,"layer":"ES24_6TOB_TTARDE_2023","path":"C:/Users/usuario/OneDrive/Escritorio/MAPEO MATRICULA/ES24/ES24_6TOB_TTARDE_2023.shp","school_id":"galeano","school_name":"Escuela Galeano","record_id":"galeano-286"},"geometry":{"type":"Point","coordinates":[-58.60075751178318,-34.55747051435362]}},{"type":"Feature","properties":{"DIRECCION":null,"ADRES":null,"layer":"ES24_6TOB_TTARDE_2023","path":"C:/Users/usuario/OneDrive/Escritorio/MAPEO MATRICULA/ES24/ES24_6TOB_TTARDE_2023.shp","school_id":"galeano","school_name":"Escuela Galeano","record_id":"galeano-287"},"geometry":{"type":"Point","coordinates":[-58.599070396822086,-34.552204463632734]}},{"type":"Feature","properties":{"DIRECCION":null,"ADRES":null,"layer":"ES24_6TOB_TTARDE_2023","path":"C:/Users/usuario/OneDrive/Escritorio/MAPEO MATRICULA/ES24/ES24_6TOB_TTARDE_2023.shp","school_id":"galeano","school_name":"Escuela Galeano","record_id":"galeano-288"},"geometry":{"type":"Point","coordinates":[-58.60213449595484,-34.55173222112668]}},{"type":"Feature","properties":{"DIRECCION":null,"ADRES":null,"layer":"ES24_6TOB_TTARDE_2023","path":"C:/Users/usuario/OneDrive/Escritorio/MAPEO MATRICULA/ES24/ES24_6TOB_TTARDE_2023.shp","school_id":"galeano","school_name":"Escuela Galeano","record_id":"galeano-289"},"geometry":{"type":"Point","coordinates":[-58.610945140053296,-34.55426909059069]}},{"type":"Feature","properties":{"DIRECCION":null,"ADRES":null,"layer":"ES24_6TOB_TTARDE_2023","path":"C:/Users/usuario/OneDrive/Escritorio/MAPEO MATRICULA/ES24/ES24_6TOB_TTARDE_2023.shp","school_id":"galeano","school_name":"Escuela Galeano","record_id":"galeano-290"},"geometry":{"type":"Point","coordinates":[-58.60270379664747,-34.552905892498224]}},{"type":"Feature","properties":{"DIRECCION":null,"ADRES":null,"layer":"ES24_6TOB_TTARDE_2023","path":"C:/Users/usuario/OneDrive/Escritorio/MAPEO MATRICULA/ES24/ES24_6TOB_TTARDE_2023.shp","school_id":"galeano","school_name":"Escuela Galeano","record_id":"galeano-291"},"geometry":{"type":"Point","coordinates":[-58.602834775017634,-34.55294185054247]}},{"type":"Feature","properties":{"DIRECCION":null,"ADRES":null,"layer":"ES24_6TOB_TTARDE_2023","path":"C:/Users/usuario/OneDrive/Escritorio/MAPEO MATRICULA/ES24/ES24_6TOB_TTARDE_2023.shp","school_id":"galeano","school_name":"Escuela Galeano","record_id":"galeano-292"},"geometry":{"type":"Point","coordinates":[-58.59235752514152,-34.560512093269224]}},{"type":"Feature","properties":{"DIRECCION":null,"ADRES":null,"layer":"ES24_6TOB_TTARDE_2023","path":"C:/Users/usuario/OneDrive/Escritorio/MAPEO MATRICULA/ES24/ES24_6TOB_TTARDE_2023.shp","school_id":"galeano","school_name":"Escuela Galeano","record_id":"galeano-293"},"geometry":{"type":"Point","coordinates":[-58.60830741477745,-34.555042881277515]}},{"type":"Feature","properties":{"DIRECCION":null,"ADRES":null,"layer":"ES24_6TOB_TTARDE_2023","path":"C:/Users/usuario/OneDrive/Escritorio/MAPEO MATRICULA/ES24/ES24_6TOB_TTARDE_2023.shp","school_id":"galeano","school_name":"Escuela Galeano","record_id":"galeano-294"},"geometry":{"type":"Point","coordinates":[-58.57979885246931,-34.53198206720468]}},{"type":"Feature","properties":{"DIRECCION":null,"ADRES":null,"layer":"ES24_6TOB_TTARDE_2023","path":"C:/Users/usuario/OneDrive/Escritorio/MAPEO MATRICULA/ES24/ES24_6TOB_TTARDE_2023.shp","school_id":"galeano","school_name":"Escuela Galeano","record_id":"galeano-295"},"geometry":{"type":"Point","coordinates":[-58.6019861749525,-34.55419828512741]}},{"type":"Feature","properties":{"address":"San Andres, Diagonal 76 - Juan Martín Campos, Villa Parque San Lorenzo, San Andrés, Partido de General San Martín, Buenos Aires, B1651, Argentina","address_2":null,"OBJECTID":null,"ADRESS":null,"UBIC":null,"UBC":null,"layer":"1A_TM_ES3","path":"C:/Users/usuario/OneDrive/Escritorio/MAPEO MATRICULA/EES 3/1ATURNOMAÑANAFINALDEFFINAL.shp","school_id":"pizarnik","school_name":"Escuela Pizarnik","record_id":"pizarnik-1"},"geometry":{"type":"Point","coordinates":[-58.5415615,-34.56344839999999]}},{"type":"Feature","properties":{"address":"La Nueva, 114 - Alvear, Villa Gregoria Matorras, Villa Ballester, Partido de General San Martín, Buenos Aires, B1653, Argentina","address_2":null,"OBJECTID":null,"ADRESS":null,"UBIC":null,"UBC":null,"layer":"1A_TM_ES3","path":"C:/Users/usuario/OneDrive/Escritorio/MAPEO MATRICULA/EES 3/1ATURNOMAÑANAFINALDEFFINAL.shp","school_id":"pizarnik","school_name":"Escuela Pizarnik","record_id":"pizarnik-2"},"geometry":{"type":"Point","coordinates":[-58.550164800000005,-34.54642410000001]}},{"type":"Feature","properties":{"address":"35 - Mendoza, La Rana, Villa Marqués Alejandro María de Aguada, San Andrés, Partido de General San Martín, Buenos Aires, B1651DMR, Argentina","address_2":null,"OBJECTID":null,"ADRESS":null,"UBIC":null,"UBC":null,"layer":"1A_TM_ES3","path":"C:/Users/usuario/OneDrive/Escritorio/MAPEO MATRICULA/EES 3/1ATURNOMAÑANAFINALDEFFINAL.shp","school_id":"pizarnik","school_name":"Escuela Pizarnik","record_id":"pizarnik-3"},"geometry":{"type":"Point","coordinates":[-58.540603719979025,-34.547196152790235]}},{"type":"Feature","properties":{"address":"78 - Venezuela, Villa Zagala, Villa Granaderos de San Martín, San Andrés, Partido de General San Martín, Buenos Aires, B1651FHH, Argentina","address_2":null,"OBJECTID":null,"ADRESS":null,"UBIC":null,"UBC":null,"layer":"1A_TM_ES3","path":"C:/Users/usuario/OneDrive/Escritorio/MAPEO MATRICULA/EES 3/1ATURNOMAÑANAFINALDEFFINAL.shp","school_id":"pizarnik","school_name":"Escuela Pizarnik","record_id":"pizarnik-4"},"geometry":{"type":"Point","coordinates":[-58.52928267789071,-34.5513393640478]}},{"type":"Feature","properties":{"address":"4936, Italia, Florida Oeste, Vicente López, Partido de Vicente López, Buenos Aires, B1605CYC, Argentina","address_2":null,"OBJECTID":null,"ADRESS":null,"UBIC":null,"UBC":null,"layer":"1A_TM_ES3","path":"C:/Users/usuario/OneDrive/Escritorio/MAPEO MATRICULA/EES 3/1ATURNOMAÑANAFINALDEFFINAL.shp","school_id":"pizarnik","school_name":"Escuela Pizarnik","record_id":"pizarnik-5"},"geometry":{"type":"Point","coordinates":[-58.52716174744062,-34.53989045274166]}},{"type":"Feature","properties":{"address":"3603, 25 - General Güemes, Villa Concepción, Villa Granaderos de San Martín, San Andrés, Partido de General San Martín, Buenos Aires, 1651, Argentina","address_2":null,"OBJECTID":null,"ADRESS":null,"UBIC":null,"UBC":null,"layer":"1A_TM_ES3","path":"C:/Users/usuario/OneDrive/Escritorio/MAPEO MATRICULA/EES 3/1ATURNOMAÑANAFINALDEFFINAL.shp","school_id":"pizarnik","school_name":"Escuela Pizarnik","record_id":"pizarnik-6"},"geometry":{"type":"Point","coordinates":[-58.5319298196876,-34.547048809290146]}},{"type":"Feature","properties":{"address":"3464, 76 - Adelina Hue, Villa Yapeyú, San Andrés, Partido de General San Martín, Buenos Aires, B1650, Argentina","address_2":null,"OBJECTID":null,"ADRESS":null,"UBIC":null,"UBC":null,"layer":"1A_TM_ES3","path":"C:/Users/usuario/OneDrive/Escritorio/MAPEO MATRICULA/EES 3/1ATURNOMAÑANAFINALDEFFINAL.shp","school_id":"pizarnik","school_name":"Escuela Pizarnik","record_id":"pizarnik-7"},"geometry":{"type":"Point","coordinates":[-58.54654884409004,-34.56616344865618]}},{"type":"Feature","properties":{"address":"3963, 47 - Chaco, Villa La Rana, Villa Marqués Alejandro María de Aguada, San Andrés, Partido de General San Martín, Buenos Aires, 1651, Argentina","address_2":null,"OBJECTID":null,"ADRESS":null,"UBIC":null,"UBC":null,"layer":"1A_TM_ES3","path":"C:/Users/usuario/OneDrive/Escritorio/MAPEO MATRICULA/EES 3/1ATURNOMAÑANAFINALDEFFINAL.shp","school_id":"pizarnik","school_name":"Escuela Pizarnik","record_id":"pizarnik-8"},"geometry":{"type":"Point","coordinates":[-58.5425838760601,-34.5501820526939]}},{"type":"Feature","properties":{"address":"1304, Pasaje 70 - La Nueva, Villa Loyola, Villa Granaderos de San Martín, San Andrés, Partido de General San Martín, Buenos Aires, 1651, Argentina","address_2":null,"OBJECTID":null,"ADRESS":null,"UBIC":null,"UBC":null,"layer":"1A_TM_ES3","path":"C:/Users/usuario/OneDrive/Escritorio/MAPEO MATRICULA/EES 3/1ATURNOMAÑANAFINALDEFFINAL.shp","school_id":"pizarnik","school_name":"Escuela Pizarnik","record_id":"pizarnik-9"},"geometry":{"type":"Point","coordinates":[-58.52629394970313,-34.554245850543495]}},{"type":"Feature","properties":{"address":null,"address_2":"Diagonal 78 - Santa Rosalía, Villa Zagala, Villa Granaderos de San Martín, San Andrés, Partido de General San Martín, Buenos Aires, B1651FHH, Argentina","OBJECTID":null,"ADRESS":null,"UBIC":null,"UBC":null,"layer":"1A_TM_ES3","path":"C:/Users/usuario/OneDrive/Escritorio/MAPEO MATRICULA/EES 3/1ATURNOMAÑANAFINALDEFFINAL.shp","school_id":"pizarnik","school_name":"Escuela Pizarnik","record_id":"pizarnik-10"},"geometry":{"type":"Point","coordinates":[-58.531397098939806,-34.55007288787056]}},{"type":"Feature","properties":{"address":null,"address_2":"1498, 90 - Güemes, Villa La Rana, Villa Marqués Alejandro María de Aguada, San Andrés, Partido de General San Martín, Buenos Aires, 1651, Argentina","OBJECTID":null,"ADRESS":null,"UBIC":null,"UBC":null,"layer":"1A_TM_ES3","path":"C:/Users/usuario/OneDrive/Escritorio/MAPEO MATRICULA/EES 3/1ATURNOMAÑANAFINALDEFFINAL.shp","school_id":"pizarnik","school_name":"Escuela Pizarnik","record_id":"pizarnik-11"},"geometry":{"type":"Point","coordinates":[-58.53501394024991,-34.549312061808244]}},{"type":"Feature","properties":{"address":null,"address_2":"3104, 47 - Chaco, Villa La Rana, Villa Marqués Alejandro María de Aguada, San Andrés, Partido de General San Martín, Buenos Aires, 1651, Argentina","OBJECTID":null,"ADRESS":null,"UBIC":null,"UBC":null,"layer":"1A_TM_ES3","path":"C:/Users/usuario/OneDrive/Escritorio/MAPEO MATRICULA/EES 3/1ATURNOMAÑANAFINALDEFFINAL.shp","school_id":"pizarnik","school_name":"Escuela Pizarnik","record_id":"pizarnik-12"},"geometry":{"type":"Point","coordinates":[-58.53488525974586,-34.55723415345229]}},{"type":"Feature","properties":{"address":null,"address_2":"1304, Pasaje 70 - La Nueva, Villa Loyola, Villa Granaderos de San Martín, San Andrés, Partido de General San Martín, Buenos Aires, 1651, Argentina","OBJECTID":null,"ADRESS":null,"UBIC":null,"UBC":null,"layer":"1A_TM_ES3","path":"C:/Users/usuario/OneDrive/Escritorio/MAPEO MATRICULA/EES 3/1ATURNOMAÑANAFINALDEFFINAL.shp","school_id":"pizarnik","school_name":"Escuela Pizarnik","record_id":"pizarnik-13"},"geometry":{"type":"Point","coordinates":[-58.526298133967025,-34.55427055435098]}},{"type":"Feature","properties":{"address":null,"address_2":"1984, 86 - Pelagio Baltasar Luna, Villa La Rana, Villa Marqués Alejandro María de Aguada, San Andrés, Partido de General San Martín, Buenos Aires, 1651, Argentina","OBJECTID":null,"ADRESS":null,"UBIC":null,"UBC":null,"layer":"1A_TM_ES3","path":"C:/Users/usuario/OneDrive/Escritorio/MAPEO MATRICULA/EES 3/1ATURNOMAÑANAFINALDEFFINAL.shp","school_id":"pizarnik","school_name":"Escuela Pizarnik","record_id":"pizarnik-14"},"geometry":{"type":"Point","coordinates":[-58.5379827833075,-34.552398852763105]}},{"type":"Feature","properties":{"address":null,"address_2":"3104, Pasaje 61 - Camaño, Villa Marqués Alejandro María de Aguada, San Andrés, Partido de General San Martín, Buenos Aires, 1651, Argentina","OBJECTID":null,"ADRESS":null,"UBIC":null,"UBC":null,"layer":"1A_TM_ES3","path":"C:/Users/usuario/OneDrive/Escritorio/MAPEO MATRICULA/EES 3/1ATURNOMAÑANAFINALDEFFINAL.shp","school_id":"pizarnik","school_name":"Escuela Pizarnik","record_id":"pizarnik-15"},"geometry":{"type":"Point","coordinates":[-58.5390673761273,-34.56069533700463]}},{"type":"Feature","properties":{"address":null,"address_2":"3504, 1 - Avenida de los Constituyentes (GSM) / Avenida de los Constituyentes (VL), Barrio Las Flores, Florida Oeste, San Andrés, Partido de General San Martín, Buenos Aires, B1605CYC, Argentina","OBJECTID":null,"ADRESS":null,"UBIC":null,"UBC":null,"layer":"1A_TM_ES3","path":"C:/Users/usuario/OneDrive/Escritorio/MAPEO MATRICULA/EES 3/1ATURNOMAÑANAFINALDEFFINAL.shp","school_id":"pizarnik","school_name":"Escuela Pizarnik","record_id":"pizarnik-16"},"geometry":{"type":"Point","coordinates":[-58.52682434531391,-34.54502329522764]}},{"type":"Feature","properties":{"address":null,"address_2":"2441, 92 - Joaquín V. González, Villa La Rana, Villa Marqués Alejandro María de Aguada, San Andrés, Partido de General San Martín, Buenos Aires, 1651, Argentina","OBJECTID":null,"ADRESS":null,"UBIC":null,"UBC":null,"layer":"1A_TM_ES3","path":"C:/Users/usuario/OneDrive/Escritorio/MAPEO MATRICULA/EES 3/1ATURNOMAÑANAFINALDEFFINAL.shp","school_id":"pizarnik","school_name":"Escuela Pizarnik","record_id":"pizarnik-17"},"geometry":{"type":"Point","coordinates":[-58.54394344808416,-34.55403020675623]}},{"type":"Feature","properties":{"address":null,"address_2":"3255, 55 - San Juan, Villa La Rana, Villa Marqués Alejandro María de Aguada, San Andrés, Partido de General San Martín, Buenos Aires, 1651, Argentina","OBJECTID":null,"ADRESS":null,"UBIC":null,"UBC":null,"layer":"1A_TM_ES3","path":"C:/Users/usuario/OneDrive/Escritorio/MAPEO MATRICULA/EES 3/1ATURNOMAÑANAFINALDEFFINAL.shp","school_id":"pizarnik","school_name":"Escuela Pizarnik","record_id":"pizarnik-18"},"geometry":{"type":"Point","coordinates":[-58.53866948842927,-34.557800836677835]}},{"type":"Feature","properties":{"address":null,"address_2":"33 - Ecuador, Villa Zagala, Villa Granaderos de San Martín, San Andrés, Partido de General San Martín, Buenos Aires, B1651FHH, Argentina","OBJECTID":null,"ADRESS":null,"UBIC":null,"UBC":null,"layer":"1A_TM_ES3","path":"C:/Users/usuario/OneDrive/Escritorio/MAPEO MATRICULA/EES 3/1ATURNOMAÑANAFINALDEFFINAL.shp","school_id":"pizarnik","school_name":"Escuela Pizarnik","record_id":"pizarnik-19"},"geometry":{"type":"Point","coordinates":[-58.527378517383276,-34.556163028649905]}},{"type":"Feature","properties":{"address":null,"address_2":"33 - Ecuador, Villa Zagala, Villa Granaderos de San Martín, San Andrés, Partido de General San Martín, Buenos Aires, B1651FHH, Argentina","OBJECTID":null,"ADRESS":null,"UBIC":null,"UBC":null,"layer":"1A_TM_ES3","path":"C:/Users/usuario/OneDrive/Escritorio/MAPEO MATRICULA/EES 3/1ATURNOMAÑANAFINALDEFFINAL.shp","school_id":"pizarnik","school_name":"Escuela Pizarnik","record_id":"pizarnik-20"},"geometry":{"type":"Point","coordinates":[-58.527132494243936,-34.55633494628374]}},{"type":"Feature","properties":{"address":null,"address_2":"1973, Diagonal 76 - Juan Martín Campos, Villa Zagala, Villa Marqués Alejandro María de Aguada, San Andrés, Partido de General San Martín, Buenos Aires, 1651, Argentina","OBJECTID":null,"ADRESS":null,"UBIC":null,"UBC":null,"layer":"1A_TM_ES3","path":"C:/Users/usuario/OneDrive/Escritorio/MAPEO MATRICULA/EES 3/1ATURNOMAÑANAFINALDEFFINAL.shp","school_id":"pizarnik","school_name":"Escuela Pizarnik","record_id":"pizarnik-21"},"geometry":{"type":"Point","coordinates":[-58.53333339564208,-34.555928176308086]}},{"type":"Feature","properties":{"address":null,"address_2":"Los Abuelos, Diagonal 76 - Juan Martín Campos, Villa Marqués Alejandro María de Aguada, San Andrés, Partido de General San Martín, Buenos Aires, 1651, Argentina","OBJECTID":null,"ADRESS":null,"UBIC":null,"UBC":null,"layer":"1A_TM_ES3","path":"C:/Users/usuario/OneDrive/Escritorio/MAPEO MATRICULA/EES 3/1ATURNOMAÑANAFINALDEFFINAL.shp","school_id":"pizarnik","school_name":"Escuela Pizarnik","record_id":"pizarnik-22"},"geometry":{"type":"Point","coordinates":[-58.535573697259345,-34.55776399786392]}},{"type":"Feature","properties":{"address":null,"address_2":"3646, 88 - Independencia, Villa Concepción, Villa Granaderos de San Martín, San Andrés, Partido de General San Martín, Buenos Aires, B1605CYC, Argentina","OBJECTID":null,"ADRESS":null,"UBIC":null,"UBC":null,"layer":"1A_TM_ES3","path":"C:/Users/usuario/OneDrive/Escritorio/MAPEO MATRICULA/EES 3/1ATURNOMAÑANAFINALDEFFINAL.shp","school_id":"pizarnik","school_name":"Escuela Pizarnik","record_id":"pizarnik-23"},"geometry":{"type":"Point","coordinates":[-58.52839056711553,-34.54433209314917]}},{"type":"Feature","properties":{"address":null,"address_2":"Pasaje 90 - María Luisa Otegui, Villa Concepción, Villa Granaderos de San Martín, San Andrés, Partido de General San Martín, Buenos Aires, B1605CYC, Argentina","OBJECTID":null,"ADRESS":null,"UBIC":null,"UBC":null,"layer":"1A_TM_ES3","path":"C:/Users/usuario/OneDrive/Escritorio/MAPEO MATRICULA/EES 3/1ATURNOMAÑANAFINALDEFFINAL.shp","school_id":"pizarnik","school_name":"Escuela Pizarnik","record_id":"pizarnik-24"},"geometry":{"type":"Point","coordinates":[-58.53047803617654,-34.54477422920691]}},{"type":"Feature","properties":{"address":null,"address_2":"3157, Diagonal 186 - José Ingenieros, Independencia, Villa Godoy Cruz, José León Suárez, Partido de General San Martín, Buenos Aires, 1655, Argentina","OBJECTID":null,"ADRESS":null,"UBIC":null,"UBC":null,"layer":"1A_TM_ES3","path":"C:/Users/usuario/OneDrive/Escritorio/MAPEO MATRICULA/EES 3/1ATURNOMAÑANAFINALDEFFINAL.shp","school_id":"pizarnik","school_name":"Escuela Pizarnik","record_id":"pizarnik-25"},"geometry":{"type":"Point","coordinates":[-58.58358921328554,-34.532356681729176]}},{"type":"Feature","properties":{"address":null,"address_2":"2346, Pasaje 82 - Escribano J. F. Cagnín, Villa La Rana, Villa Marqués Alejandro María de Aguada, San Andrés, Partido de General San Martín, Buenos Aires, 1651, Argentina","OBJECTID":null,"ADRESS":null,"UBIC":null,"UBC":null,"layer":"1A_TM_ES3","path":"C:/Users/usuario/OneDrive/Escritorio/MAPEO MATRICULA/EES 3/1ATURNOMAÑANAFINALDEFFINAL.shp","school_id":"pizarnik","school_name":"Escuela Pizarnik","record_id":"pizarnik-26"},"geometry":{"type":"Point","coordinates":[-58.539764477780466,-34.55627508214799]}},{"type":"Feature","properties":{"address":null,"address_2":"2354, Pasaje 82 - Escribano J. F. Cagnín, Villa La Rana, Villa Marqués Alejandro María de Aguada, San Andrés, Partido de General San Martín, Buenos Aires, 1651, Argentina","OBJECTID":null,"ADRESS":null,"UBIC":null,"UBC":null,"layer":"1A_TM_ES3","path":"C:/Users/usuario/OneDrive/Escritorio/MAPEO MATRICULA/EES 3/1ATURNOMAÑANAFINALDEFFINAL.shp","school_id":"pizarnik","school_name":"Escuela Pizarnik","record_id":"pizarnik-27"},"geometry":{"type":"Point","coordinates":[-58.53981480069531,-34.55631806153187]}},{"type":"Feature","properties":{"address":null,"address_2":"2446, Pasaje 82 - Escribano J. F. Cagnín, Villa La Rana, Villa Marqués Alejandro María de Aguada, San Andrés, Partido de General San Martín, Buenos Aires, 1651, Argentina","OBJECTID":null,"ADRESS":null,"UBIC":null,"UBC":null,"layer":"1A_TM_ES3","path":"C:/Users/usuario/OneDrive/Escritorio/MAPEO MATRICULA/EES 3/1ATURNOMAÑANAFINALDEFFINAL.shp","school_id":"pizarnik","school_name":"Escuela Pizarnik","record_id":"pizarnik-28"},"geometry":{"type":"Point","coordinates":[-58.54053236818504,-34.55687525653429]}},{"type":"Feature","properties":{"address":null,"address_2":"33 - Ecuador, Villa Zagala, Villa Granaderos de San Martín, San Andrés, Partido de General San Martín, Buenos Aires, B1651FHH, Argentina","OBJECTID":null,"ADRESS":null,"UBIC":null,"UBC":null,"layer":"1A_TM_ES3","path":"C:/Users/usuario/OneDrive/Escritorio/MAPEO MATRICULA/EES 3/1ATURNOMAÑANAFINALDEFFINAL.shp","school_id":"pizarnik","school_name":"Escuela Pizarnik","record_id":"pizarnik-29"},"geometry":{"type":"Point","coordinates":[-58.5272583015312,-34.55629887430966]}},{"type":"Feature","properties":{"address":null,"address_2":"2952, 76 - Adelina Hue, Villa Marqués Alejandro María de Aguada, San Andrés, Partido de General San Martín, Buenos Aires, B1650, Argentina","OBJECTID":null,"ADRESS":null,"UBIC":null,"UBC":null,"layer":"1A_TM_ES3","path":"C:/Users/usuario/OneDrive/Escritorio/MAPEO MATRICULA/EES 3/1ATURNOMAÑANAFINALDEFFINAL.shp","school_id":"pizarnik","school_name":"Escuela Pizarnik","record_id":"pizarnik-30"},"geometry":{"type":"Point","coordinates":[-58.54249496186469,-34.56269641639959]}},{"type":"Feature","properties":{"address":"STA ROSALIA 1465","address_2":null,"OBJECTID":null,"ADRESS":null,"UBIC":null,"UBC":null,"layer":"1A_TM_ES3","path":"C:/Users/usuario/OneDrive/Escritorio/MAPEO MATRICULA/EES 3/1ATURNOMAÑANAFINALDEFFINAL.shp","school_id":"pizarnik","school_name":"Escuela Pizarnik","record_id":"pizarnik-31"},"geometry":{"type":"Point","coordinates":[-58.53131365618494,-34.55012915340579]}},{"type":"Feature","properties":{"address":"3096, 63 - Córdoba, Villa Parque San Lorenzo, San Andrés, Partido de General San Martín, Buenos Aires, B1653BRA, Argentina","address_2":null,"OBJECTID":null,"ADRESS":null,"UBIC":null,"UBC":null,"layer":"1A_TURNOTARDE_ES3_FEB24","path":"C:/Users/usuario/OneDrive/Escritorio/MAPEO MATRICULA/EES 3/1A_TURNOTARDE_ES3_FEB24.shp","school_id":"pizarnik","school_name":"Escuela Pizarnik","record_id":"pizarnik-32"},"geometry":{"type":"Point","coordinates":[-58.53936357142858,-34.5611782244898]}},{"type":"Feature","properties":{"address":"Mendoza y La Nueva, Diagonal 31 - Mendoza, Villa Zagala, Villa Granaderos de San Martín, San Andrés, Partido de General San Martín, Buenos Aires, B1651, Argentina","address_2":null,"OBJECTID":null,"ADRESS":null,"UBIC":null,"UBC":null,"layer":"1A_TURNOTARDE_ES3_FEB24","path":"C:/Users/usuario/OneDrive/Escritorio/MAPEO MATRICULA/EES 3/1A_TURNOTARDE_ES3_FEB24.shp","school_id":"pizarnik","school_name":"Escuela Pizarnik","record_id":"pizarnik-33"},"geometry":{"type":"Point","coordinates":[-58.5277011,-34.55433300000001]}},{"type":"Feature","properties":{"address":"BAHIA BLANCA 681","address_2":null,"OBJECTID":null,"ADRESS":null,"UBIC":null,"UBC":null,"layer":"1A_TURNOTARDE_ES3_FEB24","path":"C:/Users/usuario/OneDrive/Escritorio/MAPEO MATRICULA/EES 3/1A_TURNOTARDE_ES3_FEB24.shp","school_id":"pizarnik","school_name":"Escuela Pizarnik","record_id":"pizarnik-34"},"geometry":{"type":"Point","coordinates":[-58.53864604762878,-34.55091652696347]}},{"type":"Feature","properties":{"address":"CHACO 3528","address_2":null,"OBJECTID":null,"ADRESS":null,"UBIC":null,"UBC":null,"layer":"1A_TURNOTARDE_ES3_FEB24","path":"C:/Users/usuario/OneDrive/Escritorio/MAPEO MATRICULA/EES 3/1A_TURNOTARDE_ES3_FEB24.shp","school_id":"pizarnik","school_name":"Escuela Pizarnik","record_id":"pizarnik-35"},"geometry":{"type":"Point","coordinates":[-58.53884710603492,-34.5534972885795]}},{"type":"Feature","properties":{"address":"SAN JUAN 3825","address_2":null,"OBJECTID":null,"ADRESS":null,"UBIC":null,"UBC":null,"layer":"1A_TURNOTARDE_ES3_FEB24","path":"C:/Users/usuario/OneDrive/Escritorio/MAPEO MATRICULA/EES 3/1A_TURNOTARDE_ES3_FEB24.shp","school_id":"pizarnik","school_name":"Escuela Pizarnik","record_id":"pizarnik-36"},"geometry":{"type":"Point","coordinates":[-58.54387925652055,-34.55355196486643]}},{"type":"Feature","properties":{"address":"SARMIENTO 2135","address_2":null,"OBJECTID":null,"ADRESS":null,"UBIC":null,"UBC":null,"layer":"1A_TURNOTARDE_ES3_FEB24","path":"C:/Users/usuario/OneDrive/Escritorio/MAPEO MATRICULA/EES 3/1A_TURNOTARDE_ES3_FEB24.shp","school_id":"pizarnik","school_name":"Escuela Pizarnik","record_id":"pizarnik-37"},"geometry":{"type":"Point","coordinates":[-58.536889631741246,-34.555788975282084]}},{"type":"Feature","properties":{"address":"CASARES 2147","address_2":null,"OBJECTID":null,"ADRESS":null,"UBIC":null,"UBC":null,"layer":"1A_TURNOTARDE_ES3_FEB24","path":"C:/Users/usuario/OneDrive/Escritorio/MAPEO MATRICULA/EES 3/1A_TURNOTARDE_ES3_FEB24.shp","school_id":"pizarnik","school_name":"Escuela Pizarnik","record_id":"pizarnik-38"},"geometry":{"type":"Point","coordinates":[-58.53863846051915,-34.55437210485865]}},{"type":"Feature","properties":{"address":"MENDOZA 669","address_2":null,"OBJECTID":null,"ADRESS":null,"UBIC":null,"UBC":null,"layer":"1A_TURNOTARDE_ES3_FEB24","path":"C:/Users/usuario/OneDrive/Escritorio/MAPEO MATRICULA/EES 3/1A_TURNOTARDE_ES3_FEB24.shp","school_id":"pizarnik","school_name":"Escuela Pizarnik","record_id":"pizarnik-39"},"geometry":{"type":"Point","coordinates":[-58.53748711662745,-34.549783903523]}},{"type":"Feature","properties":{"address":"MENDOZA 644","address_2":null,"OBJECTID":null,"ADRESS":null,"UBIC":null,"UBC":null,"layer":"1A_TURNOTARDE_ES3_FEB24","path":"C:/Users/usuario/OneDrive/Escritorio/MAPEO MATRICULA/EES 3/1A_TURNOTARDE_ES3_FEB24.shp","school_id":"pizarnik","school_name":"Escuela Pizarnik","record_id":"pizarnik-40"},"geometry":{"type":"Point","coordinates":[-58.53759333616276,-34.549710477747155]}},{"type":"Feature","properties":{"address":"4 DE FEBRERO 3125","address_2":null,"OBJECTID":null,"ADRESS":null,"UBIC":null,"UBC":null,"layer":"1A_TURNOTARDE_ES3_FEB24","path":"C:/Users/usuario/OneDrive/Escritorio/MAPEO MATRICULA/EES 3/1A_TURNOTARDE_ES3_FEB24.shp","school_id":"pizarnik","school_name":"Escuela Pizarnik","record_id":"pizarnik-41"},"geometry":{"type":"Point","coordinates":[-58.52751026711182,-34.55110664921689]}},{"type":"Feature","properties":{"address":"ENTRE RIOS 1055","address_2":null,"OBJECTID":null,"ADRESS":null,"UBIC":null,"UBC":null,"layer":"1A_TURNOTARDE_ES3_FEB24","path":"C:/Users/usuario/OneDrive/Escritorio/MAPEO MATRICULA/EES 3/1A_TURNOTARDE_ES3_FEB24.shp","school_id":"pizarnik","school_name":"Escuela Pizarnik","record_id":"pizarnik-42"},"geometry":{"type":"Point","coordinates":[-58.53773894583841,-34.54400716487861]}},{"type":"Feature","properties":{"address":"A ALVAREZ 1960","address_2":null,"OBJECTID":null,"ADRESS":null,"UBIC":null,"UBC":null,"layer":"1A_TURNOTARDE_ES3_FEB24","path":"C:/Users/usuario/OneDrive/Escritorio/MAPEO MATRICULA/EES 3/1A_TURNOTARDE_ES3_FEB24.shp","school_id":"pizarnik","school_name":"Escuela Pizarnik","record_id":"pizarnik-43"},"geometry":{"type":"Point","coordinates":[-58.53859673141601,-34.551669517739455]}},{"type":"Feature","properties":{"address":"3 DE FEBRERO 2587","address_2":null,"OBJECTID":null,"ADRESS":null,"UBIC":null,"UBC":null,"layer":"1A_TURNOTARDE_ES3_FEB24","path":"C:/Users/usuario/OneDrive/Escritorio/MAPEO MATRICULA/EES 3/1A_TURNOTARDE_ES3_FEB24.shp","school_id":"pizarnik","school_name":"Escuela Pizarnik","record_id":"pizarnik-44"},"geometry":{"type":"Point","coordinates":[-58.534143098042414,-34.564698928152104]}},{"type":"Feature","properties":{"address":"A ALVAREZ 1100","address_2":null,"OBJECTID":null,"ADRESS":null,"UBIC":null,"UBC":null,"layer":"1A_TURNOTARDE_ES3_FEB24","path":"C:/Users/usuario/OneDrive/Escritorio/MAPEO MATRICULA/EES 3/1A_TURNOTARDE_ES3_FEB24.shp","school_id":"pizarnik","school_name":"Escuela Pizarnik","record_id":"pizarnik-45"},"geometry":{"type":"Point","coordinates":[-58.532257701290526,-34.54731082524446]}},{"type":"Feature","properties":{"address":"4 DE FEBRERO 3129","address_2":null,"OBJECTID":null,"ADRESS":null,"UBIC":null,"UBC":null,"layer":"1A_TURNOTARDE_ES3_FEB24","path":"C:/Users/usuario/OneDrive/Escritorio/MAPEO MATRICULA/EES 3/1A_TURNOTARDE_ES3_FEB24.shp","school_id":"pizarnik","school_name":"Escuela Pizarnik","record_id":"pizarnik-46"},"geometry":{"type":"Point","coordinates":[-58.52733556389508,-34.551075874127655]}},{"type":"Feature","properties":{"address":"4 DE FEBRERO 3129-1","address_2":null,"OBJECTID":null,"ADRESS":null,"UBIC":null,"UBC":null,"layer":"1A_TURNOTARDE_ES3_FEB24","path":"C:/Users/usuario/OneDrive/Escritorio/MAPEO MATRICULA/EES 3/1A_TURNOTARDE_ES3_FEB24.shp","school_id":"pizarnik","school_name":"Escuela Pizarnik","record_id":"pizarnik-47"},"geometry":{"type":"Point","coordinates":[-58.53201112022643,-34.546745272065706]}},{"type":"Feature","properties":{"address":"4 DE FEBRERO 3129-2","address_2":null,"OBJECTID":null,"ADRESS":null,"UBIC":null,"UBC":null,"layer":"1A_TURNOTARDE_ES3_FEB24","path":"C:/Users/usuario/OneDrive/Escritorio/MAPEO MATRICULA/EES 3/1A_TURNOTARDE_ES3_FEB24.shp","school_id":"pizarnik","school_name":"Escuela Pizarnik","record_id":"pizarnik-48"},"geometry":{"type":"Point","coordinates":[-58.53191248780077,-34.54679526587173]}},{"type":"Feature","properties":{"address":"BOUCHARD","address_2":null,"OBJECTID":null,"ADRESS":null,"UBIC":null,"UBC":null,"layer":"1A_TURNOTARDE_ES3_FEB24","path":"C:/Users/usuario/OneDrive/Escritorio/MAPEO MATRICULA/EES 3/1A_TURNOTARDE_ES3_FEB24.shp","school_id":"pizarnik","school_name":"Escuela Pizarnik","record_id":"pizarnik-49"},"geometry":{"type":"Point","coordinates":[-58.53464961379899,-34.548431885606]}},{"type":"Feature","properties":{"address":"PJE IRA 1351","address_2":null,"OBJECTID":null,"ADRESS":null,"UBIC":null,"UBC":null,"layer":"1A_TURNOTARDE_ES3_FEB24","path":"C:/Users/usuario/OneDrive/Escritorio/MAPEO MATRICULA/EES 3/1A_TURNOTARDE_ES3_FEB24.shp","school_id":"pizarnik","school_name":"Escuela Pizarnik","record_id":"pizarnik-50"},"geometry":{"type":"Point","coordinates":[-58.52820049439697,-34.55320672256608]}},{"type":"Feature","properties":{"address":"LA NUEVA 1250","address_2":null,"OBJECTID":null,"ADRESS":null,"UBIC":null,"UBC":null,"layer":"1A_TURNOTARDE_ES3_FEB24","path":"C:/Users/usuario/OneDrive/Escritorio/MAPEO MATRICULA/EES 3/1A_TURNOTARDE_ES3_FEB24.shp","school_id":"pizarnik","school_name":"Escuela Pizarnik","record_id":"pizarnik-51"},"geometry":{"type":"Point","coordinates":[-58.52616714900662,-34.553291080545485]}},{"type":"Feature","properties":{"address":"MARIA SILVA 629","address_2":null,"OBJECTID":null,"ADRESS":null,"UBIC":null,"UBC":null,"layer":"1A_TURNOTARDE_ES3_FEB24","path":"C:/Users/usuario/OneDrive/Escritorio/MAPEO MATRICULA/EES 3/1A_TURNOTARDE_ES3_FEB24.shp","school_id":"pizarnik","school_name":"Escuela Pizarnik","record_id":"pizarnik-52"},"geometry":{"type":"Point","coordinates":[-58.53836342779384,-34.550096352908554]}},{"type":"Feature","properties":{"address":"MARIA SILVA 699","address_2":null,"OBJECTID":null,"ADRESS":null,"UBIC":null,"UBC":null,"layer":"1A_TURNOTARDE_ES3_FEB24","path":"C:/Users/usuario/OneDrive/Escritorio/MAPEO MATRICULA/EES 3/1A_TURNOTARDE_ES3_FEB24.shp","school_id":"pizarnik","school_name":"Escuela Pizarnik","record_id":"pizarnik-53"},"geometry":{"type":"Point","coordinates":[-58.538264795368185,-34.55018383852625]}},{"type":"Feature","properties":{"address":"SARMIENTO 5470","address_2":null,"OBJECTID":null,"ADRESS":null,"UBIC":null,"UBC":null,"layer":"1A_TURNOTARDE_ES3_FEB24","path":"C:/Users/usuario/OneDrive/Escritorio/MAPEO MATRICULA/EES 3/1A_TURNOTARDE_ES3_FEB24.shp","school_id":"pizarnik","school_name":"Escuela Pizarnik","record_id":"pizarnik-54"},"geometry":{"type":"Point","coordinates":[-58.55416737722698,-34.53975365499421]}},{"type":"Feature","properties":{"address":"AV CONSTITUYENTES 1091","address_2":null,"OBJECTID":null,"ADRESS":null,"UBIC":null,"UBC":null,"layer":"1A_TURNOTARDE_ES3_FEB24","path":"C:/Users/usuario/OneDrive/Escritorio/MAPEO MATRICULA/EES 3/1A_TURNOTARDE_ES3_FEB24.shp","school_id":"pizarnik","school_name":"Escuela Pizarnik","record_id":"pizarnik-55"},"geometry":{"type":"Point","coordinates":[-58.52416035850014,-34.55107743635332]}},{"type":"Feature","properties":{"address":"LA NUEVA 1025","address_2":null,"OBJECTID":null,"ADRESS":null,"UBIC":null,"UBC":null,"layer":"1A_TURNOTARDE_ES3_FEB24","path":"C:/Users/usuario/OneDrive/Escritorio/MAPEO MATRICULA/EES 3/1A_TURNOTARDE_ES3_FEB24.shp","school_id":"pizarnik","school_name":"Escuela Pizarnik","record_id":"pizarnik-56"},"geometry":{"type":"Point","coordinates":[-58.52425519737095,-34.55231470980923]}},{"type":"Feature","properties":{"address":"MZA Y 4 DE FEBRERO","address_2":null,"OBJECTID":null,"ADRESS":null,"UBIC":null,"UBC":null,"layer":"1A_TURNOTARDE_ES3_FEB24","path":"C:/Users/usuario/OneDrive/Escritorio/MAPEO MATRICULA/EES 3/1A_TURNOTARDE_ES3_FEB24.shp","school_id":"pizarnik","school_name":"Escuela Pizarnik","record_id":"pizarnik-57"},"geometry":{"type":"Point","coordinates":[-58.52349648640443,-34.55586708210095]}},{"type":"Feature","properties":{"address":"BOUCHARD 3596","address_2":null,"OBJECTID":null,"ADRESS":null,"UBIC":null,"UBC":null,"layer":"1A_TURNOTARDE_ES3_FEB24","path":"C:/Users/usuario/OneDrive/Escritorio/MAPEO MATRICULA/EES 3/1A_TURNOTARDE_ES3_FEB24.shp","school_id":"pizarnik","school_name":"Escuela Pizarnik","record_id":"pizarnik-58"},"geometry":{"type":"Point","coordinates":[-58.533520180580275,-34.54848503540453]}},{"type":"Feature","properties":{"address":"SAN LUIS 3662","address_2":null,"OBJECTID":null,"ADRESS":null,"UBIC":null,"UBC":null,"layer":"1A_TURNOTARDE_ES3_FEB24","path":"C:/Users/usuario/OneDrive/Escritorio/MAPEO MATRICULA/EES 3/1A_TURNOTARDE_ES3_FEB24.shp","school_id":"pizarnik","school_name":"Escuela Pizarnik","record_id":"pizarnik-59"},"geometry":{"type":"Point","coordinates":[-58.54326659741519,-34.555140685855875]}},{"type":"Feature","properties":{"address":"INT ALVEAR 1947","address_2":null,"OBJECTID":null,"ADRESS":null,"UBIC":null,"UBC":null,"layer":"1A_TURNOTARDE_ES3_FEB24","path":"C:/Users/usuario/OneDrive/Escritorio/MAPEO MATRICULA/EES 3/1A_TURNOTARDE_ES3_FEB24.shp","school_id":"pizarnik","school_name":"Escuela Pizarnik","record_id":"pizarnik-60"},"geometry":{"type":"Point","coordinates":[-58.53585778482687,-34.5536722525713]}},{"type":"Feature","properties":{"address":"DORREGO 3740","address_2":null,"OBJECTID":2,"ADRESS":null,"UBIC":null,"UBC":null,"layer":"2A_TM_ES3","path":"C:/Users/usuario/OneDrive/Escritorio/MAPEO MATRICULA/EES 3/2A_TM_ES3_DIC23_DEFINITIVA.gdb|layername=_2a_tm_es3_2","school_id":"pizarnik","school_name":"Escuela Pizarnik","record_id":"pizarnik-61"},"geometry":{"type":"Point","coordinates":[-58.537077076656296,-34.548905235161335]}},{"type":"Feature","properties":{"address":"JM CAMPOS 1820","address_2":null,"OBJECTID":4,"ADRESS":null,"UBIC":null,"UBC":null,"layer":"2A_TM_ES3","path":"C:/Users/usuario/OneDrive/Escritorio/MAPEO MATRICULA/EES 3/2A_TM_ES3_DIC23_DEFINITIVA.gdb|layername=_2a_tm_es3_2","school_id":"pizarnik","school_name":"Escuela Pizarnik","record_id":"pizarnik-62"},"geometry":{"type":"Point","coordinates":[-58.532316901270576,-34.55491038623867]}},{"type":"Feature","properties":{"address":"MENDOZA 765","address_2":null,"OBJECTID":5,"ADRESS":null,"UBIC":null,"UBC":null,"layer":"2A_TM_ES3","path":"C:/Users/usuario/OneDrive/Escritorio/MAPEO MATRICULA/EES 3/2A_TM_ES3_DIC23_DEFINITIVA.gdb|layername=_2a_tm_es3_2","school_id":"pizarnik","school_name":"Escuela Pizarnik","record_id":"pizarnik-63"},"geometry":{"type":"Point","coordinates":[-58.53689349065782,-34.55019241876973]}},{"type":"Feature","properties":{"address":"A ALVAREZ 1892","address_2":null,"OBJECTID":7,"ADRESS":null,"UBIC":null,"UBC":null,"layer":"2A_TM_ES3","path":"C:/Users/usuario/OneDrive/Escritorio/MAPEO MATRICULA/EES 3/2A_TM_ES3_DIC23_DEFINITIVA.gdb|layername=_2a_tm_es3_2","school_id":"pizarnik","school_name":"Escuela Pizarnik","record_id":"pizarnik-64"},"geometry":{"type":"Point","coordinates":[-58.53793161385806,-34.55118238767977]}},{"type":"Feature","properties":{"address":"ROSARIO 3539","address_2":null,"OBJECTID":8,"ADRESS":null,"UBIC":null,"UBC":null,"layer":"2A_TM_ES3","path":"C:/Users/usuario/OneDrive/Escritorio/MAPEO MATRICULA/EES 3/2A_TM_ES3_DIC23_DEFINITIVA.gdb|layername=_2a_tm_es3_2","school_id":"pizarnik","school_name":"Escuela Pizarnik","record_id":"pizarnik-65"},"geometry":{"type":"Point","coordinates":[-58.53798106569887,-34.552484270114235]}},{"type":"Feature","properties":{"address":"AV 4 DE FEB 2898","address_2":null,"OBJECTID":9,"ADRESS":null,"UBIC":null,"UBC":null,"layer":"2A_TM_ES3","path":"C:/Users/usuario/OneDrive/Escritorio/MAPEO MATRICULA/EES 3/2A_TM_ES3_DIC23_DEFINITIVA.gdb|layername=_2a_tm_es3_2","school_id":"pizarnik","school_name":"Escuela Pizarnik","record_id":"pizarnik-66"},"geometry":{"type":"Point","coordinates":[-58.525560624408435,-34.55311977750584]}},{"type":"Feature","properties":{"address":"39 - María Silva, Villa Gregoria Matorras, Villa Ballester, Partido de General San Martín, Buenos Aires, B1653, Argentina","address_2":null,"OBJECTID":10,"ADRESS":null,"UBIC":null,"UBC":null,"layer":"2A_TM_ES3","path":"C:/Users/usuario/OneDrive/Escritorio/MAPEO MATRICULA/EES 3/2A_TM_ES3_DIC23_DEFINITIVA.gdb|layername=_2a_tm_es3_2","school_id":"pizarnik","school_name":"Escuela Pizarnik","record_id":"pizarnik-67"},"geometry":{"type":"Point","coordinates":[-58.53859598047843,-34.54988342173289]}},{"type":"Feature","properties":{"address":"2108, 80 - Domingo F. Sarmiento, Villa La Rana, Villa Marqués Alejandro María de Aguado, San Andrés, Partido de General San Martín, Buenos Aires, 1651, Argentina","address_2":null,"OBJECTID":11,"ADRESS":null,"UBIC":null,"UBC":null,"layer":"2A_TM_ES3","path":"C:/Users/usuario/OneDrive/Escritorio/MAPEO MATRICULA/EES 3/2A_TM_ES3_DIC23_DEFINITIVA.gdb|layername=_2a_tm_es3_2","school_id":"pizarnik","school_name":"Escuela Pizarnik","record_id":"pizarnik-68"},"geometry":{"type":"Point","coordinates":[-58.53659516284595,-34.55557810215359]}},{"type":"Feature","properties":{"address":"3138, 76 - Adelina Hue, Villa Yapeyú, San Andrés, Partido de General San Martín, Buenos Aires, B1653BRA, Argentina","address_2":null,"OBJECTID":12,"ADRESS":null,"UBIC":null,"UBC":null,"layer":"2A_TM_ES3","path":"C:/Users/usuario/OneDrive/Escritorio/MAPEO MATRICULA/EES 3/2A_TM_ES3_DIC23_DEFINITIVA.gdb|layername=_2a_tm_es3_2","school_id":"pizarnik","school_name":"Escuela Pizarnik","record_id":"pizarnik-69"},"geometry":{"type":"Point","coordinates":[-58.544152734247604,-34.564219755211624]}},{"type":"Feature","properties":{"address":"88 - Agustín Álvarez, Villa La Rana, Villa Marqués Alejandro María de Aguado, San Andrés, Partido de General San Martín, Buenos Aires, 1651, Argentina","address_2":null,"OBJECTID":13,"ADRESS":null,"UBIC":null,"UBC":null,"layer":"2A_TM_ES3","path":"C:/Users/usuario/OneDrive/Escritorio/MAPEO MATRICULA/EES 3/2A_TM_ES3_DIC23_DEFINITIVA.gdb|layername=_2a_tm_es3_2","school_id":"pizarnik","school_name":"Escuela Pizarnik","record_id":"pizarnik-70"},"geometry":{"type":"Point","coordinates":[-58.53177503838917,-34.54708686463876]}},{"type":"Feature","properties":{"address":"2949, 142 - Reconquista, Chilavert, Villa Ballester, Partido de General San Martín, Buenos Aires, B1653DUH, Argentina","address_2":null,"OBJECTID":14,"ADRESS":null,"UBIC":null,"UBC":null,"layer":"2A_TM_ES3","path":"C:/Users/usuario/OneDrive/Escritorio/MAPEO MATRICULA/EES 3/2A_TM_ES3_DIC23_DEFINITIVA.gdb|layername=_2a_tm_es3_2","school_id":"pizarnik","school_name":"Escuela Pizarnik","record_id":"pizarnik-71"},"geometry":{"type":"Point","coordinates":[-58.56628018364891,-34.543757509933876]}},{"type":"Feature","properties":{"address":"M SILVA 559","address_2":null,"OBJECTID":15,"ADRESS":null,"UBIC":null,"UBC":null,"layer":"2A_TM_ES3","path":"C:/Users/usuario/OneDrive/Escritorio/MAPEO MATRICULA/EES 3/2A_TM_ES3_DIC23_DEFINITIVA.gdb|layername=_2a_tm_es3_2","school_id":"pizarnik","school_name":"Escuela Pizarnik","record_id":"pizarnik-72"},"geometry":{"type":"Point","coordinates":[-58.53944875117824,-34.549116753332484]}},{"type":"Feature","properties":{"address":"39 - Santa Rosalía, La Rana, Villa Marqués Alejandro María de Aguado, San Andrés, Partido de General San Martín, Buenos Aires, 1651, Argentina","address_2":null,"OBJECTID":16,"ADRESS":null,"UBIC":null,"UBC":null,"layer":"2A_TM_ES3","path":"C:/Users/usuario/OneDrive/Escritorio/MAPEO MATRICULA/EES 3/2A_TM_ES3_DIC23_DEFINITIVA.gdb|layername=_2a_tm_es3_2","school_id":"pizarnik","school_name":"Escuela Pizarnik","record_id":"pizarnik-73"},"geometry":{"type":"Point","coordinates":[-58.53093796125933,-34.54939375758232]}},{"type":"Feature","properties":{"address":"35 - Luis María Saavedra, Villa La Rana, Villa Granaderos de San Martín, San Andrés, Partido de General San Martín, Buenos Aires, B1651FHH, Argentina","address_2":null,"OBJECTID":17,"ADRESS":null,"UBIC":null,"UBC":null,"layer":"2A_TM_ES3","path":"C:/Users/usuario/OneDrive/Escritorio/MAPEO MATRICULA/EES 3/2A_TM_ES3_DIC23_DEFINITIVA.gdb|layername=_2a_tm_es3_2","school_id":"pizarnik","school_name":"Escuela Pizarnik","record_id":"pizarnik-74"},"geometry":{"type":"Point","coordinates":[-58.53188895105598,-34.55287443445536]}},{"type":"Feature","properties":{"address":"2274, 88 - Agustín Álvarez, Villa La Rana, Villa Marqués Alejandro María de Aguado, San Andrés, Partido de General San Martín, Buenos Aires, 1651, Argentina","address_2":null,"OBJECTID":18,"ADRESS":null,"UBIC":null,"UBC":null,"layer":"2A_TM_ES3","path":"C:/Users/usuario/OneDrive/Escritorio/MAPEO MATRICULA/EES 3/2A_TM_ES3_DIC23_DEFINITIVA.gdb|layername=_2a_tm_es3_2","school_id":"pizarnik","school_name":"Escuela Pizarnik","record_id":"pizarnik-75"},"geometry":{"type":"Point","coordinates":[-58.54124575544555,-34.5537138160228]}},{"type":"Feature","properties":{"address":"JOAQUIN V. GONZALEZ 1311","address_2":null,"OBJECTID":19,"ADRESS":null,"UBIC":null,"UBC":null,"layer":"2A_TM_ES3","path":"C:/Users/usuario/OneDrive/Escritorio/MAPEO MATRICULA/EES 3/2A_TM_ES3_DIC23_DEFINITIVA.gdb|layername=_2a_tm_es3_2","school_id":"pizarnik","school_name":"Escuela Pizarnik","record_id":"pizarnik-76"},"geometry":{"type":"Point","coordinates":[-58.535590950563446,-34.54666468017553]}},{"type":"Feature","properties":{"address":"MENDOZA 3023","address_2":null,"OBJECTID":20,"ADRESS":null,"UBIC":null,"UBC":null,"layer":"2A_TM_ES3","path":"C:/Users/usuario/OneDrive/Escritorio/MAPEO MATRICULA/EES 3/2A_TM_ES3_DIC23_DEFINITIVA.gdb|layername=_2a_tm_es3_2","school_id":"pizarnik","school_name":"Escuela Pizarnik","record_id":"pizarnik-77"},"geometry":{"type":"Point","coordinates":[-58.529231624850475,-34.553554173724685]}},{"type":"Feature","properties":{"address":"ECUADOR 2970","address_2":null,"OBJECTID":21,"ADRESS":null,"UBIC":null,"UBC":null,"layer":"2A_TM_ES3","path":"C:/Users/usuario/OneDrive/Escritorio/MAPEO MATRICULA/EES 3/2A_TM_ES3_DIC23_DEFINITIVA.gdb|layername=_2a_tm_es3_2","school_id":"pizarnik","school_name":"Escuela Pizarnik","record_id":"pizarnik-78"},"geometry":{"type":"Point","coordinates":[-58.52854015115263,-34.555351672793755]}},{"type":"Feature","properties":{"address":"MENDOZA 667","address_2":null,"OBJECTID":22,"ADRESS":null,"UBIC":null,"UBC":null,"layer":"2A_TM_ES3","path":"C:/Users/usuario/OneDrive/Escritorio/MAPEO MATRICULA/EES 3/2A_TM_ES3_DIC23_DEFINITIVA.gdb|layername=_2a_tm_es3_2","school_id":"pizarnik","school_name":"Escuela Pizarnik","record_id":"pizarnik-79"},"geometry":{"type":"Point","coordinates":[-58.52248649069181,-34.555486752180606]}},{"type":"Feature","properties":{"address":"HERMANOS QUINTEROS 3750","address_2":null,"OBJECTID":23,"ADRESS":null,"UBIC":null,"UBC":null,"layer":"2A_TM_ES3","path":"C:/Users/usuario/OneDrive/Escritorio/MAPEO MATRICULA/EES 3/2A_TM_ES3_DIC23_DEFINITIVA.gdb|layername=_2a_tm_es3_2","school_id":"pizarnik","school_name":"Escuela Pizarnik","record_id":"pizarnik-80"},"geometry":{"type":"Point","coordinates":[-58.53060898203095,-34.544771811461146]}},{"type":"Feature","properties":{"address":"CALLE 21 3923","address_2":null,"OBJECTID":24,"ADRESS":null,"UBIC":null,"UBC":null,"layer":"2A_TM_ES3","path":"C:/Users/usuario/OneDrive/Escritorio/MAPEO MATRICULA/EES 3/2A_TM_ES3_DIC23_DEFINITIVA.gdb|layername=_2a_tm_es3_2","school_id":"pizarnik","school_name":"Escuela Pizarnik","record_id":"pizarnik-81"},"geometry":{"type":"Point","coordinates":[-58.533594808661526,-34.544771811461146]}},{"type":"Feature","properties":{"address":"ECUADOR 2875","address_2":null,"OBJECTID":25,"ADRESS":null,"UBIC":null,"UBC":null,"layer":"2A_TM_ES3","path":"C:/Users/usuario/OneDrive/Escritorio/MAPEO MATRICULA/EES 3/2A_TM_ES3_DIC23_DEFINITIVA.gdb|layername=_2a_tm_es3_2","school_id":"pizarnik","school_name":"Escuela Pizarnik","record_id":"pizarnik-82"},"geometry":{"type":"Point","coordinates":[-58.52723921005923,-34.55622047516899]}},{"type":"Feature","properties":{"address":"AGUSTIN ALVAREZ 1910","address_2":null,"OBJECTID":26,"ADRESS":null,"UBIC":null,"UBC":null,"layer":"2A_TM_ES3","path":"C:/Users/usuario/OneDrive/Escritorio/MAPEO MATRICULA/EES 3/2A_TM_ES3_DIC23_DEFINITIVA.gdb|layername=_2a_tm_es3_2","school_id":"pizarnik","school_name":"Escuela Pizarnik","record_id":"pizarnik-83"},"geometry":{"type":"Point","coordinates":[-58.537426690772065,-34.55087544759327]}},{"type":"Feature","properties":{"address":"JM CAMPOS 2150","address_2":null,"OBJECTID":27,"ADRESS":null,"UBIC":null,"UBC":null,"layer":"2A_TM_ES3","path":"C:/Users/usuario/OneDrive/Escritorio/MAPEO MATRICULA/EES 3/2A_TM_ES3_DIC23_DEFINITIVA.gdb|layername=_2a_tm_es3_2","school_id":"pizarnik","school_name":"Escuela Pizarnik","record_id":"pizarnik-84"},"geometry":{"type":"Point","coordinates":[-58.53502994278606,-34.55749142875885]}},{"type":"Feature","properties":{"address":"NECOCHEA 1080-FLORIDA","address_2":null,"OBJECTID":28,"ADRESS":null,"UBIC":null,"UBC":null,"layer":"2A_TM_ES3","path":"C:/Users/usuario/OneDrive/Escritorio/MAPEO MATRICULA/EES 3/2A_TM_ES3_DIC23_DEFINITIVA.gdb|layername=_2a_tm_es3_2","school_id":"pizarnik","school_name":"Escuela Pizarnik","record_id":"pizarnik-85"},"geometry":{"type":"Point","coordinates":[-58.524792025851866,-34.54853371085446]}},{"type":"Feature","properties":{"address":"ENTRE RIOS 1867","address_2":null,"OBJECTID":29,"ADRESS":null,"UBIC":null,"UBC":null,"layer":"2A_TM_ES3","path":"C:/Users/usuario/OneDrive/Escritorio/MAPEO MATRICULA/EES 3/2A_TM_ES3_DIC23_DEFINITIVA.gdb|layername=_2a_tm_es3_2","school_id":"pizarnik","school_name":"Escuela Pizarnik","record_id":"pizarnik-86"},"geometry":{"type":"Point","coordinates":[-58.54138740449285,-34.548059356872336]}},{"type":"Feature","properties":{"address":"86 - Pelagio Baltasar Luna, Villa La Rana, Villa Marqués Alejandro María de Aguado, San Andrés, Partido de General San Martín, Buenos Aires, B1651, Argentina","address_2":null,"OBJECTID":30,"ADRESS":null,"UBIC":null,"UBC":null,"layer":"2A_TM_ES3","path":"C:/Users/usuario/OneDrive/Escritorio/MAPEO MATRICULA/EES 3/2A_TM_ES3_DIC23_DEFINITIVA.gdb|layername=_2a_tm_es3_2","school_id":"pizarnik","school_name":"Escuela Pizarnik","record_id":"pizarnik-87"},"geometry":{"type":"Point","coordinates":[-58.54266639525191,-34.554511078135924]}},{"type":"Feature","properties":{"address":"3456, 51 - Corrientes, Villa La Rana, Villa Marqués Alejandro María de Aguado, San Andrés, Partido de General San Martín, Buenos Aires, 1651, Argentina","address_2":null,"OBJECTID":31,"ADRESS":null,"UBIC":null,"UBC":null,"layer":"2A_TM_ES3","path":"C:/Users/usuario/OneDrive/Escritorio/MAPEO MATRICULA/EES 3/2A_TM_ES3_DIC23_DEFINITIVA.gdb|layername=_2a_tm_es3_2","school_id":"pizarnik","school_name":"Escuela Pizarnik","record_id":"pizarnik-88"},"geometry":{"type":"Point","coordinates":[-58.53968483292591,-34.55588000010358]}},{"type":"Feature","properties":{"address":"3456, 51 - Corrientes, Villa La Rana, Villa Marqués Alejandro María de Aguado, San Andrés, Partido de General San Martín, Buenos Aires, 1651, Argentina","address_2":null,"OBJECTID":32,"ADRESS":null,"UBIC":null,"UBC":null,"layer":"2A_TM_ES3","path":"C:/Users/usuario/OneDrive/Escritorio/MAPEO MATRICULA/EES 3/2A_TM_ES3_DIC23_DEFINITIVA.gdb|layername=_2a_tm_es3_2","school_id":"pizarnik","school_name":"Escuela Pizarnik","record_id":"pizarnik-89"},"geometry":{"type":"Point","coordinates":[-58.53968483292591,-34.55588000010358]}},{"type":"Feature","properties":{"address":"3456, 51 - Corrientes, Villa La Rana, Villa Marqués Alejandro María de Aguado, San Andrés, Partido de General San Martín, Buenos Aires, 1651, Argentina","address_2":null,"OBJECTID":33,"ADRESS":null,"UBIC":null,"UBC":null,"layer":"2A_TM_ES3","path":"C:/Users/usuario/OneDrive/Escritorio/MAPEO MATRICULA/EES 3/2A_TM_ES3_DIC23_DEFINITIVA.gdb|layername=_2a_tm_es3_2","school_id":"pizarnik","school_name":"Escuela Pizarnik","record_id":"pizarnik-90"},"geometry":{"type":"Point","coordinates":[-58.53968483292591,-34.55588000010358]}},{"type":"Feature","properties":{"address":"88 - Agustín Álvarez, Villa La Rana, Villa Marqués Alejandro María de Aguado, San Andrés, Partido de General San Martín, Buenos Aires, 1651, Argentina","address_2":null,"OBJECTID":34,"ADRESS":null,"UBIC":null,"UBC":null,"layer":"2A_TM_ES3","path":"C:/Users/usuario/OneDrive/Escritorio/MAPEO MATRICULA/EES 3/2A_TM_ES3_DIC23_DEFINITIVA.gdb|layername=_2a_tm_es3_2","school_id":"pizarnik","school_name":"Escuela Pizarnik","record_id":"pizarnik-91"},"geometry":{"type":"Point","coordinates":[-58.5390029002341,-34.551916300064384]}},{"type":"Feature","properties":{"address":"88 - Agustín Álvarez, Villa Concepción, Villa Granaderos de San Martín, San Andrés, Partido de General San Martín, Buenos Aires, B1651CYC, Argentina","address_2":null,"OBJECTID":35,"ADRESS":null,"UBIC":null,"UBC":null,"layer":"2A_TM_ES3","path":"C:/Users/usuario/OneDrive/Escritorio/MAPEO MATRICULA/EES 3/2A_TM_ES3_DIC23_DEFINITIVA.gdb|layername=_2a_tm_es3_2","school_id":"pizarnik","school_name":"Escuela Pizarnik","record_id":"pizarnik-92"},"geometry":{"type":"Point","coordinates":[-58.53270167368296,-34.54769310340648]}},{"type":"Feature","properties":{"address":"681, San Andrés, Palihue, Bahía Blanca, Partido de Bahía Blanca, Buenos Aires, B8000, Argentina","address_2":null,"OBJECTID":36,"ADRESS":null,"UBIC":null,"UBC":null,"layer":"2A_TM_ES3","path":"C:/Users/usuario/OneDrive/Escritorio/MAPEO MATRICULA/EES 3/2A_TM_ES3_DIC23_DEFINITIVA.gdb|layername=_2a_tm_es3_2","school_id":"pizarnik","school_name":"Escuela Pizarnik","record_id":"pizarnik-93"},"geometry":{"type":"Point","coordinates":[-58.52430443631532,-34.55324666820558]}},{"type":"Feature","properties":{"address":null,"address_2":null,"OBJECTID":null,"ADRESS":"STA ROSALIA 1465","UBIC":null,"UBC":null,"layer":"2ATT_ES3_FEB24","path":"C:\\Users\\usuario\\OneDrive\\Escritorio\\MAPEO MATRICULA\\EES 3\\2ATT_ES3_FEB24.shp","school_id":"pizarnik","school_name":"Escuela Pizarnik","record_id":"pizarnik-94"},"geometry":{"type":"Point","coordinates":[-58.53138573372676,-34.55014477583811]}},{"type":"Feature","properties":{"address":null,"address_2":null,"OBJECTID":null,"ADRESS":"STA ROSALIA 2855","UBIC":null,"UBC":null,"layer":"2ATT_ES3_FEB24","path":"C:\\Users\\usuario\\OneDrive\\Escritorio\\MAPEO MATRICULA\\EES 3\\2ATT_ES3_FEB24.shp","school_id":"pizarnik","school_name":"Escuela Pizarnik","record_id":"pizarnik-95"},"geometry":{"type":"Point","coordinates":[-58.54199630659391,-34.561220342076915]}},{"type":"Feature","properties":{"address":null,"address_2":null,"OBJECTID":null,"ADRESS":"ITALIA 3360","UBIC":null,"UBC":null,"layer":"2ATT_ES3_FEB24","path":"C:\\Users\\usuario\\OneDrive\\Escritorio\\MAPEO MATRICULA\\EES 3\\2ATT_ES3_FEB24.shp","school_id":"pizarnik","school_name":"Escuela Pizarnik","record_id":"pizarnik-96"},"geometry":{"type":"Point","coordinates":[-58.53409622865474,-34.553350436896864]}},{"type":"Feature","properties":{"address":null,"address_2":null,"OBJECTID":null,"ADRESS":"INT CASARES 2160","UBIC":null,"UBC":null,"layer":"2ATT_ES3_FEB24","path":"C:\\Users\\usuario\\OneDrive\\Escritorio\\MAPEO MATRICULA\\EES 3\\2ATT_ES3_FEB24.shp","school_id":"pizarnik","school_name":"Escuela Pizarnik","record_id":"pizarnik-97"},"geometry":{"type":"Point","coordinates":[-58.538592539520266,-34.55430804950192]}},{"type":"Feature","properties":{"address":null,"address_2":null,"OBJECTID":null,"ADRESS":"JOAQUIN V GONZALEZ 1680","UBIC":null,"UBC":null,"layer":"2ATT_ES3_FEB24","path":"C:\\Users\\usuario\\OneDrive\\Escritorio\\MAPEO MATRICULA\\EES 3\\2ATT_ES3_FEB24.shp","school_id":"pizarnik","school_name":"Escuela Pizarnik","record_id":"pizarnik-98"},"geometry":{"type":"Point","coordinates":[-58.5377636477893,-34.54886528891432]}},{"type":"Feature","properties":{"address":null,"address_2":null,"OBJECTID":null,"ADRESS":"BOLIVIA 3380","UBIC":null,"UBC":null,"layer":"2ATT_ES3_FEB24","path":"C:\\Users\\usuario\\OneDrive\\Escritorio\\MAPEO MATRICULA\\EES 3\\2ATT_ES3_FEB24.shp","school_id":"pizarnik","school_name":"Escuela Pizarnik","record_id":"pizarnik-99"},"geometry":{"type":"Point","coordinates":[-58.544891737320036,-34.560134720587165]}},{"type":"Feature","properties":{"address":null,"address_2":null,"OBJECTID":null,"ADRESS":"A ALVAREZ 1100","UBIC":null,"UBC":null,"layer":"2ATT_ES3_FEB24","path":"C:\\Users\\usuario\\OneDrive\\Escritorio\\MAPEO MATRICULA\\EES 3\\2ATT_ES3_FEB24.shp","school_id":"pizarnik","school_name":"Escuela Pizarnik","record_id":"pizarnik-100"},"geometry":{"type":"Point","coordinates":[-58.53187984424379,-34.547060850842236]}},{"type":"Feature","properties":{"address":null,"address_2":null,"OBJECTID":null,"ADRESS":"INST CASARES 1421","UBIC":null,"UBC":null,"layer":"2ATT_ES3_FEB24","path":"C:\\Users\\usuario\\OneDrive\\Escritorio\\MAPEO MATRICULA\\EES 3\\2ATT_ES3_FEB24.shp","school_id":"pizarnik","school_name":"Escuela Pizarnik","record_id":"pizarnik-101"},"geometry":{"type":"Point","coordinates":[-58.53387335730837,-34.54873093383466]}},{"type":"Feature","properties":{"address":null,"address_2":null,"OBJECTID":null,"ADRESS":"INT CASARES 2135","UBIC":null,"UBC":null,"layer":"2ATT_ES3_FEB24","path":"C:\\Users\\usuario\\OneDrive\\Escritorio\\MAPEO MATRICULA\\EES 3\\2ATT_ES3_FEB24.shp","school_id":"pizarnik","school_name":"Escuela Pizarnik","record_id":"pizarnik-102"},"geometry":{"type":"Point","coordinates":[-58.53838199722706,-34.554134649015474]}},{"type":"Feature","properties":{"address":null,"address_2":null,"OBJECTID":null,"ADRESS":"LA NUEVA 1562","UBIC":null,"UBC":null,"layer":"2ATT_ES3_FEB24","path":"C:\\Users\\usuario\\OneDrive\\Escritorio\\MAPEO MATRICULA\\EES 3\\2ATT_ES3_FEB24.shp","school_id":"pizarnik","school_name":"Escuela Pizarnik","record_id":"pizarnik-103"},"geometry":{"type":"Point","coordinates":[-58.52893794247097,-34.554829810948036]}},{"type":"Feature","properties":{"address":null,"address_2":null,"OBJECTID":null,"ADRESS":null,"UBIC":null,"UBC":null,"layer":"2ATT_ES3_FEB24","path":"C:\\Users\\usuario\\OneDrive\\Escritorio\\MAPEO MATRICULA\\EES 3\\2ATT_ES3_FEB24.shp","school_id":"pizarnik","school_name":"Escuela Pizarnik","record_id":"pizarnik-104"},"geometry":{"type":"Point","coordinates":[-58.5340061317275,-34.54552040781607]}},{"type":"Feature","properties":{"address":null,"address_2":null,"OBJECTID":null,"ADRESS":"4 DE FEB 3129","UBIC":null,"UBC":null,"layer":"2ATT_ES3_FEB24","path":"C:\\Users\\usuario\\OneDrive\\Escritorio\\MAPEO MATRICULA\\EES 3\\2ATT_ES3_FEB24.shp","school_id":"pizarnik","school_name":"Escuela Pizarnik","record_id":"pizarnik-105"},"geometry":{"type":"Point","coordinates":[-58.52762852541354,-34.55098971966013]}},{"type":"Feature","properties":{"address":null,"address_2":null,"OBJECTID":null,"ADRESS":"ZIMMERMAN 3466","UBIC":null,"UBC":null,"layer":"2ATT_ES3_FEB24","path":"C:\\Users\\usuario\\OneDrive\\Escritorio\\MAPEO MATRICULA\\EES 3\\2ATT_ES3_FEB24.shp","school_id":"pizarnik","school_name":"Escuela Pizarnik","record_id":"pizarnik-106"},"geometry":{"type":"Point","coordinates":[-58.52956317807993,-34.54715629044137]}},{"type":"Feature","properties":{"address":null,"address_2":null,"OBJECTID":null,"ADRESS":"SANTA ROSALIA 1557","UBIC":null,"UBC":null,"layer":"2ATT_ES3_FEB24","path":"C:\\Users\\usuario\\OneDrive\\Escritorio\\MAPEO MATRICULA\\EES 3\\2ATT_ES3_FEB24.shp","school_id":"pizarnik","school_name":"Escuela Pizarnik","record_id":"pizarnik-107"},"geometry":{"type":"Point","coordinates":[-58.53196519922753,-34.55111179868874]}},{"type":"Feature","properties":{"address":null,"address_2":null,"OBJECTID":null,"ADRESS":"4 FEB Y LA NUEVA","UBIC":null,"UBC":null,"layer":"2ATT_ES3_FEB24","path":"C:\\Users\\usuario\\OneDrive\\Escritorio\\MAPEO MATRICULA\\EES 3\\2ATT_ES3_FEB24.shp","school_id":"pizarnik","school_name":"Escuela Pizarnik","record_id":"pizarnik-108"},"geometry":{"type":"Point","coordinates":[-58.523664901253525,-34.55200538655008]}},{"type":"Feature","properties":{"address":null,"address_2":null,"OBJECTID":null,"ADRESS":"W MORRIS 1150","UBIC":null,"UBC":null,"layer":"2ATT_ES3_FEB24","path":"C:\\Users\\usuario\\OneDrive\\Escritorio\\MAPEO MATRICULA\\EES 3\\2ATT_ES3_FEB24.shp","school_id":"pizarnik","school_name":"Escuela Pizarnik","record_id":"pizarnik-109"},"geometry":{"type":"Point","coordinates":[-58.5260510472433,-34.551244587701795]}},{"type":"Feature","properties":{"address":null,"address_2":null,"OBJECTID":null,"ADRESS":"CONSTITUYENTES Y CAMPOS","UBIC":null,"UBC":null,"layer":"2ATT_ES3_FEB24","path":"C:\\Users\\usuario\\OneDrive\\Escritorio\\MAPEO MATRICULA\\EES 3\\2ATT_ES3_FEB24.shp","school_id":"pizarnik","school_name":"Escuela Pizarnik","record_id":"pizarnik-110"},"geometry":{"type":"Point","coordinates":[-58.52649111972505,-34.545172474211334]}},{"type":"Feature","properties":{"address":null,"address_2":null,"OBJECTID":null,"ADRESS":"PELAGIO 1849","UBIC":null,"UBC":null,"layer":"2ATT_ES3_FEB24","path":"C:\\Users\\usuario\\OneDrive\\Escritorio\\MAPEO MATRICULA\\EES 3\\2ATT_ES3_FEB24.shp","school_id":"pizarnik","school_name":"Escuela Pizarnik","record_id":"pizarnik-111"},"geometry":{"type":"Point","coordinates":[-58.53716236934839,-34.55173512410084]}},{"type":"Feature","properties":{"address":null,"address_2":null,"OBJECTID":null,"ADRESS":"CALLE 90 1660","UBIC":null,"UBC":null,"layer":"2ATT_ES3_FEB24","path":"C:\\Users\\usuario\\OneDrive\\Escritorio\\MAPEO MATRICULA\\EES 3\\2ATT_ES3_FEB24.shp","school_id":"pizarnik","school_name":"Escuela Pizarnik","record_id":"pizarnik-112"},"geometry":{"type":"Point","coordinates":[-58.536959414164855,-34.549576117411966]}},{"type":"Feature","properties":{"address":null,"address_2":null,"OBJECTID":null,"ADRESS":"ROSARIO 4021","UBIC":null,"UBC":null,"layer":"2ATT_ES3_FEB24","path":"C:\\Users\\usuario\\OneDrive\\Escritorio\\MAPEO MATRICULA\\EES 3\\2ATT_ES3_FEB24.shp","school_id":"pizarnik","school_name":"Escuela Pizarnik","record_id":"pizarnik-113"},"geometry":{"type":"Point","coordinates":[-58.5425302494367,-34.54890434558284]}},{"type":"Feature","properties":{"address":null,"address_2":null,"OBJECTID":null,"ADRESS":"ROSARIO 4025","UBIC":null,"UBC":null,"layer":"2ATT_ES3_FEB24","path":"C:\\Users\\usuario\\OneDrive\\Escritorio\\MAPEO MATRICULA\\EES 3\\2ATT_ES3_FEB24.shp","school_id":"pizarnik","school_name":"Escuela Pizarnik","record_id":"pizarnik-114"},"geometry":{"type":"Point","coordinates":[-58.542575772094715,-34.54888247385074]}},{"type":"Feature","properties":{"address":null,"address_2":null,"OBJECTID":null,"ADRESS":"JM CAMPOS 2040","UBIC":null,"UBC":null,"layer":"2ATT_ES3_FEB24","path":"C:\\Users\\usuario\\OneDrive\\Escritorio\\MAPEO MATRICULA\\EES 3\\2ATT_ES3_FEB24.shp","school_id":"pizarnik","school_name":"Escuela Pizarnik","record_id":"pizarnik-115"},"geometry":{"type":"Point","coordinates":[-58.53396629940183,-34.55652785623383]}},{"type":"Feature","properties":{"address":null,"address_2":null,"OBJECTID":null,"ADRESS":"CORRIENTES 3293","UBIC":null,"UBC":null,"layer":"2ATT_ES3_FEB24","path":"C:\\Users\\usuario\\OneDrive\\Escritorio\\MAPEO MATRICULA\\EES 3\\2ATT_ES3_FEB24.shp","school_id":"pizarnik","school_name":"Escuela Pizarnik","record_id":"pizarnik-116"},"geometry":{"type":"Point","coordinates":[-58.53764035725731,-34.556554412324594]}},{"type":"Feature","properties":{"address":null,"address_2":null,"OBJECTID":null,"ADRESS":"MARIA SILVA 559","UBIC":null,"UBC":null,"layer":"2ATT_ES3_FEB24","path":"C:\\Users\\usuario\\OneDrive\\Escritorio\\MAPEO MATRICULA\\EES 3\\2ATT_ES3_FEB24.shp","school_id":"pizarnik","school_name":"Escuela Pizarnik","record_id":"pizarnik-117"},"geometry":{"type":"Point","coordinates":[-58.53953713467371,-34.54901526642145]}},{"type":"Feature","properties":{"address":null,"address_2":null,"OBJECTID":null,"ADRESS":"4 DE FEBRERO 3239","UBIC":null,"UBC":null,"layer":"2ATT_ES3_FEB24","path":"C:\\Users\\usuario\\OneDrive\\Escritorio\\MAPEO MATRICULA\\EES 3\\2ATT_ES3_FEB24.shp","school_id":"pizarnik","school_name":"Escuela Pizarnik","record_id":"pizarnik-118"},"geometry":{"type":"Point","coordinates":[-58.527485010970146,-34.55089621136918]}},{"type":"Feature","properties":{"address":null,"address_2":null,"OBJECTID":null,"ADRESS":"C FERNANDEZ 3434","UBIC":null,"UBC":null,"layer":"2ATT_ES3_FEB24","path":"C:\\Users\\usuario\\OneDrive\\Escritorio\\MAPEO MATRICULA\\EES 3\\2ATT_ES3_FEB24.shp","school_id":"pizarnik","school_name":"Escuela Pizarnik","record_id":"pizarnik-119"},"geometry":{"type":"Point","coordinates":[-58.52811094751753,-34.54674370313838]}},{"type":"Feature","properties":{"address":null,"address_2":null,"OBJECTID":null,"ADRESS":null,"UBIC":"CORRIENTES 3456-1","UBC":null,"layer":"3A_TM_ES3_DIC23","path":"C:/Users/usuario/Documents/3A_TM_ES3_DIC23.shp","school_id":"pizarnik","school_name":"Escuela Pizarnik","record_id":"pizarnik-120"},"geometry":{"type":"Point","coordinates":[-58.53967365046336,-34.55596902912192]}},{"type":"Feature","properties":{"address":null,"address_2":null,"OBJECTID":null,"ADRESS":null,"UBIC":"CORRIENTES 3456-2","UBC":null,"layer":"3A_TM_ES3_DIC23","path":"C:/Users/usuario/Documents/3A_TM_ES3_DIC23.shp","school_id":"pizarnik","school_name":"Escuela Pizarnik","record_id":"pizarnik-121"},"geometry":{"type":"Point","coordinates":[-58.5397295648132,-34.55600586873068]}},{"type":"Feature","properties":{"address":null,"address_2":null,"OBJECTID":null,"ADRESS":null,"UBIC":"AV 4 DE FEBRERO 3696","UBC":null,"layer":"3A_TM_ES3_DIC23","path":"C:/Users/usuario/Documents/3A_TM_ES3_DIC23.shp","school_id":"pizarnik","school_name":"Escuela Pizarnik","record_id":"pizarnik-122"},"geometry":{"type":"Point","coordinates":[-58.53303475332486,-34.54617832488667]}},{"type":"Feature","properties":{"address":null,"address_2":null,"OBJECTID":null,"ADRESS":null,"UBIC":"AGUSTIN ALVAREZ 1776","UBC":null,"layer":"3A_TM_ES3_DIC23","path":"C:/Users/usuario/Documents/3A_TM_ES3_DIC23.shp","school_id":"pizarnik","school_name":"Escuela Pizarnik","record_id":"pizarnik-123"},"geometry":{"type":"Point","coordinates":[-58.53711659166474,-34.550626856848936]}},{"type":"Feature","properties":{"address":null,"address_2":null,"OBJECTID":null,"ADRESS":null,"UBIC":"BAHIA BLANCA 681","UBC":null,"layer":"3A_TM_ES3_DIC23","path":"C:/Users/usuario/Documents/3A_TM_ES3_DIC23.shp","school_id":"pizarnik","school_name":"Escuela Pizarnik","record_id":"pizarnik-124"},"geometry":{"type":"Point","coordinates":[-58.53873789309351,-34.5508612209588]}},{"type":"Feature","properties":{"address":null,"address_2":null,"OBJECTID":null,"ADRESS":null,"UBIC":"SAN JOSE 1367","UBC":null,"layer":"3A_TM_ES3_DIC23","path":"C:/Users/usuario/Documents/3A_TM_ES3_DIC23.shp","school_id":"pizarnik","school_name":"Escuela Pizarnik","record_id":"pizarnik-125"},"geometry":{"type":"Point","coordinates":[-58.526484983743444,-34.55442272251929]}},{"type":"Feature","properties":{"address":null,"address_2":null,"OBJECTID":null,"ADRESS":null,"UBIC":"STA ROSALIA 1467","UBC":null,"layer":"3A_TM_ES3_DIC23","path":"C:/Users/usuario/Documents/3A_TM_ES3_DIC23.shp","school_id":"pizarnik","school_name":"Escuela Pizarnik","record_id":"pizarnik-126"},"geometry":{"type":"Point","coordinates":[-58.531561923672555,-34.55011424885955]}},{"type":"Feature","properties":{"address":null,"address_2":null,"OBJECTID":null,"ADRESS":null,"UBIC":"COLOMBIA 1573","UBC":null,"layer":"3A_TM_ES3_DIC23","path":"C:/Users/usuario/Documents/3A_TM_ES3_DIC23.shp","school_id":"pizarnik","school_name":"Escuela Pizarnik","record_id":"pizarnik-127"},"geometry":{"type":"Point","coordinates":[-58.52767240799941,-34.556390146116016]}},{"type":"Feature","properties":{"address":null,"address_2":null,"OBJECTID":null,"ADRESS":null,"UBIC":"MENDOZA 669","UBC":null,"layer":"3A_TM_ES3_DIC23","path":"C:/Users/usuario/Documents/3A_TM_ES3_DIC23.shp","school_id":"pizarnik","school_name":"Escuela Pizarnik","record_id":"pizarnik-128"},"geometry":{"type":"Point","coordinates":[-58.53646355490244,-34.54976578793192]}},{"type":"Feature","properties":{"address":null,"address_2":null,"OBJECTID":null,"ADRESS":null,"UBIC":"A ALVAREZ 2750","UBC":null,"layer":"3A_TM_ES3_DIC23","path":"C:/Users/usuario/Documents/3A_TM_ES3_DIC23.shp","school_id":"pizarnik","school_name":"Escuela Pizarnik","record_id":"pizarnik-129"},"geometry":{"type":"Point","coordinates":[-58.54641875156819,-34.556280418236405]}},{"type":"Feature","properties":{"address":null,"address_2":null,"OBJECTID":null,"ADRESS":null,"UBIC":"WILLIAMS MORRIS 1604","UBC":null,"layer":"3A_TM_ES3_DIC23","path":"C:/Users/usuario/Documents/3A_TM_ES3_DIC23.shp","school_id":"pizarnik","school_name":"Escuela Pizarnik","record_id":"pizarnik-130"},"geometry":{"type":"Point","coordinates":[-58.53058486985562,-34.554058878811205]}},{"type":"Feature","properties":{"address":null,"address_2":null,"OBJECTID":null,"ADRESS":null,"UBIC":"M SILVA 592","UBC":null,"layer":"3A_TM_ES3_DIC23","path":"C:/Users/usuario/Documents/3A_TM_ES3_DIC23.shp","school_id":"pizarnik","school_name":"Escuela Pizarnik","record_id":"pizarnik-131"},"geometry":{"type":"Point","coordinates":[-58.54108936711224,-34.547759702718594]}},{"type":"Feature","properties":{"address":null,"address_2":null,"OBJECTID":null,"ADRESS":null,"UBIC":"MENDOZA 3530","UBC":null,"layer":"3A_TM_ES3_DIC23","path":"C:/Users/usuario/Documents/3A_TM_ES3_DIC23.shp","school_id":"pizarnik","school_name":"Escuela Pizarnik","record_id":"pizarnik-132"},"geometry":{"type":"Point","coordinates":[-58.53513822113643,-34.55053586537904]}},{"type":"Feature","properties":{"address":null,"address_2":null,"OBJECTID":null,"ADRESS":null,"UBIC":"PELAGIO LUNA 1837","UBC":null,"layer":"3A_TM_ES3_DIC23","path":"C:/Users/usuario/Documents/3A_TM_ES3_DIC23.shp","school_id":"pizarnik","school_name":"Escuela Pizarnik","record_id":"pizarnik-133"},"geometry":{"type":"Point","coordinates":[-58.53761124251996,-34.55187963345532]}},{"type":"Feature","properties":{"address":null,"address_2":null,"OBJECTID":null,"ADRESS":null,"UBIC":"URIBURU 3437","UBC":null,"layer":"3A_TM_ES3_DIC23","path":"C:/Users/usuario/Documents/3A_TM_ES3_DIC23.shp","school_id":"pizarnik","school_name":"Escuela Pizarnik","record_id":"pizarnik-134"},"geometry":{"type":"Point","coordinates":[-58.527853560321944,-34.5460645037623]}},{"type":"Feature","properties":{"address":null,"address_2":null,"OBJECTID":null,"ADRESS":null,"UBIC":"AGUSTIN ALVAREZ 1107","UBC":null,"layer":"3A_TM_ES3_DIC23","path":"C:/Users/usuario/Documents/3A_TM_ES3_DIC23.shp","school_id":"pizarnik","school_name":"Escuela Pizarnik","record_id":"pizarnik-135"},"geometry":{"type":"Point","coordinates":[-58.53219186626509,-34.54696938427645]}},{"type":"Feature","properties":{"address":null,"address_2":null,"OBJECTID":null,"ADRESS":null,"UBIC":"D.F. SARMIENTO 1751","UBC":null,"layer":"3A_TM_ES3_DIC23","path":"C:/Users/usuario/Documents/3A_TM_ES3_DIC23.shp","school_id":"pizarnik","school_name":"Escuela Pizarnik","record_id":"pizarnik-136"},"geometry":{"type":"Point","coordinates":[-58.533220343967095,-34.55315311282796]}},{"type":"Feature","properties":{"address":null,"address_2":null,"OBJECTID":null,"ADRESS":null,"UBIC":"MELO Y HABANA","UBC":null,"layer":"3A_TM_ES3_DIC23","path":"C:/Users/usuario/Documents/3A_TM_ES3_DIC23.shp","school_id":"pizarnik","school_name":"Escuela Pizarnik","record_id":"pizarnik-137"},"geometry":{"type":"Point","coordinates":[-58.523066464108794,-34.55003435325093]}},{"type":"Feature","properties":{"address":null,"address_2":null,"OBJECTID":null,"ADRESS":null,"UBIC":"URIBURU 3437","UBC":null,"layer":"3A_TM_ES3_DIC23","path":"C:/Users/usuario/Documents/3A_TM_ES3_DIC23.shp","school_id":"pizarnik","school_name":"Escuela Pizarnik","record_id":"pizarnik-138"},"geometry":{"type":"Point","coordinates":[-58.528021856673114,-34.54592973348221]}},{"type":"Feature","properties":{"address":null,"address_2":null,"OBJECTID":null,"ADRESS":null,"UBIC":"JM CAMPOS 2445","UBC":null,"layer":"3A_TM_ES3_DIC23","path":"C:/Users/usuario/Documents/3A_TM_ES3_DIC23.shp","school_id":"pizarnik","school_name":"Escuela Pizarnik","record_id":"pizarnik-139"},"geometry":{"type":"Point","coordinates":[-58.53692753859299,-34.55878198542286]}},{"type":"Feature","properties":{"address":null,"address_2":null,"OBJECTID":null,"ADRESS":null,"UBIC":"ROCA 5150","UBC":null,"layer":"3A_TM_ES3_DIC23","path":"C:/Users/usuario/Documents/3A_TM_ES3_DIC23.shp","school_id":"pizarnik","school_name":"Escuela Pizarnik","record_id":"pizarnik-140"},"geometry":{"type":"Point","coordinates":[-58.5232067110681,-34.546534272746634]}},{"type":"Feature","properties":{"address":null,"address_2":null,"OBJECTID":null,"ADRESS":null,"UBIC":"STA. ROSALIA 2260","UBC":null,"layer":"3A_TM_ES3_DIC23","path":"C:/Users/usuario/Documents/3A_TM_ES3_DIC23.shp","school_id":"pizarnik","school_name":"Escuela Pizarnik","record_id":"pizarnik-141"},"geometry":{"type":"Point","coordinates":[-58.53744645234261,-34.557553830248274]}},{"type":"Feature","properties":{"address":null,"address_2":null,"OBJECTID":null,"ADRESS":null,"UBIC":"W MORRIS 1140","UBC":null,"layer":"3A_TM_ES3_DIC23","path":"C:/Users/usuario/Documents/3A_TM_ES3_DIC23.shp","school_id":"pizarnik","school_name":"Escuela Pizarnik","record_id":"pizarnik-142"},"geometry":{"type":"Point","coordinates":[-58.52522626728302,-34.55085833319296]}},{"type":"Feature","properties":{"address":null,"address_2":null,"OBJECTID":null,"ADRESS":null,"UBIC":"25 DE MAYO 912","UBC":null,"layer":"3A_TM_ES3_DIC23","path":"C:/Users/usuario/Documents/3A_TM_ES3_DIC23.shp","school_id":"pizarnik","school_name":"Escuela Pizarnik","record_id":"pizarnik-143"},"geometry":{"type":"Point","coordinates":[-58.580469544578115,-34.52523027894206]}},{"type":"Feature","properties":{"address":null,"address_2":null,"OBJECTID":null,"ADRESS":null,"UBIC":"WILLIAM MORRIS 1604","UBC":null,"layer":"3A_TM_ES3_DIC23","path":"C:/Users/usuario/Documents/3A_TM_ES3_DIC23.shp","school_id":"pizarnik","school_name":"Escuela Pizarnik","record_id":"pizarnik-144"},"geometry":{"type":"Point","coordinates":[-58.53066726494413,-34.55398716868633]}},{"type":"Feature","properties":{"address":null,"address_2":null,"OBJECTID":null,"ADRESS":"A ALVAREZ 1050","UBIC":null,"UBC":null,"layer":"3A_TT_ES3_FEB24","path":"C:\\Users\\usuario\\OneDrive\\Escritorio\\MAPEO MATRICULA\\EES 3\\2A_TT_ES3_FEB24.shp","school_id":"pizarnik","school_name":"Escuela Pizarnik","record_id":"pizarnik-145"},"geometry":{"type":"Point","coordinates":[-58.531855186137456,-34.547040540926986]}},{"type":"Feature","properties":{"address":null,"address_2":null,"OBJECTID":null,"ADRESS":"INT CASARES 2162","UBIC":null,"UBC":null,"layer":"3A_TT_ES3_FEB24","path":"C:\\Users\\usuario\\OneDrive\\Escritorio\\MAPEO MATRICULA\\EES 3\\2A_TT_ES3_FEB24.shp","school_id":"pizarnik","school_name":"Escuela Pizarnik","record_id":"pizarnik-146"},"geometry":{"type":"Point","coordinates":[-58.538882746465084,-34.5545954873501]}},{"type":"Feature","properties":{"address":null,"address_2":null,"OBJECTID":null,"ADRESS":"MENDOZA 346","UBIC":null,"UBC":null,"layer":"3A_TT_ES3_FEB24","path":"C:\\Users\\usuario\\OneDrive\\Escritorio\\MAPEO MATRICULA\\EES 3\\2A_TT_ES3_FEB24.shp","school_id":"pizarnik","school_name":"Escuela Pizarnik","record_id":"pizarnik-147"},"geometry":{"type":"Point","coordinates":[-58.5404589684981,-34.54730847517964]}},{"type":"Feature","properties":{"address":null,"address_2":null,"OBJECTID":null,"ADRESS":"BERMEJO 1969","UBIC":null,"UBC":null,"layer":"3A_TT_ES3_FEB24","path":"C:\\Users\\usuario\\OneDrive\\Escritorio\\MAPEO MATRICULA\\EES 3\\2A_TT_ES3_FEB24.shp","school_id":"pizarnik","school_name":"Escuela Pizarnik","record_id":"pizarnik-148"},"geometry":{"type":"Point","coordinates":[-58.54091798863284,-34.54977218002808]}},{"type":"Feature","properties":{"address":null,"address_2":null,"OBJECTID":null,"ADRESS":"BERUTTI 1770","UBIC":null,"UBC":null,"layer":"3A_TT_ES3_FEB24","path":"C:\\Users\\usuario\\OneDrive\\Escritorio\\MAPEO MATRICULA\\EES 3\\2A_TT_ES3_FEB24.shp","school_id":"pizarnik","school_name":"Escuela Pizarnik","record_id":"pizarnik-149"},"geometry":{"type":"Point","coordinates":[-58.52681734531962,-34.543080793918946]}},{"type":"Feature","properties":{"address":null,"address_2":null,"OBJECTID":null,"ADRESS":"BAHIA BLANCA 3320","UBIC":null,"UBC":null,"layer":"3A_TT_ES3_FEB24","path":"C:\\Users\\usuario\\OneDrive\\Escritorio\\MAPEO MATRICULA\\EES 3\\2A_TT_ES3_FEB24.shp","school_id":"pizarnik","school_name":"Escuela Pizarnik","record_id":"pizarnik-150"},"geometry":{"type":"Point","coordinates":[-58.534764842694194,-34.55394796970942]}},{"type":"Feature","properties":{"address":null,"address_2":null,"OBJECTID":null,"ADRESS":"D POMBO 3031","UBIC":null,"UBC":null,"layer":"3A_TT_ES3_FEB24","path":"C:\\Users\\usuario\\OneDrive\\Escritorio\\MAPEO MATRICULA\\EES 3\\2A_TT_ES3_FEB24.shp","school_id":"pizarnik","school_name":"Escuela Pizarnik","record_id":"pizarnik-151"},"geometry":{"type":"Point","coordinates":[-58.54236712657896,-34.56412020971453]}},{"type":"Feature","properties":{"address":null,"address_2":null,"OBJECTID":null,"ADRESS":"A ALVAREZ 1872","UBIC":null,"UBC":null,"layer":"3A_TT_ES3_FEB24","path":"C:\\Users\\usuario\\OneDrive\\Escritorio\\MAPEO MATRICULA\\EES 3\\2A_TT_ES3_FEB24.shp","school_id":"pizarnik","school_name":"Escuela Pizarnik","record_id":"pizarnik-152"},"geometry":{"type":"Point","coordinates":[-58.53784391669049,-34.55112790913629]}},{"type":"Feature","properties":{"address":null,"address_2":null,"OBJECTID":null,"ADRESS":"LA NUEVA 1025","UBIC":null,"UBC":null,"layer":"3A_TT_ES3_FEB24","path":"C:\\Users\\usuario\\OneDrive\\Escritorio\\MAPEO MATRICULA\\EES 3\\2A_TT_ES3_FEB24.shp","school_id":"pizarnik","school_name":"Escuela Pizarnik","record_id":"pizarnik-153"},"geometry":{"type":"Point","coordinates":[-58.52434774112354,-34.55234516612938]}},{"type":"Feature","properties":{"address":null,"address_2":null,"OBJECTID":null,"ADRESS":"MENDOZA 669","UBIC":null,"UBC":null,"layer":"3A_TT_ES3_FEB24","path":"C:\\Users\\usuario\\OneDrive\\Escritorio\\MAPEO MATRICULA\\EES 3\\2A_TT_ES3_FEB24.shp","school_id":"pizarnik","school_name":"Escuela Pizarnik","record_id":"pizarnik-154"},"geometry":{"type":"Point","coordinates":[-58.537435505296436,-34.549847167998166]}},{"type":"Feature","properties":{"address":null,"address_2":null,"OBJECTID":null,"ADRESS":"ROSARIO 3580","UBIC":null,"UBC":null,"layer":"3A_TT_ES3_FEB24","path":"C:\\Users\\usuario\\OneDrive\\Escritorio\\MAPEO MATRICULA\\EES 3\\2A_TT_ES3_FEB24.shp","school_id":"pizarnik","school_name":"Escuela Pizarnik","record_id":"pizarnik-155"},"geometry":{"type":"Point","coordinates":[-58.538308022907984,-34.55257637167044]}},{"type":"Feature","properties":{"address":null,"address_2":null,"OBJECTID":null,"ADRESS":"J INGENIEROS 3440","UBIC":null,"UBC":null,"layer":"3A_TT_ES3_FEB24","path":"C:\\Users\\usuario\\OneDrive\\Escritorio\\MAPEO MATRICULA\\EES 3\\2A_TT_ES3_FEB24.shp","school_id":"pizarnik","school_name":"Escuela Pizarnik","record_id":"pizarnik-156"},"geometry":{"type":"Point","coordinates":[-58.58405070708101,-34.53475291487634]}},{"type":"Feature","properties":{"address":null,"address_2":null,"OBJECTID":null,"ADRESS":"CORDOBA 3096","UBIC":null,"UBC":null,"layer":"3A_TT_ES3_FEB24","path":"C:\\Users\\usuario\\OneDrive\\Escritorio\\MAPEO MATRICULA\\EES 3\\2A_TT_ES3_FEB24.shp","school_id":"pizarnik","school_name":"Escuela Pizarnik","record_id":"pizarnik-157"},"geometry":{"type":"Point","coordinates":[-58.53932090204833,-34.561205502742034]}},{"type":"Feature","properties":{"address":null,"address_2":null,"OBJECTID":null,"ADRESS":"URQUIZA 430","UBIC":null,"UBC":null,"layer":"3A_TT_ES3_FEB24","path":"C:\\Users\\usuario\\OneDrive\\Escritorio\\MAPEO MATRICULA\\EES 3\\2A_TT_ES3_FEB24.shp","school_id":"pizarnik","school_name":"Escuela Pizarnik","record_id":"pizarnik-158"},"geometry":{"type":"Point","coordinates":[-58.52895311669053,-34.544021338774876]}},{"type":"Feature","properties":{"address":null,"address_2":null,"OBJECTID":null,"ADRESS":"MENDOZA 550","UBIC":null,"UBC":null,"layer":"3A_TT_ES3_FEB24","path":"C:\\Users\\usuario\\OneDrive\\Escritorio\\MAPEO MATRICULA\\EES 3\\2A_TT_ES3_FEB24.shp","school_id":"pizarnik","school_name":"Escuela Pizarnik","record_id":"pizarnik-159"},"geometry":{"type":"Point","coordinates":[-58.53871772682997,-34.54881451521789]}},{"type":"Feature","properties":{"address":null,"address_2":null,"OBJECTID":null,"ADRESS":"CALLE 90 1220","UBIC":null,"UBC":null,"layer":"3A_TT_ES3_FEB24","path":"C:\\Users\\usuario\\OneDrive\\Escritorio\\MAPEO MATRICULA\\EES 3\\2A_TT_ES3_FEB24.shp","school_id":"pizarnik","school_name":"Escuela Pizarnik","record_id":"pizarnik-160"},"geometry":{"type":"Point","coordinates":[-58.53402130594707,-34.546983516907694]}},{"type":"Feature","properties":{"address":null,"address_2":null,"OBJECTID":null,"ADRESS":"CAMPOS Y CONST -1","UBIC":null,"UBC":null,"layer":"3A_TT_ES3_FEB24","path":"C:\\Users\\usuario\\OneDrive\\Escritorio\\MAPEO MATRICULA\\EES 3\\2A_TT_ES3_FEB24.shp","school_id":"pizarnik","school_name":"Escuela Pizarnik","record_id":"pizarnik-161"},"geometry":{"type":"Point","coordinates":[-58.52643265494668,-34.545306677452615]}},{"type":"Feature","properties":{"address":null,"address_2":null,"OBJECTID":null,"ADRESS":"CAMPOS Y CONSTITUYENTES S/N","UBIC":null,"UBC":null,"layer":"3A_TT_ES3_FEB24","path":"C:\\Users\\usuario\\OneDrive\\Escritorio\\MAPEO MATRICULA\\EES 3\\2A_TT_ES3_FEB24.shp","school_id":"pizarnik","school_name":"Escuela Pizarnik","record_id":"pizarnik-162"},"geometry":{"type":"Point","coordinates":[-58.52641139502726,-34.545428921989235]}},{"type":"Feature","properties":{"address":null,"address_2":null,"OBJECTID":null,"ADRESS":"M SILVA 626","UBIC":null,"UBC":null,"layer":"3A_TT_ES3_FEB24","path":"C:\\Users\\usuario\\OneDrive\\Escritorio\\MAPEO MATRICULA\\EES 3\\2A_TT_ES3_FEB24.shp","school_id":"pizarnik","school_name":"Escuela Pizarnik","record_id":"pizarnik-163"},"geometry":{"type":"Point","coordinates":[-58.53840665533373,-34.550048697832935]}},{"type":"Feature","properties":{"address":null,"address_2":null,"OBJECTID":null,"ADRESS":"MARIA SILVA 689","UBIC":null,"UBC":null,"layer":"3A_TT_ES3_FEB24","path":"C:\\Users\\usuario\\OneDrive\\Escritorio\\MAPEO MATRICULA\\EES 3\\2A_TT_ES3_FEB24.shp","school_id":"pizarnik","school_name":"Escuela Pizarnik","record_id":"pizarnik-164"},"geometry":{"type":"Point","coordinates":[-58.538152487159934,-34.55032052799964]}},{"type":"Feature","properties":{"address":null,"address_2":null,"OBJECTID":null,"ADRESS":"SAN JUAN 3143","UBIC":null,"UBC":null,"layer":"3A_TT_ES3_FEB24","path":"C:\\Users\\usuario\\OneDrive\\Escritorio\\MAPEO MATRICULA\\EES 3\\2A_TT_ES3_FEB24.shp","school_id":"pizarnik","school_name":"Escuela Pizarnik","record_id":"pizarnik-165"},"geometry":{"type":"Point","coordinates":[-58.53776080262345,-34.55864216316336]}},{"type":"Feature","properties":{"address":null,"address_2":null,"OBJECTID":null,"ADRESS":"CORRIENTES 3456","UBIC":null,"UBC":null,"layer":"3A_TT_ES3_FEB24","path":"C:\\Users\\usuario\\OneDrive\\Escritorio\\MAPEO MATRICULA\\EES 3\\2A_TT_ES3_FEB24.shp","school_id":"pizarnik","school_name":"Escuela Pizarnik","record_id":"pizarnik-166"},"geometry":{"type":"Point","coordinates":[-58.53962723160116,-34.55588660217448]}},{"type":"Feature","properties":{"address":null,"address_2":null,"OBJECTID":null,"ADRESS":"CATAMARCA 3404","UBIC":null,"UBC":null,"layer":"3A_TT_ES3_FEB24","path":"C:\\Users\\usuario\\OneDrive\\Escritorio\\MAPEO MATRICULA\\EES 3\\2A_TT_ES3_FEB24.shp","school_id":"pizarnik","school_name":"Escuela Pizarnik","record_id":"pizarnik-167"},"geometry":{"type":"Point","coordinates":[-58.53807187411973,-34.55546170029427]}},{"type":"Feature","properties":{"address":null,"address_2":null,"OBJECTID":null,"ADRESS":"CALLE 13 3577","UBIC":null,"UBC":null,"layer":"3A_TT_ES3_FEB24","path":"C:\\Users\\usuario\\OneDrive\\Escritorio\\MAPEO MATRICULA\\EES 3\\2A_TT_ES3_FEB24.shp","school_id":"pizarnik","school_name":"Escuela Pizarnik","record_id":"pizarnik-168"},"geometry":{"type":"Point","coordinates":[-58.529221510694995,-34.545578995166785]}},{"type":"Feature","properties":{"address":null,"address_2":null,"OBJECTID":null,"ADRESS":"STA ROSALIA 1465","UBIC":null,"UBC":null,"layer":"4A_TT_ES3_FEB24","path":"C:\\Users\\usuario\\OneDrive\\Escritorio\\MAPEO MATRICULA\\EES 3\\4A_TT_ES3_FEB24.shp","school_id":"pizarnik","school_name":"Escuela Pizarnik","record_id":"pizarnik-169"},"geometry":{"type":"Point","coordinates":[-58.53133072718202,-34.550087753945995]}},{"type":"Feature","properties":{"address":null,"address_2":null,"OBJECTID":null,"ADRESS":"STA ROSALIA 1465","UBIC":null,"UBC":null,"layer":"4A_TT_ES3_FEB24","path":"C:\\Users\\usuario\\OneDrive\\Escritorio\\MAPEO MATRICULA\\EES 3\\4A_TT_ES3_FEB24.shp","school_id":"pizarnik","school_name":"Escuela Pizarnik","record_id":"pizarnik-170"},"geometry":{"type":"Point","coordinates":[-58.53136866273034,-34.55013774574395]}},{"type":"Feature","properties":{"address":null,"address_2":null,"OBJECTID":null,"ADRESS":"MARIA SILVA 452","UBIC":null,"UBC":null,"layer":"4A_TT_ES3_FEB24","path":"C:\\Users\\usuario\\OneDrive\\Escritorio\\MAPEO MATRICULA\\EES 3\\4A_TT_ES3_FEB24.shp","school_id":"pizarnik","school_name":"Escuela Pizarnik","record_id":"pizarnik-171"},"geometry":{"type":"Point","coordinates":[-58.54034800701939,-34.548456755063036]}},{"type":"Feature","properties":{"address":null,"address_2":null,"OBJECTID":null,"ADRESS":"PELAGIO LUNA 2035","UBIC":null,"UBC":null,"layer":"4A_TT_ES3_FEB24","path":"C:\\Users\\usuario\\OneDrive\\Escritorio\\MAPEO MATRICULA\\EES 3\\4A_TT_ES3_FEB24.shp","school_id":"pizarnik","school_name":"Escuela Pizarnik","record_id":"pizarnik-172"},"geometry":{"type":"Point","coordinates":[-58.538637113789825,-34.55245920678063]}},{"type":"Feature","properties":{"address":null,"address_2":null,"OBJECTID":null,"ADRESS":"MENDOZA Y LA NUEVA","UBIC":null,"UBC":null,"layer":"4A_TT_ES3_FEB24","path":"C:\\Users\\usuario\\OneDrive\\Escritorio\\MAPEO MATRICULA\\EES 3\\4A_TT_ES3_FEB24.shp","school_id":"pizarnik","school_name":"Escuela Pizarnik","record_id":"pizarnik-173"},"geometry":{"type":"Point","coordinates":[-58.52785203740035,-34.55429320893393]}},{"type":"Feature","properties":{"address":null,"address_2":null,"OBJECTID":null,"ADRESS":"BAHIA BLANCA 3753","UBIC":null,"UBC":null,"layer":"4A_TT_ES3_FEB24","path":"C:\\Users\\usuario\\OneDrive\\Escritorio\\MAPEO MATRICULA\\EES 3\\4A_TT_ES3_FEB24.shp","school_id":"pizarnik","school_name":"Escuela Pizarnik","record_id":"pizarnik-174"},"geometry":{"type":"Point","coordinates":[-58.53865987511877,-34.55084543891197]}},{"type":"Feature","properties":{"address":null,"address_2":null,"OBJECTID":null,"ADRESS":"ITALIA 3360","UBIC":null,"UBC":null,"layer":"4A_TT_ES3_FEB24","path":"C:\\Users\\usuario\\OneDrive\\Escritorio\\MAPEO MATRICULA\\EES 3\\4A_TT_ES3_FEB24.shp","school_id":"pizarnik","school_name":"Escuela Pizarnik","record_id":"pizarnik-175"},"geometry":{"type":"Point","coordinates":[-58.53407726088085,-34.55346994380274]}},{"type":"Feature","properties":{"address":null,"address_2":null,"OBJECTID":null,"ADRESS":"SAAVEDRA 3638","UBIC":null,"UBC":null,"layer":"4A_TT_ES3_FEB24","path":"C:\\Users\\usuario\\OneDrive\\Escritorio\\MAPEO MATRICULA\\EES 3\\4A_TT_ES3_FEB24.shp","school_id":"pizarnik","school_name":"Escuela Pizarnik","record_id":"pizarnik-176"},"geometry":{"type":"Point","coordinates":[-58.53723160172428,-34.550878245734026]}},{"type":"Feature","properties":{"address":null,"address_2":null,"OBJECTID":null,"ADRESS":"CASARES 2162","UBIC":null,"UBC":null,"layer":"4A_TT_ES3_FEB24","path":"C:\\Users\\usuario\\OneDrive\\Escritorio\\MAPEO MATRICULA\\EES 3\\4A_TT_ES3_FEB24.shp","school_id":"pizarnik","school_name":"Escuela Pizarnik","record_id":"pizarnik-177"},"geometry":{"type":"Point","coordinates":[-58.538841965750755,-34.554475982061035]}},{"type":"Feature","properties":{"address":null,"address_2":null,"OBJECTID":null,"ADRESS":"SANTA ROSALIA 1465","UBIC":null,"UBC":null,"layer":"4A_TT_ES3_FEB24","path":"C:\\Users\\usuario\\OneDrive\\Escritorio\\MAPEO MATRICULA\\EES 3\\4A_TT_ES3_FEB24.shp","school_id":"pizarnik","school_name":"Escuela Pizarnik","record_id":"pizarnik-178"},"geometry":{"type":"Point","coordinates":[-58.531383836949615,-34.55009244067835]}},{"type":"Feature","properties":{"address":null,"address_2":null,"OBJECTID":null,"ADRESS":"LA NUEVA 1025","UBIC":null,"UBC":null,"layer":"4A_TT_ES3_FEB24","path":"C:\\Users\\usuario\\OneDrive\\Escritorio\\MAPEO MATRICULA\\EES 3\\4A_TT_ES3_FEB24.shp","school_id":"pizarnik","school_name":"Escuela Pizarnik","record_id":"pizarnik-179"},"geometry":{"type":"Point","coordinates":[-58.524346792734896,-34.552351414936254]}},{"type":"Feature","properties":{"address":null,"address_2":null,"OBJECTID":null,"ADRESS":"D POMBO 3031","UBIC":null,"UBC":null,"layer":"4A_TT_ES3_FEB24","path":"C:\\Users\\usuario\\OneDrive\\Escritorio\\MAPEO MATRICULA\\EES 3\\4A_TT_ES3_FEB24.shp","school_id":"pizarnik","school_name":"Escuela Pizarnik","record_id":"pizarnik-180"},"geometry":{"type":"Point","coordinates":[-58.54241928795801,-34.56414207744085]}},{"type":"Feature","properties":{"address":null,"address_2":null,"OBJECTID":null,"ADRESS":"BAHIA BLANCA 3969","UBIC":null,"UBC":null,"layer":"4A_TT_ES3_FEB24","path":"C:\\Users\\usuario\\OneDrive\\Escritorio\\MAPEO MATRICULA\\EES 3\\4A_TT_ES3_FEB24.shp","school_id":"pizarnik","school_name":"Escuela Pizarnik","record_id":"pizarnik-181"},"geometry":{"type":"Point","coordinates":[-58.5413608861597,-34.54859579740205]}},{"type":"Feature","properties":{"address":null,"address_2":null,"OBJECTID":null,"ADRESS":"BOULOGNE 2589","UBIC":null,"UBC":null,"layer":"4A_TT_ES3_FEB24","path":"C:\\Users\\usuario\\OneDrive\\Escritorio\\MAPEO MATRICULA\\EES 3\\4A_TT_ES3_FEB24.shp","school_id":"pizarnik","school_name":"Escuela Pizarnik","record_id":"pizarnik-182"},"geometry":{"type":"Point","coordinates":[-58.52188287887107,-34.556998835055985]}},{"type":"Feature","properties":{"address":null,"address_2":null,"OBJECTID":null,"ADRESS":"ALBERDI 3481","UBIC":null,"UBC":null,"layer":"4A_TT_ES3_FEB24","path":"C:\\Users\\usuario\\OneDrive\\Escritorio\\MAPEO MATRICULA\\EES 3\\4A_TT_ES3_FEB24.shp","school_id":"pizarnik","school_name":"Escuela Pizarnik","record_id":"pizarnik-183"},"geometry":{"type":"Point","coordinates":[-58.54200341950949,-34.55731203840176]}},{"type":"Feature","properties":{"address":null,"address_2":null,"OBJECTID":null,"ADRESS":"4 DE FEBRERO 3129","UBIC":null,"UBC":null,"layer":"4A_TT_ES3_FEB24","path":"C:\\Users\\usuario\\OneDrive\\Escritorio\\MAPEO MATRICULA\\EES 3\\4A_TT_ES3_FEB24.shp","school_id":"pizarnik","school_name":"Escuela Pizarnik","record_id":"pizarnik-184"},"geometry":{"type":"Point","coordinates":[-58.52737167851967,-34.55095245159343]}},{"type":"Feature","properties":{"address":null,"address_2":null,"OBJECTID":null,"ADRESS":"MORRIS 1150","UBIC":null,"UBC":null,"layer":"4A_TT_ES3_FEB24","path":"C:\\Users\\usuario\\OneDrive\\Escritorio\\MAPEO MATRICULA\\EES 3\\4A_TT_ES3_FEB24.shp","school_id":"pizarnik","school_name":"Escuela Pizarnik","record_id":"pizarnik-185"},"geometry":{"type":"Point","coordinates":[-58.52614256675388,-34.551243025479415]}},{"type":"Feature","properties":{"address":null,"address_2":null,"OBJECTID":null,"ADRESS":"MENDOZA 629","UBIC":null,"UBC":null,"layer":"4A_TT_ES3_FEB24","path":"C:\\Users\\usuario\\OneDrive\\Escritorio\\MAPEO MATRICULA\\EES 3\\4A_TT_ES3_FEB24.shp","school_id":"pizarnik","school_name":"Escuela Pizarnik","record_id":"pizarnik-186"},"geometry":{"type":"Point","coordinates":[-58.53750805703276,-34.549777647903255]}},{"type":"Feature","properties":{"address":null,"address_2":null,"OBJECTID":null,"ADRESS":"AV CONSTITUYENTES 1091","UBIC":null,"UBC":null,"layer":"4A_TT_ES3_FEB24","path":"C:\\Users\\usuario\\OneDrive\\Escritorio\\MAPEO MATRICULA\\EES 3\\4A_TT_ES3_FEB24.shp","school_id":"pizarnik","school_name":"Escuela Pizarnik","record_id":"pizarnik-187"},"geometry":{"type":"Point","coordinates":[-58.52412329620075,-34.55112658039132]}},{"type":"Feature","properties":{"address":null,"address_2":null,"OBJECTID":null,"ADRESS":"ZIMMERMAN 3615","UBIC":null,"UBC":null,"layer":"4A_TT_ES3_FEB24","path":"C:\\Users\\usuario\\OneDrive\\Escritorio\\MAPEO MATRICULA\\EES 3\\4A_TT_ES3_FEB24.shp","school_id":"pizarnik","school_name":"Escuela Pizarnik","record_id":"pizarnik-188"},"geometry":{"type":"Point","coordinates":[-58.530643619562966,-34.546198456231274]}},{"type":"Feature","properties":{"address":null,"address_2":null,"OBJECTID":null,"ADRESS":"ECUADOR 2882","UBIC":null,"UBC":null,"layer":"4A_TT_ES3_FEB24","path":"C:\\Users\\usuario\\OneDrive\\Escritorio\\MAPEO MATRICULA\\EES 3\\4A_TT_ES3_FEB24.shp","school_id":"pizarnik","school_name":"Escuela Pizarnik","record_id":"pizarnik-189"},"geometry":{"type":"Point","coordinates":[-58.52739633662612,-34.55615607007324]}},{"type":"Feature","properties":{"address":null,"address_2":null,"OBJECTID":null,"ADRESS":"SAN LUIS 2502","UBIC":null,"UBC":null,"layer":"4A_TT_ES3_FEB24","path":"C:\\Users\\usuario\\OneDrive\\Escritorio\\MAPEO MATRICULA\\EES 3\\4A_TT_ES3_FEB24.shp","school_id":"pizarnik","school_name":"Escuela Pizarnik","record_id":"pizarnik-190"},"geometry":{"type":"Point","coordinates":[-58.540840694953346,-34.557187069627126]}},{"type":"Feature","properties":{"address":null,"address_2":null,"OBJECTID":null,"ADRESS":"ECUADOR 521","UBIC":null,"UBC":null,"layer":"4A_TT_ES3_FEB24","path":"C:\\Users\\usuario\\OneDrive\\Escritorio\\MAPEO MATRICULA\\EES 3\\4A_TT_ES3_FEB24.shp","school_id":"pizarnik","school_name":"Escuela Pizarnik","record_id":"pizarnik-191"},"geometry":{"type":"Point","coordinates":[-58.52715165233946,-34.55632634209254]}},{"type":"Feature","properties":{"address":null,"address_2":null,"OBJECTID":null,"ADRESS":"INT CASARES 1948","UBIC":null,"UBC":null,"layer":"4A_TT_ES3_FEB24","path":"C:\\Users\\usuario\\OneDrive\\Escritorio\\MAPEO MATRICULA\\EES 3\\4A_TT_ES3_FEB24.shp","school_id":"pizarnik","school_name":"Escuela Pizarnik","record_id":"pizarnik-192"},"geometry":{"type":"Point","coordinates":[-58.536774004172685,-34.55277242721718]}},{"type":"Feature","properties":{"address":null,"address_2":null,"OBJECTID":null,"ADRESS":null,"UBIC":"CATAMARCA 3180","UBC":null,"layer":"4TO_TM_ES3","path":"C:/Users/usuario/OneDrive/Escritorio/MAPEO MATRICULA/EES 3/4TO_TM_ES3.shp","school_id":"pizarnik","school_name":"Escuela Pizarnik","record_id":"pizarnik-193"},"geometry":{"type":"Point","coordinates":[-58.53591887485747,-34.556968357245715]}},{"type":"Feature","properties":{"address":null,"address_2":null,"OBJECTID":null,"ADRESS":null,"UBIC":"CATAMARCA 3180-2","UBC":null,"layer":"4TO_TM_ES3","path":"C:/Users/usuario/OneDrive/Escritorio/MAPEO MATRICULA/EES 3/4TO_TM_ES3.shp","school_id":"pizarnik","school_name":"Escuela Pizarnik","record_id":"pizarnik-194"},"geometry":{"type":"Point","coordinates":[-58.53584875137778,-34.557026108301756]}},{"type":"Feature","properties":{"address":null,"address_2":null,"OBJECTID":null,"ADRESS":null,"UBIC":"INT CASARES 2152","UBC":null,"layer":"4TO_TM_ES3","path":"C:/Users/usuario/OneDrive/Escritorio/MAPEO MATRICULA/EES 3/4TO_TM_ES3.shp","school_id":"pizarnik","school_name":"Escuela Pizarnik","record_id":"pizarnik-195"},"geometry":{"type":"Point","coordinates":[-58.538560192592215,-34.55427326337338]}},{"type":"Feature","properties":{"address":null,"address_2":null,"OBJECTID":null,"ADRESS":null,"UBIC":"A AGUSTIN ALVAREZ 1892","UBC":null,"layer":"4TO_TM_ES3","path":"C:/Users/usuario/OneDrive/Escritorio/MAPEO MATRICULA/EES 3/4TO_TM_ES3.shp","school_id":"pizarnik","school_name":"Escuela Pizarnik","record_id":"pizarnik-196"},"geometry":{"type":"Point","coordinates":[-58.53796648046424,-34.551185348504646]}},{"type":"Feature","properties":{"address":null,"address_2":null,"OBJECTID":null,"ADRESS":null,"UBIC":"SARMIENTO 2155","UBC":null,"layer":"4TO_TM_ES3","path":"C:/Users/usuario/OneDrive/Escritorio/MAPEO MATRICULA/EES 3/4TO_TM_ES3.shp","school_id":"pizarnik","school_name":"Escuela Pizarnik","record_id":"pizarnik-197"},"geometry":{"type":"Point","coordinates":[-58.53743821691727,-34.55625609092481]}},{"type":"Feature","properties":{"address":null,"address_2":null,"OBJECTID":null,"ADRESS":null,"UBIC":"ALVEAR 1980","UBC":null,"layer":"4TO_TM_ES3","path":"C:/Users/usuario/OneDrive/Escritorio/MAPEO MATRICULA/EES 3/4TO_TM_ES3.shp","school_id":"pizarnik","school_name":"Escuela Pizarnik","record_id":"pizarnik-198"},"geometry":{"type":"Point","coordinates":[-58.53573655381027,-34.55379006231358]}},{"type":"Feature","properties":{"address":null,"address_2":null,"OBJECTID":null,"ADRESS":null,"UBIC":"AV CONSTITUYENTES 2160","UBC":null,"layer":"4TO_TM_ES3","path":"C:/Users/usuario/OneDrive/Escritorio/MAPEO MATRICULA/EES 3/4TO_TM_ES3.shp","school_id":"pizarnik","school_name":"Escuela Pizarnik","record_id":"pizarnik-199"},"geometry":{"type":"Point","coordinates":[-58.517803642605706,-34.55997905886223]}},{"type":"Feature","properties":{"address":null,"address_2":null,"OBJECTID":null,"ADRESS":null,"UBIC":"ROSARIO 3845","UBC":null,"layer":"4TO_TM_ES3","path":"C:/Users/usuario/OneDrive/Escritorio/MAPEO MATRICULA/EES 3/4TO_TM_ES3.shp","school_id":"pizarnik","school_name":"Escuela Pizarnik","record_id":"pizarnik-200"},"geometry":{"type":"Point","coordinates":[-58.54092569130687,-34.55024586039595]}},{"type":"Feature","properties":{"address":null,"address_2":null,"OBJECTID":null,"ADRESS":null,"UBIC":"AGUSTIN ALVAREZ 1026","UBC":null,"layer":"4TO_TM_ES3","path":"C:/Users/usuario/OneDrive/Escritorio/MAPEO MATRICULA/EES 3/4TO_TM_ES3.shp","school_id":"pizarnik","school_name":"Escuela Pizarnik","record_id":"pizarnik-201"},"geometry":{"type":"Point","coordinates":[-58.53808685910432,-34.551310484439874]}},{"type":"Feature","properties":{"address":null,"address_2":null,"OBJECTID":null,"ADRESS":null,"UBIC":"FLORIDA 3876","UBC":null,"layer":"4TO_TM_ES3","path":"C:/Users/usuario/OneDrive/Escritorio/MAPEO MATRICULA/EES 3/4TO_TM_ES3.shp","school_id":"pizarnik","school_name":"Escuela Pizarnik","record_id":"pizarnik-202"},"geometry":{"type":"Point","coordinates":[-58.53180379532462,-34.54612007290709]}},{"type":"Feature","properties":{"address":null,"address_2":null,"OBJECTID":null,"ADRESS":null,"UBIC":"STA ROSALIA 1356","UBC":null,"layer":"4TO_TM_ES3","path":"C:/Users/usuario/OneDrive/Escritorio/MAPEO MATRICULA/EES 3/4TO_TM_ES3.shp","school_id":"pizarnik","school_name":"Escuela Pizarnik","record_id":"pizarnik-203"},"geometry":{"type":"Point","coordinates":[-58.530569622082176,-34.54893094426747]}},{"type":"Feature","properties":{"address":null,"address_2":null,"OBJECTID":null,"ADRESS":null,"UBIC":"J.V. GONZALEZ 2433","UBC":null,"layer":"4TO_TM_ES3","path":"C:/Users/usuario/OneDrive/Escritorio/MAPEO MATRICULA/EES 3/4TO_TM_ES3.shp","school_id":"pizarnik","school_name":"Escuela Pizarnik","record_id":"pizarnik-204"},"geometry":{"type":"Point","coordinates":[-58.54382295974247,-34.554128880880555]}},{"type":"Feature","properties":{"address":null,"address_2":null,"OBJECTID":null,"ADRESS":null,"UBIC":"MENDOZA 3553","UBC":null,"layer":"4TO_TM_ES3","path":"C:/Users/usuario/OneDrive/Escritorio/MAPEO MATRICULA/EES 3/4TO_TM_ES3.shp","school_id":"pizarnik","school_name":"Escuela Pizarnik","record_id":"pizarnik-205"},"geometry":{"type":"Point","coordinates":[-58.53560916282215,-34.5502015809815]}},{"type":"Feature","properties":{"address":null,"address_2":null,"OBJECTID":null,"ADRESS":null,"UBIC":"M SILVA 563","UBC":null,"layer":"4TO_TM_ES3","path":"C:/Users/usuario/OneDrive/Escritorio/MAPEO MATRICULA/EES 3/4TO_TM_ES3.shp","school_id":"pizarnik","school_name":"Escuela Pizarnik","record_id":"pizarnik-206"},"geometry":{"type":"Point","coordinates":[-58.53914338619823,-34.549366043266104]}},{"type":"Feature","properties":{"address":null,"address_2":null,"OBJECTID":null,"ADRESS":null,"UBIC":"CATAMARCA 3180","UBC":null,"layer":"4TO_TM_ES3","path":"C:/Users/usuario/OneDrive/Escritorio/MAPEO MATRICULA/EES 3/4TO_TM_ES3.shp","school_id":"pizarnik","school_name":"Escuela Pizarnik","record_id":"pizarnik-207"},"geometry":{"type":"Point","coordinates":[-58.53599250451106,-34.55689713088801]}},{"type":"Feature","properties":{"address":null,"address_2":null,"OBJECTID":null,"ADRESS":null,"UBIC":"ITUZAINGO 2195","UBC":null,"layer":"4TO_TM_ES3","path":"C:/Users/usuario/OneDrive/Escritorio/MAPEO MATRICULA/EES 3/4TO_TM_ES3.shp","school_id":"pizarnik","school_name":"Escuela Pizarnik","record_id":"pizarnik-208"},"geometry":{"type":"Point","coordinates":[-58.53257398487644,-34.57034002525922]}},{"type":"Feature","properties":{"address":null,"address_2":null,"OBJECTID":null,"ADRESS":null,"UBIC":"MENDOZA 3477","UBC":null,"layer":"4TO_TM_ES3","path":"C:/Users/usuario/OneDrive/Escritorio/MAPEO MATRICULA/EES 3/4TO_TM_ES3.shp","school_id":"pizarnik","school_name":"Escuela Pizarnik","record_id":"pizarnik-209"},"geometry":{"type":"Point","coordinates":[-58.53415760679263,-34.5507536280834]}},{"type":"Feature","properties":{"address":null,"address_2":null,"OBJECTID":null,"ADRESS":null,"UBIC":"SARMIENTO 1657","UBC":null,"layer":"4TO_TM_ES3","path":"C:/Users/usuario/OneDrive/Escritorio/MAPEO MATRICULA/EES 3/4TO_TM_ES3.shp","school_id":"pizarnik","school_name":"Escuela Pizarnik","record_id":"pizarnik-210"},"geometry":{"type":"Point","coordinates":[-58.53377192765437,-34.551547760908]}},{"type":"Feature","properties":{"address":null,"address_2":null,"OBJECTID":null,"ADRESS":null,"UBIC":"CASTELLI 1957","UBC":null,"layer":"4TO_TM_ES3","path":"C:/Users/usuario/OneDrive/Escritorio/MAPEO MATRICULA/EES 3/4TO_TM_ES3.shp","school_id":"pizarnik","school_name":"Escuela Pizarnik","record_id":"pizarnik-211"},"geometry":{"type":"Point","coordinates":[-58.56325300723827,-34.5629391229602]}},{"type":"Feature","properties":{"address":null,"address_2":null,"OBJECTID":null,"ADRESS":null,"UBIC":"JM CAMPOS 2234","UBC":null,"layer":"4TO_TM_ES3","path":"C:/Users/usuario/OneDrive/Escritorio/MAPEO MATRICULA/EES 3/4TO_TM_ES3.shp","school_id":"pizarnik","school_name":"Escuela Pizarnik","record_id":"pizarnik-212"},"geometry":{"type":"Point","coordinates":[-58.5354329775794,-34.557623829376844]}},{"type":"Feature","properties":{"address":null,"address_2":null,"OBJECTID":null,"ADRESS":null,"UBIC":"JM CAMPOS 2654","UBC":null,"layer":"4TO_TM_ES3","path":"C:/Users/usuario/OneDrive/Escritorio/MAPEO MATRICULA/EES 3/4TO_TM_ES3.shp","school_id":"pizarnik","school_name":"Escuela Pizarnik","record_id":"pizarnik-213"},"geometry":{"type":"Point","coordinates":[-58.53648190796297,-34.558417896626146]}},{"type":"Feature","properties":{"address":null,"address_2":null,"OBJECTID":null,"ADRESS":null,"UBIC":"ECUADOR Y COLOMBIA","UBC":null,"layer":"4TO_TM_ES3","path":"C:/Users/usuario/OneDrive/Escritorio/MAPEO MATRICULA/EES 3/4TO_TM_ES3.shp","school_id":"pizarnik","school_name":"Escuela Pizarnik","record_id":"pizarnik-214"},"geometry":{"type":"Point","coordinates":[-58.52730741937097,-34.556182457639736]}},{"type":"Feature","properties":{"address":null,"address_2":null,"OBJECTID":null,"ADRESS":null,"UBIC":"MZA Y S JOSE","UBC":null,"layer":"4TO_TM_ES3","path":"C:/Users/usuario/OneDrive/Escritorio/MAPEO MATRICULA/EES 3/4TO_TM_ES3.shp","school_id":"pizarnik","school_name":"Escuela Pizarnik","record_id":"pizarnik-215"},"geometry":{"type":"Point","coordinates":[-58.52698748099491,-34.554919131323665]}},{"type":"Feature","properties":{"address":null,"address_2":null,"OBJECTID":null,"ADRESS":null,"UBIC":"NECOCHEA 1180","UBC":null,"layer":"4TO_TM_ES3","path":"C:/Users/usuario/OneDrive/Escritorio/MAPEO MATRICULA/EES 3/4TO_TM_ES3.shp","school_id":"pizarnik","school_name":"Escuela Pizarnik","record_id":"pizarnik-216"},"geometry":{"type":"Point","coordinates":[-58.52535272737478,-34.547749090317055]}},{"type":"Feature","properties":{"address":null,"address_2":null,"OBJECTID":null,"ADRESS":null,"UBIC":"MERCEDES","UBC":null,"layer":"4TO_TM_ES3","path":"C:/Users/usuario/OneDrive/Escritorio/MAPEO MATRICULA/EES 3/4TO_TM_ES3.shp","school_id":"pizarnik","school_name":"Escuela Pizarnik","record_id":"pizarnik-217"},"geometry":{"type":"Point","coordinates":[-58.527780752858845,-34.552506726352746]}},{"type":"Feature","properties":{"address":null,"address_2":null,"OBJECTID":null,"ADRESS":null,"UBIC":"A ALVAREZ 1102","UBC":null,"layer":"4TO_TM_ES3","path":"C:/Users/usuario/OneDrive/Escritorio/MAPEO MATRICULA/EES 3/4TO_TM_ES3.shp","school_id":"pizarnik","school_name":"Escuela Pizarnik","record_id":"pizarnik-218"},"geometry":{"type":"Point","coordinates":[-58.537060426670344,-34.550538248328984]}},{"type":"Feature","properties":{"address":null,"address_2":null,"OBJECTID":null,"ADRESS":null,"UBIC":null,"UBC":"DORREGO 3740","layer":"5TO_TM_ES3_DIC23","path":"C:/Users/usuario/OneDrive/Escritorio/MAPEO MATRICULA/EES 3/5TO_TM_ES3_DIC23.shp","school_id":"pizarnik","school_name":"Escuela Pizarnik","record_id":"pizarnik-219"},"geometry":{"type":"Point","coordinates":[-58.537092566598496,-34.54898364719868]}},{"type":"Feature","properties":{"address":null,"address_2":null,"OBJECTID":null,"ADRESS":null,"UBIC":null,"UBC":"SAAVEDRA 3261","layer":"5TO_TM_ES3_DIC23","path":"C:/Users/usuario/OneDrive/Escritorio/MAPEO MATRICULA/EES 3/5TO_TM_ES3_DIC23.shp","school_id":"pizarnik","school_name":"Escuela Pizarnik","record_id":"pizarnik-220"},"geometry":{"type":"Point","coordinates":[-58.53172812040267,-34.55293025587866]}},{"type":"Feature","properties":{"address":null,"address_2":null,"OBJECTID":null,"ADRESS":null,"UBIC":null,"UBC":"MELOL Y HABANA-5TO TM","layer":"5TO_TM_ES3_DIC23","path":"C:/Users/usuario/OneDrive/Escritorio/MAPEO MATRICULA/EES 3/5TO_TM_ES3_DIC23.shp","school_id":"pizarnik","school_name":"Escuela Pizarnik","record_id":"pizarnik-221"},"geometry":{"type":"Point","coordinates":[-58.52301527805192,-34.550124332598834]}},{"type":"Feature","properties":{"address":null,"address_2":null,"OBJECTID":null,"ADRESS":null,"UBIC":null,"UBC":"BALCARCE 1161","layer":"5TO_TM_ES3_DIC23","path":"C:/Users/usuario/OneDrive/Escritorio/MAPEO MATRICULA/EES 3/5TO_TM_ES3_DIC23.shp","school_id":"pizarnik","school_name":"Escuela Pizarnik","record_id":"pizarnik-222"},"geometry":{"type":"Point","coordinates":[-58.52057848713294,-34.55744937419283]}},{"type":"Feature","properties":{"address":null,"address_2":null,"OBJECTID":null,"ADRESS":null,"UBIC":null,"UBC":"BOUCHARD 3644","layer":"5TO_TM_ES3_DIC23","path":"C:/Users/usuario/OneDrive/Escritorio/MAPEO MATRICULA/EES 3/5TO_TM_ES3_DIC23.shp","school_id":"pizarnik","school_name":"Escuela Pizarnik","record_id":"pizarnik-223"},"geometry":{"type":"Point","coordinates":[-58.534793100827216,-34.548331476157344]}},{"type":"Feature","properties":{"address":null,"address_2":null,"OBJECTID":null,"ADRESS":null,"UBIC":null,"UBC":"SAN LUIS 3126","layer":"5TO_TM_ES3_DIC23","path":"C:/Users/usuario/OneDrive/Escritorio/MAPEO MATRICULA/EES 3/5TO_TM_ES3_DIC23.shp","school_id":"pizarnik","school_name":"Escuela Pizarnik","record_id":"pizarnik-224"},"geometry":{"type":"Point","coordinates":[-58.53812688792385,-34.559400845130966]}},{"type":"Feature","properties":{"address":null,"address_2":null,"OBJECTID":null,"ADRESS":null,"UBIC":null,"UBC":"DIEGO POMBO 3051","layer":"5TO_TM_ES3_DIC23","path":"C:/Users/usuario/OneDrive/Escritorio/MAPEO MATRICULA/EES 3/5TO_TM_ES3_DIC23.shp","school_id":"pizarnik","school_name":"Escuela Pizarnik","record_id":"pizarnik-225"},"geometry":{"type":"Point","coordinates":[-58.54246285641765,-34.564314210380914]}},{"type":"Feature","properties":{"address":null,"address_2":null,"OBJECTID":null,"ADRESS":null,"UBIC":null,"UBC":"PALACIOS 3361","layer":"5TO_TM_ES3_DIC23","path":"C:/Users/usuario/OneDrive/Escritorio/MAPEO MATRICULA/EES 3/5TO_TM_ES3_DIC23.shp","school_id":"pizarnik","school_name":"Escuela Pizarnik","record_id":"pizarnik-226"},"geometry":{"type":"Point","coordinates":[-58.539003431419886,-34.562418195890935]}},{"type":"Feature","properties":{"address":null,"address_2":null,"OBJECTID":null,"ADRESS":null,"UBIC":null,"UBC":"COCHABAMBA 3451","layer":"5TO_TM_ES3_DIC23","path":"C:/Users/usuario/OneDrive/Escritorio/MAPEO MATRICULA/EES 3/5TO_TM_ES3_DIC23.shp","school_id":"pizarnik","school_name":"Escuela Pizarnik","record_id":"pizarnik-227"},"geometry":{"type":"Point","coordinates":[-58.539073554899566,-34.57155620285105]}},{"type":"Feature","properties":{"address":null,"address_2":null,"OBJECTID":null,"ADRESS":null,"UBIC":null,"UBC":"CALLE 21 3804","layer":"5TO_TM_ES3_DIC23","path":"C:/Users/usuario/OneDrive/Escritorio/MAPEO MATRICULA/EES 3/5TO_TM_ES3_DIC23.shp","school_id":"pizarnik","school_name":"Escuela Pizarnik","record_id":"pizarnik-228"},"geometry":{"type":"Point","coordinates":[-58.53164630967638,-34.54623775598382]}},{"type":"Feature","properties":{"address":null,"address_2":null,"OBJECTID":null,"ADRESS":null,"UBIC":null,"UBC":"STA ROSA 4954","layer":"5TO_TM_ES3_DIC23","path":"C:/Users/usuario/OneDrive/Escritorio/MAPEO MATRICULA/EES 3/5TO_TM_ES3_DIC23.shp","school_id":"pizarnik","school_name":"Escuela Pizarnik","record_id":"pizarnik-229"},"geometry":{"type":"Point","coordinates":[-58.52158140708617,-34.54673906452291]}},{"type":"Feature","properties":{"address":null,"address_2":null,"OBJECTID":null,"ADRESS":null,"UBIC":null,"UBC":"JM CAMPOS 2150","layer":"5TO_TM_ES3_DIC23","path":"C:/Users/usuario/OneDrive/Escritorio/MAPEO MATRICULA/EES 3/5TO_TM_ES3_DIC23.shp","school_id":"pizarnik","school_name":"Escuela Pizarnik","record_id":"pizarnik-230"},"geometry":{"type":"Point","coordinates":[-58.53547388294245,-34.55772609603869]}},{"type":"Feature","properties":{"address":null,"address_2":null,"OBJECTID":null,"ADRESS":null,"UBIC":null,"UBC":"SAAVEDRA 3567","layer":"5TO_TM_ES3_DIC23","path":"C:/Users/usuario/OneDrive/Escritorio/MAPEO MATRICULA/EES 3/5TO_TM_ES3_DIC23.shp","school_id":"pizarnik","school_name":"Escuela Pizarnik","record_id":"pizarnik-231"},"geometry":{"type":"Point","coordinates":[-58.53621017947913,-34.551166337451775]}},{"type":"Feature","properties":{"address":null,"address_2":null,"OBJECTID":null,"ADRESS":null,"UBIC":null,"UBC":"BOLIVIA 3108","layer":"5TO_TM_ES3_DIC23","path":"C:/Users/usuario/OneDrive/Escritorio/MAPEO MATRICULA/EES 3/5TO_TM_ES3_DIC23.shp","school_id":"pizarnik","school_name":"Escuela Pizarnik","record_id":"pizarnik-232"},"geometry":{"type":"Point","coordinates":[-58.54228754771841,-34.56226901525166]}},{"type":"Feature","properties":{"address":null,"address_2":null,"OBJECTID":null,"ADRESS":null,"UBIC":null,"UBC":"JM CAMPOS 2654","layer":"5TO_TM_ES3_DIC23","path":"C:/Users/usuario/OneDrive/Escritorio/MAPEO MATRICULA/EES 3/5TO_TM_ES3_DIC23.shp","school_id":"pizarnik","school_name":"Escuela Pizarnik","record_id":"pizarnik-233"},"geometry":{"type":"Point","coordinates":[-58.535427133956,-34.557793471653106]}},{"type":"Feature","properties":{"address":null,"address_2":null,"OBJECTID":null,"ADRESS":null,"UBIC":null,"UBC":"BAHIA BLANCA 3247","layer":"5TO_TM_ES3_DIC23","path":"C:/Users/usuario/OneDrive/Escritorio/MAPEO MATRICULA/EES 3/5TO_TM_ES3_DIC23.shp","school_id":"pizarnik","school_name":"Escuela Pizarnik","record_id":"pizarnik-234"},"geometry":{"type":"Point","coordinates":[-58.53431684552767,-34.55405885528127]}},{"type":"Feature","properties":{"address":null,"address_2":null,"OBJECTID":null,"ADRESS":null,"UBIC":null,"UBC":"STA ROSALIA 2282","layer":"5TO_TM_ES3_DIC23","path":"C:/Users/usuario/OneDrive/Escritorio/MAPEO MATRICULA/EES 3/5TO_TM_ES3_DIC23.shp","school_id":"pizarnik","school_name":"Escuela Pizarnik","record_id":"pizarnik-235"},"geometry":{"type":"Point","coordinates":[-58.53758343095629,-34.55759976661456]}},{"type":"Feature","properties":{"address":null,"address_2":null,"OBJECTID":null,"ADRESS":null,"UBIC":null,"UBC":"INT CASARES 1725","layer":"5TO_TM_ES3_DIC23","path":"C:/Users/usuario/OneDrive/Escritorio/MAPEO MATRICULA/EES 3/5TO_TM_ES3_DIC23.shp","school_id":"pizarnik","school_name":"Escuela Pizarnik","record_id":"pizarnik-236"},"geometry":{"type":"Point","coordinates":[-58.53583618758748,-34.55177637349791]}},{"type":"Feature","properties":{"address":null,"address_2":null,"OBJECTID":null,"ADRESS":null,"UBIC":null,"UBC":"INT CASARES 2155","layer":"5TO_TM_ES3_DIC23","path":"C:/Users/usuario/OneDrive/Escritorio/MAPEO MATRICULA/EES 3/5TO_TM_ES3_DIC23.shp","school_id":"pizarnik","school_name":"Escuela Pizarnik","record_id":"pizarnik-237"},"geometry":{"type":"Point","coordinates":[-58.53889532438868,-34.5543752935171]}},{"type":"Feature","properties":{"address":null,"address_2":null,"OBJECTID":null,"ADRESS":null,"UBIC":null,"UBC":"CAGNIN 1951","layer":"5TO_TM_ES3_DIC23","path":"C:/Users/usuario/OneDrive/Escritorio/MAPEO MATRICULA/EES 3/5TO_TM_ES3_DIC23.shp","school_id":"pizarnik","school_name":"Escuela Pizarnik","record_id":"pizarnik-238"},"geometry":{"type":"Point","coordinates":[-58.53636211368509,-34.55317450630117]}},{"type":"Feature","properties":{"address":null,"address_2":null,"OBJECTID":null,"ADRESS":null,"UBIC":null,"UBC":"CANESE 3748","layer":"5TO_TM_ES3_DIC23","path":"C:/Users/usuario/OneDrive/Escritorio/MAPEO MATRICULA/EES 3/5TO_TM_ES3_DIC23.shp","school_id":"pizarnik","school_name":"Escuela Pizarnik","record_id":"pizarnik-239"},"geometry":{"type":"Point","coordinates":[-58.529294251295276,-34.54348094408452]}},{"type":"Feature","properties":{"address":null,"address_2":null,"OBJECTID":null,"ADRESS":"CAGNIN 2222","UBIC":null,"UBC":null,"layer":"5to_TT_ES3_FEB24","path":"C:\\Users\\usuario\\OneDrive\\Escritorio\\MAPEO MATRICULA\\EES 3\\5to_TT_ES3_FEB24.shp","school_id":"pizarnik","school_name":"Escuela Pizarnik","record_id":"pizarnik-240"},"geometry":{"type":"Point","coordinates":[-58.538549387834415,-34.555271899672405]}},{"type":"Feature","properties":{"address":null,"address_2":null,"OBJECTID":null,"ADRESS":"SAN LUIS 3181","UBIC":null,"UBC":null,"layer":"5to_TT_ES3_FEB24","path":"C:\\Users\\usuario\\OneDrive\\Escritorio\\MAPEO MATRICULA\\EES 3\\5to_TT_ES3_FEB24.shp","school_id":"pizarnik","school_name":"Escuela Pizarnik","record_id":"pizarnik-241"},"geometry":{"type":"Point","coordinates":[-58.53874665268572,-34.55893661538797]}},{"type":"Feature","properties":{"address":null,"address_2":null,"OBJECTID":null,"ADRESS":"ENTRE RIOS 1574","UBIC":null,"UBC":null,"layer":"5to_TT_ES3_FEB24","path":"C:\\Users\\usuario\\OneDrive\\Escritorio\\MAPEO MATRICULA\\EES 3\\5to_TT_ES3_FEB24.shp","school_id":"pizarnik","school_name":"Escuela Pizarnik","record_id":"pizarnik-242"},"geometry":{"type":"Point","coordinates":[-58.539602099300495,-34.5462054866583]}},{"type":"Feature","properties":{"address":null,"address_2":null,"OBJECTID":null,"ADRESS":"MORRIS Y CONSTITUYENTES","UBIC":null,"UBC":null,"layer":"5to_TT_ES3_FEB24","path":"C:\\Users\\usuario\\OneDrive\\Escritorio\\MAPEO MATRICULA\\EES 3\\5to_TT_ES3_FEB24.shp","school_id":"pizarnik","school_name":"Escuela Pizarnik","record_id":"pizarnik-243"},"geometry":{"type":"Point","coordinates":[-58.52479206123354,-34.55064781659114]}},{"type":"Feature","properties":{"address":null,"address_2":null,"OBJECTID":null,"ADRESS":"ROSARIO 564","UBIC":null,"UBC":null,"layer":"5to_TT_ES3_FEB24","path":"C:\\Users\\usuario\\OneDrive\\Escritorio\\MAPEO MATRICULA\\EES 3\\5to_TT_ES3_FEB24.shp","school_id":"pizarnik","school_name":"Escuela Pizarnik","record_id":"pizarnik-244"},"geometry":{"type":"Point","coordinates":[-58.54074016575033,-34.550435352544746]}},{"type":"Feature","properties":{"address":null,"address_2":null,"OBJECTID":null,"ADRESS":"MARIA SILVA 689","UBIC":null,"UBC":null,"layer":"5to_TT_ES3_FEB24","path":"C:\\Users\\usuario\\OneDrive\\Escritorio\\MAPEO MATRICULA\\EES 3\\5to_TT_ES3_FEB24.shp","school_id":"pizarnik","school_name":"Escuela Pizarnik","record_id":"pizarnik-245"},"geometry":{"type":"Point","coordinates":[-58.53802777404494,-34.55038223644838]}},{"type":"Feature","properties":{"address":null,"address_2":null,"OBJECTID":null,"ADRESS":"INDEPENDENCIA 336","UBIC":null,"UBC":null,"layer":"5to_TT_ES3_FEB24","path":"C:\\Users\\usuario\\OneDrive\\Escritorio\\MAPEO MATRICULA\\EES 3\\5to_TT_ES3_FEB24.shp","school_id":"pizarnik","school_name":"Escuela Pizarnik","record_id":"pizarnik-246"},"geometry":{"type":"Point","coordinates":[-58.52769033712575,-34.54429553215974]}},{"type":"Feature","properties":{"address":null,"address_2":null,"OBJECTID":null,"ADRESS":"MORRIS 1604","UBIC":null,"UBC":null,"layer":"5to_TT_ES3_FEB24","path":"C:\\Users\\usuario\\OneDrive\\Escritorio\\MAPEO MATRICULA\\EES 3\\5to_TT_ES3_FEB24.shp","school_id":"pizarnik","school_name":"Escuela Pizarnik","record_id":"pizarnik-247"},"geometry":{"type":"Point","coordinates":[-58.53078398109188,-34.55394250210847]}},{"type":"Feature","properties":{"address":null,"address_2":null,"OBJECTID":null,"ADRESS":"4 DE FEB Y LA NUIEVA","UBIC":null,"UBC":null,"layer":"5to_TT_ES3_FEB24","path":"C:\\Users\\usuario\\OneDrive\\Escritorio\\MAPEO MATRICULA\\EES 3\\5to_TT_ES3_FEB24.shp","school_id":"pizarnik","school_name":"Escuela Pizarnik","record_id":"pizarnik-248"},"geometry":{"type":"Point","coordinates":[-58.52582276239569,-34.55322866725039]}},{"type":"Feature","properties":{"address":null,"address_2":null,"OBJECTID":null,"ADRESS":"JM CAMPOS 2084","UBIC":null,"UBC":null,"layer":"5to_TT_ES3_FEB24","path":"C:\\Users\\usuario\\OneDrive\\Escritorio\\MAPEO MATRICULA\\EES 3\\5to_TT_ES3_FEB24.shp","school_id":"pizarnik","school_name":"Escuela Pizarnik","record_id":"pizarnik-249"},"geometry":{"type":"Point","coordinates":[-58.53405842446429,-34.55660260968112]}},{"type":"Feature","properties":{"address":null,"address_2":null,"OBJECTID":null,"ADRESS":"PASAJE 88","UBIC":null,"UBC":null,"layer":"5to_TT_ES3_FEB24","path":"C:\\Users\\usuario\\OneDrive\\Escritorio\\MAPEO MATRICULA\\EES 3\\5to_TT_ES3_FEB24.shp","school_id":"pizarnik","school_name":"Escuela Pizarnik","record_id":"pizarnik-250"},"geometry":{"type":"Point","coordinates":[-58.52885455416552,-34.55591334957453]}},{"type":"Feature","properties":{"address":null,"address_2":null,"OBJECTID":null,"ADRESS":"LA NUEVA 1562","UBIC":null,"UBC":null,"layer":"5to_TT_ES3_FEB24","path":"C:\\Users\\usuario\\OneDrive\\Escritorio\\MAPEO MATRICULA\\EES 3\\5to_TT_ES3_FEB24.shp","school_id":"pizarnik","school_name":"Escuela Pizarnik","record_id":"pizarnik-251"},"geometry":{"type":"Point","coordinates":[-58.52898522080868,-34.55485464029241]}},{"type":"Feature","properties":{"address":null,"address_2":null,"OBJECTID":null,"ADRESS":"MARIA SILVA 615","UBIC":null,"UBC":null,"layer":"5to_TT_ES3_FEB24","path":"C:\\Users\\usuario\\OneDrive\\Escritorio\\MAPEO MATRICULA\\EES 3\\5to_TT_ES3_FEB24.shp","school_id":"pizarnik","school_name":"Escuela Pizarnik","record_id":"pizarnik-252"},"geometry":{"type":"Point","coordinates":[-58.538500683270044,-34.54999741248414]}},{"type":"Feature","properties":{"address":null,"address_2":null,"OBJECTID":null,"ADRESS":"SAAVEDRA 3608","UBIC":null,"UBC":null,"layer":"5to_TT_ES3_FEB24","path":"C:\\Users\\usuario\\OneDrive\\Escritorio\\MAPEO MATRICULA\\EES 3\\5to_TT_ES3_FEB24.shp","school_id":"pizarnik","school_name":"Escuela Pizarnik","record_id":"pizarnik-253"},"geometry":{"type":"Point","coordinates":[-58.53726321724152,-34.55086642381902]}},{"type":"Feature","properties":{"address":null,"address_2":null,"OBJECTID":null,"ADRESS":"IRA 1345","UBIC":null,"UBC":null,"layer":"5to_TT_ES3_FEB24","path":"C:\\Users\\usuario\\OneDrive\\Escritorio\\MAPEO MATRICULA\\EES 3\\5to_TT_ES3_FEB24.shp","school_id":"pizarnik","school_name":"Escuela Pizarnik","record_id":"pizarnik-254"},"geometry":{"type":"Point","coordinates":[-58.528115738099174,-34.55336880391029]}},{"type":"Feature","properties":{"address":null,"address_2":null,"OBJECTID":null,"ADRESS":"RIVADAVIA 3190","UBIC":null,"UBC":null,"layer":"5to_TT_ES3_FEB24","path":"C:\\Users\\usuario\\OneDrive\\Escritorio\\MAPEO MATRICULA\\EES 3\\5to_TT_ES3_FEB24.shp","school_id":"pizarnik","school_name":"Escuela Pizarnik","record_id":"pizarnik-255"},"geometry":{"type":"Point","coordinates":[-58.53665425369599,-34.570277341681276]}},{"type":"Feature","properties":{"address":null,"address_2":null,"OBJECTID":null,"ADRESS":"CAMPOS 2654","UBIC":null,"UBC":null,"layer":"5to_TT_ES3_FEB24","path":"C:\\Users\\usuario\\OneDrive\\Escritorio\\MAPEO MATRICULA\\EES 3\\5to_TT_ES3_FEB24.shp","school_id":"pizarnik","school_name":"Escuela Pizarnik","record_id":"pizarnik-256"},"geometry":{"type":"Point","coordinates":[-58.53899892617105,-34.560659607662224]}},{"type":"Feature","properties":{"address":null,"address_2":null,"OBJECTID":null,"ADRESS":"CATAMARCA 3404","UBIC":null,"UBC":null,"layer":"5to_TT_ES3_FEB24","path":"C:\\Users\\usuario\\OneDrive\\Escritorio\\MAPEO MATRICULA\\EES 3\\5to_TT_ES3_FEB24.shp","school_id":"pizarnik","school_name":"Escuela Pizarnik","record_id":"pizarnik-257"},"geometry":{"type":"Point","coordinates":[-58.5384762595985,-34.55526096096407]}},{"type":"Feature","properties":{"address":null,"address_2":null,"OBJECTID":null,"ADRESS":null,"UBIC":"INT CASARES 1721","UBC":null,"layer":"6TO_TM_ES3_DIC23","path":"C:/Users/usuario/Documents/6TO_TM_ES3_DIC23.shp","school_id":"pizarnik","school_name":"Escuela Pizarnik","record_id":"pizarnik-258"},"geometry":{"type":"Point","coordinates":[-58.535681331569826,-34.551658457608895]}},{"type":"Feature","properties":{"address":null,"address_2":null,"OBJECTID":null,"ADRESS":null,"UBIC":"AGUSTIN ALVAREZ 1776","UBC":null,"layer":"6TO_TM_ES3_DIC23","path":"C:/Users/usuario/Documents/6TO_TM_ES3_DIC23.shp","school_id":"pizarnik","school_name":"Escuela Pizarnik","record_id":"pizarnik-259"},"geometry":{"type":"Point","coordinates":[-58.53691113772633,-34.55047815284928]}},{"type":"Feature","properties":{"address":null,"address_2":null,"OBJECTID":null,"ADRESS":null,"UBIC":"BERUTTI 491","UBC":null,"layer":"6TO_TM_ES3_DIC23","path":"C:/Users/usuario/Documents/6TO_TM_ES3_DIC23.shp","school_id":"pizarnik","school_name":"Escuela Pizarnik","record_id":"pizarnik-260"},"geometry":{"type":"Point","coordinates":[-58.51941268428315,-34.55271728817626]}},{"type":"Feature","properties":{"address":null,"address_2":null,"OBJECTID":null,"ADRESS":null,"UBIC":"SAN LUIS 3126","UBC":null,"layer":"6TO_TM_ES3_DIC23","path":"C:/Users/usuario/Documents/6TO_TM_ES3_DIC23.shp","school_id":"pizarnik","school_name":"Escuela Pizarnik","record_id":"pizarnik-261"},"geometry":{"type":"Point","coordinates":[-58.53832849292789,-34.55929617430052]}},{"type":"Feature","properties":{"address":null,"address_2":null,"OBJECTID":null,"ADRESS":null,"UBIC":"CALLE 21 3636","UBC":null,"layer":"6TO_TM_ES3_DIC23","path":"C:/Users/usuario/Documents/6TO_TM_ES3_DIC23.shp","school_id":"pizarnik","school_name":"Escuela Pizarnik","record_id":"pizarnik-262"},"geometry":{"type":"Point","coordinates":[-58.53122264698656,-34.54663845478261]}},{"type":"Feature","properties":{"address":null,"address_2":null,"OBJECTID":null,"ADRESS":null,"UBIC":"DF SARMIENTO 2135","UBC":null,"layer":"6TO_TM_ES3_DIC23","path":"C:/Users/usuario/Documents/6TO_TM_ES3_DIC23.shp","school_id":"pizarnik","school_name":"Escuela Pizarnik","record_id":"pizarnik-263"},"geometry":{"type":"Point","coordinates":[-58.53681499449136,-34.55576856998818]}},{"type":"Feature","properties":{"address":null,"address_2":null,"OBJECTID":null,"ADRESS":null,"UBIC":"INT ALVEAR 1980","UBC":null,"layer":"6TO_TM_ES3_DIC23","path":"C:/Users/usuario/Documents/6TO_TM_ES3_DIC23.shp","school_id":"pizarnik","school_name":"Escuela Pizarnik","record_id":"pizarnik-264"},"geometry":{"type":"Point","coordinates":[-58.53566964432318,-34.55378332443028]}},{"type":"Feature","properties":{"address":null,"address_2":null,"OBJECTID":null,"ADRESS":null,"UBIC":"M SILVA 672","UBC":null,"layer":"6TO_TM_ES3_DIC23","path":"C:/Users/usuario/Documents/6TO_TM_ES3_DIC23.shp","school_id":"pizarnik","school_name":"Escuela Pizarnik","record_id":"pizarnik-265"},"geometry":{"type":"Point","coordinates":[-58.54253882352056,-34.546773223914975]}},{"type":"Feature","properties":{"address":null,"address_2":null,"OBJECTID":null,"ADRESS":null,"UBIC":"M SILVA 672-2","UBC":null,"layer":"6TO_TM_ES3_DIC23","path":"C:/Users/usuario/Documents/6TO_TM_ES3_DIC23.shp","school_id":"pizarnik","school_name":"Escuela Pizarnik","record_id":"pizarnik-266"},"geometry":{"type":"Point","coordinates":[-58.542375202067966,-34.546840608399336]}},{"type":"Feature","properties":{"address":null,"address_2":null,"OBJECTID":null,"ADRESS":null,"UBIC":"M SILVA 672-3","UBC":null,"layer":"6TO_TM_ES3_DIC23","path":"C:/Users/usuario/Documents/6TO_TM_ES3_DIC23.shp","school_id":"pizarnik","school_name":"Escuela Pizarnik","record_id":"pizarnik-267"},"geometry":{"type":"Point","coordinates":[-58.54262647787017,-34.54667696027126]}},{"type":"Feature","properties":{"address":null,"address_2":null,"OBJECTID":null,"ADRESS":null,"UBIC":"4 DE FEBRERO Y VENEZUELA","UBC":null,"layer":"6TO_TM_ES3_DIC23","path":"C:/Users/usuario/Documents/6TO_TM_ES3_DIC23.shp","school_id":"pizarnik","school_name":"Escuela Pizarnik","record_id":"pizarnik-268"},"geometry":{"type":"Point","coordinates":[-58.526724517945986,-34.55178178799898]}},{"type":"Feature","properties":{"address":null,"address_2":null,"OBJECTID":null,"ADRESS":null,"UBIC":"A ALVAREZ 1535","UBC":null,"layer":"6TO_TM_ES3_DIC23","path":"C:/Users/usuario/Documents/6TO_TM_ES3_DIC23.shp","school_id":"pizarnik","school_name":"Escuela Pizarnik","record_id":"pizarnik-269"},"geometry":{"type":"Point","coordinates":[-58.536208718573256,-34.54993361782674]}},{"type":"Feature","properties":{"address":null,"address_2":null,"OBJECTID":null,"ADRESS":null,"UBIC":"A ALVAREZ 1102","UBC":null,"layer":"6TO_TM_ES3_DIC23","path":"C:/Users/usuario/Documents/6TO_TM_ES3_DIC23.shp","school_id":"pizarnik","school_name":"Escuela Pizarnik","record_id":"pizarnik-270"},"geometry":{"type":"Point","coordinates":[-58.537214552234964,-34.550597808707835]}},{"type":"Feature","properties":{"address":null,"address_2":null,"OBJECTID":null,"ADRESS":null,"UBIC":"JV GONZALEZ 2433","UBC":null,"layer":"6TO_TM_ES3_DIC23","path":"C:/Users/usuario/Documents/6TO_TM_ES3_DIC23.shp","school_id":"pizarnik","school_name":"Escuela Pizarnik","record_id":"pizarnik-271"},"geometry":{"type":"Point","coordinates":[-58.544069122374076,-34.55407750471633]}},{"type":"Feature","properties":{"address":null,"address_2":null,"OBJECTID":null,"ADRESS":null,"UBIC":"DORREGO 3809","UBC":null,"layer":"6TO_TM_ES3_DIC23","path":"C:/Users/usuario/Documents/6TO_TM_ES3_DIC23.shp","school_id":"pizarnik","school_name":"Escuela Pizarnik","record_id":"pizarnik-272"},"geometry":{"type":"Point","coordinates":[-58.53761776224314,-34.54859078093805]}},{"type":"Feature","properties":{"address":null,"address_2":null,"OBJECTID":null,"ADRESS":null,"UBIC":"A ALVAREZ 1535","UBC":null,"layer":"6TO_TM_ES3_DIC23","path":"C:/Users/usuario/Documents/6TO_TM_ES3_DIC23.shp","school_id":"pizarnik","school_name":"Escuela Pizarnik","record_id":"pizarnik-273"},"geometry":{"type":"Point","coordinates":[-58.53538695904568,-34.54934161713803]}},{"type":"Feature","properties":{"address":null,"address_2":null,"OBJECTID":null,"ADRESS":null,"UBIC":"CANESE 3646","UBC":null,"layer":"6TO_TM_ES3_DIC23","path":"C:/Users/usuario/Documents/6TO_TM_ES3_DIC23.shp","school_id":"pizarnik","school_name":"Escuela Pizarnik","record_id":"pizarnik-274"},"geometry":{"type":"Point","coordinates":[-58.528536771624054,-34.544172261452154]}},{"type":"Feature","properties":{"address":null,"address_2":null,"OBJECTID":null,"ADRESS":null,"UBIC":"PASAJE IRA 1351","UBC":null,"layer":"6TO_TM_ES3_DIC23","path":"C:/Users/usuario/Documents/6TO_TM_ES3_DIC23.shp","school_id":"pizarnik","school_name":"Escuela Pizarnik","record_id":"pizarnik-275"},"geometry":{"type":"Point","coordinates":[-58.52811603074595,-34.55347109513597]}},{"type":"Feature","properties":{"address":null,"address_2":null,"OBJECTID":null,"ADRESS":null,"UBIC":"COLOMBIA 1481","UBC":null,"layer":"6TO_TM_ES3_DIC23","path":"C:/Users/usuario/Documents/6TO_TM_ES3_DIC23.shp","school_id":"pizarnik","school_name":"Escuela Pizarnik","record_id":"pizarnik-276"},"geometry":{"type":"Point","coordinates":[-58.527322758882015,-34.555853393061234]}},{"type":"Feature","properties":{"address":null,"address_2":null,"OBJECTID":null,"ADRESS":null,"UBIC":"COLOMBIA 1380","UBC":null,"layer":"6TO_TM_ES3_DIC23","path":"C:/Users/usuario/Documents/6TO_TM_ES3_DIC23.shp","school_id":"pizarnik","school_name":"Escuela Pizarnik","record_id":"pizarnik-277"},"geometry":{"type":"Point","coordinates":[-58.52639800549368,-34.555373329422146]}},{"type":"Feature","properties":{"address":null,"address_2":null,"OBJECTID":null,"ADRESS":null,"UBIC":"AV CONSTITUYENTES 1046","UBC":null,"layer":"6TO_TM_ES3_DIC23","path":"C:/Users/usuario/Documents/6TO_TM_ES3_DIC23.shp","school_id":"pizarnik","school_name":"Escuela Pizarnik","record_id":"pizarnik-278"},"geometry":{"type":"Point","coordinates":[-58.5108863388776,-34.56777442603498]}},{"type":"Feature","properties":{"address":null,"address_2":null,"OBJECTID":null,"ADRESS":null,"UBIC":"CAGNIN 2512","UBC":null,"layer":"6TO_TM_ES3_DIC23","path":"C:/Users/usuario/Documents/6TO_TM_ES3_DIC23.shp","school_id":"pizarnik","school_name":"Escuela Pizarnik","record_id":"pizarnik-279"},"geometry":{"type":"Point","coordinates":[-58.540628689152,-34.5569145765386]}},{"type":"Feature","properties":{"address":null,"address_2":null,"OBJECTID":null,"ADRESS":null,"UBIC":"CAGNIN 2534","UBC":null,"layer":"6TO_TM_ES3_DIC23","path":"C:/Users/usuario/Documents/6TO_TM_ES3_DIC23.shp","school_id":"pizarnik","school_name":"Escuela Pizarnik","record_id":"pizarnik-280"},"geometry":{"type":"Point","coordinates":[-58.540427084147915,-34.556813512028704]}},{"type":"Feature","properties":{"address":null,"address_2":null,"OBJECTID":null,"ADRESS":"HABANA 1036","UBIC":null,"UBC":null,"layer":"6TO_TT_ES3_FEB24","path":"C:\\Users\\usuario\\OneDrive\\Escritorio\\MAPEO MATRICULA\\EES 3\\6TO_TT_ES3_FEB24.shp","school_id":"pizarnik","school_name":"Escuela Pizarnik","record_id":"pizarnik-281"},"geometry":{"type":"Point","coordinates":[-58.523699938271136,-34.54875154552506]}},{"type":"Feature","properties":{"address":null,"address_2":null,"OBJECTID":null,"ADRESS":"BAHIA BLANCA 684","UBIC":null,"UBC":null,"layer":"6TO_TT_ES3_FEB24","path":"C:\\Users\\usuario\\OneDrive\\Escritorio\\MAPEO MATRICULA\\EES 3\\6TO_TT_ES3_FEB24.shp","school_id":"pizarnik","school_name":"Escuela Pizarnik","record_id":"pizarnik-282"},"geometry":{"type":"Point","coordinates":[-58.538832845204084,-34.55075511577522]}},{"type":"Feature","properties":{"address":null,"address_2":null,"OBJECTID":null,"ADRESS":"SAN JUAN 3404","UBIC":null,"UBC":null,"layer":"6TO_TT_ES3_FEB24","path":"C:\\Users\\usuario\\OneDrive\\Escritorio\\MAPEO MATRICULA\\EES 3\\6TO_TT_ES3_FEB24.shp","school_id":"pizarnik","school_name":"Escuela Pizarnik","record_id":"pizarnik-283"},"geometry":{"type":"Point","coordinates":[-58.53988550545071,-34.557012944698116]}},{"type":"Feature","properties":{"address":null,"address_2":null,"OBJECTID":null,"ADRESS":"SAN LUIS 2515","UBIC":null,"UBC":null,"layer":"6TO_TT_ES3_FEB24","path":"C:\\Users\\usuario\\OneDrive\\Escritorio\\MAPEO MATRICULA\\EES 3\\6TO_TT_ES3_FEB24.shp","school_id":"pizarnik","school_name":"Escuela Pizarnik","record_id":"pizarnik-284"},"geometry":{"type":"Point","coordinates":[-58.538127001094416,-34.55969616398464]}},{"type":"Feature","properties":{"address":null,"address_2":null,"OBJECTID":null,"ADRESS":"BAHIA BLANCA 3753","UBIC":null,"UBC":null,"layer":"6TO_TT_ES3_FEB24","path":"C:\\Users\\usuario\\OneDrive\\Escritorio\\MAPEO MATRICULA\\EES 3\\6TO_TT_ES3_FEB24.shp","school_id":"pizarnik","school_name":"Escuela Pizarnik","record_id":"pizarnik-285"},"geometry":{"type":"Point","coordinates":[-58.53871561158039,-34.550867764878916]}},{"type":"Feature","properties":{"address":null,"address_2":null,"OBJECTID":null,"ADRESS":"AV CONSTITUYENTES 2998","UBIC":null,"UBC":null,"layer":"6TO_TT_ES3_FEB24","path":"C:\\Users\\usuario\\OneDrive\\Escritorio\\MAPEO MATRICULA\\EES 3\\6TO_TT_ES3_FEB24.shp","school_id":"pizarnik","school_name":"Escuela Pizarnik","record_id":"pizarnik-286"},"geometry":{"type":"Point","coordinates":[-58.52406483142238,-34.55121693504881]}},{"type":"Feature","properties":{"address":null,"address_2":null,"OBJECTID":null,"ADRESS":"VENEZUELA 1364","UBIC":null,"UBC":null,"layer":"6TO_TT_ES3_FEB24","path":"C:\\Users\\usuario\\OneDrive\\Escritorio\\MAPEO MATRICULA\\EES 3\\6TO_TT_ES3_FEB24.shp","school_id":"pizarnik","school_name":"Escuela Pizarnik","record_id":"pizarnik-287"},"geometry":{"type":"Point","coordinates":[-58.52934669114871,-34.551298243977335]}},{"type":"Feature","properties":{"address":null,"address_2":null,"OBJECTID":null,"ADRESS":"CORDOBA 3264","UBIC":null,"UBC":null,"layer":"6TO_TT_ES3_FEB24","path":"C:\\Users\\usuario\\OneDrive\\Escritorio\\MAPEO MATRICULA\\EES 3\\6TO_TT_ES3_FEB24.shp","school_id":"pizarnik","school_name":"Escuela Pizarnik","record_id":"pizarnik-288"},"geometry":{"type":"Point","coordinates":[-58.540879548885556,-34.56002804041542]}},{"type":"Feature","properties":{"address":null,"address_2":null,"OBJECTID":null,"ADRESS":"JM CAMPOS 2864","UBIC":null,"UBC":null,"layer":"6TO_TT_ES3_FEB24","path":"C:\\Users\\usuario\\OneDrive\\Escritorio\\MAPEO MATRICULA\\EES 3\\6TO_TT_ES3_FEB24.shp","school_id":"pizarnik","school_name":"Escuela Pizarnik","record_id":"pizarnik-289"},"geometry":{"type":"Point","coordinates":[-58.54063042743508,-34.56206754286185]}},{"type":"Feature","properties":{"address":null,"address_2":null,"OBJECTID":null,"ADRESS":"A ALVAREZ 1302","UBIC":null,"UBC":null,"layer":"6TO_TT_ES3_FEB24","path":"C:\\Users\\usuario\\OneDrive\\Escritorio\\MAPEO MATRICULA\\EES 3\\6TO_TT_ES3_FEB24.shp","school_id":"pizarnik","school_name":"Escuela Pizarnik","record_id":"pizarnik-290"},"geometry":{"type":"Point","coordinates":[-58.53812455872734,-34.55120973443806]}},{"type":"Feature","properties":{"address":null,"address_2":null,"OBJECTID":null,"ADRESS":"INT CASARES 2787","UBIC":null,"UBC":null,"layer":"6TO_TT_ES3_FEB24","path":"C:\\Users\\usuario\\OneDrive\\Escritorio\\MAPEO MATRICULA\\EES 3\\6TO_TT_ES3_FEB24.shp","school_id":"pizarnik","school_name":"Escuela Pizarnik","record_id":"pizarnik-291"},"geometry":{"type":"Point","coordinates":[-58.54385435208833,-34.558587888249264]}},{"type":"Feature","properties":{"address":null,"address_2":null,"OBJECTID":null,"ADRESS":"B BLANCA 684","UBIC":null,"UBC":null,"layer":"6TO_TT_ES3_FEB24","path":"C:\\Users\\usuario\\OneDrive\\Escritorio\\MAPEO MATRICULA\\EES 3\\6TO_TT_ES3_FEB24.shp","school_id":"pizarnik","school_name":"Escuela Pizarnik","record_id":"pizarnik-292"},"geometry":{"type":"Point","coordinates":[-58.53851045273885,-34.551012599216726]}},{"type":"Feature","properties":{"address":null,"address_2":null,"OBJECTID":null,"ADRESS":"MENDOZA 695","UBIC":null,"UBC":null,"layer":"6TO_TT_ES3_FEB24","path":"C:\\Users\\usuario\\OneDrive\\Escritorio\\MAPEO MATRICULA\\EES 3\\6TO_TT_ES3_FEB24.shp","school_id":"pizarnik","school_name":"Escuela Pizarnik","record_id":"pizarnik-293"},"geometry":{"type":"Point","coordinates":[-58.538021979306535,-34.549407337885796]}},{"type":"Feature","properties":{"address":null,"address_2":null,"OBJECTID":null,"ADRESS":"AV CONSTITUYENTES 1183","UBIC":null,"UBC":null,"layer":"6TO_TT_ES3_FEB24","path":"C:\\Users\\usuario\\OneDrive\\Escritorio\\MAPEO MATRICULA\\EES 3\\6TO_TT_ES3_FEB24.shp","school_id":"pizarnik","school_name":"Escuela Pizarnik","record_id":"pizarnik-294"},"geometry":{"type":"Point","coordinates":[-58.52681400475108,-34.54473265962852]}},{"type":"Feature","properties":{"address":null,"address_2":null,"OBJECTID":null,"ADRESS":"JM CAMPOS 2040","UBIC":null,"UBC":null,"layer":"6TO_TT_ES3_FEB24","path":"C:\\Users\\usuario\\OneDrive\\Escritorio\\MAPEO MATRICULA\\EES 3\\6TO_TT_ES3_FEB24.shp","school_id":"pizarnik","school_name":"Escuela Pizarnik","record_id":"pizarnik-295"},"geometry":{"type":"Point","coordinates":[-58.53389193643639,-34.55653220886213]}},{"type":"Feature","properties":{"address":null,"address_2":null,"OBJECTID":null,"ADRESS":"JM CAMPOS 2746","UBIC":null,"UBC":null,"layer":"6TO_TT_ES3_FEB24","path":"C:\\Users\\usuario\\OneDrive\\Escritorio\\MAPEO MATRICULA\\EES 3\\6TO_TT_ES3_FEB24.shp","school_id":"pizarnik","school_name":"Escuela Pizarnik","record_id":"pizarnik-296"},"geometry":{"type":"Point","coordinates":[-58.53960707559445,-34.561295192789046]}},{"type":"Feature","properties":{"address":null,"address_2":null,"OBJECTID":null,"ADRESS":"MENDOZA Y SAN JOSE","UBIC":null,"UBC":null,"layer":"6TO_TT_ES3_FEB24","path":"C:\\Users\\usuario\\OneDrive\\Escritorio\\MAPEO MATRICULA\\EES 3\\6TO_TT_ES3_FEB24.shp","school_id":"pizarnik","school_name":"Escuela Pizarnik","record_id":"pizarnik-297"},"geometry":{"type":"Point","coordinates":[-58.52707528968855,-34.55472389311967]}},{"type":"Feature","properties":{"address":null,"address_2":null,"OBJECTID":null,"ADRESS":"JM CAMPOS 2040","UBIC":null,"UBC":null,"layer":"6TO_TT_ES3_FEB24","path":"C:\\Users\\usuario\\OneDrive\\Escritorio\\MAPEO MATRICULA\\EES 3\\6TO_TT_ES3_FEB24.shp","school_id":"pizarnik","school_name":"Escuela Pizarnik","record_id":"pizarnik-298"},"geometry":{"type":"Point","coordinates":[-58.533970092185584,-34.556634792892936]}},{"type":"Feature","properties":{"address":null,"address_2":null,"OBJECTID":null,"ADRESS":"SAN JOSE 1367","UBIC":null,"UBC":null,"layer":"6TO_TT_ES3_FEB24","path":"C:\\Users\\usuario\\OneDrive\\Escritorio\\MAPEO MATRICULA\\EES 3\\6TO_TT_ES3_FEB24.shp","school_id":"pizarnik","school_name":"Escuela Pizarnik","record_id":"pizarnik-299"},"geometry":{"type":"Point","coordinates":[-58.52895102766865,-34.556007218018436]}}]}