{"type":"FeatureCollection","name":"NBI2026","crs":{"type":"name","properties":{"name":"urn:ogc:def:crs:OGC:1.3:CRS84"}},"features":[{"type":"Feature","properties":{"NOMPROV":"BUENOS AIRES","PROV":"06","NOMDEPTO":"GENERAL SAN MARTIN","DEPTO":"371","FRAC":"40","RADIO":"01","TIPO":"U","LINK":"063714001","IDRADIO_9":"063714001","hog_tot":312,"hog_nbi":24,"pob_tot":937,"pct_nbi":7.692307692307694},"geometry":{"type":"MultiPolygon","coordinates":[[[[-58.52695310178767,-34.55162897070889],[-58.526210992769926,-34.552546526215274],[-58.52582609061094,-34.553006040315914],[-58.52615212792271,-34.553175923367895],[-58.52665455004469,-34.553437710995],[-58.52681116069682,-34.55351931224605],[-58.5267450492171,-34.55360595181291],[-58.527897454300195,-34.554260547851854],[-58.52894019294618,-34.55484825608017],[-58.52978239577193,-34.553840712589846],[-58.52993477186331,-34.55363613385897],[-58.52996887433647,-34.55355542367001],[-58.530209604142655,-34.55349522928811],[-58.53037662747994,-34.55328993129599],[-58.530432513049654,-34.55320948321061],[-58.530608050124016,-34.55313948974653],[-58.53129391648027,-34.55316577053114],[-58.53072816893038,-34.55213351323939],[-58.530170343547034,-34.551135836836146],[-58.52960742971232,-34.55009437695624],[-58.529016377289125,-34.54912445759183],[-58.527872704150745,-34.550516818329996],[-58.527807080502974,-34.55059699460116],[-58.52755753718955,-34.550902192884095],[-58.527336913882856,-34.551171738060624],[-58.52695310178767,-34.55162897070889]]]]}},{"type":"Feature","properties":{"NOMPROV":"BUENOS AIRES","PROV":"06","NOMDEPTO":"GENERAL SAN MARTIN","DEPTO":"371","FRAC":"44","RADIO":"06","TIPO":"U","LINK":"063714406","IDRADIO_9":"063714406","hog_tot":403,"hog_nbi":7,"pob_tot":1000,"pct_nbi":1.73697270471464},"geometry":{"type":"MultiPolygon","coordinates":[[[[-58.56304877899409,-34.53804954654739],[-58.56172451759818,-34.53907672026936],[-58.560469786399786,-34.540107674186274],[-58.559153360830386,-34.541157024011035],[-58.55784174184903,-34.542166139942985],[-58.55876011337995,-34.54293837983658],[-58.55964056634417,-34.5436788617658],[-58.560921730743416,-34.54265742041158],[-58.56221421929258,-34.54160905881096],[-58.5634956302613,-34.5405695651834],[-58.5647878995816,-34.53953018605289],[-58.56389655081675,-34.538789612613314],[-58.56304877899409,-34.53804954654739]]]]}},{"type":"Feature","properties":{"NOMPROV":"BUENOS AIRES","PROV":"06","NOMDEPTO":"GENERAL SAN MARTIN","DEPTO":"371","FRAC":"28","RADIO":"03","TIPO":"U","LINK":"063712803","IDRADIO_9":"063712803","hog_tot":336,"hog_nbi":15,"pob_tot":935,"pct_nbi":4.464285714285715},"geometry":{"type":"MultiPolygon","coordinates":[[[[-58.553823243185576,-34.58531384203127],[-58.55482521541384,-34.58600488708719],[-58.555823849844906,-34.586772064184075],[-58.556792830611734,-34.587459534662834],[-58.55797712054001,-34.58640995429926],[-58.559018018978634,-34.585457816309216],[-58.558140397063816,-34.58473427245942],[-58.55728155236401,-34.58400336683509],[-58.556397768943405,-34.583261763255855],[-58.5552679403094,-34.58414933391756],[-58.553823243185576,-34.58531384203127]]]]}},{"type":"Feature","properties":{"NOMPROV":"BUENOS AIRES","PROV":"06","NOMDEPTO":"GENERAL SAN MARTIN","DEPTO":"371","FRAC":"12","RADIO":"01","TIPO":"U","LINK":"063711201","IDRADIO_9":"063711201","hog_tot":428,"hog_nbi":13,"pob_tot":1132,"pct_nbi":3.037383177570093},"geometry":{"type":"MultiPolygon","coordinates":[[[[-58.55376816646258,-34.53870611388707],[-58.552465043322854,-34.539736233535145],[-58.551183668755876,-34.54076659585752],[-58.54990179366121,-34.541823979521936],[-58.55063726729672,-34.54246387139744],[-58.5515279550539,-34.54320237638239],[-58.55286895513454,-34.54220169725745],[-58.55416137738756,-34.54116243392562],[-58.5552547863067,-34.54029205774745],[-58.555911626383754,-34.540854084778886],[-58.55611243308246,-34.54069906893998],[-58.55667545633082,-34.540220435408465],[-58.55737475481464,-34.53965159711795],[-58.5566962389762,-34.53908377923035],[-58.55582845433521,-34.538328278290535],[-58.55504978912237,-34.53765769921496],[-58.55376816646258,-34.53870611388707]]]]}},{"type":"Feature","properties":{"NOMPROV":"BUENOS AIRES","PROV":"06","NOMDEPTO":"GENERAL SAN MARTIN","DEPTO":"371","FRAC":"05","RADIO":"08","TIPO":"U","LINK":"063710508","IDRADIO_9":"063710508","hog_tot":256,"hog_nbi":21,"pob_tot":717,"pct_nbi":8.203125},"geometry":{"type":"MultiPolygon","coordinates":[[[[-58.537784125953046,-34.54417962986542],[-58.538154681629585,-34.5445888273974],[-58.53875378418944,-34.545215315802416],[-58.54025602312377,-34.544025486424566],[-58.54138259594626,-34.54313760696886],[-58.54067380124131,-34.542541921555554],[-58.54024424932892,-34.54220463046171],[-58.540132937370174,-34.54210802814359],[-58.54012280171731,-34.54209923239363],[-58.540122706564546,-34.54209931688372],[-58.54012119292682,-34.54210066342254],[-58.53778619848971,-34.54417778439615],[-58.537784125953046,-34.54417962986542]]]]}},{"type":"Feature","properties":{"NOMPROV":"BUENOS AIRES","PROV":"06","NOMDEPTO":"GENERAL SAN MARTIN","DEPTO":"371","FRAC":"06","RADIO":"07","TIPO":"U","LINK":"063710607","IDRADIO_9":"063710607","hog_tot":360,"hog_nbi":29,"pob_tot":991,"pct_nbi":8.055555555555555},"geometry":{"type":"MultiPolygon","coordinates":[[[[-58.53875378418944,-34.545215315802416],[-58.537983420343444,-34.545810610671346],[-58.537032104497996,-34.54649263094733],[-58.53598170716961,-34.5473259286496],[-58.53515086743482,-34.54797931041604],[-58.53418411782949,-34.54865056497765],[-58.5350642403554,-34.54922204874052],[-58.5358982334735,-34.54982574591558],[-58.53659890281921,-34.54924616951243],[-58.537380254590026,-34.548589262067786],[-58.538382778615244,-34.54774365015326],[-58.53927771787042,-34.5470242737493],[-58.53995183228228,-34.54647350448402],[-58.539342069772324,-34.54583526965102],[-58.53875378418944,-34.545215315802416]]]]}},{"type":"Feature","properties":{"NOMPROV":"BUENOS AIRES","PROV":"06","NOMDEPTO":"GENERAL SAN MARTIN","DEPTO":"371","FRAC":"24","RADIO":"02","TIPO":"U","LINK":"063712402","IDRADIO_9":"063712402","hog_tot":277,"hog_nbi":23,"pob_tot":783,"pct_nbi":8.303249097472927},"geometry":{"type":"MultiPolygon","coordinates":[[[[-58.53201660253741,-34.58027951074202],[-58.531708577227036,-34.580671586645316],[-58.53113774969682,-34.581282365074514],[-58.530234895716,-34.582292328951375],[-58.53007938020444,-34.58248490066885],[-58.5294438368921,-34.58316423467924],[-58.52931507233298,-34.58329658120244],[-58.528776988159386,-34.583907303545566],[-58.529548254410386,-34.584413938242974],[-58.530449313480474,-34.58499836660188],[-58.530929350449945,-34.58460792653136],[-58.5319673143313,-34.58376927876802],[-58.533031628809105,-34.582909019799956],[-58.53411869457481,-34.58204435370488],[-58.53329790223252,-34.58138553984376],[-58.532522167468564,-34.58070998915377],[-58.53201660253741,-34.58027951074202]]]]}},{"type":"Feature","properties":{"NOMPROV":"BUENOS AIRES","PROV":"06","NOMDEPTO":"GENERAL SAN MARTIN","DEPTO":"371","FRAC":"33","RADIO":"05","TIPO":"U","LINK":"063713305","IDRADIO_9":"063713305","hog_tot":482,"hog_nbi":15,"pob_tot":1274,"pct_nbi":3.112033195020747},"geometry":{"type":"MultiPolygon","coordinates":[[[[-58.56645172860995,-34.56556639739584],[-58.5671302909391,-34.566183477435466],[-58.56787486790681,-34.56688169696283],[-58.56865469736083,-34.567673691449784],[-58.5694912083655,-34.56850588118062],[-58.57034564143283,-34.569303783394744],[-58.57084887402307,-34.56982344387561],[-58.57140658417422,-34.570343740014614],[-58.57196430125131,-34.570864033733365],[-58.57266019338901,-34.570313340241164],[-58.57283665673057,-34.57018921531971],[-58.57337786365696,-34.569762898083496],[-58.57277749325778,-34.56918803112349],[-58.572739660929074,-34.569164653933434],[-58.57224136189878,-34.56867646624839],[-58.571676978869895,-34.568140057211295],[-58.57089143586928,-34.56733622966077],[-58.57009862486439,-34.56652820726667],[-58.569294342285,-34.56579424603318],[-58.56859491301775,-34.56508639551385],[-58.567543335412594,-34.565322148750816],[-58.56645172860995,-34.56556639739584]]]]}},{"type":"Feature","properties":{"NOMPROV":"BUENOS AIRES","PROV":"06","NOMDEPTO":"GENERAL SAN MARTIN","DEPTO":"371","FRAC":"50","RADIO":"05","TIPO":"U","LINK":"063715005","IDRADIO_9":"063715005","hog_tot":242,"hog_nbi":4,"pob_tot":553,"pct_nbi":1.652892561983471},"geometry":{"type":"MultiPolygon","coordinates":[[[[-58.5381151028755,-34.5748708187645],[-58.53706510900035,-34.57571450852544],[-58.537859959825255,-34.57637299906354],[-58.53890995553845,-34.57552930256972],[-58.5381151028755,-34.5748708187645]]]]}},{"type":"Feature","properties":{"NOMPROV":"BUENOS AIRES","PROV":"06","NOMDEPTO":"GENERAL SAN MARTIN","DEPTO":"371","FRAC":"29","RADIO":"03","TIPO":"U","LINK":"063712903","IDRADIO_9":"063712903","hog_tot":215,"hog_nbi":6,"pob_tot":542,"pct_nbi":2.790697674418605},"geometry":{"type":"MultiPolygon","coordinates":[[[[-58.54468557154593,-34.578644845164085],[-58.54361411579806,-34.579470308293175],[-58.54257485428067,-34.580323186366066],[-58.54336900621622,-34.58102669950295],[-58.544144315564,-34.58170392589512],[-58.545199206229285,-34.58083711497959],[-58.54624090798492,-34.57995135885832],[-58.54729242403832,-34.57913558949942],[-58.54651926034345,-34.57847741859175],[-58.545703000394596,-34.57779168813596],[-58.54468557154593,-34.578644845164085]]]]}},{"type":"Feature","properties":{"NOMPROV":"BUENOS AIRES","PROV":"06","NOMDEPTO":"GENERAL SAN MARTIN","DEPTO":"371","FRAC":"29","RADIO":"06","TIPO":"U","LINK":"063712906","IDRADIO_9":"063712906","hog_tot":228,"hog_nbi":12,"pob_tot":604,"pct_nbi":5.263157894736842},"geometry":{"type":"MultiPolygon","coordinates":[[[[-58.544144315564,-34.58170392589512],[-58.54490027467149,-34.58235247399053],[-58.545668526868404,-34.58298536169121],[-58.54642645468075,-34.58363865961953],[-58.54747853857902,-34.58278476251804],[-58.54858350185972,-34.581972147148434],[-58.54786383957432,-34.581368700517956],[-58.54776719021325,-34.58128643048633],[-58.54669510340179,-34.58210917361819],[-58.54596565717368,-34.581481298372175],[-58.545199206229285,-34.58083711497959],[-58.544144315564,-34.58170392589512]]]]}},{"type":"Feature","properties":{"NOMPROV":"BUENOS AIRES","PROV":"06","NOMDEPTO":"GENERAL SAN MARTIN","DEPTO":"371","FRAC":"50","RADIO":"08","TIPO":"U","LINK":"063715008","IDRADIO_9":"063715008","hog_tot":308,"hog_nbi":3,"pob_tot":711,"pct_nbi":0.974025974025974},"geometry":{"type":"MultiPolygon","coordinates":[[[[-58.542819032303406,-34.578820865210794],[-58.54361411579806,-34.579470308293175],[-58.54468557154593,-34.578644845164085],[-58.543847376999715,-34.577967854313975],[-58.543095885666105,-34.577318934105925],[-58.542301424235156,-34.576666317957645],[-58.54123120975885,-34.57749556359025],[-58.542056645541074,-34.57817180768401],[-58.5422712441269,-34.578363653039986],[-58.542819032303406,-34.578820865210794]]]]}},{"type":"Feature","properties":{"NOMPROV":"BUENOS AIRES","PROV":"06","NOMDEPTO":"GENERAL SAN MARTIN","DEPTO":"371","FRAC":"23","RADIO":"03","TIPO":"U","LINK":"063712303","IDRADIO_9":"063712303","hog_tot":249,"hog_nbi":13,"pob_tot":628,"pct_nbi":5.220883534136546},"geometry":{"type":"MultiPolygon","coordinates":[[[[-58.52937349585353,-34.57809172534328],[-58.529437913892885,-34.578146582012636],[-58.53056570626401,-34.57722277591188],[-58.53162699620942,-34.57636125345631],[-58.53149800141762,-34.5762605538563],[-58.53075903470284,-34.57562300254499],[-58.530118403795605,-34.57508572462549],[-58.529026684098596,-34.575938767001986],[-58.52786964469352,-34.57683661721508],[-58.52792355943213,-34.576888984651255],[-58.5285678544877,-34.5774028102937],[-58.528949334219874,-34.57773509145103],[-58.5293198153082,-34.57804601144058],[-58.52937349585353,-34.57809172534328]]]]}},{"type":"Feature","properties":{"NOMPROV":"BUENOS AIRES","PROV":"06","NOMDEPTO":"GENERAL SAN MARTIN","DEPTO":"371","FRAC":"27","RADIO":"07","TIPO":"U","LINK":"063712707","IDRADIO_9":"063712707","hog_tot":207,"hog_nbi":0,"pob_tot":545,"pct_nbi":0},"geometry":{"type":"MultiPolygon","coordinates":[[[[-58.54556016621397,-34.593802479945936],[-58.54575081623177,-34.59396139274942],[-58.54820000514,-34.593583372585165],[-58.54886962565409,-34.59348040990832],[-58.55134945127374,-34.593108067857294],[-58.55110659941917,-34.59294439489764],[-58.55048145589908,-34.59254037966495],[-58.54969458738281,-34.59203529244174],[-58.54894010473408,-34.59154861220255],[-58.548465970928824,-34.59123651761272],[-58.54799168390284,-34.59093343189068],[-58.54759289368977,-34.59067631099905],[-58.5473234542395,-34.590501848675096],[-58.54670908739064,-34.590106957044114],[-58.54613429444143,-34.59056880538353],[-58.545692141947235,-34.59092407115698],[-58.54518350464745,-34.59134163633281],[-58.54595692889642,-34.5919908064552],[-58.54673005237267,-34.59265799408258],[-58.54609997071599,-34.59316425027037],[-58.545447615744706,-34.59369727771481],[-58.54556016621397,-34.593802479945936]]]]}},{"type":"Feature","properties":{"NOMPROV":"BUENOS AIRES","PROV":"06","NOMDEPTO":"GENERAL SAN MARTIN","DEPTO":"371","FRAC":"46","RADIO":"07","TIPO":"U","LINK":"063714607","IDRADIO_9":"063714607","hog_tot":225,"hog_nbi":9,"pob_tot":688,"pct_nbi":4},"geometry":{"type":"MultiPolygon","coordinates":[[[[-58.585050404973096,-34.54314751398526],[-58.58589028363659,-34.543814472175534],[-58.58668447571883,-34.54451770795113],[-58.58690518861853,-34.544349006723195],[-58.58778582058003,-34.54487094369717],[-58.5884549176616,-34.545466582330505],[-58.58944868089576,-34.54470984608412],[-58.58876480333434,-34.544146501482125],[-58.58796641463841,-34.54349404424659],[-58.58831916549452,-34.54318459516403],[-58.587513320604344,-34.54252630179322],[-58.58676508144416,-34.54187774843121],[-58.58716115937585,-34.54153661318242],[-58.58729230391809,-34.54142409604371],[-58.587129554524736,-34.54138615868647],[-58.585926498196926,-34.541729295412956],[-58.58615656380068,-34.54215386855638],[-58.586230363111206,-34.54229006033381],[-58.58580633450315,-34.54265816342847],[-58.58524927487208,-34.54309068268316],[-58.585050404973096,-34.54314751398526]]]]}},{"type":"Feature","properties":{"NOMPROV":"BUENOS AIRES","PROV":"06","NOMDEPTO":"GENERAL SAN MARTIN","DEPTO":"371","FRAC":"47","RADIO":"08","TIPO":"U","LINK":"063714708","IDRADIO_9":"063714708","hog_tot":236,"hog_nbi":14,"pob_tot":682,"pct_nbi":5.93220338983051},"geometry":{"type":"MultiPolygon","coordinates":[[[[-58.579035701085225,-34.54590713670392],[-58.5796057644242,-34.546344143029934],[-58.580438511114316,-34.54604964528276],[-58.580571403321166,-34.546003747808996],[-58.58157082611228,-34.54566548686468],[-58.581275423037845,-34.54488357879084],[-58.58098175905793,-34.54424863844278],[-58.58059874679355,-34.54339748439284],[-58.58021985101173,-34.54255337419387],[-58.578966609280975,-34.54292286613025],[-58.57791542950538,-34.54324412577385],[-58.57830367344593,-34.54411394279884],[-58.578524105664236,-34.54460323825041],[-58.57856659675289,-34.544666827553854],[-58.578878451040055,-34.544904808413456],[-58.578046291560526,-34.54515651084061],[-58.579035701085225,-34.54590713670392]]]]}},{"type":"Feature","properties":{"NOMPROV":"BUENOS AIRES","PROV":"06","NOMDEPTO":"GENERAL SAN MARTIN","DEPTO":"371","FRAC":"46","RADIO":"08","TIPO":"U","LINK":"063714608","IDRADIO_9":"063714608","hog_tot":331,"hog_nbi":20,"pob_tot":1126,"pct_nbi":6.042296072507554},"geometry":{"type":"MultiPolygon","coordinates":[[[[-58.58729230391809,-34.54142409604371],[-58.58716115937585,-34.54153661318242],[-58.58676508144416,-34.54187774843121],[-58.587513320604344,-34.54252630179322],[-58.58831916549452,-34.54318459516403],[-58.58796641463841,-34.54349404424659],[-58.58876480333434,-34.544146501482125],[-58.58944868089576,-34.54470984608412],[-58.590387205953625,-34.543990382682956],[-58.59111584843055,-34.54339795492166],[-58.590564707914574,-34.54286979045293],[-58.590051148947914,-34.54241061176334],[-58.589688752058166,-34.542083886871495],[-58.59007527207201,-34.54175371196144],[-58.58929135947584,-34.54108666992653],[-58.58847478693146,-34.540419246274894],[-58.58815470386139,-34.54066792336281],[-58.587359170111164,-34.54133473533363],[-58.58729230391809,-34.54142409604371]]]]}},{"type":"Feature","properties":{"NOMPROV":"BUENOS AIRES","PROV":"06","NOMDEPTO":"GENERAL SAN MARTIN","DEPTO":"371","FRAC":"35","RADIO":"10","TIPO":"U","LINK":"063713510","IDRADIO_9":"063713510","hog_tot":510,"hog_nbi":53,"pob_tot":1480,"pct_nbi":10.392156862745098},"geometry":{"type":"MultiPolygon","coordinates":[[[[-58.58498612663194,-34.55523051006816],[-58.58461127170459,-34.55539060574835],[-58.584217130772146,-34.555690427455296],[-58.58354838405407,-34.55622322810357],[-58.582875728818735,-34.556736736633084],[-58.58217760631802,-34.557255193162746],[-58.58151738134861,-34.557782833540834],[-58.58083174915023,-34.55831192342337],[-58.581419850957346,-34.558794590947976],[-58.5816007203207,-34.558655208844065],[-58.582015515926805,-34.55833385485238],[-58.58208404615576,-34.55828274218802],[-58.58249317679436,-34.55796917416285],[-58.58276532322108,-34.557760591773636],[-58.58316465501603,-34.557454819687536],[-58.583530002229615,-34.55724787431448],[-58.58445101410452,-34.55809692573119],[-58.585362644628944,-34.55784464147619],[-58.586304270776864,-34.55753048020189],[-58.58598182902466,-34.55665100955991],[-58.58589807900949,-34.5564225763612],[-58.58558398616655,-34.55559118835159],[-58.58542209919766,-34.55513464145695],[-58.58498612663194,-34.55523051006816]]]]}},{"type":"Feature","properties":{"NOMPROV":"BUENOS AIRES","PROV":"06","NOMDEPTO":"GENERAL SAN MARTIN","DEPTO":"371","FRAC":"14","RADIO":"10","TIPO":"U","LINK":"063711410","IDRADIO_9":"063711410","hog_tot":248,"hog_nbi":16,"pob_tot":757,"pct_nbi":6.451612903225806},"geometry":{"type":"MultiPolygon","coordinates":[[[[-58.57944278729231,-34.52448817820824],[-58.57863846643227,-34.52513533938741],[-58.579373528893974,-34.525763821406294],[-58.58018315133628,-34.52513145152464],[-58.58029989956615,-34.5252328879946],[-58.58098278286528,-34.525826204051434],[-58.58164541020971,-34.525299950580674],[-58.58226158645882,-34.52480917132164],[-58.58193201302664,-34.52444599363239],[-58.5818045812545,-34.5242013770593],[-58.581683885356156,-34.52400047315517],[-58.581345135656086,-34.52366729708316],[-58.58093755250251,-34.52335231900942],[-58.58050962634649,-34.523638898724855],[-58.57944278729231,-34.52448817820824]]]]}},{"type":"Feature","properties":{"NOMPROV":"BUENOS AIRES","PROV":"06","NOMDEPTO":"GENERAL SAN MARTIN","DEPTO":"371","FRAC":"33","RADIO":"03","TIPO":"U","LINK":"063713303","IDRADIO_9":"063713303","hog_tot":226,"hog_nbi":6,"pob_tot":717,"pct_nbi":2.654867256637168},"geometry":{"type":"MultiPolygon","coordinates":[[[[-58.57339967592621,-34.5665723903093],[-58.57396842913372,-34.56708379052158],[-58.574774444142164,-34.5664622628606],[-58.57559192973343,-34.565748825996714],[-58.575031196707364,-34.56523844805108],[-58.574812217516026,-34.56504189600653],[-58.57454354152185,-34.564798556490864],[-58.5740848967356,-34.56439996368774],[-58.57362911204753,-34.56397476328211],[-58.57251036308382,-34.56422249907451],[-58.572239096568936,-34.564286221511374],[-58.57101952680586,-34.56454040932688],[-58.571775396112834,-34.56517983551251],[-58.572408583060835,-34.565715730197766],[-58.57290982622378,-34.56614628342227],[-58.57339967592621,-34.5665723903093]]]]}},{"type":"Feature","properties":{"NOMPROV":"BUENOS AIRES","PROV":"06","NOMDEPTO":"GENERAL SAN MARTIN","DEPTO":"371","FRAC":"39","RADIO":"03","TIPO":"U","LINK":"063713903","IDRADIO_9":"063713903","hog_tot":185,"hog_nbi":5,"pob_tot":534,"pct_nbi":2.702702702702703},"geometry":{"type":"MultiPolygon","coordinates":[[[[-58.557875135679375,-34.53062715477765],[-58.55870941097547,-34.53134645130373],[-58.559626418170645,-34.53059949376665],[-58.56036635736486,-34.52999594754156],[-58.55948342206209,-34.529265679367455],[-58.558678483051246,-34.52861349739392],[-58.55795334885995,-34.52925253407529],[-58.55710239490165,-34.52994583168833],[-58.557875135679375,-34.53062715477765]]]]}},{"type":"Feature","properties":{"NOMPROV":"BUENOS AIRES","PROV":"06","NOMDEPTO":"GENERAL SAN MARTIN","DEPTO":"371","FRAC":"28","RADIO":"05","TIPO":"U","LINK":"063712805","IDRADIO_9":"063712805","hog_tot":333,"hog_nbi":8,"pob_tot":885,"pct_nbi":2.402402402402402},"geometry":{"type":"MultiPolygon","coordinates":[[[[-58.559018018978634,-34.585457816309216],[-58.55797712054001,-34.58640995429926],[-58.556792830611734,-34.587459534662834],[-58.557955472348404,-34.58829350035792],[-58.55891343733997,-34.58898983751865],[-58.55998627072472,-34.58808313621594],[-58.56106951106711,-34.58720358805336],[-58.56218619375813,-34.58627935676631],[-58.56120845902767,-34.58546563826915],[-58.56012349263671,-34.584551499047315],[-58.559018018978634,-34.585457816309216]]]]}},{"type":"Feature","properties":{"NOMPROV":"BUENOS AIRES","PROV":"06","NOMDEPTO":"GENERAL SAN MARTIN","DEPTO":"371","FRAC":"28","RADIO":"08","TIPO":"U","LINK":"063712808","IDRADIO_9":"063712808","hog_tot":406,"hog_nbi":15,"pob_tot":1054,"pct_nbi":3.694581280788177},"geometry":{"type":"MultiPolygon","coordinates":[[[[-58.561812586271174,-34.58961892932233],[-58.56300753384219,-34.59069934091506],[-58.56366775770978,-34.59002458208317],[-58.563677617401034,-34.59001695741815],[-58.56407249340211,-34.58971314672939],[-58.565213226788444,-34.588828948293504],[-58.56401251381072,-34.58781511741595],[-58.56315305112535,-34.58709294038553],[-58.56218619375813,-34.58627935676631],[-58.56106951106711,-34.58720358805336],[-58.55998627072472,-34.58808313621594],[-58.560899264702456,-34.58886004716656],[-58.561812586271174,-34.58961892932233]]]]}},{"type":"Feature","properties":{"NOMPROV":"BUENOS AIRES","PROV":"06","NOMDEPTO":"GENERAL SAN MARTIN","DEPTO":"371","FRAC":"26","RADIO":"03","TIPO":"U","LINK":"063712603","IDRADIO_9":"063712603","hog_tot":335,"hog_nbi":17,"pob_tot":835,"pct_nbi":5.074626865671642},"geometry":{"type":"MultiPolygon","coordinates":[[[[-58.534310787779994,-34.59101516073191],[-58.53349383637715,-34.591944800927216],[-58.53497786738989,-34.59173874411144],[-58.535405451193036,-34.59169464642422],[-58.536491572032496,-34.5915807203047],[-58.53743919874994,-34.59144280273675],[-58.538069949769714,-34.591357333034644],[-58.539511047864075,-34.591152782091484],[-58.539736011368625,-34.591104556273926],[-58.53958968729072,-34.59044794591851],[-58.5393558775121,-34.58990197663807],[-58.53928449084557,-34.589621707735844],[-58.5391444122359,-34.58952989673287],[-58.538604790424,-34.58922599363686],[-58.53824883516479,-34.58901442170955],[-58.53770953583774,-34.588692491793296],[-58.5373212149683,-34.588435761594],[-58.53685587137283,-34.58817030009134],[-58.53627763669141,-34.58881081024123],[-58.536005937153114,-34.589111500086226],[-58.53571344837836,-34.58942888767081],[-58.53515028202965,-34.59006618391977],[-58.534310787779994,-34.59101516073191]]]]}},{"type":"Feature","properties":{"NOMPROV":"BUENOS AIRES","PROV":"06","NOMDEPTO":"GENERAL SAN MARTIN","DEPTO":"371","FRAC":"26","RADIO":"05","TIPO":"U","LINK":"063712605","IDRADIO_9":"063712605","hog_tot":216,"hog_nbi":4,"pob_tot":554,"pct_nbi":1.851851851851852},"geometry":{"type":"MultiPolygon","coordinates":[[[[-58.54085270546503,-34.590938398116776],[-58.54146342660777,-34.591540583406314],[-58.5422783641252,-34.59230744596328],[-58.54234264410337,-34.59237130769991],[-58.54308304885731,-34.593038128076145],[-58.543978450026366,-34.592318733623706],[-58.544542370003946,-34.5918567661859],[-58.54518350464745,-34.59134163633281],[-58.544410091340154,-34.590692461529656],[-58.54371202448117,-34.59009826253565],[-58.54349707872824,-34.589924442270544],[-58.54327599982308,-34.590102070068134],[-58.54292289926065,-34.59035022899719],[-58.54225426362137,-34.59056757630866],[-58.54213377052335,-34.59060219023661],[-58.54147587021275,-34.590828675785026],[-58.54085270546503,-34.590938398116776]]]]}},{"type":"Feature","properties":{"NOMPROV":"BUENOS AIRES","PROV":"06","NOMDEPTO":"GENERAL SAN MARTIN","DEPTO":"371","FRAC":"35","RADIO":"07","TIPO":"U","LINK":"063713507","IDRADIO_9":"063713507","hog_tot":84,"hog_nbi":8,"pob_tot":247,"pct_nbi":9.523809523809524},"geometry":{"type":"MultiPolygon","coordinates":[[[[-58.582511019816216,-34.560977526838585],[-58.5826712484898,-34.56111341632513],[-58.58368723088166,-34.56027141938009],[-58.58315206001594,-34.55973120028324],[-58.582814109282054,-34.55939005688928],[-58.58302016865374,-34.55922391743432],[-58.582015515926805,-34.55833385485238],[-58.5816007203207,-34.558655208844065],[-58.581419850957346,-34.558794590947976],[-58.580712859649246,-34.55933567746795],[-58.58166217206352,-34.560214402259504],[-58.582511019816216,-34.560977526838585]]]]}},{"type":"Feature","properties":{"NOMPROV":"BUENOS AIRES","PROV":"06","NOMDEPTO":"GENERAL SAN MARTIN","DEPTO":"371","FRAC":"35","RADIO":"09","TIPO":"U","LINK":"063713509","IDRADIO_9":"063713509","hog_tot":51,"hog_nbi":8,"pob_tot":153,"pct_nbi":15.68627450980392},"geometry":{"type":"MultiPolygon","coordinates":[[[[-58.58316605475894,-34.5581128367573],[-58.58376193600897,-34.55862223547688],[-58.584165717424476,-34.55829122711405],[-58.58433983193608,-34.55814849241698],[-58.58445101410452,-34.55809692573119],[-58.583530002229615,-34.55724787431448],[-58.58316465501603,-34.557454819687536],[-58.58276532322108,-34.557760591773636],[-58.58316605475894,-34.5581128367573]]]]}},{"type":"Feature","properties":{"NOMPROV":"BUENOS AIRES","PROV":"06","NOMDEPTO":"GENERAL SAN MARTIN","DEPTO":"371","FRAC":"35","RADIO":"08","TIPO":"U","LINK":"063713508","IDRADIO_9":"063713508","hog_tot":114,"hog_nbi":19,"pob_tot":417,"pct_nbi":16.666666666666664},"geometry":{"type":"MultiPolygon","coordinates":[[[[-58.582015515926805,-34.55833385485238],[-58.58302016865374,-34.55922391743432],[-58.58349415125926,-34.55884175537442],[-58.58376193600897,-34.55862223547688],[-58.58316605475894,-34.5581128367573],[-58.58276532322108,-34.557760591773636],[-58.58249317679436,-34.55796917416285],[-58.58208404615576,-34.55828274218802],[-58.582015515926805,-34.55833385485238]]]]}},{"type":"Feature","properties":{"NOMPROV":"BUENOS AIRES","PROV":"06","NOMDEPTO":"GENERAL SAN MARTIN","DEPTO":"371","FRAC":"30","RADIO":"11","TIPO":"U","LINK":"063713011","IDRADIO_9":"063713011","hog_tot":328,"hog_nbi":8,"pob_tot":898,"pct_nbi":2.439024390243902},"geometry":{"type":"MultiPolygon","coordinates":[[[[-58.5575221899511,-34.578680083313365],[-58.556781770034085,-34.579275228056886],[-58.55605254567814,-34.579852472822644],[-58.55524610690044,-34.580482880368386],[-58.55415215735942,-34.58135323773508],[-58.55492806529773,-34.58200037198628],[-58.55570941125797,-34.58267862332393],[-58.55596747963971,-34.582879972942536],[-58.556397768943405,-34.583261763255855],[-58.55753383443372,-34.58242078814716],[-58.558318795626846,-34.58177208507179],[-58.55905922879877,-34.58117693242971],[-58.55977739391022,-34.580608551690794],[-58.5590579707727,-34.579987146034824],[-58.55827380963998,-34.57932891854997],[-58.5575221899511,-34.578680083313365]]]]}},{"type":"Feature","properties":{"NOMPROV":"BUENOS AIRES","PROV":"06","NOMDEPTO":"GENERAL SAN MARTIN","DEPTO":"371","FRAC":"27","RADIO":"06","TIPO":"U","LINK":"063712706","IDRADIO_9":"063712706","hog_tot":194,"hog_nbi":2,"pob_tot":526,"pct_nbi":1.030927835051546},"geometry":{"type":"MultiPolygon","coordinates":[[[[-58.54349707872824,-34.589924442270544],[-58.54371202448117,-34.59009826253565],[-58.544410091340154,-34.590692461529656],[-58.54518350464745,-34.59134163633281],[-58.545692141947235,-34.59092407115698],[-58.54613429444143,-34.59056880538353],[-58.54670908739064,-34.590106957044114],[-58.54654752107841,-34.58999687168589],[-58.54583619098651,-34.589537726817746],[-58.545674782903674,-34.589418628806015],[-58.54479116144478,-34.588840249989545],[-58.54349707872824,-34.589924442270544]]]]}},{"type":"Feature","properties":{"NOMPROV":"BUENOS AIRES","PROV":"06","NOMDEPTO":"GENERAL SAN MARTIN","DEPTO":"371","FRAC":"13","RADIO":"03","TIPO":"U","LINK":"063711303","IDRADIO_9":"063711303","hog_tot":214,"hog_nbi":7,"pob_tot":531,"pct_nbi":3.271028037383177},"geometry":{"type":"MultiPolygon","coordinates":[[[[-58.57074326972836,-34.53395759880663],[-58.57119416166994,-34.53434144252953],[-58.57199291943224,-34.53365406338775],[-58.572958544059055,-34.532876853382454],[-58.573872199545065,-34.532141788607476],[-58.574752851851336,-34.531433454989674],[-58.57522056429653,-34.53106287704123],[-58.57498735481271,-34.530588518459545],[-58.57495317637702,-34.53054476543522],[-58.57468621697726,-34.53000169708784],[-58.574258021864225,-34.53035009793266],[-58.57399030455818,-34.5305965851609],[-58.573622419179785,-34.53087993520117],[-58.57295530180103,-34.53137926309881],[-58.5723312675034,-34.53190314081258],[-58.57158510847579,-34.53253071400124],[-58.57032458813474,-34.53360117113758],[-58.57074326972836,-34.53395759880663]]]]}},{"type":"Feature","properties":{"NOMPROV":"BUENOS AIRES","PROV":"06","NOMDEPTO":"GENERAL SAN MARTIN","DEPTO":"371","FRAC":"48","RADIO":"02","TIPO":"U","LINK":"063714802","IDRADIO_9":"063714802","hog_tot":310,"hog_nbi":10,"pob_tot":743,"pct_nbi":3.225806451612903},"geometry":{"type":"MultiPolygon","coordinates":[[[[-58.55744379968166,-34.551674904166525],[-58.55843153852356,-34.55251580994055],[-58.55942563317177,-34.55172534772408],[-58.560010971392146,-34.55126355387512],[-58.56039776933537,-34.55094363159429],[-58.559399136575585,-34.55010261206422],[-58.558420956532274,-34.549263706246265],[-58.55743897022165,-34.550061438082835],[-58.5564668167133,-34.5508431303064],[-58.55744379968166,-34.551674904166525]]]]}},{"type":"Feature","properties":{"NOMPROV":"BUENOS AIRES","PROV":"06","NOMDEPTO":"GENERAL SAN MARTIN","DEPTO":"371","FRAC":"48","RADIO":"09","TIPO":"U","LINK":"063714809","IDRADIO_9":"063714809","hog_tot":399,"hog_nbi":30,"pob_tot":1232,"pct_nbi":7.518796992481204},"geometry":{"type":"MultiPolygon","coordinates":[[[[-58.56856600665787,-34.55469324762725],[-58.56810182162505,-34.555194506435235],[-58.56772933055872,-34.55557479763563],[-58.5686300911658,-34.55637153440078],[-58.569452132534394,-34.557082502730076],[-58.57036315987304,-34.55779139190228],[-58.57132689554018,-34.55702253942795],[-58.572269705388926,-34.55622653261444],[-58.571413239062736,-34.55553637351319],[-58.570569523960884,-34.55480924930289],[-58.56938069992815,-34.553753275286724],[-58.56856600665787,-34.55469324762725]]]]}},{"type":"Feature","properties":{"NOMPROV":"BUENOS AIRES","PROV":"06","NOMDEPTO":"GENERAL SAN MARTIN","DEPTO":"371","FRAC":"18","RADIO":"06","TIPO":"U","LINK":"063711806","IDRADIO_9":"063711806","hog_tot":472,"hog_nbi":14,"pob_tot":1320,"pct_nbi":2.966101694915254},"geometry":{"type":"MultiPolygon","coordinates":[[[[-58.57289378525755,-34.55090107115271],[-58.57202085959884,-34.551602347052345],[-58.57322539529885,-34.552572679018176],[-58.574116687737266,-34.55329989288623],[-58.575121334297876,-34.55391743407442],[-58.575459010621366,-34.55363468738779],[-58.57588917466642,-34.55327912428247],[-58.57609057071339,-34.553124029458935],[-58.576802600496876,-34.552574273746515],[-58.57714363042208,-34.552279649050696],[-58.57729527072805,-34.552160253349456],[-58.576511001773305,-34.55161071808733],[-58.577194639532216,-34.55103239479296],[-58.576250442437285,-34.55018313281141],[-58.5755929650377,-34.54976985653889],[-58.57442200932345,-34.550720630810105],[-58.57382145501817,-34.550163793841456],[-58.57289378525755,-34.55090107115271]]]]}},{"type":"Feature","properties":{"NOMPROV":"BUENOS AIRES","PROV":"06","NOMDEPTO":"GENERAL SAN MARTIN","DEPTO":"371","FRAC":"20","RADIO":"04","TIPO":"U","LINK":"063712004","IDRADIO_9":"063712004","hog_tot":243,"hog_nbi":4,"pob_tot":657,"pct_nbi":1.646090534979424},"geometry":{"type":"MultiPolygon","coordinates":[[[[-58.558566890646745,-34.5617201392317],[-58.559774329255966,-34.562464480818434],[-58.56043599492596,-34.562003587257],[-58.55939217962094,-34.56112118545752],[-58.560532255053594,-34.56021104688401],[-58.559833635849174,-34.55947007273753],[-58.559140716458664,-34.55872408286287],[-58.55781705092585,-34.5597904017165],[-58.55671970301276,-34.560603407735286],[-58.55759631856272,-34.56114082657616],[-58.558566890646745,-34.5617201392317]]]]}},{"type":"Feature","properties":{"NOMPROV":"BUENOS AIRES","PROV":"06","NOMDEPTO":"GENERAL SAN MARTIN","DEPTO":"371","FRAC":"30","RADIO":"06","TIPO":"U","LINK":"063713006","IDRADIO_9":"063713006","hog_tot":350,"hog_nbi":10,"pob_tot":936,"pct_nbi":2.857142857142857},"geometry":{"type":"MultiPolygon","coordinates":[[[[-58.55366413490569,-34.571181562357005],[-58.55295182565678,-34.57176478424732],[-58.552813242529304,-34.57187029545275],[-58.55205475372963,-34.57244776712619],[-58.5535540898469,-34.57372981541962],[-58.55469259739091,-34.57467258756899],[-58.555434066100815,-34.575313597009355],[-58.55623737046045,-34.57465186611901],[-58.55698293450909,-34.57403332981938],[-58.557810883339826,-34.5734222637499],[-58.558607668834526,-34.57279456803851],[-58.557868132909945,-34.572155226482394],[-58.55694000668411,-34.571381342404194],[-58.55614535850201,-34.570704949857465],[-58.55526970828724,-34.56991683528929],[-58.55422457456067,-34.57074020597215],[-58.55366413490569,-34.571181562357005]]]]}},{"type":"Feature","properties":{"NOMPROV":"BUENOS AIRES","PROV":"06","NOMDEPTO":"GENERAL SAN MARTIN","DEPTO":"371","FRAC":"30","RADIO":"05","TIPO":"U","LINK":"063713005","IDRADIO_9":"063713005","hog_tot":342,"hog_nbi":8,"pob_tot":921,"pct_nbi":2.339181286549707},"geometry":{"type":"MultiPolygon","coordinates":[[[[-58.557810883339826,-34.5734222637499],[-58.55698293450909,-34.57403332981938],[-58.55623737046045,-34.57465186611901],[-58.555434066100815,-34.575313597009355],[-58.55443426189232,-34.57608838849958],[-58.55517761196484,-34.57672013344098],[-58.55586235910175,-34.577262076341604],[-58.5566412427996,-34.577948593953586],[-58.55762461360382,-34.5771670394168],[-58.55840890079569,-34.57655438126986],[-58.55916018065927,-34.5759593541488],[-58.55956888941749,-34.57563969594996],[-58.559977906988216,-34.57530201308255],[-58.55923673705985,-34.57468035194648],[-58.55922599778588,-34.57467121171702],[-58.55851783535968,-34.57403190908995],[-58.557810883339826,-34.5734222637499]]]]}},{"type":"Feature","properties":{"NOMPROV":"BUENOS AIRES","PROV":"06","NOMDEPTO":"GENERAL SAN MARTIN","DEPTO":"371","FRAC":"30","RADIO":"10","TIPO":"U","LINK":"063713010","IDRADIO_9":"063713010","hog_tot":123,"hog_nbi":14,"pob_tot":406,"pct_nbi":11.38211382113821},"geometry":{"type":"MultiPolygon","coordinates":[[[[-58.55331435386242,-34.58063187028934],[-58.55415215735942,-34.58135323773508],[-58.55524610690044,-34.580482880368386],[-58.55605254567814,-34.579852472822644],[-58.555182650005065,-34.57911209040153],[-58.55441569691039,-34.57974668979084],[-58.55409123995265,-34.580001453670825],[-58.55331435386242,-34.58063187028934]]]]}},{"type":"Feature","properties":{"NOMPROV":"BUENOS AIRES","PROV":"06","NOMDEPTO":"GENERAL SAN MARTIN","DEPTO":"371","FRAC":"01","RADIO":"08","TIPO":"U","LINK":"063710108","IDRADIO_9":"063710108","hog_tot":188,"hog_nbi":34,"pob_tot":637,"pct_nbi":18.085106382978726},"geometry":{"type":"MultiPolygon","coordinates":[[[[-58.585011754675065,-34.51072777864858],[-58.58574952264041,-34.51129641470332],[-58.5862579641227,-34.510792642930014],[-58.58630327183224,-34.510737988968216],[-58.58658420320481,-34.51038183579084],[-58.58720203029122,-34.509535412753515],[-58.58686340483715,-34.5092864868063],[-58.58602082748773,-34.50866269165499],[-58.585369596236376,-34.50918052066424],[-58.58583743009848,-34.50952713413041],[-58.58598774263352,-34.509582533014466],[-58.58625003900135,-34.50978032094955],[-58.58579465968956,-34.51012814963277],[-58.58562592010458,-34.51025738831373],[-58.58554549659489,-34.51031898594488],[-58.585011754675065,-34.51072777864858]]]]}},{"type":"Feature","properties":{"NOMPROV":"BUENOS AIRES","PROV":"06","NOMDEPTO":"GENERAL SAN MARTIN","DEPTO":"371","FRAC":"34","RADIO":"02","TIPO":"U","LINK":"063713402","IDRADIO_9":"063713402","hog_tot":435,"hog_nbi":22,"pob_tot":1253,"pct_nbi":5.057471264367816},"geometry":{"type":"MultiPolygon","coordinates":[[[[-58.57580833348238,-34.55628536392986],[-58.57534932888494,-34.55662087818268],[-58.57497368126993,-34.55631653799311],[-58.57462427001525,-34.55661745513121],[-58.57364155325134,-34.55736742109794],[-58.57268732727044,-34.55817778234738],[-58.5733594367915,-34.558721194651646],[-58.57395640321212,-34.55923768370203],[-58.57493094523559,-34.55846488190267],[-58.57597668686867,-34.55931771830503],[-58.57651476350734,-34.55974862529319],[-58.57686773852845,-34.55995196807797],[-58.577398189930726,-34.55955250390624],[-58.57798318154962,-34.55910864673859],[-58.57870041340294,-34.55857619158214],[-58.5778579919718,-34.557857461325554],[-58.5768078597886,-34.556942542579485],[-58.57669207945776,-34.5570285018243],[-58.57580833348238,-34.55628536392986]]]]}},{"type":"Feature","properties":{"NOMPROV":"BUENOS AIRES","PROV":"06","NOMDEPTO":"GENERAL SAN MARTIN","DEPTO":"371","FRAC":"35","RADIO":"06","TIPO":"U","LINK":"063713506","IDRADIO_9":"063713506","hog_tot":363,"hog_nbi":20,"pob_tot":1066,"pct_nbi":5.509641873278238},"geometry":{"type":"MultiPolygon","coordinates":[[[[-58.58180942140275,-34.561505406037995],[-58.58274022811058,-34.56233284976503],[-58.58344188581632,-34.561774439978294],[-58.5826712484898,-34.56111341632513],[-58.582511019816216,-34.560977526838585],[-58.58166217206352,-34.560214402259504],[-58.580712859649246,-34.55933567746795],[-58.581419850957346,-34.558794590947976],[-58.58083174915023,-34.55831192342337],[-58.58151738134861,-34.557782833540834],[-58.58065537565949,-34.557012567361674],[-58.579817487021984,-34.556279593326224],[-58.579170058880116,-34.556800371790615],[-58.578500438609744,-34.55738211690647],[-58.5778579919718,-34.557857461325554],[-58.57870041340294,-34.55857619158214],[-58.57871099955748,-34.558594341830144],[-58.579515983798004,-34.5593374979718],[-58.58005191593239,-34.559826767565944],[-58.57998564035387,-34.559880076623784],[-58.58097294135388,-34.5607658663314],[-58.58180942140275,-34.561505406037995]]]]}},{"type":"Feature","properties":{"NOMPROV":"BUENOS AIRES","PROV":"06","NOMDEPTO":"GENERAL SAN MARTIN","DEPTO":"371","FRAC":"08","RADIO":"02","TIPO":"U","LINK":"063710802","IDRADIO_9":"063710802","hog_tot":578,"hog_nbi":87,"pob_tot":1654,"pct_nbi":15.051903114186851},"geometry":{"type":"MultiPolygon","coordinates":[[[[-58.51948000376106,-34.56142353871794],[-58.520417943809825,-34.561984728782065],[-58.52050700250383,-34.56187764746552],[-58.521295871795694,-34.56101290839608],[-58.52139614008728,-34.56088793627162],[-58.522163523026265,-34.56000490410796],[-58.52227468146134,-34.559880062157504],[-58.523020968270224,-34.55897244341616],[-58.52206146766626,-34.55841449866451],[-58.52114818744208,-34.557865679132995],[-58.519790868303765,-34.557068168296354],[-58.51914928204113,-34.55795387939621],[-58.51858253434483,-34.55869382627275],[-58.517761683444576,-34.55976550309642],[-58.517424956612714,-34.56019120240142],[-58.518574405228854,-34.56087335639177],[-58.51948000376106,-34.56142353871794]]]]}},{"type":"Feature","properties":{"NOMPROV":"BUENOS AIRES","PROV":"06","NOMDEPTO":"GENERAL SAN MARTIN","DEPTO":"371","FRAC":"38","RADIO":"03","TIPO":"U","LINK":"063713803","IDRADIO_9":"063713803","hog_tot":444,"hog_nbi":9,"pob_tot":1159,"pct_nbi":2.027027027027027},"geometry":{"type":"MultiPolygon","coordinates":[[[[-58.571636855641195,-34.51639406391913],[-58.5725655211188,-34.51716871531511],[-58.57325974643573,-34.51658759931218],[-58.57398123191662,-34.51597551325998],[-58.57547045321661,-34.51480130834162],[-58.576200726955484,-34.51418282944432],[-58.576876553783556,-34.51362354985556],[-58.57592473132781,-34.51285537953524],[-58.57493893687751,-34.51205298401806],[-58.57459425256715,-34.51234278027972],[-58.573568005887736,-34.5132236562663],[-58.57258099336125,-34.51407084926553],[-58.57156057438858,-34.51494189684979],[-58.57077962629121,-34.51560644633764],[-58.571636855641195,-34.51639406391913]]]]}},{"type":"Feature","properties":{"NOMPROV":"BUENOS AIRES","PROV":"06","NOMDEPTO":"GENERAL SAN MARTIN","DEPTO":"371","FRAC":"36","RADIO":"08","TIPO":"U","LINK":"063713608","IDRADIO_9":"063713608","hog_tot":174,"hog_nbi":10,"pob_tot":569,"pct_nbi":5.74712643678161},"geometry":{"type":"MultiPolygon","coordinates":[[[[-58.58997032134648,-34.551219551467774],[-58.5905461191575,-34.55172269423262],[-58.59133864064257,-34.5511009702544],[-58.5914226182232,-34.5510350904731],[-58.591808018986185,-34.55073274173139],[-58.5931565845833,-34.54972377790186],[-58.59261753956034,-34.54921817944188],[-58.592112237419805,-34.54870502416591],[-58.591447289899996,-34.548146584308185],[-58.59006143227771,-34.549196228462186],[-58.58880809059936,-34.550142908873696],[-58.58937940318661,-34.55067703513319],[-58.58997032134648,-34.551219551467774]]]]}},{"type":"Feature","properties":{"NOMPROV":"BUENOS AIRES","PROV":"06","NOMDEPTO":"GENERAL SAN MARTIN","DEPTO":"371","FRAC":"19","RADIO":"06","TIPO":"U","LINK":"063711906","IDRADIO_9":"063711906","hog_tot":255,"hog_nbi":4,"pob_tot":705,"pct_nbi":1.568627450980392},"geometry":{"type":"MultiPolygon","coordinates":[[[[-58.55168176905118,-34.559465224665665],[-58.55017404778365,-34.56066531137284],[-58.550496299344736,-34.560930528669715],[-58.5508191595386,-34.561154184131006],[-58.551158276194414,-34.56090222250338],[-58.55187695023175,-34.56039686164493],[-58.55236113099592,-34.56002989418193],[-58.55279840623367,-34.56131562973677],[-58.55309507647559,-34.56208691991444],[-58.55377473433735,-34.56157137794795],[-58.55449398410704,-34.561032125030856],[-58.55507596837283,-34.560614968785075],[-58.555780650900616,-34.56004843477442],[-58.55462632557629,-34.55933214725288],[-58.55453407406578,-34.55927373556611],[-58.553970861343984,-34.558916723357115],[-58.5536582916462,-34.55869392368021],[-58.55318617471218,-34.558307053094666],[-58.55240548571607,-34.55889812305984],[-58.55168176905118,-34.559465224665665]]]]}},{"type":"Feature","properties":{"NOMPROV":"BUENOS AIRES","PROV":"06","NOMDEPTO":"GENERAL SAN MARTIN","DEPTO":"371","FRAC":"14","RADIO":"14","TIPO":"U","LINK":"063711414","IDRADIO_9":"063711414","hog_tot":234,"hog_nbi":67,"pob_tot":729,"pct_nbi":28.63247863247863},"geometry":{"type":"MultiPolygon","coordinates":[[[[-58.582602416793144,-34.52952086357861],[-58.58274801997706,-34.52967039271945],[-58.58402593100898,-34.52865475546846],[-58.58409997613066,-34.52859722431784],[-58.584501549747266,-34.52825738679368],[-58.584668856026106,-34.52810780295959],[-58.585085342856594,-34.527719706499894],[-58.58633389762702,-34.52677484600506],[-58.58715169619859,-34.526104321956765],[-58.58725452777441,-34.52598003580696],[-58.587599466895405,-34.52570156277919],[-58.58795655152888,-34.52545454856019],[-58.588621336284994,-34.52488689218523],[-58.58872479159389,-34.52472083050758],[-58.58882762017836,-34.524596543820266],[-58.589043221373046,-34.52368479646634],[-58.58942641251474,-34.5222971468562],[-58.589257155981684,-34.522202389976684],[-58.5890879009103,-34.522107633784245],[-58.58872811758624,-34.52185881624229],[-58.58840863861172,-34.52150524105685],[-58.5881149838647,-34.52108557785066],[-58.58777393698098,-34.520596533896565],[-58.58742192029921,-34.520445728388005],[-58.586580504916206,-34.52018096639206],[-58.58573909503751,-34.51991619871746],[-58.58570580219544,-34.51998926915062],[-58.58553530463697,-34.5204346824147],[-58.584544125370705,-34.52302397340882],[-58.58446574329194,-34.523200273094155],[-58.58347283530019,-34.525433475824414],[-58.58295649886091,-34.52659474386378],[-58.582386724730895,-34.527795315364564],[-58.58205450289834,-34.528466651629095],[-58.58184881090491,-34.52883966248441],[-58.58200848613371,-34.528953729904195],[-58.58226589230278,-34.52913761227923],[-58.582511493886685,-34.529313061031836],[-58.58261904424147,-34.52938989066382],[-58.582602416793144,-34.52952086357861]]]]}},{"type":"Feature","properties":{"NOMPROV":"BUENOS AIRES","PROV":"06","NOMDEPTO":"GENERAL SAN MARTIN","DEPTO":"371","FRAC":"39","RADIO":"07","TIPO":"U","LINK":"063713907","IDRADIO_9":"063713907","hog_tot":275,"hog_nbi":12,"pob_tot":749,"pct_nbi":4.363636363636364},"geometry":{"type":"MultiPolygon","coordinates":[[[[-58.565715539518315,-34.5318289300079],[-58.56638392633723,-34.53238910277804],[-58.567140238464134,-34.5317833963725],[-58.56764067423336,-34.53136297078506],[-58.568691440008706,-34.530499382752836],[-58.56805224684823,-34.52995518612791],[-58.56738001487688,-34.529396313086444],[-58.56641389978635,-34.52855282888371],[-58.56568504070571,-34.52913916114],[-58.565353583770985,-34.52941468547484],[-58.564867668173385,-34.52980556933268],[-58.56584335376911,-34.53063247686524],[-58.566473867139806,-34.531209374146066],[-58.565715539518315,-34.5318289300079]]]]}},{"type":"Feature","properties":{"NOMPROV":"BUENOS AIRES","PROV":"06","NOMDEPTO":"GENERAL SAN MARTIN","DEPTO":"371","FRAC":"04","RADIO":"03","TIPO":"U","LINK":"063710403","IDRADIO_9":"063710403","hog_tot":179,"hog_nbi":7,"pob_tot":508,"pct_nbi":3.910614525139665},"geometry":{"type":"MultiPolygon","coordinates":[[[[-58.55569388799647,-34.53378952667366],[-58.55427942692244,-34.5348735602144],[-58.553021228758354,-34.535921116792],[-58.553686567662226,-34.536496847680695],[-58.55437369649244,-34.537072833904205],[-58.555654663350985,-34.536060458383915],[-58.55633091286726,-34.536636305061805],[-58.55760391453767,-34.53555556064362],[-58.556924680200076,-34.53496387417636],[-58.556336984749876,-34.53439202070679],[-58.55569388799647,-34.53378952667366]]]]}},{"type":"Feature","properties":{"NOMPROV":"BUENOS AIRES","PROV":"06","NOMDEPTO":"GENERAL SAN MARTIN","DEPTO":"371","FRAC":"08","RADIO":"05","TIPO":"U","LINK":"063710805","IDRADIO_9":"063710805","hog_tot":340,"hog_nbi":22,"pob_tot":912,"pct_nbi":6.47058823529412},"geometry":{"type":"MultiPolygon","coordinates":[[[[-58.521881779114366,-34.56422877122252],[-58.520930731720036,-34.56528251142539],[-58.52004047369219,-34.56626912078354],[-58.51919098410513,-34.567278730615634],[-58.5195413526188,-34.5674902892166],[-58.519945551428336,-34.56773855231299],[-58.520252906732566,-34.56791804039767],[-58.5206897111577,-34.5681712039862],[-58.52140119839348,-34.56860345446901],[-58.52210673511252,-34.56902387444414],[-58.52299147476052,-34.56801881349384],[-58.52383811895003,-34.56701000134969],[-58.52472025723304,-34.56590742455203],[-58.52407080912945,-34.56551713662759],[-58.5233481212104,-34.56510279297987],[-58.52261486712634,-34.56467029041521],[-58.521881779114366,-34.56422877122252]]]]}},{"type":"Feature","properties":{"NOMPROV":"BUENOS AIRES","PROV":"06","NOMDEPTO":"GENERAL SAN MARTIN","DEPTO":"371","FRAC":"42","RADIO":"09","TIPO":"U","LINK":"063714209","IDRADIO_9":"063714209","hog_tot":271,"hog_nbi":6,"pob_tot":704,"pct_nbi":2.214022140221402},"geometry":{"type":"MultiPolygon","coordinates":[[[[-58.52890392107779,-34.57582463234009],[-58.529026684098596,-34.575938767001986],[-58.530118403795605,-34.57508572462549],[-58.53113682865146,-34.57432717964803],[-58.53091666695451,-34.574207194877246],[-58.530815970360585,-34.57414771912056],[-58.53032942453483,-34.573838008141706],[-58.53006028775713,-34.57366668749458],[-58.52912259228891,-34.57315838241497],[-58.52822772826431,-34.57261580406691],[-58.52770600315325,-34.57305959883702],[-58.528472408917224,-34.57369240747138],[-58.527397795429245,-34.57457070979359],[-58.52795621132559,-34.57503712921126],[-58.528160190734134,-34.575210843160875],[-58.52867583014311,-34.575631677341114],[-58.52878855773986,-34.57572767616718],[-58.52890392107779,-34.57582463234009]]]]}},{"type":"Feature","properties":{"NOMPROV":"BUENOS AIRES","PROV":"06","NOMDEPTO":"GENERAL SAN MARTIN","DEPTO":"371","FRAC":"32","RADIO":"04","TIPO":"U","LINK":"063713204","IDRADIO_9":"063713204","hog_tot":455,"hog_nbi":34,"pob_tot":1319,"pct_nbi":7.472527472527474},"geometry":{"type":"MultiPolygon","coordinates":[[[[-58.57337786365696,-34.569762898083496],[-58.57283665673057,-34.57018921531971],[-58.57393171035754,-34.571148428951204],[-58.575037529854065,-34.572116771206076],[-58.57615442327322,-34.573076219354114],[-58.576971529042666,-34.57244579421067],[-58.57778908401707,-34.57178832908857],[-58.57667264875909,-34.57080186062413],[-58.57555547127338,-34.569860440833494],[-58.574438473883156,-34.56890999963246],[-58.57420646701648,-34.56909657150229],[-58.57362107625482,-34.56955843097872],[-58.57337786365696,-34.569762898083496]]]]}},{"type":"Feature","properties":{"NOMPROV":"BUENOS AIRES","PROV":"06","NOMDEPTO":"GENERAL SAN MARTIN","DEPTO":"371","FRAC":"30","RADIO":"01","TIPO":"U","LINK":"063713001","IDRADIO_9":"063713001","hog_tot":305,"hog_nbi":12,"pob_tot":799,"pct_nbi":3.934426229508197},"geometry":{"type":"MultiPolygon","coordinates":[[[[-58.5582612176879,-34.567553106466555],[-58.557961868913885,-34.5678013751424],[-58.55687507188249,-34.568661352245904],[-58.55604864093279,-34.569317119564055],[-58.55526970828724,-34.56991683528929],[-58.55614535850201,-34.570704949857465],[-58.55694000668411,-34.571381342404194],[-58.557868132909945,-34.572155226482394],[-58.558607668834526,-34.57279456803851],[-58.55942026969785,-34.57216055489324],[-58.560189529278986,-34.57153252709879],[-58.560958902192574,-34.570860950695],[-58.56096995176918,-34.57085206753086],[-58.561754463510184,-34.57022136101333],[-58.562560442513,-34.56960892988248],[-58.5618305072892,-34.56896938978546],[-58.56097125214119,-34.56824720052263],[-58.55948663956699,-34.567099495534485],[-58.55930689243457,-34.56712672532646],[-58.5591417896618,-34.567171120799145],[-58.55900677288192,-34.56720351291634],[-58.55885660521658,-34.567248084329805],[-58.55874735475723,-34.56730240817629],[-58.5582612176879,-34.567553106466555]]]]}},{"type":"Feature","properties":{"NOMPROV":"BUENOS AIRES","PROV":"06","NOMDEPTO":"GENERAL SAN MARTIN","DEPTO":"371","FRAC":"38","RADIO":"01","TIPO":"U","LINK":"063713801","IDRADIO_9":"063713801","hog_tot":402,"hog_nbi":18,"pob_tot":1143,"pct_nbi":4.477611940298507},"geometry":{"type":"MultiPolygon","coordinates":[[[[-58.577121717266465,-34.51856462976386],[-58.57797406425449,-34.519288236225925],[-58.57869443410742,-34.51870790472116],[-58.57943437237076,-34.518111796442774],[-58.58017153890766,-34.51751790555294],[-58.58087553082441,-34.51695073191028],[-58.58129625389281,-34.51661176803686],[-58.5807087332167,-34.516139467583585],[-58.580221579578044,-34.515747844205286],[-58.58051797042468,-34.515511014083295],[-58.57981887767833,-34.5149351989492],[-58.57912645111331,-34.51549036279749],[-58.57842375174553,-34.51605374952861],[-58.57768725527452,-34.51664422257219],[-58.5769518568509,-34.51723380152013],[-58.57623298631649,-34.517810116711324],[-58.576915412305034,-34.51838948321557],[-58.577121717266465,-34.51856462976386]]]]}},{"type":"Feature","properties":{"NOMPROV":"BUENOS AIRES","PROV":"06","NOMDEPTO":"GENERAL SAN MARTIN","DEPTO":"371","FRAC":"39","RADIO":"06","TIPO":"U","LINK":"063713906","IDRADIO_9":"063713906","hog_tot":389,"hog_nbi":17,"pob_tot":1106,"pct_nbi":4.370179948586119},"geometry":{"type":"MultiPolygon","coordinates":[[[[-58.56338272442874,-34.52979002266364],[-58.564056183436755,-34.53042560434088],[-58.564867668173385,-34.52980556933268],[-58.565353583770985,-34.52941468547484],[-58.56568504070571,-34.52913916114],[-58.565297834519676,-34.52885519348054],[-58.564943606577,-34.52855358604757],[-58.56459995955824,-34.52827012810991],[-58.56417013441348,-34.52793157577276],[-58.56351474620503,-34.52741009847338],[-58.563407408701565,-34.52731870062691],[-58.56253627227263,-34.52667750507344],[-58.56174152444546,-34.52602818870766],[-58.56097020723712,-34.52667312686471],[-58.56021423318896,-34.527320015589275],[-58.56103546889777,-34.527946147576095],[-58.56194594304668,-34.52870760385593],[-58.56262279903294,-34.52924736920226],[-58.56338272442874,-34.52979002266364]]]]}},{"type":"Feature","properties":{"NOMPROV":"BUENOS AIRES","PROV":"06","NOMDEPTO":"GENERAL SAN MARTIN","DEPTO":"371","FRAC":"02","RADIO":"06","TIPO":"U","LINK":"063710206","IDRADIO_9":"063710206","hog_tot":391,"hog_nbi":14,"pob_tot":1043,"pct_nbi":3.580562659846547},"geometry":{"type":"MultiPolygon","coordinates":[[[[-58.57837363217248,-34.51485262231162],[-58.57912645111331,-34.51549036279749],[-58.57981887767833,-34.5149351989492],[-58.580581539190405,-34.514323711232976],[-58.579805136526986,-34.513665832284396],[-58.57907874990607,-34.51304979713658],[-58.57838398734684,-34.51247743597068],[-58.577344780751865,-34.511663655886174],[-58.57634932018982,-34.510828420895706],[-58.57557041497323,-34.511503823605864],[-58.57493893687751,-34.51205298401806],[-58.57592473132781,-34.51285537953524],[-58.576876553783556,-34.51362354985556],[-58.57763036597095,-34.5142293444044],[-58.57837363217248,-34.51485262231162]]]]}},{"type":"Feature","properties":{"NOMPROV":"BUENOS AIRES","PROV":"06","NOMDEPTO":"GENERAL SAN MARTIN","DEPTO":"371","FRAC":"30","RADIO":"04","TIPO":"U","LINK":"063713004","IDRADIO_9":"063713004","hog_tot":298,"hog_nbi":12,"pob_tot":838,"pct_nbi":4.026845637583892},"geometry":{"type":"MultiPolygon","coordinates":[[[[-58.558607668834526,-34.57279456803851],[-58.557810883339826,-34.5734222637499],[-58.55851783535968,-34.57403190908995],[-58.55922599778588,-34.57467121171702],[-58.55923673705985,-34.57468035194648],[-58.559977906988216,-34.57530201308255],[-58.560773519135196,-34.57466243239216],[-58.560795619360135,-34.57464466613322],[-58.56155775976715,-34.574049751696],[-58.56235319383352,-34.57341917161178],[-58.56159085375601,-34.572761221407866],[-58.56089599032113,-34.57215358751763],[-58.560189529278986,-34.57153252709879],[-58.55942026969785,-34.57216055489324],[-58.558607668834526,-34.57279456803851]]]]}},{"type":"Feature","properties":{"NOMPROV":"BUENOS AIRES","PROV":"06","NOMDEPTO":"GENERAL SAN MARTIN","DEPTO":"371","FRAC":"33","RADIO":"06","TIPO":"U","LINK":"063713306","IDRADIO_9":"063713306","hog_tot":302,"hog_nbi":9,"pob_tot":763,"pct_nbi":2.980132450331126},"geometry":{"type":"MultiPolygon","coordinates":[[[[-58.56970710799764,-34.57159473067346],[-58.57035120570657,-34.572161111266475],[-58.57116865416586,-34.57151270245085],[-58.57196430125131,-34.570864033733365],[-58.57140658417422,-34.570343740014614],[-58.57084887402307,-34.56982344387561],[-58.57034564143283,-34.569303783394744],[-58.5694912083655,-34.56850588118062],[-58.56864814379983,-34.56917578241826],[-58.56772070318418,-34.569876906932706],[-58.568300491183635,-34.5703794491926],[-58.569052277996484,-34.57101920744824],[-58.56970710799764,-34.57159473067346]]]]}},{"type":"Feature","properties":{"NOMPROV":"BUENOS AIRES","PROV":"06","NOMDEPTO":"GENERAL SAN MARTIN","DEPTO":"371","FRAC":"34","RADIO":"01","TIPO":"U","LINK":"063713401","IDRADIO_9":"063713401","hog_tot":292,"hog_nbi":10,"pob_tot":800,"pct_nbi":3.424657534246575},"geometry":{"type":"MultiPolygon","coordinates":[[[[-58.572269705388926,-34.55622653261444],[-58.57299142895323,-34.556805269642716],[-58.57201786159562,-34.55760034799819],[-58.57268732727044,-34.55817778234738],[-58.57364155325134,-34.55736742109794],[-58.57462427001525,-34.55661745513121],[-58.57497368126993,-34.55631653799311],[-58.57534932888494,-34.55662087818268],[-58.57580833348238,-34.55628536392986],[-58.576526505999496,-34.55572062870364],[-58.57721149373877,-34.55515290009767],[-58.57635000781847,-34.55439548679032],[-58.575459010621366,-34.55363468738779],[-58.575121334297876,-34.55391743407442],[-58.574782281922225,-34.55420912132808],[-58.5740492343337,-34.55479010156389],[-58.57357317419638,-34.55517989924454],[-58.57322160528099,-34.55546093859621],[-58.572269705388926,-34.55622653261444]]]]}},{"type":"Feature","properties":{"NOMPROV":"BUENOS AIRES","PROV":"06","NOMDEPTO":"GENERAL SAN MARTIN","DEPTO":"371","FRAC":"07","RADIO":"02","TIPO":"U","LINK":"063710702","IDRADIO_9":"063710702","hog_tot":451,"hog_nbi":10,"pob_tot":1444,"pct_nbi":2.217294900221729},"geometry":{"type":"MultiPolygon","coordinates":[[[[-58.52511840913403,-34.54907133185244],[-58.52465488213155,-34.55033662239409],[-58.5246039147628,-34.55043959953514],[-58.52460355656962,-34.55044032799763],[-58.525686978740744,-34.55099715774339],[-58.52578101429455,-34.55104595007873],[-58.526313997609776,-34.551322492599574],[-58.52695310178767,-34.55162897070889],[-58.527336913882856,-34.551171738060624],[-58.52755753718955,-34.550902192884095],[-58.527807080502974,-34.55059699460116],[-58.527872704150745,-34.550516818329996],[-58.529016377289125,-34.54912445759183],[-58.528778282504284,-34.54869899805142],[-58.52861892985808,-34.54842399478093],[-58.52834754496432,-34.547926108611854],[-58.52804986396893,-34.547433442646],[-58.52777056121415,-34.546935459740304],[-58.52768616025476,-34.54678392381655],[-58.52747323242147,-34.54642312300599],[-58.52702482788824,-34.545669251429295],[-58.526644275029064,-34.54501118700812],[-58.526258232879165,-34.546046448172575],[-58.52570080730384,-34.54755059370816],[-58.52531886371072,-34.54851492261873],[-58.52511840913403,-34.54907133185244]]]]}},{"type":"Feature","properties":{"NOMPROV":"BUENOS AIRES","PROV":"06","NOMDEPTO":"GENERAL SAN MARTIN","DEPTO":"371","FRAC":"40","RADIO":"06","TIPO":"U","LINK":"063714006","IDRADIO_9":"063714006","hog_tot":379,"hog_nbi":77,"pob_tot":1121,"pct_nbi":20.316622691292874},"geometry":{"type":"MultiPolygon","coordinates":[[[[-58.52407500958256,-34.55506807656344],[-58.523469533301544,-34.555788934797285],[-58.521986187655834,-34.555447671062815],[-58.52111464739277,-34.555265775616164],[-58.52029440031482,-34.55634986268587],[-58.519790868303765,-34.557068168296354],[-58.52114818744208,-34.557865679132995],[-58.52206146766626,-34.55841449866451],[-58.523020968270224,-34.55897244341616],[-58.52392489555096,-34.55789426257184],[-58.52424354556147,-34.55818677010841],[-58.525302217759965,-34.55748306045284],[-58.52740870615962,-34.55603029376974],[-58.52653502278154,-34.555533025922315],[-58.52555500518342,-34.554971197860525],[-58.52458975251074,-34.55442178434505],[-58.52447177332682,-34.55456611704828],[-58.52407500958256,-34.55506807656344]]]]}},{"type":"Feature","properties":{"NOMPROV":"BUENOS AIRES","PROV":"06","NOMDEPTO":"GENERAL SAN MARTIN","DEPTO":"371","FRAC":"52","RADIO":"01","TIPO":"U","LINK":"063715201","IDRADIO_9":"063715201","hog_tot":481,"hog_nbi":25,"pob_tot":1320,"pct_nbi":5.197505197505198},"geometry":{"type":"MultiPolygon","coordinates":[[[[-58.56870506824245,-34.57347580595547],[-58.56982205876068,-34.57442629886167],[-58.57093861196891,-34.57540381698499],[-58.57205565257389,-34.57635429040711],[-58.572884025419924,-34.57570599870023],[-58.57367985466807,-34.57504830822432],[-58.574508200867406,-34.57440000561236],[-58.57340220553633,-34.573440669092754],[-58.57228580217104,-34.57245416148294],[-58.57116865416586,-34.57151270245085],[-58.57035120570657,-34.572161111266475],[-58.56954448587367,-34.572818652682805],[-58.56870506824245,-34.57347580595547]]]]}},{"type":"Feature","properties":{"NOMPROV":"BUENOS AIRES","PROV":"06","NOMDEPTO":"GENERAL SAN MARTIN","DEPTO":"371","FRAC":"40","RADIO":"07","TIPO":"U","LINK":"063714007","IDRADIO_9":"063714007","hog_tot":352,"hog_nbi":6,"pob_tot":1055,"pct_nbi":1.704545454545454},"geometry":{"type":"MultiPolygon","coordinates":[[[[-58.521986187655834,-34.555447671062815],[-58.523469533301544,-34.555788934797285],[-58.52407500958256,-34.55506807656344],[-58.52447177332682,-34.55456611704828],[-58.523936825523464,-34.55430482852397],[-58.52373939283766,-34.55420839408852],[-58.52348039569563,-34.55406870379636],[-58.52325561019058,-34.5539474653998],[-58.52303084693952,-34.55382623768092],[-58.52280606277307,-34.55370499758393],[-58.52245838633344,-34.55351666728831],[-58.522146095271,-34.55390713024971],[-58.52155305713731,-34.55469219873802],[-58.52111464739277,-34.555265775616164],[-58.521986187655834,-34.555447671062815]]]]}},{"type":"Feature","properties":{"NOMPROV":"BUENOS AIRES","PROV":"06","NOMDEPTO":"GENERAL SAN MARTIN","DEPTO":"371","FRAC":"35","RADIO":"05","TIPO":"U","LINK":"063713505","IDRADIO_9":"063713505","hog_tot":263,"hog_nbi":5,"pob_tot":747,"pct_nbi":1.901140684410646},"geometry":{"type":"MultiPolygon","coordinates":[[[[-58.583342188908134,-34.5549157971939],[-58.58269416884488,-34.555473324355944],[-58.58223530190152,-34.55507500166845],[-58.58180587984531,-34.55470046079016],[-58.581341673276334,-34.55509166002827],[-58.58117614609037,-34.555215925232844],[-58.58050222364262,-34.55576692643458],[-58.579817487021984,-34.556279593326224],[-58.58065537565949,-34.557012567361674],[-58.58151738134861,-34.557782833540834],[-58.58217760631802,-34.557255193162746],[-58.582875728818735,-34.556736736633084],[-58.58354838405407,-34.55622322810357],[-58.584217130772146,-34.555690427455296],[-58.58461127170459,-34.55539060574835],[-58.58498612663194,-34.55523051006816],[-58.5840147966634,-34.554404034691885],[-58.583342188908134,-34.5549157971939]]]]}},{"type":"Feature","properties":{"NOMPROV":"BUENOS AIRES","PROV":"06","NOMDEPTO":"GENERAL SAN MARTIN","DEPTO":"371","FRAC":"24","RADIO":"06","TIPO":"U","LINK":"063712406","IDRADIO_9":"063712406","hog_tot":196,"hog_nbi":6,"pob_tot":531,"pct_nbi":3.061224489795918},"geometry":{"type":"MultiPolygon","coordinates":[[[[-58.52514922706313,-34.58342172508047],[-58.5244716838282,-34.58414361595966],[-58.523837553126974,-34.584875041412225],[-58.52315918923921,-34.585641982379144],[-58.524496433864684,-34.58644232219728],[-58.5258258223801,-34.58724654470636],[-58.5265115815956,-34.58650272725899],[-58.52714360144103,-34.58577237831106],[-58.52777940235393,-34.585042972815394],[-58.528323937055845,-34.58441703005044],[-58.528776988159386,-34.583907303545566],[-58.5281193692357,-34.58344779862461],[-58.52748369236054,-34.58302836442969],[-58.527009217569805,-34.5836244596864],[-58.52646482417346,-34.58421276832878],[-58.52514922706313,-34.58342172508047]]]]}},{"type":"Feature","properties":{"NOMPROV":"BUENOS AIRES","PROV":"06","NOMDEPTO":"GENERAL SAN MARTIN","DEPTO":"371","FRAC":"54","RADIO":"11","TIPO":"U","LINK":"063715411","IDRADIO_9":"063715411","hog_tot":266,"hog_nbi":26,"pob_tot":875,"pct_nbi":9.774436090225564},"geometry":{"type":"MultiPolygon","coordinates":[[[[-58.597564029381864,-34.55895662412282],[-58.59819793982713,-34.559486687936285],[-58.5990897320814,-34.55880786326511],[-58.60000297598837,-34.558072992907874],[-58.60090774645964,-34.55737251757378],[-58.601703999582384,-34.55689386712428],[-58.60063950008761,-34.556552951638416],[-58.60027659945633,-34.5564109425622],[-58.59978468492159,-34.55622957147022],[-58.59977065032968,-34.55622385634922],[-58.59951018945432,-34.556118245797855],[-58.59942336967029,-34.55608304246493],[-58.59966626864164,-34.556311159163464],[-58.59875112391286,-34.55700050622724],[-58.597870180214585,-34.55775121007459],[-58.596973546995976,-34.55843606886304],[-58.597564029381864,-34.55895662412282]]]]}},{"type":"Feature","properties":{"NOMPROV":"BUENOS AIRES","PROV":"06","NOMDEPTO":"GENERAL SAN MARTIN","DEPTO":"371","FRAC":"48","RADIO":"10","TIPO":"U","LINK":"063714810","IDRADIO_9":"063714810","hog_tot":359,"hog_nbi":20,"pob_tot":1035,"pct_nbi":5.571030640668524},"geometry":{"type":"MultiPolygon","coordinates":[[[[-58.5668182782157,-34.55643693121536],[-58.56620323833053,-34.55702292068144],[-58.565691653184274,-34.55745564058519],[-58.56652908363062,-34.55804260072643],[-58.567456169482305,-34.558702548510645],[-58.56840770535575,-34.559358994078316],[-58.56889654741994,-34.5589752603036],[-58.56962454059053,-34.55840155494471],[-58.57036315987304,-34.55779139190228],[-58.569452132534394,-34.557082502730076],[-58.5686300911658,-34.55637153440078],[-58.56772933055872,-34.55557479763563],[-58.5668182782157,-34.55643693121536]]]]}},{"type":"Feature","properties":{"NOMPROV":"BUENOS AIRES","PROV":"06","NOMDEPTO":"GENERAL SAN MARTIN","DEPTO":"371","FRAC":"35","RADIO":"02","TIPO":"U","LINK":"063713502","IDRADIO_9":"063713502","hog_tot":250,"hog_nbi":9,"pob_tot":699,"pct_nbi":3.6},"geometry":{"type":"MultiPolygon","coordinates":[[[[-58.57721149373877,-34.55515290009767],[-58.57810329230301,-34.55589223514314],[-58.57878797129365,-34.555350386154984],[-58.57942891908412,-34.55481703775881],[-58.57854824994685,-34.55407459611301],[-58.57763491615584,-34.55332694991796],[-58.576802600496876,-34.552574273746515],[-58.57609057071339,-34.553124029458935],[-58.57588917466642,-34.55327912428247],[-58.575459010621366,-34.55363468738779],[-58.57635000781847,-34.55439548679032],[-58.57721149373877,-34.55515290009767]]]]}},{"type":"Feature","properties":{"NOMPROV":"BUENOS AIRES","PROV":"06","NOMDEPTO":"GENERAL SAN MARTIN","DEPTO":"371","FRAC":"34","RADIO":"08","TIPO":"U","LINK":"063713408","IDRADIO_9":"063713408","hog_tot":219,"hog_nbi":3,"pob_tot":555,"pct_nbi":1.36986301369863},"geometry":{"type":"MultiPolygon","coordinates":[[[[-58.56338898065541,-34.56451707738927],[-58.564076555632326,-34.56508400219213],[-58.564662274972854,-34.56460416542039],[-58.565247832793695,-34.564133337279756],[-58.56573364268529,-34.56376048226292],[-58.56647370449311,-34.56317428927434],[-58.565786128004376,-34.56260737779256],[-58.56509948852925,-34.56198639271103],[-58.56495586508024,-34.56210187930668],[-58.56435927222565,-34.56258159003176],[-58.56386226140021,-34.56297233479234],[-58.56354186359791,-34.56322995412183],[-58.56326565605831,-34.56345203979337],[-58.56268024739138,-34.563913846677565],[-58.56338898065541,-34.56451707738927]]]]}},{"type":"Feature","properties":{"NOMPROV":"BUENOS AIRES","PROV":"06","NOMDEPTO":"GENERAL SAN MARTIN","DEPTO":"371","FRAC":"34","RADIO":"03","TIPO":"U","LINK":"063713403","IDRADIO_9":"063713403","hog_tot":186,"hog_nbi":8,"pob_tot":498,"pct_nbi":4.301075268817205},"geometry":{"type":"MultiPolygon","coordinates":[[[[-58.570993828779514,-34.55957330407727],[-58.57160700466291,-34.56011114254177],[-58.57223270114216,-34.5606187850623],[-58.57199232680307,-34.56082589799109],[-58.573164731444514,-34.56182856401444],[-58.57337890006457,-34.56204739092143],[-58.57343182709598,-34.56213814342123],[-58.5738986655597,-34.562873689736],[-58.574443135257944,-34.56379674977608],[-58.5753642679307,-34.56359308388],[-58.575618988457045,-34.5635367624071],[-58.57528966553996,-34.56264529729239],[-58.57491623377218,-34.561479351461834],[-58.57537022796247,-34.561145270910146],[-58.57627176008707,-34.56044071750647],[-58.57686773852845,-34.55995196807797],[-58.57651476350734,-34.55974862529319],[-58.57597668686867,-34.55931771830503],[-58.57493094523559,-34.55846488190267],[-58.57395640321212,-34.55923768370203],[-58.5733594367915,-34.558721194651646],[-58.57268732727044,-34.55817778234738],[-58.5722287482127,-34.558581785603344],[-58.57138903590815,-34.559265997027744],[-58.570993828779514,-34.55957330407727]]]]}},{"type":"Feature","properties":{"NOMPROV":"BUENOS AIRES","PROV":"06","NOMDEPTO":"GENERAL SAN MARTIN","DEPTO":"371","FRAC":"53","RADIO":"01","TIPO":"U","LINK":"063715301","IDRADIO_9":"063715301","hog_tot":503,"hog_nbi":33,"pob_tot":1609,"pct_nbi":6.560636182902586},"geometry":{"type":"MultiPolygon","coordinates":[[[[-58.58793105313236,-34.553742409709564],[-58.58746993856712,-34.55411716208843],[-58.58837163883674,-34.55491176718678],[-58.5885542207395,-34.555067108118756],[-58.589225071332194,-34.555666047516546],[-58.59012184560172,-34.55642823439745],[-58.59097313451009,-34.555749860341336],[-58.59251824526095,-34.554565226449895],[-58.5931976989373,-34.5540271710839],[-58.593224262195314,-34.55400623143777],[-58.59287927207908,-34.55370932490254],[-58.59240387919001,-34.55330018636654],[-58.59171564664041,-34.55385363755283],[-58.59154932546499,-34.553716975619146],[-58.59108678499039,-34.55333462698225],[-58.59046245230401,-34.552782864433134],[-58.589830079693996,-34.55227787886678],[-58.58922192630382,-34.55275591273558],[-58.58832355268526,-34.55345799678939],[-58.58793105313236,-34.553742409709564]]]]}},{"type":"Feature","properties":{"NOMPROV":"BUENOS AIRES","PROV":"06","NOMDEPTO":"GENERAL SAN MARTIN","DEPTO":"371","FRAC":"33","RADIO":"02","TIPO":"U","LINK":"063713302","IDRADIO_9":"063713302","hog_tot":232,"hog_nbi":40,"pob_tot":743,"pct_nbi":17.24137931034483},"geometry":{"type":"MultiPolygon","coordinates":[[[[-58.574812217516026,-34.56504189600653],[-58.575031196707364,-34.56523844805108],[-58.57559192973343,-34.565748825996714],[-58.57589783055643,-34.565523007965375],[-58.57636648088355,-34.56514117318241],[-58.576462978444646,-34.56519371338153],[-58.57698618125103,-34.56479954738797],[-58.57685263249619,-34.564685958127484],[-58.57671623582981,-34.56456994694147],[-58.576350471165505,-34.56336958946612],[-58.57579973703921,-34.5634951075191],[-58.575618988457045,-34.5635367624071],[-58.5753642679307,-34.56359308388],[-58.574443135257944,-34.56379674977608],[-58.57362911204753,-34.56397476328211],[-58.5740848967356,-34.56439996368774],[-58.57454354152185,-34.564798556490864],[-58.574812217516026,-34.56504189600653]]]]}},{"type":"Feature","properties":{"NOMPROV":"BUENOS AIRES","PROV":"06","NOMDEPTO":"GENERAL SAN MARTIN","DEPTO":"371","FRAC":"03","RADIO":"01","TIPO":"U","LINK":"063710301","IDRADIO_9":"063710301","hog_tot":527,"hog_nbi":30,"pob_tot":1581,"pct_nbi":5.692599620493358},"geometry":{"type":"MultiPolygon","coordinates":[[[[-58.56914382583835,-34.5232496763255],[-58.569692152271585,-34.523746588832516],[-58.570426399018764,-34.523139605483735],[-58.570882011770465,-34.522777892690456],[-58.570576405113655,-34.52204187373012],[-58.5702978499891,-34.521352256876014],[-58.57003422193335,-34.52072042144669],[-58.56956959413154,-34.51960297256298],[-58.569520707405495,-34.519489729887965],[-58.569181739823634,-34.5186540749023],[-58.56907746419191,-34.518383460284745],[-58.56868245150871,-34.51741180448987],[-58.56752740140347,-34.51842195099453],[-58.566443052126495,-34.519361628858846],[-58.56544367050229,-34.5202272679386],[-58.56549053056517,-34.5202660916102],[-58.56636124978012,-34.5209589294719],[-58.56715126198135,-34.521550835400866],[-58.56787940736793,-34.522184669146185],[-58.56858208382395,-34.52277356601773],[-58.56914382583835,-34.5232496763255]]]]}},{"type":"Feature","properties":{"NOMPROV":"BUENOS AIRES","PROV":"06","NOMDEPTO":"GENERAL SAN MARTIN","DEPTO":"371","FRAC":"23","RADIO":"05","TIPO":"U","LINK":"063712305","IDRADIO_9":"063712305","hog_tot":312,"hog_nbi":3,"pob_tot":598,"pct_nbi":0.961538461538462},"geometry":{"type":"MultiPolygon","coordinates":[[[[-58.53478862720277,-34.57379438534565],[-58.533738455370724,-34.57464705760609],[-58.53269931630864,-34.57549083967424],[-58.53162699620942,-34.57636125345631],[-58.53240033572202,-34.57700149248076],[-58.533472339904264,-34.576149094997774],[-58.53450074436337,-34.575296164118186],[-58.535540179384945,-34.57443434403377],[-58.53478862720277,-34.57379438534565]]]]}},{"type":"Feature","properties":{"NOMPROV":"BUENOS AIRES","PROV":"06","NOMDEPTO":"GENERAL SAN MARTIN","DEPTO":"371","FRAC":"53","RADIO":"04","TIPO":"U","LINK":"063715304","IDRADIO_9":"063715304","hog_tot":226,"hog_nbi":13,"pob_tot":675,"pct_nbi":5.752212389380532},"geometry":{"type":"MultiPolygon","coordinates":[[[[-58.59149897688552,-34.55762708284868],[-58.59186284971147,-34.55849439410412],[-58.59313202981041,-34.55817552868192],[-58.5947626306823,-34.55774363724071],[-58.59546946036251,-34.55717490802356],[-58.59481323672447,-34.55661326678338],[-58.594223351734314,-34.556124011082964],[-58.59411594283633,-34.5560326389155],[-58.59332256062548,-34.55532364615802],[-58.59251824526095,-34.554565226449895],[-58.59097313451009,-34.555749860341336],[-58.59012184560172,-34.55642823439745],[-58.59149897688552,-34.55762708284868]]]]}},{"type":"Feature","properties":{"NOMPROV":"BUENOS AIRES","PROV":"06","NOMDEPTO":"GENERAL SAN MARTIN","DEPTO":"371","FRAC":"03","RADIO":"05","TIPO":"U","LINK":"063710305","IDRADIO_9":"063710305","hog_tot":271,"hog_nbi":17,"pob_tot":752,"pct_nbi":6.273062730627306},"geometry":{"type":"MultiPolygon","coordinates":[[[[-58.56417013441348,-34.52793157577276],[-58.56459995955824,-34.52827012810991],[-58.565705522553976,-34.52730966148928],[-58.56684739907195,-34.52632388867189],[-58.5667001728604,-34.52620670385563],[-58.566424263920894,-34.52598130441997],[-58.56613002141034,-34.5257441274631],[-58.56579164253356,-34.52546290517022],[-58.565095008597204,-34.526076652598164],[-58.56505068175396,-34.52612119933016],[-58.564995157183944,-34.526183641496644],[-58.564276888915,-34.52678811718419],[-58.56362518010674,-34.52732126235696],[-58.56351474620503,-34.52741009847338],[-58.56417013441348,-34.52793157577276]]]]}},{"type":"Feature","properties":{"NOMPROV":"BUENOS AIRES","PROV":"06","NOMDEPTO":"GENERAL SAN MARTIN","DEPTO":"371","FRAC":"31","RADIO":"03","TIPO":"U","LINK":"063713103","IDRADIO_9":"063713103","hog_tot":428,"hog_nbi":10,"pob_tot":1186,"pct_nbi":2.336448598130841},"geometry":{"type":"MultiPolygon","coordinates":[[[[-58.55977739391022,-34.580608551690794],[-58.55905922879877,-34.58117693242971],[-58.5598968034081,-34.581898879396384],[-58.559929024167324,-34.581926299948464],[-58.56076723640236,-34.58261219574124],[-58.561078708979096,-34.582877257707715],[-58.561626631984005,-34.583334389320285],[-58.56231164607928,-34.58279264339518],[-58.56302980404101,-34.58222424345121],[-58.56396958599341,-34.58144212574065],[-58.56312123910912,-34.58071106601201],[-58.56228364627397,-34.579989139734074],[-58.56142443350692,-34.57925794040761],[-58.560506755506594,-34.58002227264847],[-58.55977739391022,-34.580608551690794]]]]}},{"type":"Feature","properties":{"NOMPROV":"BUENOS AIRES","PROV":"06","NOMDEPTO":"GENERAL SAN MARTIN","DEPTO":"371","FRAC":"28","RADIO":"04","TIPO":"U","LINK":"063712804","IDRADIO_9":"063712804","hog_tot":312,"hog_nbi":9,"pob_tot":830,"pct_nbi":2.884615384615385},"geometry":{"type":"MultiPolygon","coordinates":[[[[-58.556397768943405,-34.583261763255855],[-58.55728155236401,-34.58400336683509],[-58.558140397063816,-34.58473427245942],[-58.559018018978634,-34.585457816309216],[-58.56012349263671,-34.584551499047315],[-58.560896937466914,-34.5839386974237],[-58.561626631984005,-34.583334389320285],[-58.561078708979096,-34.582877257707715],[-58.56076723640236,-34.58261219574124],[-58.559929024167324,-34.581926299948464],[-58.5598968034081,-34.581898879396384],[-58.55905922879877,-34.58117693242971],[-58.558318795626846,-34.58177208507179],[-58.55753383443372,-34.58242078814716],[-58.556397768943405,-34.583261763255855]]]]}},{"type":"Feature","properties":{"NOMPROV":"BUENOS AIRES","PROV":"06","NOMDEPTO":"GENERAL SAN MARTIN","DEPTO":"371","FRAC":"31","RADIO":"04","TIPO":"U","LINK":"063713104","IDRADIO_9":"063713104","hog_tot":299,"hog_nbi":14,"pob_tot":765,"pct_nbi":4.682274247491638},"geometry":{"type":"MultiPolygon","coordinates":[[[[-58.561626631984005,-34.583334389320285],[-58.560896937466914,-34.5839386974237],[-58.56012349263671,-34.584551499047315],[-58.56120845902767,-34.58546563826915],[-58.56218619375813,-34.58627935676631],[-58.56328074908394,-34.585372881131995],[-58.56432002629136,-34.584510812044954],[-58.563310532987764,-34.583642655901045],[-58.56241920773352,-34.58287503155202],[-58.56231164607928,-34.58279264339518],[-58.561626631984005,-34.583334389320285]]]]}},{"type":"Feature","properties":{"NOMPROV":"BUENOS AIRES","PROV":"06","NOMDEPTO":"GENERAL SAN MARTIN","DEPTO":"371","FRAC":"01","RADIO":"03","TIPO":"U","LINK":"063710103","IDRADIO_9":"063710103","hog_tot":281,"hog_nbi":24,"pob_tot":978,"pct_nbi":8.540925266903916},"geometry":{"type":"MultiPolygon","coordinates":[[[[-58.5867935340126,-34.506598520113],[-58.585576870140954,-34.506656752849864],[-58.58532079781541,-34.50664508929634],[-58.58510852007489,-34.50664263059974],[-58.584781635361416,-34.50665687089841],[-58.58345715449037,-34.50674968023572],[-58.58086866567795,-34.506902657649604],[-58.58085475914925,-34.50691473921017],[-58.58053497969348,-34.50719255327279],[-58.58174615548235,-34.508126926353505],[-58.58280463177944,-34.50894169788581],[-58.58322430248675,-34.50854080802253],[-58.583296863338035,-34.50847149432906],[-58.5837573750773,-34.50810604436961],[-58.58418862653509,-34.50776662715519],[-58.58453359742251,-34.50749665682656],[-58.58527753084082,-34.508057374716124],[-58.585624528065644,-34.50780299480148],[-58.5861111214836,-34.50744627445245],[-58.586325175352,-34.50725381451221],[-58.58651708289317,-34.507081265780506],[-58.586899370995646,-34.50673753689161],[-58.5867935340126,-34.506598520113]]]]}},{"type":"Feature","properties":{"NOMPROV":"BUENOS AIRES","PROV":"06","NOMDEPTO":"GENERAL SAN MARTIN","DEPTO":"371","FRAC":"38","RADIO":"04","TIPO":"U","LINK":"063713804","IDRADIO_9":"063713804","hog_tot":329,"hog_nbi":7,"pob_tot":922,"pct_nbi":2.127659574468085},"geometry":{"type":"MultiPolygon","coordinates":[[[[-58.574762089374524,-34.51780690356886],[-58.57547582894146,-34.51841711279406],[-58.57623298631649,-34.517810116711324],[-58.5769518568509,-34.51723380152013],[-58.57622810910863,-34.516621521886364],[-58.576957794455424,-34.516031493992706],[-58.5761931575262,-34.51542421348057],[-58.57547045321661,-34.51480130834162],[-58.57398123191662,-34.51597551325998],[-58.57325974643573,-34.51658759931218],[-58.574035144515676,-34.51718538992145],[-58.574762089374524,-34.51780690356886]]]]}},{"type":"Feature","properties":{"NOMPROV":"BUENOS AIRES","PROV":"06","NOMDEPTO":"GENERAL SAN MARTIN","DEPTO":"371","FRAC":"07","RADIO":"06","TIPO":"U","LINK":"063710706","IDRADIO_9":"063710706","hog_tot":245,"hog_nbi":9,"pob_tot":646,"pct_nbi":3.673469387755103},"geometry":{"type":"MultiPolygon","coordinates":[[[[-58.53246682382646,-34.55523493488875],[-58.53264914003678,-34.555399368363105],[-58.5330573699319,-34.5551068325437],[-58.53377547563672,-34.55453860129172],[-58.53493881968486,-34.55369155517455],[-58.53491267891243,-34.55367795382909],[-58.53458482762443,-34.55311518635416],[-58.53399243514299,-34.55210758380608],[-58.53342183865301,-34.551100241171525],[-58.532113466712794,-34.55161720892086],[-58.53072816893038,-34.55213351323939],[-58.53129391648027,-34.55316577053114],[-58.53130449154079,-34.553183924629465],[-58.53188628406212,-34.55417338448306],[-58.53209763281528,-34.554545476862266],[-58.53246682382646,-34.55523493488875]]]]}},{"type":"Feature","properties":{"NOMPROV":"BUENOS AIRES","PROV":"06","NOMDEPTO":"GENERAL SAN MARTIN","DEPTO":"371","FRAC":"46","RADIO":"04","TIPO":"U","LINK":"063714604","IDRADIO_9":"063714604","hog_tot":332,"hog_nbi":10,"pob_tot":932,"pct_nbi":3.012048192771084},"geometry":{"type":"MultiPolygon","coordinates":[[[[-58.58021985101173,-34.54255337419387],[-58.58059874679355,-34.54339748439284],[-58.58154510917363,-34.54310608043201],[-58.58257362118599,-34.542770419985224],[-58.582170186249044,-34.541916414123776],[-58.58180821333396,-34.54108109855561],[-58.581389566996265,-34.5402050817578],[-58.581020956590606,-34.5393670142023],[-58.58046345652059,-34.53820477662101],[-58.57993232612509,-34.53732003428213],[-58.57942942937748,-34.53650675648245],[-58.578670644697915,-34.53684136204803],[-58.577970044027026,-34.53715163604307],[-58.57826052093706,-34.538007939400615],[-58.57832872066145,-34.538199788604125],[-58.578628965312866,-34.53896978044449],[-58.5790627932282,-34.53996649926529],[-58.57944165756137,-34.54082292879439],[-58.57982423108021,-34.54169857293399],[-58.58021985101173,-34.54255337419387]]]]}},{"type":"Feature","properties":{"NOMPROV":"BUENOS AIRES","PROV":"06","NOMDEPTO":"GENERAL SAN MARTIN","DEPTO":"371","FRAC":"38","RADIO":"02","TIPO":"U","LINK":"063713802","IDRADIO_9":"063713802","hog_tot":265,"hog_nbi":11,"pob_tot":760,"pct_nbi":4.150943396226415},"geometry":{"type":"MultiPolygon","coordinates":[[[[-58.57622810910863,-34.516621521886364],[-58.5769518568509,-34.51723380152013],[-58.57768725527452,-34.51664422257219],[-58.57842375174553,-34.51605374952861],[-58.57912645111331,-34.51549036279749],[-58.57837363217248,-34.51485262231162],[-58.57763036597095,-34.5142293444044],[-58.576876553783556,-34.51362354985556],[-58.576200726955484,-34.51418282944432],[-58.57547045321661,-34.51480130834162],[-58.5761931575262,-34.51542421348057],[-58.576957794455424,-34.516031493992706],[-58.57622810910863,-34.516621521886364]]]]}},{"type":"Feature","properties":{"NOMPROV":"BUENOS AIRES","PROV":"06","NOMDEPTO":"GENERAL SAN MARTIN","DEPTO":"371","FRAC":"01","RADIO":"07","TIPO":"U","LINK":"063710107","IDRADIO_9":"063710107","hog_tot":152,"hog_nbi":17,"pob_tot":513,"pct_nbi":11.18421052631579},"geometry":{"type":"MultiPolygon","coordinates":[[[[-58.58425432345593,-34.51013363085125],[-58.58466523201582,-34.510455958969786],[-58.585011754675065,-34.51072777864858],[-58.58554549659489,-34.51031898594488],[-58.58562592010458,-34.51025738831373],[-58.58579465968956,-34.51012814963277],[-58.58625003900135,-34.50978032094955],[-58.58598774263352,-34.509582533014466],[-58.58583743009848,-34.50952713413041],[-58.585369596236376,-34.50918052066424],[-58.58532108920329,-34.509234112398225],[-58.5852414719423,-34.50932207486591],[-58.58522417622709,-34.509362230992174],[-58.58520731111643,-34.50940138979419],[-58.58508604265908,-34.50953360765571],[-58.58494328885135,-34.509718552832155],[-58.58483935334258,-34.50978467823779],[-58.58472478410667,-34.50983089195115],[-58.58461194655878,-34.509919958099225],[-58.584371260739395,-34.51010993839448],[-58.58425432345593,-34.51013363085125]]]]}},{"type":"Feature","properties":{"NOMPROV":"BUENOS AIRES","PROV":"06","NOMDEPTO":"GENERAL SAN MARTIN","DEPTO":"371","FRAC":"24","RADIO":"05","TIPO":"U","LINK":"063712405","IDRADIO_9":"063712405","hog_tot":262,"hog_nbi":22,"pob_tot":737,"pct_nbi":8.396946564885496},"geometry":{"type":"MultiPolygon","coordinates":[[[[-58.5258258223801,-34.58724654470636],[-58.52596619015674,-34.5873362894941],[-58.52690250253335,-34.58790524042347],[-58.527796154234316,-34.58843807933099],[-58.52868044356402,-34.58897152087322],[-58.52959695874284,-34.58953238461317],[-58.53050274731508,-34.59008409901134],[-58.530632237652306,-34.59015776554714],[-58.531365275926134,-34.58931010895762],[-58.5314499502593,-34.589212193627205],[-58.531538179649395,-34.58911532781463],[-58.53224537691122,-34.58829338791295],[-58.53158735608908,-34.58790690937631],[-58.5306815831467,-34.58735520325962],[-58.52978640101201,-34.58682164490699],[-58.52971108004255,-34.58676665702423],[-58.52899558753606,-34.58617331809032],[-58.5282469409063,-34.58545609270119],[-58.52777940235393,-34.585042972815394],[-58.52714360144103,-34.58577237831106],[-58.5265115815956,-34.58650272725899],[-58.5258258223801,-34.58724654470636]]]]}},{"type":"Feature","properties":{"NOMPROV":"BUENOS AIRES","PROV":"06","NOMDEPTO":"GENERAL SAN MARTIN","DEPTO":"371","FRAC":"29","RADIO":"04","TIPO":"U","LINK":"063712904","IDRADIO_9":"063712904","hog_tot":426,"hog_nbi":12,"pob_tot":1032,"pct_nbi":2.816901408450704},"geometry":{"type":"MultiPolygon","coordinates":[[[[-58.545703000394596,-34.57779168813596],[-58.54651926034345,-34.57847741859175],[-58.54729242403832,-34.57913558949942],[-58.54808707612247,-34.57981203901297],[-58.548935591911146,-34.580525177644695],[-58.54998553295433,-34.57968138488505],[-58.551101761781595,-34.578784289207064],[-58.55028530366379,-34.578107599988776],[-58.54941516513916,-34.577385200208056],[-58.54864200100765,-34.57672704256928],[-58.54799739271081,-34.5761965968198],[-58.54797591632121,-34.57617831443779],[-58.54785779634626,-34.5760777612725],[-58.54780879927961,-34.57604462895084],[-58.54675309346483,-34.57693891121914],[-58.545703000394596,-34.57779168813596]]]]}},{"type":"Feature","properties":{"NOMPROV":"BUENOS AIRES","PROV":"06","NOMDEPTO":"GENERAL SAN MARTIN","DEPTO":"371","FRAC":"29","RADIO":"02","TIPO":"U","LINK":"063712902","IDRADIO_9":"063712902","hog_tot":306,"hog_nbi":11,"pob_tot":619,"pct_nbi":3.594771241830065},"geometry":{"type":"MultiPolygon","coordinates":[[[[-58.542301424235156,-34.576666317957645],[-58.543095885666105,-34.577318934105925],[-58.543847376999715,-34.577967854313975],[-58.54468557154593,-34.578644845164085],[-58.545703000394596,-34.57779168813596],[-58.54488675385153,-34.5771059524822],[-58.54413510348469,-34.57646605011038],[-58.54337257088908,-34.575826012404086],[-58.542301424235156,-34.576666317957645]]]]}},{"type":"Feature","properties":{"NOMPROV":"BUENOS AIRES","PROV":"06","NOMDEPTO":"GENERAL SAN MARTIN","DEPTO":"371","FRAC":"23","RADIO":"01","TIPO":"U","LINK":"063712301","IDRADIO_9":"063712301","hog_tot":222,"hog_nbi":12,"pob_tot":470,"pct_nbi":5.405405405405406},"geometry":{"type":"MultiPolygon","coordinates":[[[[-58.532099407780215,-34.57327232252771],[-58.53091666695451,-34.574207194877246],[-58.53113682865146,-34.57432717964803],[-58.53121584967146,-34.574380950174174],[-58.53165679093991,-34.57466709505209],[-58.53175373344241,-34.57473135524312],[-58.53181815058159,-34.57478621065883],[-58.53286850046973,-34.57392454397297],[-58.53362051450807,-34.57453747963041],[-58.533738455370724,-34.57464705760609],[-58.53478862720277,-34.57379438534565],[-58.534659632324534,-34.573693689051154],[-58.53389703979623,-34.57306260582158],[-58.53341407177102,-34.572642186935624],[-58.533155183451754,-34.57243751770746],[-58.53244410140082,-34.5729998610167],[-58.532099407780215,-34.57327232252771]]]]}},{"type":"Feature","properties":{"NOMPROV":"BUENOS AIRES","PROV":"06","NOMDEPTO":"GENERAL SAN MARTIN","DEPTO":"371","FRAC":"31","RADIO":"01","TIPO":"U","LINK":"063713101","IDRADIO_9":"063713101","hog_tot":410,"hog_nbi":20,"pob_tot":1166,"pct_nbi":4.878048780487806},"geometry":{"type":"MultiPolygon","coordinates":[[[[-58.56300387806756,-34.578032696364396],[-58.563852507559126,-34.5787457341804],[-58.5644004199243,-34.5792028524378],[-58.56469025611856,-34.57945863822306],[-58.56495861409539,-34.579696142967464],[-58.56553875966285,-34.580180675588295],[-58.56644098326393,-34.58094840638636],[-58.56748254713043,-34.58185296724554],[-58.567504029332866,-34.58187124631997],[-58.56825591279581,-34.581240116729184],[-58.569062727357476,-34.58058258699434],[-58.56795687053096,-34.5796141908306],[-58.567135303331845,-34.57892985787],[-58.56680745800609,-34.578645273302314],[-58.56653878952813,-34.57842579491058],[-58.56598028439593,-34.57795053474772],[-58.56569060401186,-34.57768574127068],[-58.56543268078818,-34.57747540022874],[-58.56462817245208,-34.57673134605568],[-58.56381311834436,-34.57736687427077],[-58.56300387806756,-34.578032696364396]]]]}},{"type":"Feature","properties":{"NOMPROV":"BUENOS AIRES","PROV":"06","NOMDEPTO":"GENERAL SAN MARTIN","DEPTO":"371","FRAC":"28","RADIO":"01","TIPO":"U","LINK":"063712801","IDRADIO_9":"063712801","hog_tot":196,"hog_nbi":35,"pob_tot":595,"pct_nbi":17.857142857142858},"geometry":{"type":"MultiPolygon","coordinates":[[[[-58.55303076499894,-34.5822065900346],[-58.55193181399086,-34.58307550901987],[-58.55086005725898,-34.58391905871231],[-58.550285330452304,-34.584380928711205],[-58.549810227559014,-34.58475384577211],[-58.5492465419458,-34.58520682847051],[-58.549332770971965,-34.58526193413486],[-58.54926676777008,-34.58529720308149],[-58.5519425769188,-34.586852251767574],[-58.55287989754558,-34.58607538915508],[-58.553823243185576,-34.58531384203127],[-58.5552679403094,-34.58414933391756],[-58.556397768943405,-34.583261763255855],[-58.55596747963971,-34.582879972942536],[-58.55570941125797,-34.58267862332393],[-58.55492806529773,-34.58200037198628],[-58.55415215735942,-34.58135323773508],[-58.55303076499894,-34.5822065900346]]]]}},{"type":"Feature","properties":{"NOMPROV":"BUENOS AIRES","PROV":"06","NOMDEPTO":"GENERAL SAN MARTIN","DEPTO":"371","FRAC":"02","RADIO":"05","TIPO":"U","LINK":"063710205","IDRADIO_9":"063710205","hog_tot":482,"hog_nbi":30,"pob_tot":1495,"pct_nbi":6.224066390041494},"geometry":{"type":"MultiPolygon","coordinates":[[[[-58.579805136526986,-34.513665832284396],[-58.580581539190405,-34.514323711232976],[-58.581236740193695,-34.513673952538],[-58.58210196976024,-34.51310459851848],[-58.58124323231758,-34.512482387630975],[-58.580525945953674,-34.51189401392747],[-58.57983513235547,-34.511310338005565],[-58.57880868700162,-34.51048546428829],[-58.57773638908903,-34.50962376320941],[-58.577626688896586,-34.50971905796602],[-58.57662415511167,-34.510589931783215],[-58.57634932018982,-34.510828420895706],[-58.577344780751865,-34.511663655886174],[-58.57838398734684,-34.51247743597068],[-58.57907874990607,-34.51304979713658],[-58.579805136526986,-34.513665832284396]]]]}},{"type":"Feature","properties":{"NOMPROV":"BUENOS AIRES","PROV":"06","NOMDEPTO":"GENERAL SAN MARTIN","DEPTO":"371","FRAC":"38","RADIO":"05","TIPO":"U","LINK":"063713805","IDRADIO_9":"063713805","hog_tot":273,"hog_nbi":7,"pob_tot":808,"pct_nbi":2.564102564102564},"geometry":{"type":"MultiPolygon","coordinates":[[[[-58.57547582894146,-34.51841711279406],[-58.574773911784824,-34.518979811624526],[-58.57462000880897,-34.518848781137706],[-58.57390979214002,-34.51935396081985],[-58.574545889134306,-34.519814781501054],[-58.575040122665854,-34.52020813049226],[-58.57590866723041,-34.520808279795844],[-58.57662978642755,-34.52037115614707],[-58.577007813246745,-34.5199296830523],[-58.57721245020538,-34.51990178084361],[-58.57797406425449,-34.519288236225925],[-58.577121717266465,-34.51856462976386],[-58.576915412305034,-34.51838948321557],[-58.57623298631649,-34.517810116711324],[-58.57547582894146,-34.51841711279406]]]]}},{"type":"Feature","properties":{"NOMPROV":"BUENOS AIRES","PROV":"06","NOMDEPTO":"GENERAL SAN MARTIN","DEPTO":"371","FRAC":"14","RADIO":"02","TIPO":"U","LINK":"063711402","IDRADIO_9":"063711402","hog_tot":332,"hog_nbi":5,"pob_tot":895,"pct_nbi":1.506024096385542},"geometry":{"type":"MultiPolygon","coordinates":[[[[-58.573071422841835,-34.52695332419374],[-58.57361077263072,-34.52796942987759],[-58.574141196081456,-34.52900870639571],[-58.57543869196524,-34.52851896421213],[-58.57571171289144,-34.52873373885516],[-58.5764312317198,-34.528154399876804],[-58.57710798726695,-34.52759407520446],[-58.577761622694766,-34.52707503965439],[-58.576980744568985,-34.52640049853536],[-58.57620247099056,-34.52574335646952],[-58.57544941331551,-34.525082711693166],[-58.57475460022504,-34.525615870799285],[-58.574069099846206,-34.52616096028538],[-58.573071422841835,-34.52695332419374]]]]}},{"type":"Feature","properties":{"NOMPROV":"BUENOS AIRES","PROV":"06","NOMDEPTO":"GENERAL SAN MARTIN","DEPTO":"371","FRAC":"52","RADIO":"06","TIPO":"U","LINK":"063715206","IDRADIO_9":"063715206","hog_tot":274,"hog_nbi":14,"pob_tot":760,"pct_nbi":5.109489051094892},"geometry":{"type":"MultiPolygon","coordinates":[[[[-58.574508200867406,-34.57440000561236],[-58.57367985466807,-34.57504830822432],[-58.572884025419924,-34.57570599870023],[-58.57205565257389,-34.57635429040711],[-58.573172411662455,-34.577322777416626],[-58.57427891690259,-34.578255080760165],[-58.57509624336859,-34.577615659545],[-58.57591386368654,-34.57695820822793],[-58.576720423516484,-34.57630963656677],[-58.575624963894,-34.57536847053166],[-58.57561422268763,-34.57535933169909],[-58.574508200867406,-34.57440000561236]]]]}},{"type":"Feature","properties":{"NOMPROV":"BUENOS AIRES","PROV":"06","NOMDEPTO":"GENERAL SAN MARTIN","DEPTO":"371","FRAC":"25","RADIO":"02","TIPO":"U","LINK":"063712502","IDRADIO_9":"063712502","hog_tot":294,"hog_nbi":10,"pob_tot":758,"pct_nbi":3.401360544217687},"geometry":{"type":"MultiPolygon","coordinates":[[[[-58.52268615233569,-34.591431842079096],[-58.52395842041269,-34.59221337476721],[-58.525241610624946,-34.59299502732865],[-58.52651675747877,-34.59377048815365],[-58.52779716559321,-34.59455816109499],[-58.528206807756405,-34.59481547692699],[-58.52863695318593,-34.59391031644776],[-58.52903169823556,-34.59315795476516],[-58.529313971088065,-34.59260252929477],[-58.52862371825287,-34.59218860609595],[-58.52771807820687,-34.591627866195296],[-58.526812292439104,-34.59107613129693],[-58.525927993752845,-34.59054267612612],[-58.52501008063715,-34.589995243168794],[-58.524140395874795,-34.58946243052705],[-58.52365406918526,-34.589968861592],[-58.52315932211109,-34.59053671123115],[-58.52334311191476,-34.59065521538129],[-58.52268615233569,-34.591431842079096]]]]}},{"type":"Feature","properties":{"NOMPROV":"BUENOS AIRES","PROV":"06","NOMDEPTO":"GENERAL SAN MARTIN","DEPTO":"371","FRAC":"19","RADIO":"03","TIPO":"U","LINK":"063711903","IDRADIO_9":"063711903","hog_tot":343,"hog_nbi":6,"pob_tot":834,"pct_nbi":1.749271137026239},"geometry":{"type":"MultiPolygon","coordinates":[[[[-58.55339635803033,-34.553267454832735],[-58.553219591439294,-34.55340957537736],[-58.551717200315856,-34.554608574536125],[-58.55225368626663,-34.55508363744597],[-58.55270491342227,-34.55544952568931],[-58.55367086168067,-34.55629021202033],[-58.55464803361902,-34.55711299592543],[-58.55616054405253,-34.555959148186965],[-58.557662275094536,-34.554796140105665],[-58.55764095741541,-34.554768847817215],[-58.55665320097148,-34.55392793457729],[-58.5556634632651,-34.55310440226851],[-58.554684583576204,-34.55225761961951],[-58.55339635803033,-34.553267454832735]]]]}},{"type":"Feature","properties":{"NOMPROV":"BUENOS AIRES","PROV":"06","NOMDEPTO":"GENERAL SAN MARTIN","DEPTO":"371","FRAC":"02","RADIO":"04","TIPO":"U","LINK":"063710204","IDRADIO_9":"063710204","hog_tot":403,"hog_nbi":26,"pob_tot":1199,"pct_nbi":6.451612903225806},"geometry":{"type":"MultiPolygon","coordinates":[[[[-58.57773638908903,-34.50962376320941],[-58.57880868700162,-34.51048546428829],[-58.57983513235547,-34.511310338005565],[-58.580525945953674,-34.51189401392747],[-58.58124323231758,-34.512482387630975],[-58.58210196976024,-34.51310459851848],[-58.58281667599603,-34.51253153579013],[-58.5835298239811,-34.511959695400904],[-58.58352914377416,-34.51195916021899],[-58.58272413339029,-34.5113256902186],[-58.58208293376745,-34.5107291092077],[-58.58126518491925,-34.51012407561346],[-58.58024033485536,-34.50931535938704],[-58.57916743430624,-34.508380601584335],[-58.578608219440945,-34.50886640350742],[-58.57773638908903,-34.50962376320941]]]]}},{"type":"Feature","properties":{"NOMPROV":"BUENOS AIRES","PROV":"06","NOMDEPTO":"GENERAL SAN MARTIN","DEPTO":"371","FRAC":"14","RADIO":"01","TIPO":"U","LINK":"063711401","IDRADIO_9":"063711401","hog_tot":393,"hog_nbi":21,"pob_tot":1103,"pct_nbi":5.34351145038168},"geometry":{"type":"MultiPolygon","coordinates":[[[[-58.578423565642595,-34.519673200060396],[-58.577147727662066,-34.52002252938004],[-58.577007813246745,-34.5199296830523],[-58.57662978642755,-34.52037115614707],[-58.57590866723041,-34.520808279795844],[-58.574937133704324,-34.52160393278562],[-58.574419230148564,-34.52205768327623],[-58.573208351341954,-34.52302023009193],[-58.57165965599137,-34.52429223398327],[-58.57155343379624,-34.52437769989708],[-58.57203405033022,-34.52523463246106],[-58.57219055561735,-34.5254582538376],[-58.5725625340988,-34.526077672192315],[-58.57264885316867,-34.52622844905141],[-58.573071422841835,-34.52695332419374],[-58.574069099846206,-34.52616096028538],[-58.57475460022504,-34.525615870799285],[-58.57544941331551,-34.525082711693166],[-58.576213018776485,-34.524424230431364],[-58.57703474601338,-34.52375538073851],[-58.57688126977236,-34.52362332776305],[-58.57773407304434,-34.52300208241611],[-58.579590483187054,-34.521697924158595],[-58.58028854899058,-34.521132457013685],[-58.58144948890585,-34.52017693954893],[-58.581586246680544,-34.52002926627955],[-58.581793239823874,-34.519764704122416],[-58.58204571749561,-34.519551799058966],[-58.582335360423606,-34.51930755299874],[-58.582540543812755,-34.519134527251595],[-58.58270191359778,-34.518989334914814],[-58.58241650636159,-34.51891210410527],[-58.581734105870446,-34.51887311709407],[-58.58151611599223,-34.518886725984466],[-58.5812306600936,-34.51890454696394],[-58.57948247926992,-34.51938325198226],[-58.579419154610505,-34.51940059118284],[-58.578423565642595,-34.519673200060396]]]]}},{"type":"Feature","properties":{"NOMPROV":"BUENOS AIRES","PROV":"06","NOMDEPTO":"GENERAL SAN MARTIN","DEPTO":"371","FRAC":"53","RADIO":"08","TIPO":"U","LINK":"063715308","IDRADIO_9":"063715308","hog_tot":170,"hog_nbi":7,"pob_tot":433,"pct_nbi":4.117647058823529},"geometry":{"type":"MultiPolygon","coordinates":[[[[-58.58752614247302,-34.56239219418643],[-58.587526758213635,-34.56257911515347],[-58.58756892630805,-34.56270551449459],[-58.587649561300054,-34.562829644966726],[-58.5877472030749,-34.56292659455898],[-58.58786219753851,-34.56297583538319],[-58.58798404292667,-34.563019422769166],[-58.588103717914265,-34.56302982065848],[-58.588223697548216,-34.563022194954904],[-58.5882977556075,-34.56301193787505],[-58.58862861762286,-34.56392917866145],[-58.58870425019338,-34.56411326248013],[-58.58897120643386,-34.56476299985531],[-58.58936240196552,-34.56574415764608],[-58.58949276927505,-34.566087583215705],[-58.58971420267169,-34.566704237881986],[-58.58999217367336,-34.56741924438719],[-58.59027014922432,-34.56813425119526],[-58.59054545857408,-34.568861465085625],[-58.59159892443367,-34.56802624039013],[-58.592079043252994,-34.56764557662376],[-58.59270865633287,-34.56713907023494],[-58.59331595484073,-34.56666766324706],[-58.593013456096976,-34.56586266976577],[-58.59260827712032,-34.56488182069089],[-58.59223364742599,-34.563866404279324],[-58.592231054498306,-34.56379857299175],[-58.592201757121394,-34.56295096743033],[-58.59219592108844,-34.56261830356329],[-58.590946481425505,-34.562607127611095],[-58.59005095351429,-34.56256560138091],[-58.589876660056,-34.56256358792433],[-58.58872257750861,-34.562514195554066],[-58.58871634421817,-34.562399789022244],[-58.58867161270484,-34.562306296647],[-58.58861276536805,-34.56224252169167],[-58.58859672995178,-34.56222430926821],[-58.58853243717741,-34.56216047130773],[-58.58843546359249,-34.56209625537911],[-58.58826658393757,-34.56205653206789],[-58.58808483779795,-34.56204074106381],[-58.58796781565123,-34.56204577883602],[-58.58779333766555,-34.562115655567766],[-58.58770008440291,-34.562175431255085],[-58.58763604895473,-34.5622336133625],[-58.58758488819012,-34.562290011921135],[-58.5875489191333,-34.56234562090847],[-58.58752614247302,-34.56239219418643]]]]}},{"type":"Feature","properties":{"NOMPROV":"BUENOS AIRES","PROV":"06","NOMDEPTO":"GENERAL SAN MARTIN","DEPTO":"371","FRAC":"27","RADIO":"04","TIPO":"U","LINK":"063712704","IDRADIO_9":"063712704","hog_tot":465,"hog_nbi":18,"pob_tot":1259,"pct_nbi":3.870967741935484},"geometry":{"type":"MultiPolygon","coordinates":[[[[-58.54799168390284,-34.59093343189068],[-58.548465970928824,-34.59123651761272],[-58.54894010473408,-34.59154861220255],[-58.54969458738281,-34.59203529244174],[-58.55048145589908,-34.59254037966495],[-58.55110659941917,-34.59294439489764],[-58.55134945127374,-34.593108067857294],[-58.55269041819303,-34.59290933699344],[-58.55265867737853,-34.592692414233504],[-58.55248874834088,-34.59180708604831],[-58.55224488867566,-34.59078568008143],[-58.552157870286514,-34.59077563410813],[-58.55195781874817,-34.59099859440502],[-58.55170327086473,-34.590812853309274],[-58.5512044267519,-34.59044884712611],[-58.55058024012478,-34.58999076429329],[-58.549848347579065,-34.589459291000686],[-58.54922417585634,-34.58900120152959],[-58.548572343976545,-34.58950721272595],[-58.54800861879131,-34.58996018838683],[-58.5473234542395,-34.590501848675096],[-58.54759289368977,-34.59067631099905],[-58.54799168390284,-34.59093343189068]]]]}},{"type":"Feature","properties":{"NOMPROV":"BUENOS AIRES","PROV":"06","NOMDEPTO":"GENERAL SAN MARTIN","DEPTO":"371","FRAC":"23","RADIO":"10","TIPO":"U","LINK":"063712310","IDRADIO_9":"063712310","hog_tot":322,"hog_nbi":3,"pob_tot":702,"pct_nbi":0.93167701863354},"geometry":{"type":"MultiPolygon","coordinates":[[[[-58.53467069952765,-34.57894288944385],[-58.53364776482173,-34.57981063685656],[-58.534442468550694,-34.58047816104817],[-58.53522628839389,-34.58114554951592],[-58.535999858472536,-34.5817767555736],[-58.53677437619442,-34.582396653661334],[-58.53777058488218,-34.581579345218366],[-58.537042195200456,-34.58092437102226],[-58.536285815683975,-34.5802890737947],[-58.53546066802097,-34.57963293060163],[-58.53467069952765,-34.57894288944385]]]]}},{"type":"Feature","properties":{"NOMPROV":"BUENOS AIRES","PROV":"06","NOMDEPTO":"GENERAL SAN MARTIN","DEPTO":"371","FRAC":"23","RADIO":"07","TIPO":"U","LINK":"063712307","IDRADIO_9":"063712307","hog_tot":382,"hog_nbi":2,"pob_tot":751,"pct_nbi":0.523560209424084},"geometry":{"type":"MultiPolygon","coordinates":[[[[-58.537859959825255,-34.57637299906354],[-58.53680915431731,-34.57726174345132],[-58.535759432794244,-34.57808739754],[-58.53467069952765,-34.57894288944385],[-58.53546066802097,-34.57963293060163],[-58.536285815683975,-34.5802890737947],[-58.53734885488691,-34.579422412963034],[-58.53837726142355,-34.5785694498559],[-58.53943848982079,-34.57770785711071],[-58.53866540381074,-34.57704963729275],[-58.537859959825255,-34.57637299906354]]]]}},{"type":"Feature","properties":{"NOMPROV":"BUENOS AIRES","PROV":"06","NOMDEPTO":"GENERAL SAN MARTIN","DEPTO":"371","FRAC":"11","RADIO":"05","TIPO":"U","LINK":"063711105","IDRADIO_9":"063711105","hog_tot":292,"hog_nbi":3,"pob_tot":571,"pct_nbi":1.027397260273972},"geometry":{"type":"MultiPolygon","coordinates":[[[[-58.55537334328913,-34.5485588048479],[-58.554102755655016,-34.549589323663106],[-58.55279899372671,-34.55064647489539],[-58.551517294710074,-34.55168584644836],[-58.55238703517913,-34.55241723952417],[-58.55363590416439,-34.55138648345347],[-58.55364695184372,-34.55137760087992],[-58.554961139256804,-34.5503476036313],[-58.55621010125982,-34.5493078076787],[-58.55537334328913,-34.5485588048479]]]]}},{"type":"Feature","properties":{"NOMPROV":"BUENOS AIRES","PROV":"06","NOMDEPTO":"GENERAL SAN MARTIN","DEPTO":"371","FRAC":"05","RADIO":"05","TIPO":"U","LINK":"063710505","IDRADIO_9":"063710505","hog_tot":295,"hog_nbi":6,"pob_tot":647,"pct_nbi":2.033898305084746},"geometry":{"type":"MultiPolygon","coordinates":[[[[-58.54526890442459,-34.542177053337056],[-58.54594856679031,-34.54274257691851],[-58.54660848530533,-34.54330458264986],[-58.547312164911865,-34.543857269193396],[-58.54858969381853,-34.5428559783214],[-58.54990179366121,-34.541823979521936],[-58.549236595838856,-34.5412392155495],[-58.547910239933515,-34.54227735528809],[-58.5472568317743,-34.541711414859606],[-58.546602387528154,-34.54113577819868],[-58.54526890442459,-34.542177053337056]]]]}},{"type":"Feature","properties":{"NOMPROV":"BUENOS AIRES","PROV":"06","NOMDEPTO":"GENERAL SAN MARTIN","DEPTO":"371","FRAC":"06","RADIO":"09","TIPO":"U","LINK":"063710609","IDRADIO_9":"063710609","hog_tot":347,"hog_nbi":36,"pob_tot":1138,"pct_nbi":10.37463976945245},"geometry":{"type":"MultiPolygon","coordinates":[[[[-58.53666999636528,-34.55038013883767],[-58.53721794448481,-34.55076367785702],[-58.53728071270402,-34.55080761247601],[-58.53810393527154,-34.55132237435154],[-58.5393828213241,-34.55029737773895],[-58.53872138772314,-34.54976826846819],[-58.53806735960164,-34.54923048148997],[-58.53768641178524,-34.54956503723437],[-58.537609698950064,-34.54959115864314],[-58.53727840297238,-34.549875572945176],[-58.53666999636528,-34.55038013883767]]]]}},{"type":"Feature","properties":{"NOMPROV":"BUENOS AIRES","PROV":"06","NOMDEPTO":"GENERAL SAN MARTIN","DEPTO":"371","FRAC":"39","RADIO":"01","TIPO":"U","LINK":"063713901","IDRADIO_9":"063713901","hog_tot":266,"hog_nbi":8,"pob_tot":661,"pct_nbi":3.007518796992481},"geometry":{"type":"MultiPolygon","coordinates":[[[[-58.55868500985142,-34.52731509134714],[-58.55947431850688,-34.527953972402265],[-58.56021423318896,-34.527320015589275],[-58.56097020723712,-34.52667312686471],[-58.56174152444546,-34.52602818870766],[-58.5625648692792,-34.525363216925356],[-58.563262499609294,-34.524693368586696],[-58.562441108733296,-34.524077086100085],[-58.561665758772186,-34.5234674633451],[-58.56112079842222,-34.52393518070306],[-58.560911702792154,-34.52411448340943],[-58.56017207372739,-34.52474871807992],[-58.55940166076918,-34.5254093343079],[-58.55903749311341,-34.52572298122623],[-58.55865384945424,-34.52605354803813],[-58.55826416460675,-34.52638931516568],[-58.55788973247941,-34.52671193554709],[-58.55868500985142,-34.52731509134714]]]]}},{"type":"Feature","properties":{"NOMPROV":"BUENOS AIRES","PROV":"06","NOMDEPTO":"GENERAL SAN MARTIN","DEPTO":"371","FRAC":"23","RADIO":"06","TIPO":"U","LINK":"063712306","IDRADIO_9":"063712306","hog_tot":483,"hog_nbi":35,"pob_tot":1242,"pct_nbi":7.246376811594204},"geometry":{"type":"MultiPolygon","coordinates":[[[[-58.533472339904264,-34.576149094997774],[-58.53240033572202,-34.57700149248076],[-58.53316295146737,-34.57763258529721],[-58.534224061526466,-34.57678005034602],[-58.53497563528452,-34.57742001278068],[-58.535759432794244,-34.57808739754],[-58.53680915431731,-34.57726174345132],[-58.537859959825255,-34.57637299906354],[-58.53706510900035,-34.57571450852544],[-58.536313691593485,-34.57506554725727],[-58.535540179384945,-34.57443434403377],[-58.53450074436337,-34.575296164118186],[-58.533472339904264,-34.576149094997774]]]]}},{"type":"Feature","properties":{"NOMPROV":"BUENOS AIRES","PROV":"06","NOMDEPTO":"GENERAL SAN MARTIN","DEPTO":"371","FRAC":"06","RADIO":"10","TIPO":"U","LINK":"063710610","IDRADIO_9":"063710610","hog_tot":403,"hog_nbi":49,"pob_tot":1352,"pct_nbi":12.158808933002481},"geometry":{"type":"MultiPolygon","coordinates":[[[[-58.53806735960164,-34.54923048148997],[-58.53872138772314,-34.54976826846819],[-58.5393828213241,-34.55029737773895],[-58.53810393527154,-34.55132237435154],[-58.53898556855338,-34.55192897471615],[-58.54018198024519,-34.55098643642815],[-58.54118953007217,-34.55010819441383],[-58.540383132226495,-34.54944956170621],[-58.53970100331406,-34.54886544721945],[-58.53909839403744,-34.54838743242671],[-58.53806735960164,-34.54923048148997]]]]}},{"type":"Feature","properties":{"NOMPROV":"BUENOS AIRES","PROV":"06","NOMDEPTO":"GENERAL SAN MARTIN","DEPTO":"371","FRAC":"08","RADIO":"03","TIPO":"U","LINK":"063710803","IDRADIO_9":"063710803","hog_tot":275,"hog_nbi":60,"pob_tot":811,"pct_nbi":21.818181818181817},"geometry":{"type":"MultiPolygon","coordinates":[[[[-58.5185961681474,-34.562406041336786],[-58.51956162268933,-34.56296581790613],[-58.51964735190375,-34.562877356423606],[-58.520417943809825,-34.561984728782065],[-58.51948000376106,-34.56142353871794],[-58.518574405228854,-34.56087335639177],[-58.517424956612714,-34.56019120240142],[-58.51662253875483,-34.5612428633297],[-58.517693302612756,-34.56187940432294],[-58.5185961681474,-34.562406041336786]]]]}},{"type":"Feature","properties":{"NOMPROV":"BUENOS AIRES","PROV":"06","NOMDEPTO":"GENERAL SAN MARTIN","DEPTO":"371","FRAC":"08","RADIO":"07","TIPO":"U","LINK":"063710807","IDRADIO_9":"063710807","hog_tot":243,"hog_nbi":16,"pob_tot":655,"pct_nbi":6.584362139917696},"geometry":{"type":"MultiPolygon","coordinates":[[[[-58.51600383341389,-34.56540886144601],[-58.516906725148836,-34.5659355113723],[-58.517782171369795,-34.56493032383488],[-58.518088801844,-34.56459558962979],[-58.51866712286758,-34.56395016067636],[-58.51956162268933,-34.56296581790613],[-58.5185961681474,-34.562406041336786],[-58.517693302612756,-34.56187940432294],[-58.51662253875483,-34.5612428633297],[-58.51505478200682,-34.56330718102696],[-58.51424316827046,-34.5643758115136],[-58.515116041907206,-34.56488867730162],[-58.51600383341389,-34.56540886144601]]]]}},{"type":"Feature","properties":{"NOMPROV":"BUENOS AIRES","PROV":"06","NOMDEPTO":"GENERAL SAN MARTIN","DEPTO":"371","FRAC":"04","RADIO":"06","TIPO":"U","LINK":"063710406","IDRADIO_9":"063710406","hog_tot":246,"hog_nbi":14,"pob_tot":700,"pct_nbi":5.691056910569106},"geometry":{"type":"MultiPolygon","coordinates":[[[[-58.55275321135723,-34.53105501245924],[-58.55127131422337,-34.53235041249659],[-58.55176813370004,-34.53276819908208],[-58.55225598491415,-34.53319697385949],[-58.55377538761765,-34.531991163226216],[-58.554398553935656,-34.532566560187874],[-58.555507861457464,-34.53165501156149],[-58.5548239174439,-34.531109162787125],[-58.55429277433948,-34.53066349002901],[-58.5537896832748,-34.53014894521964],[-58.55275321135723,-34.53105501245924]]]]}},{"type":"Feature","properties":{"NOMPROV":"BUENOS AIRES","PROV":"06","NOMDEPTO":"GENERAL SAN MARTIN","DEPTO":"371","FRAC":"07","RADIO":"08","TIPO":"U","LINK":"063710708","IDRADIO_9":"063710708","hog_tot":410,"hog_nbi":21,"pob_tot":1211,"pct_nbi":5.121951219512196},"geometry":{"type":"MultiPolygon","coordinates":[[[[-58.535380006041905,-34.55338344671914],[-58.53616903477598,-34.55409862987212],[-58.537114116878335,-34.55487610076265],[-58.537404259745784,-34.55510491257762],[-58.53787673118753,-34.55549815056481],[-58.53843916665218,-34.55510829561547],[-58.53846126615196,-34.5550905333356],[-58.53905684507264,-34.5546740319378],[-58.539112093190795,-34.55462962593178],[-58.54000899175315,-34.553802107943405],[-58.539189153156805,-34.553095648026556],[-58.53834501790946,-34.55239412770272],[-58.5375214304858,-34.55169511289941],[-58.53724953194862,-34.551908185937414],[-58.53675655942748,-34.5522759499723],[-58.53647472361445,-34.55250906426436],[-58.5359441247683,-34.552946457781644],[-58.535380006041905,-34.55338344671914]]]]}},{"type":"Feature","properties":{"NOMPROV":"BUENOS AIRES","PROV":"06","NOMDEPTO":"GENERAL SAN MARTIN","DEPTO":"371","FRAC":"13","RADIO":"08","TIPO":"U","LINK":"063711308","IDRADIO_9":"063711308","hog_tot":202,"hog_nbi":10,"pob_tot":550,"pct_nbi":4.95049504950495},"geometry":{"type":"MultiPolygon","coordinates":[[[[-58.56776853668354,-34.539953190954506],[-58.56855466059676,-34.540639525192574],[-58.56985232786303,-34.53958737916485],[-58.569078857678576,-34.538931579684316],[-58.568209257163915,-34.53819129214243],[-58.56951216651337,-34.537160999623254],[-58.56860991039785,-34.536420332339446],[-58.56735056089585,-34.5374511273683],[-58.56606909107276,-34.538499675148536],[-58.566927940551146,-34.53923083801071],[-58.56776853668354,-34.539953190954506]]]]}},{"type":"Feature","properties":{"NOMPROV":"BUENOS AIRES","PROV":"06","NOMDEPTO":"GENERAL SAN MARTIN","DEPTO":"371","FRAC":"51","RADIO":"03","TIPO":"U","LINK":"063715103","IDRADIO_9":"063715103","hog_tot":210,"hog_nbi":5,"pob_tot":446,"pct_nbi":2.380952380952381},"geometry":{"type":"MultiPolygon","coordinates":[[[[-58.53963628395975,-34.58135163394425],[-58.54043603132166,-34.58204606079384],[-58.54148046402273,-34.58121144991248],[-58.54257485428067,-34.580323186366066],[-58.54226297936937,-34.580085112461326],[-58.54172576678752,-34.57964605101422],[-58.54097411923258,-34.57900612855942],[-58.53990199383236,-34.57986760410368],[-58.53887374364958,-34.580711568360464],[-58.53963628395975,-34.58135163394425]]]]}},{"type":"Feature","properties":{"NOMPROV":"BUENOS AIRES","PROV":"06","NOMDEPTO":"GENERAL SAN MARTIN","DEPTO":"371","FRAC":"11","RADIO":"09","TIPO":"U","LINK":"063711109","IDRADIO_9":"063711109","hog_tot":381,"hog_nbi":9,"pob_tot":743,"pct_nbi":2.362204724409449},"geometry":{"type":"MultiPolygon","coordinates":[[[[-58.54689074537412,-34.54961185124328],[-58.54584069389375,-34.55048266491659],[-58.54740037673821,-34.550375046127094],[-58.547481316371716,-34.55010560540746],[-58.54808003558285,-34.55013075462896],[-58.54818628836449,-34.550285247130724],[-58.549595361967874,-34.55006764740346],[-58.551059867671334,-34.54916566671211],[-58.550179593307305,-34.5484161123798],[-58.549287974252245,-34.547693458308565],[-58.54801764057932,-34.548705888256414],[-58.54689074537412,-34.54961185124328]]]]}},{"type":"Feature","properties":{"NOMPROV":"BUENOS AIRES","PROV":"06","NOMDEPTO":"GENERAL SAN MARTIN","DEPTO":"371","FRAC":"30","RADIO":"09","TIPO":"U","LINK":"063713009","IDRADIO_9":"063713009","hog_tot":294,"hog_nbi":12,"pob_tot":875,"pct_nbi":4.081632653061225},"geometry":{"type":"MultiPolygon","coordinates":[[[[-58.551101761781595,-34.578784289207064],[-58.55185332994522,-34.57943316184597],[-58.55254125695958,-34.579982128291554],[-58.5530340780233,-34.580386588097625],[-58.55331435386242,-34.58063187028934],[-58.55409123995265,-34.580001453670825],[-58.55441569691039,-34.57974668979084],[-58.555182650005065,-34.57911209040153],[-58.55605254567814,-34.579852472822644],[-58.556781770034085,-34.579275228056886],[-58.5575221899511,-34.578680083313365],[-58.5566412427996,-34.577948593953586],[-58.55586235910175,-34.577262076341604],[-58.55517761196484,-34.57672013344098],[-58.55443426189232,-34.57608838849958],[-58.55382818688798,-34.57658831702917],[-58.552969803844924,-34.5772832101775],[-58.55221011914749,-34.57790372466854],[-58.551101761781595,-34.578784289207064]]]]}},{"type":"Feature","properties":{"NOMPROV":"BUENOS AIRES","PROV":"06","NOMDEPTO":"GENERAL SAN MARTIN","DEPTO":"371","FRAC":"14","RADIO":"12","TIPO":"U","LINK":"063711412","IDRADIO_9":"063711412","hog_tot":328,"hog_nbi":11,"pob_tot":897,"pct_nbi":3.353658536585366},"geometry":{"type":"MultiPolygon","coordinates":[[[[-58.576986786498196,-34.529965429125376],[-58.57731437054797,-34.53041202051085],[-58.577859957290485,-34.53011345709711],[-58.57792012776355,-34.53013620854868],[-58.577965836043546,-34.5301547832358],[-58.57800195858736,-34.53016723154969],[-58.57804551668804,-34.53016974429353],[-58.57809398642696,-34.53016830319367],[-58.57812813131001,-34.53015466852019],[-58.57815521327332,-34.530128923039676],[-58.57854530881971,-34.5304657692246],[-58.57921294481551,-34.53091970181019],[-58.579688214184856,-34.53008338395517],[-58.580164007386436,-34.5293853900186],[-58.58058144342947,-34.52872964360076],[-58.57950906555898,-34.52830534985143],[-58.57851549207257,-34.527736753394116],[-58.577761622694766,-34.52707503965439],[-58.57710798726695,-34.52759407520446],[-58.5764312317198,-34.528154399876804],[-58.57571171289144,-34.52873373885516],[-58.57651576164073,-34.529398492701176],[-58.576986786498196,-34.529965429125376]]]]}},{"type":"Feature","properties":{"NOMPROV":"BUENOS AIRES","PROV":"06","NOMDEPTO":"GENERAL SAN MARTIN","DEPTO":"371","FRAC":"45","RADIO":"05","TIPO":"U","LINK":"063714505","IDRADIO_9":"063714505","hog_tot":494,"hog_nbi":47,"pob_tot":1758,"pct_nbi":9.51417004048583},"geometry":{"type":"MultiPolygon","coordinates":[[[[-58.5926639331519,-34.538385661230365],[-58.59347347657308,-34.53903597401735],[-58.593596617435814,-34.5389364435568],[-58.59435134307653,-34.538326419031755],[-58.59490771840818,-34.53787670615193],[-58.59526500555482,-34.537587911276816],[-58.59617888267982,-34.53684920957206],[-58.59705600236257,-34.53610091161523],[-58.597523154479674,-34.53566732828902],[-58.597605591230945,-34.53559622711873],[-58.59714650697247,-34.534827148806976],[-58.59616803084369,-34.53308715360123],[-58.59573710889425,-34.53342093240436],[-58.596168318359574,-34.534312299568114],[-58.595654389712635,-34.53486107830658],[-58.59468478674102,-34.535553748362624],[-58.59379341247754,-34.536277718588906],[-58.59289081161427,-34.53699708012692],[-58.59188217074373,-34.537691507128955],[-58.5926639331519,-34.538385661230365]]]]}},{"type":"Feature","properties":{"NOMPROV":"BUENOS AIRES","PROV":"06","NOMDEPTO":"GENERAL SAN MARTIN","DEPTO":"371","FRAC":"43","RADIO":"07","TIPO":"U","LINK":"063714307","IDRADIO_9":"063714307","hog_tot":368,"hog_nbi":9,"pob_tot":917,"pct_nbi":2.445652173913043},"geometry":{"type":"MultiPolygon","coordinates":[[[[-58.53054120674629,-34.56392938601596],[-58.530814508704594,-34.56416215407982],[-58.53152495133307,-34.564813871436726],[-58.532275767144256,-34.56548989451298],[-58.53285045653941,-34.56502810719161],[-58.53391156289395,-34.56416655774352],[-58.53444218692101,-34.563731273544555],[-58.53479006580003,-34.563465048363184],[-58.534021404566765,-34.56287445371096],[-58.53397301818236,-34.562837818856075],[-58.533559488053974,-34.56249935457762],[-58.533280067015895,-34.56227967593794],[-58.533049269259784,-34.56208311371542],[-58.53302779975627,-34.56206482883643],[-58.532718839589066,-34.56228645070171],[-58.53217243091553,-34.562689990708314],[-58.531167534453836,-34.563453054086786],[-58.53054120674629,-34.56392938601596]]]]}},{"type":"Feature","properties":{"NOMPROV":"BUENOS AIRES","PROV":"06","NOMDEPTO":"GENERAL SAN MARTIN","DEPTO":"371","FRAC":"38","RADIO":"07","TIPO":"U","LINK":"063713807","IDRADIO_9":"063713807","hog_tot":294,"hog_nbi":12,"pob_tot":810,"pct_nbi":4.081632653061225},"geometry":{"type":"MultiPolygon","coordinates":[[[[-58.57390979214002,-34.51935396081985],[-58.57307651373305,-34.520019844780734],[-58.57235202308223,-34.520621308439104],[-58.57224317687726,-34.5207433150172],[-58.57166931944747,-34.52118728061742],[-58.570576405113655,-34.52204187373012],[-58.570882011770465,-34.522777892690456],[-58.57098913672169,-34.52302603769433],[-58.57155343379624,-34.52437769989708],[-58.57165965599137,-34.52429223398327],[-58.573208351341954,-34.52302023009193],[-58.574419230148564,-34.52205768327623],[-58.574937133704324,-34.52160393278562],[-58.57590866723041,-34.520808279795844],[-58.575040122665854,-34.52020813049226],[-58.574545889134306,-34.519814781501054],[-58.57390979214002,-34.51935396081985]]]]}},{"type":"Feature","properties":{"NOMPROV":"BUENOS AIRES","PROV":"06","NOMDEPTO":"GENERAL SAN MARTIN","DEPTO":"371","FRAC":"03","RADIO":"03","TIPO":"U","LINK":"063710303","IDRADIO_9":"063710303","hog_tot":284,"hog_nbi":8,"pob_tot":800,"pct_nbi":2.816901408450704},"geometry":{"type":"MultiPolygon","coordinates":[[[[-58.562441108733296,-34.524077086100085],[-58.563262499609294,-34.524693368586696],[-58.56405073677004,-34.52401919229403],[-58.564913196064936,-34.52334342491651],[-58.56499018577869,-34.52329926201257],[-58.56565274191896,-34.52276623609729],[-58.56494433485901,-34.52216302203666],[-58.56562958484779,-34.52157618065382],[-58.564720529150456,-34.520847626178146],[-58.564539620283725,-34.52100281926881],[-58.56326290926156,-34.52209802597014],[-58.5624233571342,-34.522804624421184],[-58.56197284603349,-34.52319878865269],[-58.561665758772186,-34.5234674633451],[-58.562441108733296,-34.524077086100085]]]]}},{"type":"Feature","properties":{"NOMPROV":"BUENOS AIRES","PROV":"06","NOMDEPTO":"GENERAL SAN MARTIN","DEPTO":"371","FRAC":"07","RADIO":"05","TIPO":"U","LINK":"063710705","IDRADIO_9":"063710705","hog_tot":286,"hog_nbi":21,"pob_tot":850,"pct_nbi":7.342657342657342},"geometry":{"type":"MultiPolygon","coordinates":[[[[-58.53491267891243,-34.55367795382909],[-58.53493881968486,-34.55369155517455],[-58.535380006041905,-34.55338344671914],[-58.5359441247683,-34.552946457781644],[-58.53647472361445,-34.55250906426436],[-58.53675655942748,-34.5522759499723],[-58.53724953194862,-34.551908185937414],[-58.5375214304858,-34.55169511289941],[-58.53810393527154,-34.55132237435154],[-58.53728071270402,-34.55080761247601],[-58.53721794448481,-34.55076367785702],[-58.53666999636528,-34.55038013883767],[-58.5361751220237,-34.55002284912673],[-58.53478187238448,-34.550575767115866],[-58.53342183865301,-34.551100241171525],[-58.53399243514299,-34.55210758380608],[-58.53458482762443,-34.55311518635416],[-58.53491267891243,-34.55367795382909]]]]}},{"type":"Feature","properties":{"NOMPROV":"BUENOS AIRES","PROV":"06","NOMDEPTO":"GENERAL SAN MARTIN","DEPTO":"371","FRAC":"42","RADIO":"06","TIPO":"U","LINK":"063714206","IDRADIO_9":"063714206","hog_tot":264,"hog_nbi":3,"pob_tot":726,"pct_nbi":1.136363636363636},"geometry":{"type":"MultiPolygon","coordinates":[[[[-58.52663509271063,-34.57394859393587],[-58.527397795429245,-34.57457070979359],[-58.528472408917224,-34.57369240747138],[-58.52770600315325,-34.57305959883702],[-58.52822772826431,-34.57261580406691],[-58.527332557040445,-34.572091242358226],[-58.52673941540074,-34.57174157519451],[-58.52615748997947,-34.571374013847446],[-58.52556326157594,-34.572024430335844],[-58.524967619441185,-34.57272967136666],[-58.525582389872476,-34.573088622696865],[-58.52577610265412,-34.57322616293167],[-58.52586198529805,-34.573299307531144],[-58.52663509271063,-34.57394859393587]]]]}},{"type":"Feature","properties":{"NOMPROV":"BUENOS AIRES","PROV":"06","NOMDEPTO":"GENERAL SAN MARTIN","DEPTO":"371","FRAC":"52","RADIO":"04","TIPO":"U","LINK":"063715204","IDRADIO_9":"063715204","hog_tot":427,"hog_nbi":22,"pob_tot":1340,"pct_nbi":5.152224824355972},"geometry":{"type":"MultiPolygon","coordinates":[[[[-58.570464549359336,-34.57763359740414],[-58.569625243365,-34.578281742939616],[-58.56877441209385,-34.57896580109441],[-58.56795687053096,-34.5796141908306],[-58.569062727357476,-34.58058258699434],[-58.57015848588526,-34.581505787751574],[-58.57098985523204,-34.58085443665454],[-58.57139561514231,-34.58053781298926],[-58.57183729660102,-34.580200472682044],[-58.57264241750832,-34.579541869502435],[-58.571548620001714,-34.578601716144384],[-58.570464549359336,-34.57763359740414]]]]}},{"type":"Feature","properties":{"NOMPROV":"BUENOS AIRES","PROV":"06","NOMDEPTO":"GENERAL SAN MARTIN","DEPTO":"371","FRAC":"32","RADIO":"08","TIPO":"U","LINK":"063713208","IDRADIO_9":"063713208","hog_tot":271,"hog_nbi":19,"pob_tot":780,"pct_nbi":7.011070110701106},"geometry":{"type":"MultiPolygon","coordinates":[[[[-58.5797129598834,-34.572072124234744],[-58.580829754834966,-34.57304054259421],[-58.58165818094444,-34.57238317679151],[-58.58248674698323,-34.57171679417336],[-58.58136994942253,-34.57074839073879],[-58.580873796136984,-34.57031428759627],[-58.580274659801155,-34.569798254423716],[-58.57944624953166,-34.57045561056526],[-58.578606779530894,-34.57112184551287],[-58.5797129598834,-34.572072124234744]]]]}},{"type":"Feature","properties":{"NOMPROV":"BUENOS AIRES","PROV":"06","NOMDEPTO":"GENERAL SAN MARTIN","DEPTO":"371","FRAC":"12","RADIO":"09","TIPO":"U","LINK":"063711209","IDRADIO_9":"063711209","hog_tot":354,"hog_nbi":2,"pob_tot":754,"pct_nbi":0.564971751412429},"geometry":{"type":"MultiPolygon","coordinates":[[[[-58.55314375799594,-34.544575493352006],[-58.551851268056296,-34.54561474368913],[-58.550613670215846,-34.54662759013076],[-58.549287974252245,-34.547693458308565],[-58.550179593307305,-34.5484161123798],[-58.55148303915774,-34.54737701194497],[-58.5521021546601,-34.54685256237698],[-58.55274273240996,-34.54634639089665],[-58.55404627005416,-34.54529824950787],[-58.55314375799594,-34.544575493352006]]]]}},{"type":"Feature","properties":{"NOMPROV":"BUENOS AIRES","PROV":"06","NOMDEPTO":"GENERAL SAN MARTIN","DEPTO":"371","FRAC":"20","RADIO":"01","TIPO":"U","LINK":"063712001","IDRADIO_9":"063712001","hog_tot":441,"hog_nbi":9,"pob_tot":1087,"pct_nbi":2.040816326530612},"geometry":{"type":"MultiPolygon","coordinates":[[[[-58.5653053047773,-34.55516166903229],[-58.56449494523438,-34.5558133275367],[-58.56398007541209,-34.556219739134264],[-58.563304247355916,-34.55677352628033],[-58.56207978569882,-34.55770666053653],[-58.56134978077672,-34.55824338105812],[-58.562057695478686,-34.55899014821241],[-58.56273159318137,-34.559761227531496],[-58.563624787302366,-34.55907348149118],[-58.56484864516244,-34.55814006437098],[-58.565691653184274,-34.55745564058519],[-58.56620323833053,-34.55702292068144],[-58.5668182782157,-34.55643693121536],[-58.56615633472961,-34.55583903438874],[-58.5653053047773,-34.55516166903229]]]]}},{"type":"Feature","properties":{"NOMPROV":"BUENOS AIRES","PROV":"06","NOMDEPTO":"GENERAL SAN MARTIN","DEPTO":"371","FRAC":"01","RADIO":"10","TIPO":"U","LINK":"063710110","IDRADIO_9":"063710110","hog_tot":320,"hog_nbi":64,"pob_tot":1159,"pct_nbi":20},"geometry":{"type":"MultiPolygon","coordinates":[[[[-58.58598585783488,-34.506296001079306],[-58.585576870140954,-34.506656752849864],[-58.5867935340126,-34.506598520113],[-58.586899370995646,-34.50673753689161],[-58.58737999672543,-34.507028105436476],[-58.587751288228795,-34.507304271683736],[-58.58769721029332,-34.507436005395164],[-58.58812971003148,-34.50771836747091],[-58.58848197231865,-34.507942150014344],[-58.58849107936215,-34.50794802394306],[-58.58854477704838,-34.507982656282245],[-58.588279617481824,-34.508258907374874],[-58.58825386023785,-34.5082871006923],[-58.58812069201517,-34.508432858634144],[-58.58780973501777,-34.50880371935301],[-58.58780871473148,-34.50880494782478],[-58.58720203029122,-34.509535412753515],[-58.58812438639665,-34.510264304579984],[-58.588771383797386,-34.5097741097446],[-58.58935514843177,-34.51022852216772],[-58.59003068188824,-34.50938992205152],[-58.59009467343558,-34.51008799875942],[-58.591136103696776,-34.50771940495545],[-58.591943497794944,-34.50588299264607],[-58.59192716883905,-34.50588280441743],[-58.59115026354598,-34.50593685212803],[-58.58973200063432,-34.5060355047345],[-58.58598585783488,-34.506296001079306]]]]}},{"type":"Feature","properties":{"NOMPROV":"BUENOS AIRES","PROV":"06","NOMDEPTO":"GENERAL SAN MARTIN","DEPTO":"371","FRAC":"25","RADIO":"06","TIPO":"U","LINK":"063712506","IDRADIO_9":"063712506","hog_tot":344,"hog_nbi":6,"pob_tot":952,"pct_nbi":1.744186046511628},"geometry":{"type":"MultiPolygon","coordinates":[[[[-58.532023511108505,-34.59578072121809],[-58.53203618517865,-34.59603749440256],[-58.53441320765613,-34.59567101570921],[-58.5341204655089,-34.59547035183407],[-58.53398182590894,-34.595249351750546],[-58.53385728419968,-34.59455903025661],[-58.53295622695075,-34.59401424186264],[-58.5320888481549,-34.593474189361174],[-58.53087017358211,-34.59273845171359],[-58.53118131644188,-34.5923996904054],[-58.53114910149343,-34.59237226244263],[-58.53112762487288,-34.592353977129605],[-58.53110630690188,-34.59232668034479],[-58.531084988944635,-34.592299383556515],[-58.52954162085907,-34.59258708598007],[-58.529313971088065,-34.59260252929477],[-58.52903169823556,-34.59315795476516],[-58.52999153066833,-34.593737364821486],[-58.531210212521344,-34.5944731113178],[-58.532083238721775,-34.59499338243214],[-58.53203692953686,-34.595615149242136],[-58.532023511108505,-34.59578072121809]]]]}},{"type":"Feature","properties":{"NOMPROV":"BUENOS AIRES","PROV":"06","NOMDEPTO":"GENERAL SAN MARTIN","DEPTO":"371","FRAC":"26","RADIO":"01","TIPO":"U","LINK":"063712601","IDRADIO_9":"063712601","hog_tot":373,"hog_nbi":12,"pob_tot":958,"pct_nbi":3.2171581769437},"geometry":{"type":"MultiPolygon","coordinates":[[[[-58.53678856251259,-34.58427246969122],[-58.53596553750768,-34.58497609361501],[-58.535722559178794,-34.58520063558575],[-58.53501956715213,-34.58585559672758],[-58.5347254114332,-34.5860878802762],[-58.53433787554637,-34.58643474725922],[-58.533696239890126,-34.58697685423079],[-58.533523353686085,-34.587117472875086],[-58.53508287256319,-34.58807511389351],[-58.53627763669141,-34.58881081024123],[-58.53685587137283,-34.58817030009134],[-58.5373212149683,-34.588435761594],[-58.53770953583774,-34.588692491793296],[-58.53824883516479,-34.58901442170955],[-58.53868902646073,-34.58866005915794],[-58.539277039160126,-34.58817947808682],[-58.54036829904705,-34.58729887064923],[-58.53956639877041,-34.586644254902374],[-58.53878682966553,-34.58598759848413],[-58.53802394160463,-34.58533343996596],[-58.53725924741643,-34.58465317304883],[-58.53678856251259,-34.58427246969122]]]]}},{"type":"Feature","properties":{"NOMPROV":"BUENOS AIRES","PROV":"06","NOMDEPTO":"GENERAL SAN MARTIN","DEPTO":"371","FRAC":"21","RADIO":"02","TIPO":"U","LINK":"063712102","IDRADIO_9":"063712102","hog_tot":329,"hog_nbi":2,"pob_tot":770,"pct_nbi":0.60790273556231},"geometry":{"type":"MultiPolygon","coordinates":[[[[-58.5481039306661,-34.56066774543622],[-58.547109310363005,-34.56147613210914],[-58.54707616117233,-34.561502777855104],[-58.546091751847385,-34.56230820653029],[-58.545009980202785,-34.56315466183708],[-58.54561121201276,-34.56366657911502],[-58.546325193490084,-34.564246354669464],[-58.54736751134839,-34.56340017543237],[-58.5484199317092,-34.5625462968941],[-58.54923607129453,-34.56323200766091],[-58.549944385010576,-34.56385333710005],[-58.55019164667374,-34.56404555673804],[-58.550139369825025,-34.56391874753977],[-58.549733619330006,-34.56281428948085],[-58.549410798299206,-34.561954176875076],[-58.549326940131664,-34.56176389876797],[-58.54931714255437,-34.56170068819638],[-58.5490916757308,-34.56150872591099],[-58.54871590106631,-34.56118878880199],[-58.5481039306661,-34.56066774543622]]]]}},{"type":"Feature","properties":{"NOMPROV":"BUENOS AIRES","PROV":"06","NOMDEPTO":"GENERAL SAN MARTIN","DEPTO":"371","FRAC":"49","RADIO":"06","TIPO":"U","LINK":"063714906","IDRADIO_9":"063714906","hog_tot":360,"hog_nbi":3,"pob_tot":933,"pct_nbi":0.833333333333333},"geometry":{"type":"MultiPolygon","coordinates":[[[[-58.54614644464465,-34.57110001109208],[-58.54686585043582,-34.571712477846575],[-58.547617637634104,-34.57234335176397],[-58.54838001626147,-34.57299237487853],[-58.549396867824946,-34.57216621830984],[-58.55042475109245,-34.571331170487106],[-58.54963000011004,-34.570663748401806],[-58.54891089535552,-34.57003327531562],[-58.54824501729316,-34.569475537796016],[-58.547195819543234,-34.57028327348222],[-58.54614644464465,-34.57110001109208]]]]}},{"type":"Feature","properties":{"NOMPROV":"BUENOS AIRES","PROV":"06","NOMDEPTO":"GENERAL SAN MARTIN","DEPTO":"371","FRAC":"31","RADIO":"06","TIPO":"U","LINK":"063713106","IDRADIO_9":"063713106","hog_tot":239,"hog_nbi":5,"pob_tot":664,"pct_nbi":2.092050209205021},"geometry":{"type":"MultiPolygon","coordinates":[[[[-58.56675228815293,-34.58249335839238],[-58.56781919221527,-34.58340753849645],[-58.568600374910496,-34.58279160691429],[-58.56942237360397,-34.58354074107798],[-58.57022365568827,-34.582904606531464],[-58.571019359304266,-34.58230517243865],[-58.57015848588526,-34.581505787751574],[-58.569062727357476,-34.58058258699434],[-58.56825591279581,-34.581240116729184],[-58.567504029332866,-34.58187124631997],[-58.56675228815293,-34.58249335839238]]]]}},{"type":"Feature","properties":{"NOMPROV":"BUENOS AIRES","PROV":"06","NOMDEPTO":"GENERAL SAN MARTIN","DEPTO":"371","FRAC":"21","RADIO":"06","TIPO":"U","LINK":"063712106","IDRADIO_9":"063712106","hog_tot":240,"hog_nbi":3,"pob_tot":631,"pct_nbi":1.25},"geometry":{"type":"MultiPolygon","coordinates":[[[[-58.54372002419414,-34.56902503767219],[-58.544514083175024,-34.569728542163766],[-58.54559645152616,-34.56889418562767],[-58.54670105645292,-34.56803304267365],[-58.545831523477965,-34.567283584918236],[-58.54509084498661,-34.566643818372036],[-58.5440181386919,-34.56755039464335],[-58.542967825735566,-34.568421174670064],[-58.54372002419414,-34.56902503767219]]]]}},{"type":"Feature","properties":{"NOMPROV":"BUENOS AIRES","PROV":"06","NOMDEPTO":"GENERAL SAN MARTIN","DEPTO":"371","FRAC":"29","RADIO":"01","TIPO":"U","LINK":"063712901","IDRADIO_9":"063712901","hog_tot":400,"hog_nbi":9,"pob_tot":913,"pct_nbi":2.25},"geometry":{"type":"MultiPolygon","coordinates":[[[[-58.54550635656942,-34.5740668086354],[-58.544964512008015,-34.57452003323898],[-58.544422661560844,-34.57497325525537],[-58.54337257088908,-34.575826012404086],[-58.54413510348469,-34.57646605011038],[-58.54488675385153,-34.5771059524822],[-58.545703000394596,-34.57779168813596],[-58.54675309346483,-34.57693891121914],[-58.54780879927961,-34.57604462895084],[-58.547739834493605,-34.575968196452095],[-58.54756802454412,-34.57582193785179],[-58.54751433406319,-34.57577623171036],[-58.54750359597405,-34.575767090479346],[-58.54699890950887,-34.57533745252306],[-58.54625799681649,-34.57470670342506],[-58.54550635656942,-34.5740668086354]]]]}},{"type":"Feature","properties":{"NOMPROV":"BUENOS AIRES","PROV":"06","NOMDEPTO":"GENERAL SAN MARTIN","DEPTO":"371","FRAC":"35","RADIO":"01","TIPO":"U","LINK":"063713501","IDRADIO_9":"063713501","hog_tot":455,"hog_nbi":10,"pob_tot":1232,"pct_nbi":2.197802197802198},"geometry":{"type":"MultiPolygon","coordinates":[[[[-58.582466650406005,-34.547944841846366],[-58.58100028651951,-34.54913488054244],[-58.57996863113667,-34.54998307614258],[-58.57918609938532,-34.550633991349784],[-58.578841747463485,-34.550907365550806],[-58.57878652234362,-34.550951790153505],[-58.57793197399436,-34.5516607491525],[-58.57729527072805,-34.552160253349456],[-58.57714363042208,-34.552279649050696],[-58.576802600496876,-34.552574273746515],[-58.57763491615584,-34.55332694991796],[-58.57854824994685,-34.55407459611301],[-58.57942891908412,-34.55481703775881],[-58.579837599481415,-34.554488294408095],[-58.580113580665774,-34.554275181713486],[-58.580581140600884,-34.55389532272869],[-58.58073226826859,-34.553768607749575],[-58.58140632563638,-34.55320859294249],[-58.58149468607997,-34.55313751259916],[-58.5820568552209,-34.55265816624514],[-58.58265281373367,-34.55217700929846],[-58.583179761573355,-34.551775520997666],[-58.58378854126467,-34.55128576036376],[-58.583735416600774,-34.55117668268617],[-58.583516441283834,-34.55068371157969],[-58.58314701717877,-34.54971611822863],[-58.582916798521836,-34.54907841988452],[-58.582466650406005,-34.547944841846366]]]]}},{"type":"Feature","properties":{"NOMPROV":"BUENOS AIRES","PROV":"06","NOMDEPTO":"GENERAL SAN MARTIN","DEPTO":"371","FRAC":"52","RADIO":"09","TIPO":"U","LINK":"063715209","IDRADIO_9":"063715209","hog_tot":335,"hog_nbi":14,"pob_tot":966,"pct_nbi":4.179104477611941},"geometry":{"type":"MultiPolygon","coordinates":[[[[-58.57129229794017,-34.582520819864584],[-58.57224281153389,-34.583251759089976],[-58.5730382565397,-34.582621109524],[-58.573640826262825,-34.5821743018708],[-58.574241961934895,-34.58171721796062],[-58.574714376860996,-34.581340511220446],[-58.573756418186875,-34.58054769786656],[-58.57264241750832,-34.579541869502435],[-58.57183729660102,-34.580200472682044],[-58.57139561514231,-34.58053781298926],[-58.57098985523204,-34.58085443665454],[-58.57015848588526,-34.581505787751574],[-58.571019359304266,-34.58230517243865],[-58.57129229794017,-34.582520819864584]]]]}},{"type":"Feature","properties":{"NOMPROV":"BUENOS AIRES","PROV":"06","NOMDEPTO":"GENERAL SAN MARTIN","DEPTO":"371","FRAC":"46","RADIO":"02","TIPO":"U","LINK":"063714602","IDRADIO_9":"063714602","hog_tot":249,"hog_nbi":4,"pob_tot":696,"pct_nbi":1.606425702811245},"geometry":{"type":"MultiPolygon","coordinates":[[[[-58.58443021684535,-34.53831140695444],[-58.58324063577088,-34.53867826512386],[-58.58204786877941,-34.53904540984358],[-58.581020956590606,-34.5393670142023],[-58.581389566996265,-34.5402050817578],[-58.58180821333396,-34.54108109855561],[-58.58283772367676,-34.54075053967728],[-58.583998521800595,-34.54038544058294],[-58.58516920300076,-34.54002604131756],[-58.58632439734181,-34.53965503662342],[-58.58604433243264,-34.538987646980196],[-58.585959779222826,-34.53878651422307],[-58.58559152321209,-34.53795163934925],[-58.58443021684535,-34.53831140695444]]]]}},{"type":"Feature","properties":{"NOMPROV":"BUENOS AIRES","PROV":"06","NOMDEPTO":"GENERAL SAN MARTIN","DEPTO":"371","FRAC":"35","RADIO":"11","TIPO":"U","LINK":"063713511","IDRADIO_9":"063713511","hog_tot":432,"hog_nbi":37,"pob_tot":1314,"pct_nbi":8.564814814814817},"geometry":{"type":"MultiPolygon","coordinates":[[[[-58.5826712484898,-34.56111341632513],[-58.58344188581632,-34.561774439978294],[-58.583786728458094,-34.56149999393424],[-58.58407238217812,-34.56126772847527],[-58.58441163938312,-34.56100264661944],[-58.584468532437285,-34.56095736642273],[-58.584697737430346,-34.56077494741945],[-58.58501789717312,-34.56052013588542],[-58.58525445509703,-34.560331861133804],[-58.58605963974802,-34.559691009180696],[-58.58655896198282,-34.55921920450514],[-58.58686793389179,-34.55898990177187],[-58.586304270776864,-34.55753048020189],[-58.585362644628944,-34.55784464147619],[-58.58445101410452,-34.55809692573119],[-58.58433983193608,-34.55814849241698],[-58.584165717424476,-34.55829122711405],[-58.58376193600897,-34.55862223547688],[-58.58349415125926,-34.55884175537442],[-58.58302016865374,-34.55922391743432],[-58.582814109282054,-34.55939005688928],[-58.58315206001594,-34.55973120028324],[-58.58368723088166,-34.56027141938009],[-58.5826712484898,-34.56111341632513]]]]}},{"type":"Feature","properties":{"NOMPROV":"BUENOS AIRES","PROV":"06","NOMDEPTO":"GENERAL SAN MARTIN","DEPTO":"371","FRAC":"14","RADIO":"06","TIPO":"U","LINK":"063711406","IDRADIO_9":"063711406","hog_tot":398,"hog_nbi":50,"pob_tot":1263,"pct_nbi":12.562814070351758},"geometry":{"type":"MultiPolygon","coordinates":[[[[-58.580833374499186,-34.52333620271197],[-58.58093755250251,-34.52335231900942],[-58.581947098689824,-34.52261078463201],[-58.58261372096146,-34.522135380092834],[-58.58250306557922,-34.5219250255972],[-58.58187231323954,-34.52124286475441],[-58.582591529581045,-34.52069375498733],[-58.58213149298858,-34.520163529710516],[-58.581793239823874,-34.519764704122416],[-58.581586246680544,-34.52002926627955],[-58.58144948890585,-34.52017693954893],[-58.58028854899058,-34.521132457013685],[-58.579590483187054,-34.521697924158595],[-58.57977325524327,-34.52192765354717],[-58.58029056790511,-34.522486025744605],[-58.580101671199756,-34.52264908756406],[-58.58061964163953,-34.52308486110276],[-58.580833374499186,-34.52333620271197]]]]}},{"type":"Feature","properties":{"NOMPROV":"BUENOS AIRES","PROV":"06","NOMDEPTO":"GENERAL SAN MARTIN","DEPTO":"371","FRAC":"43","RADIO":"03","TIPO":"U","LINK":"063714303","IDRADIO_9":"063714303","hog_tot":327,"hog_nbi":3,"pob_tot":839,"pct_nbi":0.917431192660551},"geometry":{"type":"MultiPolygon","coordinates":[[[[-58.532961022520325,-34.55565625474435],[-58.53236210038668,-34.55615243915332],[-58.5332911738248,-34.55688973796085],[-58.53401211092975,-34.557488710528084],[-58.534443422007286,-34.55784704770733],[-58.53472393188005,-34.55808009645126],[-58.534992664690755,-34.55830601329951],[-58.53526086037636,-34.55852617165175],[-58.53592501709584,-34.559087352485804],[-58.53658500401663,-34.559626229226225],[-58.537303757906734,-34.560223329522564],[-58.53789006436368,-34.559716589271375],[-58.53784712436157,-34.55968002117646],[-58.53720302991124,-34.559131498942655],[-58.53654965270334,-34.55858975735763],[-58.53651553257786,-34.55857344047005],[-58.535871139549606,-34.558042934626556],[-58.53559165101379,-34.5578122892908],[-58.53532352265928,-34.55758569417403],[-58.535049857562555,-34.55735968189958],[-58.53461474008154,-34.55700032859202],[-58.53387583556249,-34.5564051934725],[-58.53362640599101,-34.55620429214478],[-58.532961022520325,-34.55565625474435]]]]}},{"type":"Feature","properties":{"NOMPROV":"BUENOS AIRES","PROV":"06","NOMDEPTO":"GENERAL SAN MARTIN","DEPTO":"371","FRAC":"43","RADIO":"09","TIPO":"U","LINK":"063714309","IDRADIO_9":"063714309","hog_tot":219,"hog_nbi":3,"pob_tot":546,"pct_nbi":1.36986301369863},"geometry":{"type":"MultiPolygon","coordinates":[[[[-58.53651947356584,-34.56456740503835],[-58.53622061657756,-34.56483422394832],[-58.537160131810495,-34.565314185076666],[-58.53624255428894,-34.56606932325157],[-58.536109936457144,-34.56617589375597],[-58.53513708036696,-34.56697542732147],[-58.53448486840965,-34.567508401772535],[-58.535224838483124,-34.56818427592651],[-58.53596466250681,-34.568869158248184],[-58.536179064545706,-34.56907002425115],[-58.53666976538494,-34.56842694436861],[-58.53748316356079,-34.567400152555955],[-58.53756131314529,-34.56729292883625],[-58.538353217268906,-34.56624784635138],[-58.538626258050485,-34.56589959321688],[-58.53829779147166,-34.565679337704324],[-58.537672122813625,-34.565320320386974],[-58.53740357488019,-34.56510078038764],[-58.53696120764216,-34.56485211700567],[-58.53651947356584,-34.56456740503835]]]]}},{"type":"Feature","properties":{"NOMPROV":"BUENOS AIRES","PROV":"06","NOMDEPTO":"GENERAL SAN MARTIN","DEPTO":"371","FRAC":"43","RADIO":"01","TIPO":"U","LINK":"063714301","IDRADIO_9":"063714301","hog_tot":135,"hog_nbi":15,"pob_tot":427,"pct_nbi":11.11111111111111},"geometry":{"type":"MultiPolygon","coordinates":[[[[-58.52894019294618,-34.55484825608017],[-58.528720754340014,-34.555085603808095],[-58.52826892986529,-34.55543676974836],[-58.52796092847589,-34.55564928163917],[-58.52740870615962,-34.55603029376974],[-58.525302217759965,-34.55748306045284],[-58.52424354556147,-34.55818677010841],[-58.524656659018866,-34.558553996934116],[-58.52491207889134,-34.55881177955318],[-58.52524405282135,-34.55912519893348],[-58.525868164955924,-34.55968363425734],[-58.52611949712559,-34.55991495121842],[-58.52784838591722,-34.558716871115706],[-58.52844000258485,-34.558305803838785],[-58.528754104890716,-34.55808755532485],[-58.52905941931815,-34.55787541122387],[-58.529699666165996,-34.5574435708297],[-58.53073050830145,-34.55674826160093],[-58.53185832399077,-34.55598436921824],[-58.53264914003678,-34.555399368363105],[-58.53246682382646,-34.55523493488875],[-58.53209763281528,-34.554545476862266],[-58.53188628406212,-34.55417338448306],[-58.53130449154079,-34.553183924629465],[-58.53129391648027,-34.55316577053114],[-58.530608050124016,-34.55313948974653],[-58.530432513049654,-34.55320948321061],[-58.53037662747994,-34.55328993129599],[-58.530209604142655,-34.55349522928811],[-58.52996887433647,-34.55355542367001],[-58.52993477186331,-34.55363613385897],[-58.52978239577193,-34.553840712589846],[-58.52894019294618,-34.55484825608017]]]]}},{"type":"Feature","properties":{"NOMPROV":"BUENOS AIRES","PROV":"06","NOMDEPTO":"GENERAL SAN MARTIN","DEPTO":"371","FRAC":"10","RADIO":"05","TIPO":"U","LINK":"063711005","IDRADIO_9":"063711005","hog_tot":395,"hog_nbi":6,"pob_tot":997,"pct_nbi":1.518987341772152},"geometry":{"type":"MultiPolygon","coordinates":[[[[-58.54608788684361,-34.55318062704362],[-58.54543648103735,-34.55367761934308],[-58.545015838987226,-34.55406018389554],[-58.54432226456859,-34.554475546331254],[-58.543551025881385,-34.55497109912367],[-58.54426996349832,-34.55560160191529],[-58.545192884446195,-34.556405786425216],[-58.545974236580236,-34.555955411125595],[-58.54668944338462,-34.55554931044786],[-58.54782653219692,-34.55468853977743],[-58.549130576516674,-34.553622433912295],[-58.54825027448521,-34.55287286544941],[-58.5473587820538,-34.55214118541179],[-58.5468062020263,-34.55259429399632],[-58.54608788684361,-34.55318062704362]]]]}},{"type":"Feature","properties":{"NOMPROV":"BUENOS AIRES","PROV":"06","NOMDEPTO":"GENERAL SAN MARTIN","DEPTO":"371","FRAC":"35","RADIO":"04","TIPO":"U","LINK":"063713504","IDRADIO_9":"063713504","hog_tot":311,"hog_nbi":17,"pob_tot":933,"pct_nbi":5.466237942122188},"geometry":{"type":"MultiPolygon","coordinates":[[[[-58.580113580665774,-34.554275181713486],[-58.579837599481415,-34.554488294408095],[-58.57942891908412,-34.55481703775881],[-58.579729459802785,-34.55508192633408],[-58.58050222364262,-34.55576692643458],[-58.58117614609037,-34.555215925232844],[-58.581341673276334,-34.55509166002827],[-58.58180587984531,-34.55470046079016],[-58.58223530190152,-34.55507500166845],[-58.58269416884488,-34.555473324355944],[-58.583342188908134,-34.5549157971939],[-58.5840147966634,-34.554404034691885],[-58.58498612663194,-34.55523051006816],[-58.58542209919766,-34.55513464145695],[-58.58514761504057,-34.554434664008255],[-58.58507119186431,-34.55420285936337],[-58.5846988923759,-34.553213641107],[-58.58434572454711,-34.55234360203383],[-58.58411669571591,-34.55188435754387],[-58.58399710936936,-34.551704532732614],[-58.58378854126467,-34.55128576036376],[-58.583179761573355,-34.551775520997666],[-58.58265281373367,-34.55217700929846],[-58.5820568552209,-34.55265816624514],[-58.58149468607997,-34.55313751259916],[-58.58140632563638,-34.55320859294249],[-58.58073226826859,-34.553768607749575],[-58.580581140600884,-34.55389532272869],[-58.580113580665774,-34.554275181713486]]]]}},{"type":"Feature","properties":{"NOMPROV":"BUENOS AIRES","PROV":"06","NOMDEPTO":"GENERAL SAN MARTIN","DEPTO":"371","FRAC":"03","RADIO":"04","TIPO":"U","LINK":"063710304","IDRADIO_9":"063710304","hog_tot":481,"hog_nbi":22,"pob_tot":1407,"pct_nbi":4.573804573804576},"geometry":{"type":"MultiPolygon","coordinates":[[[[-58.563407408701565,-34.52731870062691],[-58.56351474620503,-34.52741009847338],[-58.56362518010674,-34.52732126235696],[-58.564276888915,-34.52678811718419],[-58.564995157183944,-34.526183641496644],[-58.56505068175396,-34.52612119933016],[-58.565095008597204,-34.526076652598164],[-58.56579164253356,-34.52546290517022],[-58.565544454732006,-34.52527071790942],[-58.56638105624422,-34.52455706279267],[-58.567095535221625,-34.5239449311981],[-58.56642430766545,-34.523362398070134],[-58.56565274191896,-34.52276623609729],[-58.56499018577869,-34.52329926201257],[-58.564913196064936,-34.52334342491651],[-58.56405073677004,-34.52401919229403],[-58.563262499609294,-34.524693368586696],[-58.5625648692792,-34.525363216925356],[-58.56174152444546,-34.52602818870766],[-58.56253627227263,-34.52667750507344],[-58.563407408701565,-34.52731870062691]]]]}},{"type":"Feature","properties":{"NOMPROV":"BUENOS AIRES","PROV":"06","NOMDEPTO":"GENERAL SAN MARTIN","DEPTO":"371","FRAC":"39","RADIO":"08","TIPO":"U","LINK":"063713908","IDRADIO_9":"063713908","hog_tot":263,"hog_nbi":6,"pob_tot":692,"pct_nbi":2.281368821292776},"geometry":{"type":"MultiPolygon","coordinates":[[[[-58.564466321332034,-34.532883465986544],[-58.56509366359058,-34.53341381880632],[-58.5658184895365,-34.53282665946653],[-58.56638392633723,-34.53238910277804],[-58.565715539518315,-34.5318289300079],[-58.566473867139806,-34.531209374146066],[-58.56584335376911,-34.53063247686524],[-58.564867668173385,-34.52980556933268],[-58.564056183436755,-34.53042560434088],[-58.56356816532378,-34.53081271026424],[-58.56329987008605,-34.53101581271249],[-58.56280263546081,-34.53145779120827],[-58.563786022527644,-34.532326429089984],[-58.564466321332034,-34.532883465986544]]]]}},{"type":"Feature","properties":{"NOMPROV":"BUENOS AIRES","PROV":"06","NOMDEPTO":"GENERAL SAN MARTIN","DEPTO":"371","FRAC":"05","RADIO":"01","TIPO":"U","LINK":"063710501","IDRADIO_9":"063710501","hog_tot":371,"hog_nbi":36,"pob_tot":903,"pct_nbi":9.703504043126687},"geometry":{"type":"MultiPolygon","coordinates":[[[[-58.54356007235059,-34.539066353393885],[-58.54355997610004,-34.53906643877509],[-58.54260331286023,-34.53990671392435],[-58.54261357860984,-34.53991535779511],[-58.54328152963844,-34.54047779342251],[-58.54394554554779,-34.541030025764975],[-58.545196078766736,-34.53998582059985],[-58.54649389220058,-34.53895528130622],[-58.54779201532679,-34.53790505668385],[-58.54714733503571,-34.53735661196762],[-58.546307751548696,-34.536641319679575],[-58.54465324754911,-34.53811715369728],[-58.5435614193558,-34.53906518689472],[-58.54356017294143,-34.53906626896588],[-58.54356007235059,-34.539066353393885]]]]}},{"type":"Feature","properties":{"NOMPROV":"BUENOS AIRES","PROV":"06","NOMDEPTO":"GENERAL SAN MARTIN","DEPTO":"371","FRAC":"27","RADIO":"08","TIPO":"U","LINK":"063712708","IDRADIO_9":"063712708","hog_tot":237,"hog_nbi":10,"pob_tot":620,"pct_nbi":4.219409282700422},"geometry":{"type":"MultiPolygon","coordinates":[[[[-58.544132591952156,-34.59402279334691],[-58.544308624445996,-34.59418302295578],[-58.54575081623177,-34.59396139274942],[-58.54556016621397,-34.593802479945936],[-58.545447615744706,-34.59369727771481],[-58.54609997071599,-34.59316425027037],[-58.54673005237267,-34.59265799408258],[-58.54595692889642,-34.5919908064552],[-58.54518350464745,-34.59134163633281],[-58.544542370003946,-34.5918567661859],[-58.543978450026366,-34.592318733623706],[-58.54308304885731,-34.593038128076145],[-58.543823151957135,-34.593722967233646],[-58.544132591952156,-34.59402279334691]]]]}},{"type":"Feature","properties":{"NOMPROV":"BUENOS AIRES","PROV":"06","NOMDEPTO":"GENERAL SAN MARTIN","DEPTO":"371","FRAC":"32","RADIO":"05","TIPO":"U","LINK":"063713205","IDRADIO_9":"063713205","hog_tot":345,"hog_nbi":19,"pob_tot":988,"pct_nbi":5.507246376811594},"geometry":{"type":"MultiPolygon","coordinates":[[[[-58.57196430125131,-34.570864033733365],[-58.57116865416586,-34.57151270245085],[-58.57228580217104,-34.57245416148294],[-58.57340220553633,-34.573440669092754],[-58.574508200867406,-34.57440000561236],[-58.57532579435467,-34.57374255724952],[-58.57615442327322,-34.573076219354114],[-58.575037529854065,-34.572116771206076],[-58.57393171035754,-34.571148428951204],[-58.57283665673057,-34.57018921531971],[-58.57266019338901,-34.570313340241164],[-58.57196430125131,-34.570864033733365]]]]}},{"type":"Feature","properties":{"NOMPROV":"BUENOS AIRES","PROV":"06","NOMDEPTO":"GENERAL SAN MARTIN","DEPTO":"371","FRAC":"51","RADIO":"08","TIPO":"U","LINK":"063715108","IDRADIO_9":"063715108","hog_tot":417,"hog_nbi":10,"pob_tot":1148,"pct_nbi":2.398081534772182},"geometry":{"type":"MultiPolygon","coordinates":[[[[-58.54719667060776,-34.58427977789738],[-58.54613048837151,-34.58514780207501],[-58.54559841957426,-34.58556607041685],[-58.545062758789996,-34.58601015477659],[-58.54450479583655,-34.58649593616362],[-58.54404742097783,-34.586847544647455],[-58.54366846071992,-34.58717474700088],[-58.54449985277961,-34.58773754128549],[-58.54546453386113,-34.588324956356736],[-58.54621628148885,-34.58773957876877],[-58.54680257795331,-34.58724181295178],[-58.54773072852624,-34.58651376567418],[-58.54881360411084,-34.58566136350494],[-58.548738427885446,-34.58559737552135],[-58.54796503767777,-34.58494822420863],[-58.54719667060776,-34.58427977789738]]]]}},{"type":"Feature","properties":{"NOMPROV":"BUENOS AIRES","PROV":"06","NOMDEPTO":"GENERAL SAN MARTIN","DEPTO":"371","FRAC":"24","RADIO":"07","TIPO":"U","LINK":"063712407","IDRADIO_9":"063712407","hog_tot":226,"hog_nbi":3,"pob_tot":587,"pct_nbi":1.327433628318584},"geometry":{"type":"MultiPolygon","coordinates":[[[[-58.519074675241875,-34.58315368198513],[-58.52050970699778,-34.58404496344237],[-58.52183286646298,-34.58484175955014],[-58.52315918923921,-34.585641982379144],[-58.523837553126974,-34.584875041412225],[-58.5244716838282,-34.58414361595966],[-58.52514922706313,-34.58342172508047],[-58.52424306807585,-34.58289700745944],[-58.52379138602156,-34.58262883366704],[-58.52247452522003,-34.58183906902153],[-58.522312847061585,-34.58173796407921],[-58.52126931454838,-34.58220303093496],[-58.520214555496096,-34.58268597927805],[-58.519074675241875,-34.58315368198513]]]]}},{"type":"Feature","properties":{"NOMPROV":"BUENOS AIRES","PROV":"06","NOMDEPTO":"GENERAL SAN MARTIN","DEPTO":"371","FRAC":"25","RADIO":"03","TIPO":"U","LINK":"063712503","IDRADIO_9":"063712503","hog_tot":230,"hog_nbi":9,"pob_tot":636,"pct_nbi":3.91304347826087},"geometry":{"type":"MultiPolygon","coordinates":[[[[-58.52070169705497,-34.59363814096396],[-58.52134586284558,-34.59498438689837],[-58.52193392127042,-34.59442846410167],[-58.522646582249365,-34.593666673106036],[-58.52391872490456,-34.59445721823992],[-58.52457472506814,-34.59372605887877],[-58.525241610624946,-34.59299502732865],[-58.52395842041269,-34.59221337476721],[-58.52268615233569,-34.591431842079096],[-58.52142496359655,-34.59064141633832],[-58.52050769199676,-34.59008569419689],[-58.51924385560151,-34.58923912310706],[-58.5187109950944,-34.589426172969816],[-58.519435431194694,-34.59097056631527],[-58.51990446695946,-34.59197295832682],[-58.52070169705497,-34.59363814096396]]]]}},{"type":"Feature","properties":{"NOMPROV":"BUENOS AIRES","PROV":"06","NOMDEPTO":"GENERAL SAN MARTIN","DEPTO":"371","FRAC":"25","RADIO":"08","TIPO":"U","LINK":"063712508","IDRADIO_9":"063712508","hog_tot":356,"hog_nbi":13,"pob_tot":952,"pct_nbi":3.651685393258427},"geometry":{"type":"MultiPolygon","coordinates":[[[[-58.5341204655089,-34.59547035183407],[-58.53441320765613,-34.59567101570921],[-58.53632434377717,-34.59538163769006],[-58.53844291649483,-34.59507409116592],[-58.538527678803064,-34.5950597008704],[-58.53828043673236,-34.594906873402195],[-58.537869506700225,-34.59464551773912],[-58.537279659776004,-34.59426500226341],[-58.53701091182544,-34.59409485299514],[-58.536112450550704,-34.59353642387331],[-58.53524260434287,-34.59297576567253],[-58.53437193058332,-34.59243676230883],[-58.533884837072286,-34.59299103591742],[-58.53341998481678,-34.59349458971449],[-58.53295622695075,-34.59401424186264],[-58.53385728419968,-34.59455903025661],[-58.53398182590894,-34.595249351750546],[-58.5341204655089,-34.59547035183407]]]]}},{"type":"Feature","properties":{"NOMPROV":"BUENOS AIRES","PROV":"06","NOMDEPTO":"GENERAL SAN MARTIN","DEPTO":"371","FRAC":"53","RADIO":"06","TIPO":"U","LINK":"063715306","IDRADIO_9":"063715306","hog_tot":364,"hog_nbi":13,"pob_tot":1036,"pct_nbi":3.571428571428571},"geometry":{"type":"MultiPolygon","coordinates":[[[[-58.592213755151555,-34.562239039746515],[-58.59219592108844,-34.56261830356329],[-58.593461245507015,-34.562616687445015],[-58.5945226920216,-34.562625673997154],[-58.594746099944196,-34.56261852340659],[-58.59596410120085,-34.562635781336155],[-58.59723328895322,-34.56263741179197],[-58.598385843689364,-34.56264685653551],[-58.59883749116357,-34.56227920245627],[-58.59891495375746,-34.56220798442644],[-58.60018225754011,-34.5612020404417],[-58.599275150727046,-34.56044975498901],[-58.5987324953388,-34.55998818704981],[-58.59819793982713,-34.559486687936285],[-58.597564029381864,-34.55895662412282],[-58.59596349250441,-34.56022198266259],[-58.594744813565136,-34.560218800082914],[-58.593513032989584,-34.560215454364574],[-58.59221915578746,-34.56020324986316],[-58.592194795270096,-34.561260004676924],[-58.592213755151555,-34.562239039746515]]]]}},{"type":"Feature","properties":{"NOMPROV":"BUENOS AIRES","PROV":"06","NOMDEPTO":"GENERAL SAN MARTIN","DEPTO":"371","FRAC":"32","RADIO":"02","TIPO":"U","LINK":"063713202","IDRADIO_9":"063713202","hog_tot":315,"hog_nbi":9,"pob_tot":855,"pct_nbi":2.857142857142857},"geometry":{"type":"MultiPolygon","coordinates":[[[[-58.574438473883156,-34.56890999963246],[-58.57555547127338,-34.569860440833494],[-58.57639495292552,-34.56919422614365],[-58.57750093023349,-34.57015353475636],[-58.57832904543985,-34.56951421547345],[-58.57915776017068,-34.56883884340389],[-58.57805178017195,-34.567879548666646],[-58.57693389562529,-34.56690731966849],[-58.57609501789428,-34.56761337264998],[-58.57527779951937,-34.5682528041779],[-58.574438473883156,-34.56890999963246]]]]}},{"type":"Feature","properties":{"NOMPROV":"BUENOS AIRES","PROV":"06","NOMDEPTO":"GENERAL SAN MARTIN","DEPTO":"371","FRAC":"08","RADIO":"01","TIPO":"U","LINK":"063710801","IDRADIO_9":"063710801","hog_tot":420,"hog_nbi":12,"pob_tot":1219,"pct_nbi":2.857142857142857},"geometry":{"type":"MultiPolygon","coordinates":[[[[-58.523020968270224,-34.55897244341616],[-58.52227468146134,-34.559880062157504],[-58.522163523026265,-34.56000490410796],[-58.52139614008728,-34.56088793627162],[-58.522226274885604,-34.561384712720006],[-58.5228814724885,-34.56178017592368],[-58.52363485921248,-34.56221781004784],[-58.52438809949096,-34.56266418173367],[-58.52508392227215,-34.56305971523199],[-58.525935792647054,-34.56205405681712],[-58.5270622262957,-34.560769655996275],[-58.526833257311104,-34.560563136351064],[-58.52611949712559,-34.55991495121842],[-58.525868164955924,-34.55968363425734],[-58.52524405282135,-34.55912519893348],[-58.52491207889134,-34.55881177955318],[-58.524656659018866,-34.558553996934116],[-58.52424354556147,-34.55818677010841],[-58.52392489555096,-34.55789426257184],[-58.523020968270224,-34.55897244341616]]]]}},{"type":"Feature","properties":{"NOMPROV":"BUENOS AIRES","PROV":"06","NOMDEPTO":"GENERAL SAN MARTIN","DEPTO":"371","FRAC":"09","RADIO":"07","TIPO":"U","LINK":"063710907","IDRADIO_9":"063710907","hog_tot":284,"hog_nbi":5,"pob_tot":692,"pct_nbi":1.76056338028169},"geometry":{"type":"MultiPolygon","coordinates":[[[[-58.52958916255362,-34.56770189150373],[-58.52853854299187,-34.5685815549286],[-58.52906472112725,-34.56902054034223],[-58.52931162953263,-34.56923082427713],[-58.53036225071111,-34.56835115430017],[-58.53112477289856,-34.568982258307024],[-58.53188667403194,-34.56964940291048],[-58.532937114942776,-34.56877872176118],[-58.532175055566654,-34.56812059513469],[-58.53142390081354,-34.56746259415252],[-58.53065049613309,-34.56683136101143],[-58.52958916255362,-34.56770189150373]]]]}},{"type":"Feature","properties":{"NOMPROV":"BUENOS AIRES","PROV":"06","NOMDEPTO":"GENERAL SAN MARTIN","DEPTO":"371","FRAC":"09","RADIO":"04","TIPO":"U","LINK":"063710904","IDRADIO_9":"063710904","hog_tot":182,"hog_nbi":11,"pob_tot":500,"pct_nbi":6.043956043956044},"geometry":{"type":"MultiPolygon","coordinates":[[[[-58.5293942343289,-34.56577859572627],[-58.5299203589274,-34.566218671944966],[-58.53093809495936,-34.56534761332601],[-58.53152495133307,-34.564813871436726],[-58.530814508704594,-34.56416215407982],[-58.53054120674629,-34.56392938601596],[-58.530124258266085,-34.56355424038517],[-58.52956373008345,-34.56419537489868],[-58.528707013072946,-34.56520356450711],[-58.5293942343289,-34.56577859572627]]]]}},{"type":"Feature","properties":{"NOMPROV":"BUENOS AIRES","PROV":"06","NOMDEPTO":"GENERAL SAN MARTIN","DEPTO":"371","FRAC":"05","RADIO":"10","TIPO":"U","LINK":"063710510","IDRADIO_9":"063710510","hog_tot":440,"hog_nbi":17,"pob_tot":1256,"pct_nbi":3.863636363636363},"geometry":{"type":"MultiPolygon","coordinates":[[[[-58.54273564114698,-34.54425340518352],[-58.5416197992811,-34.54515043861879],[-58.54028328383024,-34.54620706527323],[-58.53995183228228,-34.54647350448402],[-58.540539979212426,-34.54710246447004],[-58.540623583539315,-34.54717664775201],[-58.54115037182467,-34.54772923134672],[-58.54172859294753,-34.54837510073254],[-58.5423560059099,-34.547908330013726],[-58.54362686459094,-34.54686892553197],[-58.54473197515107,-34.54596273261436],[-58.54407735961827,-34.545396093993],[-58.54342290998223,-34.544820440446024],[-58.54273564114698,-34.54425340518352]]]]}},{"type":"Feature","properties":{"NOMPROV":"BUENOS AIRES","PROV":"06","NOMDEPTO":"GENERAL SAN MARTIN","DEPTO":"371","FRAC":"52","RADIO":"03","TIPO":"U","LINK":"063715203","IDRADIO_9":"063715203","hog_tot":503,"hog_nbi":19,"pob_tot":1364,"pct_nbi":3.777335984095427},"geometry":{"type":"MultiPolygon","coordinates":[[[[-58.566252725748924,-34.57541194842676],[-58.56545471837898,-34.57605572653997],[-58.56462817245208,-34.57673134605568],[-58.56543268078818,-34.57747540022874],[-58.56569060401186,-34.57768574127068],[-58.56598028439593,-34.57795053474772],[-58.56653878952813,-34.57842579491058],[-58.56680745800609,-34.578645273302314],[-58.567135303331845,-34.57892985787],[-58.56795687053096,-34.5796141908306],[-58.56877441209385,-34.57896580109441],[-58.569625243365,-34.578281742939616],[-58.570464549359336,-34.57763359740414],[-58.57045380845185,-34.57762445812728],[-58.56931497888606,-34.5766737147939],[-58.56818691677422,-34.57573209990927],[-58.56708113261784,-34.57476369690629],[-58.566252725748924,-34.57541194842676]]]]}},{"type":"Feature","properties":{"NOMPROV":"BUENOS AIRES","PROV":"06","NOMDEPTO":"GENERAL SAN MARTIN","DEPTO":"371","FRAC":"32","RADIO":"09","TIPO":"U","LINK":"063713209","IDRADIO_9":"063713209","hog_tot":275,"hog_nbi":22,"pob_tot":850,"pct_nbi":8},"geometry":{"type":"MultiPolygon","coordinates":[[[[-58.580829754834966,-34.57304054259421],[-58.58194657566029,-34.574008951219234],[-58.582945635990924,-34.574852909781676],[-58.58356424356496,-34.57436181895258],[-58.58378671001194,-34.57418520832788],[-58.584165556786324,-34.573886031007184],[-58.58460944113847,-34.57353548901842],[-58.58391508170371,-34.57295019283173],[-58.58359267469563,-34.572685061418944],[-58.58248674698323,-34.57171679417336],[-58.58165818094444,-34.57238317679151],[-58.580829754834966,-34.57304054259421]]]]}},{"type":"Feature","properties":{"NOMPROV":"BUENOS AIRES","PROV":"06","NOMDEPTO":"GENERAL SAN MARTIN","DEPTO":"371","FRAC":"53","RADIO":"03","TIPO":"U","LINK":"063715303","IDRADIO_9":"063715303","hog_tot":384,"hog_nbi":14,"pob_tot":1085,"pct_nbi":3.645833333333333},"geometry":{"type":"MultiPolygon","coordinates":[[[[-58.58770645288695,-34.56126074546979],[-58.58796781565123,-34.56204577883602],[-58.58808483779795,-34.56204074106381],[-58.58826658393757,-34.56205653206789],[-58.58843546359249,-34.56209625537911],[-58.58853243717741,-34.56216047130773],[-58.58859672995178,-34.56222430926821],[-58.58861276536805,-34.56224252169167],[-58.58867161270484,-34.562306296647],[-58.58871634421817,-34.562399789022244],[-58.58872257750861,-34.562514195554066],[-58.589876660056,-34.56256358792433],[-58.59005095351429,-34.56256560138091],[-58.590946481425505,-34.562607127611095],[-58.59219592108844,-34.56261830356329],[-58.592213755151555,-34.562239039746515],[-58.592194795270096,-34.561260004676924],[-58.59221915578746,-34.56020324986316],[-58.592255985542515,-34.559490094883714],[-58.59186284971147,-34.55849439410412],[-58.59149897688552,-34.55762708284868],[-58.59012184560172,-34.55642823439745],[-58.589271861582404,-34.55708541216199],[-58.58810201734814,-34.55797323565637],[-58.58737365121654,-34.55852364513926],[-58.58686793389179,-34.55898990177187],[-58.58716286687647,-34.55971835033076],[-58.58756407311206,-34.56082603709883],[-58.58756414665921,-34.56082626238609],[-58.58770645288695,-34.56126074546979]]]]}},{"type":"Feature","properties":{"NOMPROV":"BUENOS AIRES","PROV":"06","NOMDEPTO":"GENERAL SAN MARTIN","DEPTO":"371","FRAC":"51","RADIO":"01","TIPO":"U","LINK":"063715101","IDRADIO_9":"063715101","hog_tot":276,"hog_nbi":4,"pob_tot":577,"pct_nbi":1.449275362318841},"geometry":{"type":"MultiPolygon","coordinates":[[[[-58.53943848982079,-34.57770785711071],[-58.53837726142355,-34.5785694498559],[-58.53734885488691,-34.579422412963034],[-58.538111213925184,-34.580071499129524],[-58.53913946345607,-34.5792275412093],[-58.53990199383236,-34.57986760410368],[-58.54097411923258,-34.57900612855942],[-58.540200851514385,-34.578356930424356],[-58.53943848982079,-34.57770785711071]]]]}},{"type":"Feature","properties":{"NOMPROV":"BUENOS AIRES","PROV":"06","NOMDEPTO":"GENERAL SAN MARTIN","DEPTO":"371","FRAC":"10","RADIO":"04","TIPO":"U","LINK":"063711004","IDRADIO_9":"063711004","hog_tot":250,"hog_nbi":3,"pob_tot":667,"pct_nbi":1.2},"geometry":{"type":"MultiPolygon","coordinates":[[[[-58.54211595457526,-34.557297458439386],[-58.54306050022621,-34.5581109314651],[-58.54409915806719,-34.557276062292644],[-58.545192884446195,-34.556405786425216],[-58.54426996349832,-34.55560160191529],[-58.543551025881385,-34.55497109912367],[-58.5424754710803,-34.555827118992134],[-58.54140775347914,-34.55667608577564],[-58.54211595457526,-34.557297458439386]]]]}},{"type":"Feature","properties":{"NOMPROV":"BUENOS AIRES","PROV":"06","NOMDEPTO":"GENERAL SAN MARTIN","DEPTO":"371","FRAC":"10","RADIO":"01","TIPO":"U","LINK":"063711001","IDRADIO_9":"063711001","hog_tot":338,"hog_nbi":3,"pob_tot":894,"pct_nbi":0.887573964497041},"geometry":{"type":"MultiPolygon","coordinates":[[[[-58.541769472447854,-34.55231587257297],[-58.542650865736775,-34.55305025289144],[-58.54352803447975,-34.55379006485061],[-58.54432226456859,-34.554475546331254],[-58.545015838987226,-34.55406018389554],[-58.54543648103735,-34.55367761934308],[-58.54608788684361,-34.55318062704362],[-58.545307681935455,-34.55231505585055],[-58.544581795569655,-34.551459140837004],[-58.54384487425659,-34.550612102515935],[-58.54283841498996,-34.55147462599114],[-58.54238496124063,-34.55183913167314],[-58.541769472447854,-34.55231587257297]]]]}},{"type":"Feature","properties":{"NOMPROV":"BUENOS AIRES","PROV":"06","NOMDEPTO":"GENERAL SAN MARTIN","DEPTO":"371","FRAC":"44","RADIO":"05","TIPO":"U","LINK":"063714405","IDRADIO_9":"063714405","hog_tot":406,"hog_nbi":9,"pob_tot":1031,"pct_nbi":2.216748768472907},"geometry":{"type":"MultiPolygon","coordinates":[[[[-58.56381829232742,-34.53446152427332],[-58.5635920998151,-34.534650740363595],[-58.56289593797343,-34.53520341763052],[-58.562534097299455,-34.535501731685905],[-58.561232295432276,-34.536526958823515],[-58.56213969712218,-34.53729168836327],[-58.56304877899409,-34.53804954654739],[-58.56389655081675,-34.538789612613314],[-58.5647878995816,-34.53953018605289],[-58.56606909107276,-34.538499675148536],[-58.56735056089585,-34.5374511273683],[-58.566480836558725,-34.53671983979589],[-58.565572432077914,-34.535965405646024],[-58.5646893941759,-34.53521360205322],[-58.56381829232742,-34.53446152427332]]]]}},{"type":"Feature","properties":{"NOMPROV":"BUENOS AIRES","PROV":"06","NOMDEPTO":"GENERAL SAN MARTIN","DEPTO":"371","FRAC":"49","RADIO":"01","TIPO":"U","LINK":"063714901","IDRADIO_9":"063714901","hog_tot":232,"hog_nbi":5,"pob_tot":546,"pct_nbi":2.155172413793104},"geometry":{"type":"MultiPolygon","coordinates":[[[[-58.549840419095624,-34.567331284229525],[-58.55036576647167,-34.56782424998794],[-58.55136214917838,-34.56705679359951],[-58.55107134753475,-34.566424123183715],[-58.55088321224384,-34.56570475303721],[-58.55058923350468,-34.56501991988523],[-58.5499330268116,-34.5655729049683],[-58.54887804109448,-34.566359450293],[-58.54934903837498,-34.56685243302125],[-58.549840419095624,-34.567331284229525]]]]}},{"type":"Feature","properties":{"NOMPROV":"BUENOS AIRES","PROV":"06","NOMDEPTO":"GENERAL SAN MARTIN","DEPTO":"371","FRAC":"36","RADIO":"11","TIPO":"U","LINK":"063713611","IDRADIO_9":"063713611","hog_tot":176,"hog_nbi":10,"pob_tot":575,"pct_nbi":5.681818181818182},"geometry":{"type":"MultiPolygon","coordinates":[[[[-58.58542209919766,-34.55513464145695],[-58.58558398616655,-34.55559118835159],[-58.585857562873095,-34.55540545017865],[-58.58693926790115,-34.554516644587224],[-58.58746993856712,-34.55411716208843],[-58.58793105313236,-34.553742409709564],[-58.58832355268526,-34.55345799678939],[-58.58922192630382,-34.55275591273558],[-58.589830079693996,-34.55227787886678],[-58.5905461191575,-34.55172269423262],[-58.58997032134648,-34.551219551467774],[-58.58937940318661,-34.55067703513319],[-58.5880492752555,-34.55168037564223],[-58.58669322464512,-34.55266771024503],[-58.58573289175278,-34.55343229910714],[-58.5855827961371,-34.553476894044195],[-58.58507119186431,-34.55420285936337],[-58.58514761504057,-34.554434664008255],[-58.58542209919766,-34.55513464145695]]]]}},{"type":"Feature","properties":{"NOMPROV":"BUENOS AIRES","PROV":"06","NOMDEPTO":"GENERAL SAN MARTIN","DEPTO":"371","FRAC":"27","RADIO":"05","TIPO":"U","LINK":"063712705","IDRADIO_9":"063712705","hog_tot":332,"hog_nbi":7,"pob_tot":874,"pct_nbi":2.108433734939759},"geometry":{"type":"MultiPolygon","coordinates":[[[[-58.54546453386113,-34.588324956356736],[-58.54479116144478,-34.588840249989545],[-58.545674782903674,-34.589418628806015],[-58.54583619098651,-34.589537726817746],[-58.54654752107841,-34.58999687168589],[-58.54670908739064,-34.590106957044114],[-58.5473234542395,-34.590501848675096],[-58.54800861879131,-34.58996018838683],[-58.548572343976545,-34.58950721272595],[-58.54922417585634,-34.58900120152959],[-58.54845992461521,-34.588451308482604],[-58.5476201914418,-34.587855445243434],[-58.54680257795331,-34.58724181295178],[-58.54621628148885,-34.58773957876877],[-58.54546453386113,-34.588324956356736]]]]}},{"type":"Feature","properties":{"NOMPROV":"BUENOS AIRES","PROV":"06","NOMDEPTO":"GENERAL SAN MARTIN","DEPTO":"371","FRAC":"05","RADIO":"03","TIPO":"U","LINK":"063710503","IDRADIO_9":"063710503","hog_tot":196,"hog_nbi":3,"pob_tot":496,"pct_nbi":1.530612244897959},"geometry":{"type":"MultiPolygon","coordinates":[[[[-58.55308087294939,-34.538139136709844],[-58.55179953094198,-34.53916950656413],[-58.551134028666546,-34.53860277615354],[-58.550447223109074,-34.53800874882661],[-58.54915464885403,-34.53905698502562],[-58.54985249977045,-34.53964213723628],[-58.55052889135693,-34.540209003817154],[-58.551183668755876,-34.54076659585752],[-58.552465043322854,-34.539736233535145],[-58.55376816646258,-34.53870611388707],[-58.55308087294939,-34.538139136709844]]]]}},{"type":"Feature","properties":{"NOMPROV":"BUENOS AIRES","PROV":"06","NOMDEPTO":"GENERAL SAN MARTIN","DEPTO":"371","FRAC":"25","RADIO":"04","TIPO":"U","LINK":"063712504","IDRADIO_9":"063712504","hog_tot":346,"hog_nbi":9,"pob_tot":962,"pct_nbi":2.601156069364162},"geometry":{"type":"MultiPolygon","coordinates":[[[[-58.52457472506814,-34.59372605887877],[-58.52391872490456,-34.59445721823992],[-58.522646582249365,-34.593666673106036],[-58.52193392127042,-34.59442846410167],[-58.52134586284558,-34.59498438689837],[-58.52166921165334,-34.595675623657215],[-58.521823843740286,-34.59607650247404],[-58.5219834687726,-34.59650386874734],[-58.52202461980277,-34.59661898295065],[-58.52228814275177,-34.5973561383115],[-58.522980476485465,-34.59734544355898],[-58.52337849359464,-34.59730333080975],[-58.523984527309,-34.59723920644854],[-58.524448869600036,-34.597169094010056],[-58.5277989242782,-34.59665812599556],[-58.527997278741196,-34.59662836870535],[-58.52797314568866,-34.59643506526972],[-58.52784157728581,-34.59569422562151],[-58.528206807756405,-34.59481547692699],[-58.52779716559321,-34.59455816109499],[-58.52651675747877,-34.59377048815365],[-58.525241610624946,-34.59299502732865],[-58.52457472506814,-34.59372605887877]]]]}},{"type":"Feature","properties":{"NOMPROV":"BUENOS AIRES","PROV":"06","NOMDEPTO":"GENERAL SAN MARTIN","DEPTO":"371","FRAC":"38","RADIO":"06","TIPO":"U","LINK":"063713806","IDRADIO_9":"063713806","hog_tot":411,"hog_nbi":11,"pob_tot":1189,"pct_nbi":2.67639902676399},"geometry":{"type":"MultiPolygon","coordinates":[[[[-58.5694999859832,-34.51669266902804],[-58.56868245150871,-34.51741180448987],[-58.56907746419191,-34.518383460284745],[-58.569181739823634,-34.5186540749023],[-58.569520707405495,-34.519489729887965],[-58.56956959413154,-34.51960297256298],[-58.57003422193335,-34.52072042144669],[-58.5702978499891,-34.521352256876014],[-58.570576405113655,-34.52204187373012],[-58.57166931944747,-34.52118728061742],[-58.57224317687726,-34.5207433150172],[-58.57235202308223,-34.520621308439104],[-58.57307651373305,-34.520019844780734],[-58.57390979214002,-34.51935396081985],[-58.57462000880897,-34.518848781137706],[-58.574773911784824,-34.518979811624526],[-58.57547582894146,-34.51841711279406],[-58.574762089374524,-34.51780690356886],[-58.574035144515676,-34.51718538992145],[-58.57325974643573,-34.51658759931218],[-58.5725655211188,-34.51716871531511],[-58.571636855641195,-34.51639406391913],[-58.57077962629121,-34.51560644633764],[-58.57054965844304,-34.515802134037564],[-58.5694999859832,-34.51669266902804]]]]}},{"type":"Feature","properties":{"NOMPROV":"BUENOS AIRES","PROV":"06","NOMDEPTO":"GENERAL SAN MARTIN","DEPTO":"371","FRAC":"10","RADIO":"02","TIPO":"U","LINK":"063711002","IDRADIO_9":"063711002","hog_tot":428,"hog_nbi":18,"pob_tot":1135,"pct_nbi":4.205607476635514},"geometry":{"type":"MultiPolygon","coordinates":[[[[-58.54000899175315,-34.553802107943405],[-58.539112093190795,-34.55462962593178],[-58.53905684507264,-34.5546740319378],[-58.53957226064831,-34.555103830276636],[-58.539797688216126,-34.555295808453806],[-58.54000164628034,-34.555469503456166],[-58.540366469434154,-34.55578933595154],[-58.540699406614,-34.556063719879766],[-58.540828224099876,-34.55617342111419],[-58.541343343382124,-34.55662123545889],[-58.54140775347914,-34.55667608577564],[-58.5424754710803,-34.555827118992134],[-58.543551025881385,-34.55497109912367],[-58.54432226456859,-34.554475546331254],[-58.54352803447975,-34.55379006485061],[-58.542650865736775,-34.55305025289144],[-58.541769472447854,-34.55231587257297],[-58.54075589362149,-34.55314635478867],[-58.54000899175315,-34.553802107943405]]]]}},{"type":"Feature","properties":{"NOMPROV":"BUENOS AIRES","PROV":"06","NOMDEPTO":"GENERAL SAN MARTIN","DEPTO":"371","FRAC":"25","RADIO":"07","TIPO":"U","LINK":"063712507","IDRADIO_9":"063712507","hog_tot":358,"hog_nbi":2,"pob_tot":866,"pct_nbi":0.558659217877095},"geometry":{"type":"MultiPolygon","coordinates":[[[[-58.52961835253717,-34.592029343663434],[-58.529313971088065,-34.59260252929477],[-58.52954162085907,-34.59258708598007],[-58.531084988944635,-34.592299383556515],[-58.53110630690188,-34.59232668034479],[-58.53112762487288,-34.592353977129605],[-58.53114910149343,-34.59237226244263],[-58.53118131644188,-34.5923996904054],[-58.53087017358211,-34.59273845171359],[-58.5320888481549,-34.593474189361174],[-58.53295622695075,-34.59401424186264],[-58.53341998481678,-34.59349458971449],[-58.533884837072286,-34.59299103591742],[-58.53437193058332,-34.59243676230883],[-58.53349383637715,-34.591944800927216],[-58.53227371346672,-34.59117902817487],[-58.531106613450945,-34.59045190471986],[-58.53086942457699,-34.59030483579918],[-58.530632237652306,-34.59015776554714],[-58.530543001452884,-34.590273864805],[-58.53021588726974,-34.59090085949944],[-58.52995668915143,-34.59138445835733],[-58.529742346812256,-34.59179649010975],[-58.52961835253717,-34.592029343663434]]]]}},{"type":"Feature","properties":{"NOMPROV":"BUENOS AIRES","PROV":"06","NOMDEPTO":"GENERAL SAN MARTIN","DEPTO":"371","FRAC":"29","RADIO":"05","TIPO":"U","LINK":"063712905","IDRADIO_9":"063712905","hog_tot":333,"hog_nbi":6,"pob_tot":794,"pct_nbi":1.801801801801802},"geometry":{"type":"MultiPolygon","coordinates":[[[[-58.54729242403832,-34.57913558949942],[-58.54624090798492,-34.57995135885832],[-58.545199206229285,-34.58083711497959],[-58.54596565717368,-34.581481298372175],[-58.54669510340179,-34.58210917361819],[-58.54776719021325,-34.58128643048633],[-58.54786383957432,-34.581368700517956],[-58.548935591911146,-34.580525177644695],[-58.54808707612247,-34.57981203901297],[-58.54729242403832,-34.57913558949942]]]]}},{"type":"Feature","properties":{"NOMPROV":"BUENOS AIRES","PROV":"06","NOMDEPTO":"GENERAL SAN MARTIN","DEPTO":"371","FRAC":"04","RADIO":"07","TIPO":"U","LINK":"063710407","IDRADIO_9":"063710407","hog_tot":410,"hog_nbi":18,"pob_tot":1101,"pct_nbi":4.390243902439024},"geometry":{"type":"MultiPolygon","coordinates":[[[[-58.54714733503571,-34.53735661196762],[-58.54779201532679,-34.53790505668385],[-58.54911610688039,-34.53688428303688],[-58.55039908258689,-34.53586043655841],[-58.55164979860161,-34.53479649074938],[-58.55097038743964,-34.53421788603811],[-58.550029815707965,-34.53344289955184],[-58.546307751548696,-34.536641319679575],[-58.54714733503571,-34.53735661196762]]]]}},{"type":"Feature","properties":{"NOMPROV":"BUENOS AIRES","PROV":"06","NOMDEPTO":"GENERAL SAN MARTIN","DEPTO":"371","FRAC":"36","RADIO":"10","TIPO":"U","LINK":"063713610","IDRADIO_9":"063713610","hog_tot":157,"hog_nbi":10,"pob_tot":481,"pct_nbi":6.369426751592358},"geometry":{"type":"MultiPolygon","coordinates":[[[[-58.588188857554556,-34.549609717551476],[-58.586854222055486,-34.55059230167654],[-58.58623163533454,-34.55003774118576],[-58.5858667211424,-34.55035800026351],[-58.585789259053634,-34.55042921104352],[-58.585754906324134,-34.550527961732165],[-58.585731597779194,-34.55061782684199],[-58.58572992022728,-34.55071695605572],[-58.58574987375884,-34.55082534847449],[-58.585748348719896,-34.55091546593922],[-58.585746366159135,-34.551032618641315],[-58.58571125055795,-34.55117642803056],[-58.58565389358174,-34.55134701936082],[-58.585608190838705,-34.551472679025046],[-58.58553985411949,-34.55160241732456],[-58.58542919205152,-34.55175002295697],[-58.58531844337565,-34.55185690172926],[-58.58519680138894,-34.55196365414742],[-58.58503143870215,-34.55207891319349],[-58.5848884699243,-34.55215837666019],[-58.584658060930806,-34.552254854124214],[-58.58434572454711,-34.55234360203383],[-58.5846988923759,-34.553213641107],[-58.58507119186431,-34.55420285936337],[-58.5855827961371,-34.553476894044195],[-58.58573289175278,-34.55343229910714],[-58.58669322464512,-34.55266771024503],[-58.5880492752555,-34.55168037564223],[-58.58937940318661,-34.55067703513319],[-58.58880809059936,-34.550142908873696],[-58.588188857554556,-34.549609717551476]]]]}},{"type":"Feature","properties":{"NOMPROV":"BUENOS AIRES","PROV":"06","NOMDEPTO":"GENERAL SAN MARTIN","DEPTO":"371","FRAC":"54","RADIO":"05","TIPO":"U","LINK":"063715405","IDRADIO_9":"063715405","hog_tot":322,"hog_nbi":28,"pob_tot":1000,"pct_nbi":8.695652173913045},"geometry":{"type":"MultiPolygon","coordinates":[[[[-58.59481323672447,-34.55661326678338],[-58.59546946036251,-34.55717490802356],[-58.596385964705085,-34.55644634321422],[-58.597280364448615,-34.55573554427308],[-58.597636255818905,-34.55546173830722],[-58.597430189059715,-34.55539538290657],[-58.597345680433435,-34.55536816991708],[-58.59719015952019,-34.555318090150095],[-58.59710684516696,-34.555291262078285],[-58.59672944607218,-34.555169733137234],[-58.59627815219688,-34.55502956965208],[-58.59598402046682,-34.55493821684602],[-58.595970431884325,-34.55493399635776],[-58.59572527514532,-34.554857853193575],[-58.59555315019837,-34.55480320969488],[-58.594671489157975,-34.554519523285585],[-58.59455602615016,-34.5544865276864],[-58.594532356315135,-34.554479763630226],[-58.594452132652286,-34.55447557976382],[-58.5942105488378,-34.5543978144339],[-58.59390121851462,-34.554298240665304],[-58.5937701131344,-34.55425603711025],[-58.59335750059862,-34.55412321377391],[-58.59329165732099,-34.55409622119595],[-58.59323322108756,-34.55405739085882],[-58.5931976989373,-34.5540271710839],[-58.59251824526095,-34.554565226449895],[-58.59332256062548,-34.55532364615802],[-58.59411594283633,-34.5560326389155],[-58.594223351734314,-34.556124011082964],[-58.59481323672447,-34.55661326678338]]]]}},{"type":"Feature","properties":{"NOMPROV":"BUENOS AIRES","PROV":"06","NOMDEPTO":"GENERAL SAN MARTIN","DEPTO":"371","FRAC":"17","RADIO":"04","TIPO":"U","LINK":"063711704","IDRADIO_9":"063711704","hog_tot":357,"hog_nbi":17,"pob_tot":992,"pct_nbi":4.761904761904762},"geometry":{"type":"MultiPolygon","coordinates":[[[[-58.576423291134425,-34.53993787855507],[-58.575448042597685,-34.54037611033217],[-58.574819369885894,-34.54061129384113],[-58.57452762994247,-34.540728888141544],[-58.57415333115918,-34.54087629063671],[-58.5732223719701,-34.54128601691341],[-58.57370919910592,-34.54205935945104],[-58.57425998586271,-34.542976155165114],[-58.5753421711505,-34.542114479221354],[-58.57610865594808,-34.54188005594346],[-58.577149088685985,-34.541549672906655],[-58.57818935911843,-34.541228292499795],[-58.57944165756137,-34.54082292879439],[-58.5790627932282,-34.53996649926529],[-58.578628965312866,-34.53896978044449],[-58.57741325429311,-34.53952337340415],[-58.576423291134425,-34.53993787855507]]]]}},{"type":"Feature","properties":{"NOMPROV":"BUENOS AIRES","PROV":"06","NOMDEPTO":"GENERAL SAN MARTIN","DEPTO":"371","FRAC":"13","RADIO":"04","TIPO":"U","LINK":"063711304","IDRADIO_9":"063711304","hog_tot":362,"hog_nbi":12,"pob_tot":927,"pct_nbi":3.314917127071823},"geometry":{"type":"MultiPolygon","coordinates":[[[[-58.57522056429653,-34.53106287704123],[-58.574752851851336,-34.531433454989674],[-58.573872199545065,-34.532141788607476],[-58.572958544059055,-34.532876853382454],[-58.57199291943224,-34.53365406338775],[-58.572955323069145,-34.53436648366122],[-58.57384980876091,-34.53509356951895],[-58.57455846491975,-34.53569222911352],[-58.57538303116254,-34.53492218479815],[-58.575897380462266,-34.53445948257191],[-58.57623986840506,-34.53417504381839],[-58.57669232201922,-34.53382879215334],[-58.5762401635217,-34.533059498397805],[-58.575911747067856,-34.53243020932114],[-58.57572400496115,-34.53207519689145],[-58.575415108875674,-34.53143811573599],[-58.57522056429653,-34.53106287704123]]]]}},{"type":"Feature","properties":{"NOMPROV":"BUENOS AIRES","PROV":"06","NOMDEPTO":"GENERAL SAN MARTIN","DEPTO":"371","FRAC":"14","RADIO":"09","TIPO":"U","LINK":"063711409","IDRADIO_9":"063711409","hog_tot":283,"hog_nbi":42,"pob_tot":904,"pct_nbi":14.840989399293287},"geometry":{"type":"MultiPolygon","coordinates":[[[[-58.58093755250251,-34.52335231900942],[-58.581345135656086,-34.52366729708316],[-58.581683885356156,-34.52400047315517],[-58.5818045812545,-34.5242013770593],[-58.58193201302664,-34.52444599363239],[-58.58226158645882,-34.52480917132164],[-58.58234905286575,-34.525006765821956],[-58.582363084033425,-34.52511107750589],[-58.582306690027295,-34.525208201760925],[-58.58225171323143,-34.52541479209885],[-58.58231891872308,-34.52601680359239],[-58.58331274590531,-34.52443824938119],[-58.58366113929194,-34.52388485939483],[-58.583592082397736,-34.52384579956082],[-58.58332010071784,-34.52367282947485],[-58.58301025746836,-34.52376296298828],[-58.58292530945822,-34.52338542825013],[-58.58305879687272,-34.523329741108014],[-58.58305505410583,-34.52321045565574],[-58.58299560205006,-34.523054968067775],[-58.58298693433658,-34.522918092310945],[-58.58294940560515,-34.522740820049016],[-58.58261372096146,-34.522135380092834],[-58.581947098689824,-34.52261078463201],[-58.58093755250251,-34.52335231900942]]]]}},{"type":"Feature","properties":{"NOMPROV":"BUENOS AIRES","PROV":"06","NOMDEPTO":"GENERAL SAN MARTIN","DEPTO":"371","FRAC":"05","RADIO":"07","TIPO":"U","LINK":"063710507","IDRADIO_9":"063710507","hog_tot":290,"hog_nbi":19,"pob_tot":788,"pct_nbi":6.551724137931036},"geometry":{"type":"MultiPolygon","coordinates":[[[[-58.54012280171731,-34.54209923239363],[-58.540132937370174,-34.54210802814359],[-58.54024424932892,-34.54220463046171],[-58.54067380124131,-34.542541921555554],[-58.54138259594626,-34.54313760696886],[-58.542189393682875,-34.54247123540378],[-58.542222536608875,-34.542444590753256],[-58.542233584246176,-34.54243570920092],[-58.54267548671013,-34.542080447117385],[-58.54394554554779,-34.541030025764975],[-58.54328152963844,-34.54047779342251],[-58.54261357860984,-34.53991535779511],[-58.54260331286023,-34.53990671392435],[-58.54260321555016,-34.53990679748938],[-58.542601833166735,-34.539907992398255],[-58.541990629974826,-34.540436304095465],[-58.5419905337368,-34.54043638857412],[-58.541371087545706,-34.54098776138405],[-58.54137099348448,-34.54098784588821],[-58.54012280171731,-34.54209923239363]]]]}},{"type":"Feature","properties":{"NOMPROV":"BUENOS AIRES","PROV":"06","NOMDEPTO":"GENERAL SAN MARTIN","DEPTO":"371","FRAC":"05","RADIO":"04","TIPO":"U","LINK":"063710504","IDRADIO_9":"063710504","hog_tot":276,"hog_nbi":10,"pob_tot":668,"pct_nbi":3.623188405797102},"geometry":{"type":"MultiPolygon","coordinates":[[[[-58.546602387528154,-34.54113577819868],[-58.5472568317743,-34.541711414859606],[-58.547910239933515,-34.54227735528809],[-58.549236595838856,-34.5412392155495],[-58.54990179366121,-34.541823979521936],[-58.551183668755876,-34.54076659585752],[-58.55052889135693,-34.540209003817154],[-58.54985249977045,-34.53964213723628],[-58.54915464885403,-34.53905698502562],[-58.547883979166734,-34.540096453079215],[-58.546602387528154,-34.54113577819868]]]]}},{"type":"Feature","properties":{"NOMPROV":"BUENOS AIRES","PROV":"06","NOMDEPTO":"GENERAL SAN MARTIN","DEPTO":"371","FRAC":"51","RADIO":"07","TIPO":"U","LINK":"063715107","IDRADIO_9":"063715107","hog_tot":471,"hog_nbi":21,"pob_tot":1273,"pct_nbi":4.45859872611465},"geometry":{"type":"MultiPolygon","coordinates":[[[[-58.54490027467149,-34.58235247399053],[-58.543838086847344,-34.58319916334295],[-58.542767499637584,-34.58404574183774],[-58.542273659231675,-34.58446574827277],[-58.541743253865434,-34.58488303975325],[-58.542498167527896,-34.58555333490099],[-58.54325756768381,-34.58621385261684],[-58.54404742097783,-34.586847544647455],[-58.54450479583655,-34.58649593616362],[-58.545062758789996,-34.58601015477659],[-58.54559841957426,-34.58556607041685],[-58.54613048837151,-34.58514780207501],[-58.54719667060776,-34.58427977789738],[-58.54642645468075,-34.58363865961953],[-58.545668526868404,-34.58298536169121],[-58.54490027467149,-34.58235247399053]]]]}},{"type":"Feature","properties":{"NOMPROV":"BUENOS AIRES","PROV":"06","NOMDEPTO":"GENERAL SAN MARTIN","DEPTO":"371","FRAC":"51","RADIO":"02","TIPO":"U","LINK":"063715102","IDRADIO_9":"063715102","hog_tot":270,"hog_nbi":4,"pob_tot":529,"pct_nbi":1.481481481481482},"geometry":{"type":"MultiPolygon","coordinates":[[[[-58.53734885488691,-34.579422412963034],[-58.536285815683975,-34.5802890737947],[-58.537042195200456,-34.58092437102226],[-58.53777058488218,-34.581579345218366],[-58.53887374364958,-34.580711568360464],[-58.53990199383236,-34.57986760410368],[-58.53913946345607,-34.5792275412093],[-58.538111213925184,-34.580071499129524],[-58.53734885488691,-34.579422412963034]]]]}},{"type":"Feature","properties":{"NOMPROV":"BUENOS AIRES","PROV":"06","NOMDEPTO":"GENERAL SAN MARTIN","DEPTO":"371","FRAC":"25","RADIO":"01","TIPO":"U","LINK":"063712501","IDRADIO_9":"063712501","hog_tot":306,"hog_nbi":16,"pob_tot":809,"pct_nbi":5.228758169934642},"geometry":{"type":"MultiPolygon","coordinates":[[[[-58.524140395874795,-34.58946243052705],[-58.52501008063715,-34.589995243168794],[-58.525927993752845,-34.59054267612612],[-58.526812292439104,-34.59107613129693],[-58.52771807820687,-34.591627866195296],[-58.52862371825287,-34.59218860609595],[-58.529313971088065,-34.59260252929477],[-58.52961835253717,-34.592029343663434],[-58.529742346812256,-34.59179649010975],[-58.52995668915143,-34.59138445835733],[-58.53021588726974,-34.59090085949944],[-58.530543001452884,-34.590273864805],[-58.530632237652306,-34.59015776554714],[-58.53050274731508,-34.59008409901134],[-58.52959695874284,-34.58953238461317],[-58.52868044356402,-34.58897152087322],[-58.527796154234316,-34.58843807933099],[-58.52690250253335,-34.58790524042347],[-58.52596619015674,-34.5873362894941],[-58.5251047465135,-34.588405575737966],[-58.52460469113874,-34.588949345026194],[-58.524140395874795,-34.58946243052705]]]]}},{"type":"Feature","properties":{"NOMPROV":"BUENOS AIRES","PROV":"06","NOMDEPTO":"GENERAL SAN MARTIN","DEPTO":"371","FRAC":"34","RADIO":"09","TIPO":"U","LINK":"063713409","IDRADIO_9":"063713409","hog_tot":259,"hog_nbi":7,"pob_tot":702,"pct_nbi":2.702702702702703},"geometry":{"type":"MultiPolygon","coordinates":[[[[-58.56268024739138,-34.563913846677565],[-58.56142086578895,-34.56491752807603],[-58.56087394705875,-34.5653896141572],[-58.560318566772246,-34.565823717908756],[-58.559978598239574,-34.56612187079737],[-58.559135330369024,-34.566774997909164],[-58.5582612176879,-34.567553106466555],[-58.55874735475723,-34.56730240817629],[-58.55885660521658,-34.567248084329805],[-58.55900677288192,-34.56720351291634],[-58.5591417896618,-34.567171120799145],[-58.55930689243457,-34.56712672532646],[-58.55948663956699,-34.567099495534485],[-58.560836561063475,-34.56678946345688],[-58.56216507530007,-34.56650221962997],[-58.56309733212107,-34.566292348083195],[-58.56338578904633,-34.56623864254069],[-58.565087808156285,-34.565867824331],[-58.564076555632326,-34.56508400219213],[-58.56338898065541,-34.56451707738927],[-58.56268024739138,-34.563913846677565]]]]}},{"type":"Feature","properties":{"NOMPROV":"BUENOS AIRES","PROV":"06","NOMDEPTO":"GENERAL SAN MARTIN","DEPTO":"371","FRAC":"21","RADIO":"01","TIPO":"U","LINK":"063712101","IDRADIO_9":"063712101","hog_tot":382,"hog_nbi":7,"pob_tot":977,"pct_nbi":1.832460732984293},"geometry":{"type":"MultiPolygon","coordinates":[[[[-58.546325193490084,-34.564246354669464],[-58.54716913070423,-34.56495914310944],[-58.547905463385234,-34.565557300765846],[-58.54887804109448,-34.566359450293],[-58.5499330268116,-34.5655729049683],[-58.55058923350468,-34.56501991988523],[-58.55019164667374,-34.56404555673804],[-58.549944385010576,-34.56385333710005],[-58.54923607129453,-34.56323200766091],[-58.5484199317092,-34.5625462968941],[-58.54736751134839,-34.56340017543237],[-58.546325193490084,-34.564246354669464]]]]}},{"type":"Feature","properties":{"NOMPROV":"BUENOS AIRES","PROV":"06","NOMDEPTO":"GENERAL SAN MARTIN","DEPTO":"371","FRAC":"15","RADIO":"03","TIPO":"U","LINK":"063711503","IDRADIO_9":"063711503","hog_tot":331,"hog_nbi":48,"pob_tot":1073,"pct_nbi":14.501510574018129},"geometry":{"type":"MultiPolygon","coordinates":[[[[-58.584559008772395,-34.53074546661394],[-58.58446643971472,-34.530819115803126],[-58.58443014134583,-34.53084799532813],[-58.58467386077294,-34.53121329089382],[-58.585046701584915,-34.53109935505624],[-58.585968814573356,-34.53190991894324],[-58.58633411239656,-34.53160139316583],[-58.58669940750711,-34.53129286711524],[-58.587484650841,-34.53062964277637],[-58.58703069149308,-34.53028927981676],[-58.58676943872121,-34.53009340004971],[-58.586651829375114,-34.529988824777334],[-58.58607909750489,-34.529479558763605],[-58.58565481466777,-34.52985071283526],[-58.5855913848216,-34.529906200117345],[-58.58543896514565,-34.53003953312424],[-58.58540631017764,-34.53006573126544],[-58.58535134788234,-34.530109824243226],[-58.585028256063474,-34.53036902112707],[-58.584559008772395,-34.53074546661394]]]]}},{"type":"Feature","properties":{"NOMPROV":"BUENOS AIRES","PROV":"06","NOMDEPTO":"GENERAL SAN MARTIN","DEPTO":"371","FRAC":"47","RADIO":"01","TIPO":"U","LINK":"063714701","IDRADIO_9":"063714701","hog_tot":348,"hog_nbi":11,"pob_tot":986,"pct_nbi":3.160919540229886},"geometry":{"type":"MultiPolygon","coordinates":[[[[-58.57944165756137,-34.54082292879439],[-58.57818935911843,-34.541228292499795],[-58.577149088685985,-34.541549672906655],[-58.57610865594808,-34.54188005594346],[-58.5753421711505,-34.542114479221354],[-58.57425998586271,-34.542976155165114],[-58.57481508532269,-34.54364062054849],[-58.5748365596519,-34.543658898239784],[-58.57537464851134,-34.544043745612214],[-58.57688617695493,-34.54355661832276],[-58.57791542950538,-34.54324412577385],[-58.578966609280975,-34.54292286613025],[-58.58021985101173,-34.54255337419387],[-58.57982423108021,-34.54169857293399],[-58.57944165756137,-34.54082292879439]]]]}},{"type":"Feature","properties":{"NOMPROV":"BUENOS AIRES","PROV":"06","NOMDEPTO":"GENERAL SAN MARTIN","DEPTO":"371","FRAC":"22","RADIO":"06","TIPO":"U","LINK":"063712206","IDRADIO_9":"063712206","hog_tot":355,"hog_nbi":5,"pob_tot":695,"pct_nbi":1.408450704225352},"geometry":{"type":"MultiPolygon","coordinates":[[[[-58.539176286549704,-34.57400922668542],[-58.5399490342727,-34.57468546603374],[-58.54075447883504,-34.57536209065646],[-58.54153846262402,-34.57602042765438],[-58.542301424235156,-34.576666317957645],[-58.54337257088908,-34.575826012404086],[-58.54261020618967,-34.57517695860913],[-58.542266766993194,-34.57487541480306],[-58.541826379837694,-34.57450961687151],[-58.54101003862939,-34.57383286896309],[-58.54020460624585,-34.5731562452826],[-58.539176286549704,-34.57400922668542]]]]}},{"type":"Feature","properties":{"NOMPROV":"BUENOS AIRES","PROV":"06","NOMDEPTO":"GENERAL SAN MARTIN","DEPTO":"371","FRAC":"41","RADIO":"04","TIPO":"U","LINK":"063714104","IDRADIO_9":"063714104","hog_tot":395,"hog_nbi":10,"pob_tot":1009,"pct_nbi":2.531645569620253},"geometry":{"type":"MultiPolygon","coordinates":[[[[-58.51600383341389,-34.56540886144601],[-58.51545252792762,-34.56605932883208],[-58.51477813482972,-34.56683498164705],[-58.51405780242619,-34.567665626079965],[-58.513394571317804,-34.568405151159666],[-58.51277156425058,-34.5692106556074],[-58.513666128604896,-34.569762355532596],[-58.51439905742044,-34.57021293434734],[-58.51506695607916,-34.569418873102464],[-58.515712093375186,-34.568678611447744],[-58.5164635240257,-34.56777586491848],[-58.517094027297055,-34.5670407174214],[-58.51764268098197,-34.56636522619242],[-58.516906725148836,-34.5659355113723],[-58.51600383341389,-34.56540886144601]]]]}},{"type":"Feature","properties":{"NOMPROV":"BUENOS AIRES","PROV":"06","NOMDEPTO":"GENERAL SAN MARTIN","DEPTO":"371","FRAC":"25","RADIO":"05","TIPO":"U","LINK":"063712505","IDRADIO_9":"063712505","hog_tot":367,"hog_nbi":8,"pob_tot":982,"pct_nbi":2.17983651226158},"geometry":{"type":"MultiPolygon","coordinates":[[[[-58.52797314568866,-34.59643506526972],[-58.527997278741196,-34.59662836870535],[-58.53203618517865,-34.59603749440256],[-58.532023511108505,-34.59578072121809],[-58.53203692953686,-34.595615149242136],[-58.532083238721775,-34.59499338243214],[-58.531210212521344,-34.5944731113178],[-58.52999153066833,-34.593737364821486],[-58.52903169823556,-34.59315795476516],[-58.52863695318593,-34.59391031644776],[-58.528206807756405,-34.59481547692699],[-58.52784157728581,-34.59569422562151],[-58.52797314568866,-34.59643506526972]]]]}},{"type":"Feature","properties":{"NOMPROV":"BUENOS AIRES","PROV":"06","NOMDEPTO":"GENERAL SAN MARTIN","DEPTO":"371","FRAC":"10","RADIO":"06","TIPO":"U","LINK":"063711006","IDRADIO_9":"063711006","hog_tot":416,"hog_nbi":10,"pob_tot":1003,"pct_nbi":2.403846153846154},"geometry":{"type":"MultiPolygon","coordinates":[[[[-58.549130576516674,-34.553622433912295],[-58.54782653219692,-34.55468853977743],[-58.54668944338462,-34.55554931044786],[-58.545974236580236,-34.555955411125595],[-58.545192884446195,-34.556405786425216],[-58.54608361737542,-34.5571825403602],[-58.54694215831895,-34.557931865265424],[-58.54709336163519,-34.55805565941853],[-58.547221445621574,-34.558160524897765],[-58.54867976919462,-34.55699711333695],[-58.55018193402231,-34.55581617739819],[-58.550993297221616,-34.5552038845761],[-58.55085473522784,-34.555099608878386],[-58.550762085824296,-34.555029884093926],[-58.5499998458852,-34.5543808776531],[-58.549130576516674,-34.553622433912295]]]]}},{"type":"Feature","properties":{"NOMPROV":"BUENOS AIRES","PROV":"06","NOMDEPTO":"GENERAL SAN MARTIN","DEPTO":"371","FRAC":"12","RADIO":"10","TIPO":"U","LINK":"063711210","IDRADIO_9":"063711210","hog_tot":226,"hog_nbi":0,"pob_tot":375,"pct_nbi":0},"geometry":{"type":"MultiPolygon","coordinates":[[[[-58.55404627005416,-34.54529824950787],[-58.55274273240996,-34.54634639089665],[-58.5536231652668,-34.54708691539388],[-58.55490461047564,-34.5460565292721],[-58.55404627005416,-34.54529824950787]]]]}},{"type":"Feature","properties":{"NOMPROV":"BUENOS AIRES","PROV":"06","NOMDEPTO":"GENERAL SAN MARTIN","DEPTO":"371","FRAC":"11","RADIO":"04","TIPO":"U","LINK":"063711104","IDRADIO_9":"063711104","hog_tot":416,"hog_nbi":7,"pob_tot":755,"pct_nbi":1.682692307692308},"geometry":{"type":"MultiPolygon","coordinates":[[[[-58.551918688187875,-34.54989693249864],[-58.55279899372671,-34.55064647489539],[-58.554102755655016,-34.549589323663106],[-58.55537334328913,-34.5485588048479],[-58.55450345788123,-34.547836444571274],[-58.55323318424596,-34.54884893122574],[-58.551918688187875,-34.54989693249864]]]]}},{"type":"Feature","properties":{"NOMPROV":"BUENOS AIRES","PROV":"06","NOMDEPTO":"GENERAL SAN MARTIN","DEPTO":"371","FRAC":"20","RADIO":"05","TIPO":"U","LINK":"063712005","IDRADIO_9":"063712005","hog_tot":336,"hog_nbi":9,"pob_tot":899,"pct_nbi":2.678571428571428},"geometry":{"type":"MultiPolygon","coordinates":[[[[-58.559774329255966,-34.562464480818434],[-58.55926702685636,-34.562819031315605],[-58.55909102528545,-34.562916101760365],[-58.557707653393955,-34.56366516312513],[-58.558838285168434,-34.56458500694371],[-58.559598672972236,-34.56520670235702],[-58.560318566772246,-34.565823717908756],[-58.56087394705875,-34.5653896141572],[-58.56142086578895,-34.56491752807603],[-58.56268024739138,-34.563913846677565],[-58.56195020427585,-34.563283319570424],[-58.56123075386573,-34.56267093996559],[-58.5605220518444,-34.56206769642038],[-58.56043599492596,-34.562003587257],[-58.559774329255966,-34.562464480818434]]]]}},{"type":"Feature","properties":{"NOMPROV":"BUENOS AIRES","PROV":"06","NOMDEPTO":"GENERAL SAN MARTIN","DEPTO":"371","FRAC":"49","RADIO":"04","TIPO":"U","LINK":"063714904","IDRADIO_9":"063714904","hog_tot":339,"hog_nbi":5,"pob_tot":872,"pct_nbi":1.474926253687316},"geometry":{"type":"MultiPolygon","coordinates":[[[[-58.541586492185665,-34.57077520237037],[-58.542348965985376,-34.57141524934112],[-58.542885816078254,-34.571872330455854],[-58.54313276958715,-34.57208258743466],[-58.54342282922169,-34.57232039867741],[-58.543992060098724,-34.57279588832828],[-58.54510809951859,-34.57190785736049],[-58.54614644464465,-34.57110001109208],[-58.54558794956567,-34.57063367273214],[-58.54506182907212,-34.57018574467432],[-58.544514083175024,-34.569728542163766],[-58.54372002419414,-34.56902503767219],[-58.542691791763744,-34.56987805145406],[-58.541586492185665,-34.57077520237037]]]]}},{"type":"Feature","properties":{"NOMPROV":"BUENOS AIRES","PROV":"06","NOMDEPTO":"GENERAL SAN MARTIN","DEPTO":"371","FRAC":"49","RADIO":"07","TIPO":"U","LINK":"063714907","IDRADIO_9":"063714907","hog_tot":436,"hog_nbi":5,"pob_tot":1092,"pct_nbi":1.146788990825688},"geometry":{"type":"MultiPolygon","coordinates":[[[[-58.55136214917838,-34.56705679359951],[-58.55036576647167,-34.56782424998794],[-58.549305558340635,-34.56864088723418],[-58.54824501729316,-34.569475537796016],[-58.54891089535552,-34.57003327531562],[-58.54963000011004,-34.570663748401806],[-58.55042475109245,-34.571331170487106],[-58.551452769035656,-34.57048710178317],[-58.552502241974,-34.569661305374005],[-58.552700834392425,-34.569519445520875],[-58.55219385542052,-34.56859406326075],[-58.55171863123683,-34.567723136379456],[-58.55136214917838,-34.56705679359951]]]]}},{"type":"Feature","properties":{"NOMPROV":"BUENOS AIRES","PROV":"06","NOMDEPTO":"GENERAL SAN MARTIN","DEPTO":"371","FRAC":"22","RADIO":"05","TIPO":"U","LINK":"063712205","IDRADIO_9":"063712205","hog_tot":299,"hog_nbi":0,"pob_tot":695,"pct_nbi":0},"geometry":{"type":"MultiPolygon","coordinates":[[[[-58.54020460624585,-34.5731562452826],[-58.54101003862939,-34.57383286896309],[-58.541826379837694,-34.57450961687151],[-58.542266766993194,-34.57487541480306],[-58.54261020618967,-34.57517695860913],[-58.54337257088908,-34.575826012404086],[-58.544422661560844,-34.57497325525537],[-58.543660295998315,-34.57432420792442],[-58.54288720604716,-34.57366601535549],[-58.54205997060741,-34.57298914340803],[-58.54126527321061,-34.57232166830286],[-58.54020460624585,-34.5731562452826]]]]}},{"type":"Feature","properties":{"NOMPROV":"BUENOS AIRES","PROV":"06","NOMDEPTO":"GENERAL SAN MARTIN","DEPTO":"371","FRAC":"13","RADIO":"06","TIPO":"U","LINK":"063711306","IDRADIO_9":"063711306","hog_tot":272,"hog_nbi":11,"pob_tot":723,"pct_nbi":4.044117647058824},"geometry":{"type":"MultiPolygon","coordinates":[[[[-58.57093443370905,-34.53743003174431],[-58.5717365931657,-34.53806746931464],[-58.57243420991704,-34.53751874779029],[-58.57313232029373,-34.53694049599987],[-58.57220404339153,-34.53636854608002],[-58.57129054246053,-34.535712621858266],[-58.5720743324768,-34.53509985970548],[-58.57119416166994,-34.53434144252953],[-58.57039902085008,-34.53498110765459],[-58.56990205207813,-34.53538089520817],[-58.56918419943678,-34.53595836178755],[-58.5700646772919,-34.53669876983134],[-58.57093443370905,-34.53743003174431]]]]}},{"type":"Feature","properties":{"NOMPROV":"BUENOS AIRES","PROV":"06","NOMDEPTO":"GENERAL SAN MARTIN","DEPTO":"371","FRAC":"04","RADIO":"01","TIPO":"U","LINK":"063710401","IDRADIO_9":"063710401","hog_tot":301,"hog_nbi":7,"pob_tot":753,"pct_nbi":2.325581395348837},"geometry":{"type":"MultiPolygon","coordinates":[[[[-58.554753882040764,-34.52935363385806],[-58.5537896832748,-34.53014894521964],[-58.55429277433948,-34.53066349002901],[-58.5548239174439,-34.531109162787125],[-58.555507861457464,-34.53165501156149],[-58.556653029841776,-34.53080766572953],[-58.55710239490165,-34.52994583168833],[-58.556375842798886,-34.52934374584283],[-58.55558945851833,-34.52866439457139],[-58.55550887936292,-34.52873086240016],[-58.554761066907666,-34.529347707791686],[-58.554753882040764,-34.52935363385806]]]]}},{"type":"Feature","properties":{"NOMPROV":"BUENOS AIRES","PROV":"06","NOMDEPTO":"GENERAL SAN MARTIN","DEPTO":"371","FRAC":"05","RADIO":"06","TIPO":"U","LINK":"063710506","IDRADIO_9":"063710506","hog_tot":263,"hog_nbi":19,"pob_tot":692,"pct_nbi":7.224334600760456},"geometry":{"type":"MultiPolygon","coordinates":[[[[-58.54273564114698,-34.54425340518352],[-58.54342290998223,-34.544820440446024],[-58.54470428432941,-34.54379917583272],[-58.54594856679031,-34.54274257691851],[-58.54526890442459,-34.542177053337056],[-58.54459728925646,-34.541605063771904],[-58.54394554554779,-34.541030025764975],[-58.54267548671013,-34.542080447117385],[-58.54336242483806,-34.54266550564722],[-58.544006436903864,-34.54321399460914],[-58.54273564114698,-34.54425340518352]]]]}},{"type":"Feature","properties":{"NOMPROV":"BUENOS AIRES","PROV":"06","NOMDEPTO":"GENERAL SAN MARTIN","DEPTO":"371","FRAC":"04","RADIO":"02","TIPO":"U","LINK":"063710402","IDRADIO_9":"063710402","hog_tot":446,"hog_nbi":12,"pob_tot":1145,"pct_nbi":2.690582959641256},"geometry":{"type":"MultiPolygon","coordinates":[[[[-58.556924680200076,-34.53496387417636],[-58.55760391453767,-34.53555556064362],[-58.558873722360474,-34.5345278334066],[-58.55950074839289,-34.53401059346967],[-58.55995300859102,-34.53366600688301],[-58.56018730090614,-34.533487493872194],[-58.56057259569458,-34.53317267461892],[-58.56069366349001,-34.533073751729596],[-58.56005084431258,-34.532506989615925],[-58.55933428293995,-34.53188880284004],[-58.55870941097547,-34.53134645130373],[-58.55806867573617,-34.53187068151608],[-58.556831009307764,-34.532815024961096],[-58.55569388799647,-34.53378952667366],[-58.556336984749876,-34.53439202070679],[-58.556924680200076,-34.53496387417636]]]]}},{"type":"Feature","properties":{"NOMPROV":"BUENOS AIRES","PROV":"06","NOMDEPTO":"GENERAL SAN MARTIN","DEPTO":"371","FRAC":"24","RADIO":"01","TIPO":"U","LINK":"063712401","IDRADIO_9":"063712401","hog_tot":334,"hog_nbi":16,"pob_tot":889,"pct_nbi":4.790419161676648},"geometry":{"type":"MultiPolygon","coordinates":[[[[-58.527752336669415,-34.57675105929018],[-58.527056373281496,-34.577283917093155],[-58.52657476575148,-34.577579561419356],[-58.527131819927966,-34.577911462213216],[-58.52762790502354,-34.57820587729465],[-58.52806991527236,-34.57847710377236],[-58.528565927689776,-34.57877602092187],[-58.52810277112799,-34.579085903166266],[-58.52674031871502,-34.57971842422777],[-58.52508160282307,-34.58046452324543],[-58.52290614729293,-34.58146573338897],[-58.522312847061585,-34.58173796407921],[-58.52247452522003,-34.58183906902153],[-58.52379138602156,-34.58262883366704],[-58.52424306807585,-34.58289700745944],[-58.52514922706313,-34.58342172508047],[-58.52646482417346,-34.58421276832878],[-58.527009217569805,-34.5836244596864],[-58.52748369236054,-34.58302836442969],[-58.5281193692357,-34.58344779862461],[-58.528776988159386,-34.583907303545566],[-58.52931507233298,-34.58329658120244],[-58.5294438368921,-34.58316423467924],[-58.53007938020444,-34.58248490066885],[-58.530234895716,-34.582292328951375],[-58.53113774969682,-34.581282365074514],[-58.531708577227036,-34.580671586645316],[-58.53201660253741,-34.58027951074202],[-58.531761055058446,-34.58005188193393],[-58.53100271959311,-34.57940614192452],[-58.53020575331926,-34.57875254102646],[-58.529437913892885,-34.578146582012636],[-58.52937349585353,-34.57809172534328],[-58.5293198153082,-34.57804601144058],[-58.528949334219874,-34.57773509145103],[-58.5285678544877,-34.5774028102937],[-58.52792355943213,-34.576888984651255],[-58.52786964469352,-34.57683661721508],[-58.527752336669415,-34.57675105929018]]]]}},{"type":"Feature","properties":{"NOMPROV":"BUENOS AIRES","PROV":"06","NOMDEPTO":"GENERAL SAN MARTIN","DEPTO":"371","FRAC":"24","RADIO":"04","TIPO":"U","LINK":"063712404","IDRADIO_9":"063712404","hog_tot":184,"hog_nbi":16,"pob_tot":467,"pct_nbi":8.695652173913045},"geometry":{"type":"MultiPolygon","coordinates":[[[[-58.528776988159386,-34.583907303545566],[-58.528323937055845,-34.58441703005044],[-58.52777940235393,-34.585042972815394],[-58.5282469409063,-34.58545609270119],[-58.52899558753606,-34.58617331809032],[-58.52971108004255,-34.58676665702423],[-58.52978640101201,-34.58682164490699],[-58.5306815831467,-34.58735520325962],[-58.53158735608908,-34.58790690937631],[-58.53224537691122,-34.58829338791295],[-58.53258982002116,-34.58791896950904],[-58.532860593447445,-34.58769404903937],[-58.533523353686085,-34.587117472875086],[-58.533696239890126,-34.58697685423079],[-58.53321319499736,-34.586556432558524],[-58.53241170464488,-34.58590718348962],[-58.53166646490919,-34.585259630983444],[-58.530929350449945,-34.58460792653136],[-58.530449313480474,-34.58499836660188],[-58.529548254410386,-34.584413938242974],[-58.528776988159386,-34.583907303545566]]]]}},{"type":"Feature","properties":{"NOMPROV":"BUENOS AIRES","PROV":"06","NOMDEPTO":"GENERAL SAN MARTIN","DEPTO":"371","FRAC":"42","RADIO":"08","TIPO":"U","LINK":"063714208","IDRADIO_9":"063714208","hog_tot":235,"hog_nbi":18,"pob_tot":561,"pct_nbi":7.659574468085106},"geometry":{"type":"MultiPolygon","coordinates":[[[[-58.52912259228891,-34.57315838241497],[-58.53006028775713,-34.57366668749458],[-58.53132203858807,-34.57263505542294],[-58.530559482528126,-34.572003952127666],[-58.530548746820855,-34.57199480945845],[-58.53159891475211,-34.57114216426015],[-58.53084773837242,-34.57048415947056],[-58.52979709556513,-34.57136383278986],[-58.52873585385308,-34.572225342062886],[-58.52950945075329,-34.57284757621295],[-58.52912259228891,-34.57315838241497]]]]}},{"type":"Feature","properties":{"NOMPROV":"BUENOS AIRES","PROV":"06","NOMDEPTO":"GENERAL SAN MARTIN","DEPTO":"371","FRAC":"40","RADIO":"03","TIPO":"U","LINK":"063714003","IDRADIO_9":"063714003","hog_tot":383,"hog_nbi":36,"pob_tot":1203,"pct_nbi":9.39947780678851},"geometry":{"type":"MultiPolygon","coordinates":[[[[-58.52325561019058,-34.5539474653998],[-58.52348039569563,-34.55406870379636],[-58.52380437299085,-34.55364579696021],[-58.52407663198662,-34.553290395450034],[-58.52440792833516,-34.5528579246985],[-58.52471389166542,-34.552458518118705],[-58.524582895807896,-34.55239147943997],[-58.52449012892347,-34.552342917836874],[-58.52425430416497,-34.55221946665888],[-58.52403287522538,-34.55210355125456],[-58.523630808814545,-34.55190036692983],[-58.523183645145636,-34.55252711713284],[-58.52284691956275,-34.55301931474906],[-58.52278886508868,-34.55309769057762],[-58.52273100134181,-34.553175809097745],[-58.52245838633344,-34.55351666728831],[-58.52280606277307,-34.55370499758393],[-58.52303084693952,-34.55382623768092],[-58.52325561019058,-34.5539474653998]]]]}},{"type":"Feature","properties":{"NOMPROV":"BUENOS AIRES","PROV":"06","NOMDEPTO":"GENERAL SAN MARTIN","DEPTO":"371","FRAC":"09","RADIO":"10","TIPO":"U","LINK":"063710910","IDRADIO_9":"063710910","hog_tot":265,"hog_nbi":15,"pob_tot":709,"pct_nbi":5.660377358490568},"geometry":{"type":"MultiPolygon","coordinates":[[[[-58.534760501082054,-34.5685662782356],[-58.533710554939844,-34.569409941111644],[-58.532937114942776,-34.56877872176118],[-58.53188667403194,-34.56964940291048],[-58.5326602720033,-34.57027161732825],[-58.533422671921166,-34.57091171919148],[-58.534483849582045,-34.57005016732108],[-58.53506327478282,-34.570561873995786],[-58.53508585909334,-34.57057992674426],[-58.53513998706102,-34.57062651420536],[-58.53514463140474,-34.57062121778487],[-58.535945229881705,-34.56960122741756],[-58.536289155359285,-34.56916304353407],[-58.53623803347925,-34.56912481201463],[-58.536179064545706,-34.56907002425115],[-58.53596466250681,-34.568869158248184],[-58.535224838483124,-34.56818427592651],[-58.534760501082054,-34.5685662782356]]]]}},{"type":"Feature","properties":{"NOMPROV":"BUENOS AIRES","PROV":"06","NOMDEPTO":"GENERAL SAN MARTIN","DEPTO":"371","FRAC":"22","RADIO":"02","TIPO":"U","LINK":"063712202","IDRADIO_9":"063712202","hog_tot":510,"hog_nbi":2,"pob_tot":1011,"pct_nbi":0.392156862745098},"geometry":{"type":"MultiPolygon","coordinates":[[[[-58.53688890436541,-34.572089011703426],[-58.537640143709794,-34.57274698070692],[-58.53840291927325,-34.57336902877705],[-58.539176286549704,-34.57400922668542],[-58.54020460624585,-34.5731562452826],[-58.54126527321061,-34.57232166830286],[-58.54050279996323,-34.57168161375181],[-58.54049206317477,-34.571672471930455],[-58.53974049487922,-34.571032544020184],[-58.538978045081805,-34.57039248040328],[-58.53802742672342,-34.57116526217881],[-58.53792795878465,-34.57124519135133],[-58.53754129614205,-34.57154701378295],[-58.53688890436541,-34.572089011703426]]]]}},{"type":"Feature","properties":{"NOMPROV":"BUENOS AIRES","PROV":"06","NOMDEPTO":"GENERAL SAN MARTIN","DEPTO":"371","FRAC":"22","RADIO":"03","TIPO":"U","LINK":"063712203","IDRADIO_9":"063712203","hog_tot":353,"hog_nbi":6,"pob_tot":769,"pct_nbi":1.69971671388102},"geometry":{"type":"MultiPolygon","coordinates":[[[[-58.538978045081805,-34.57039248040328],[-58.53974049487922,-34.571032544020184],[-58.54049206317477,-34.571672471930455],[-58.54050279996323,-34.57168161375181],[-58.54126527321061,-34.57232166830286],[-58.54205997060741,-34.57298914340803],[-58.54288720604716,-34.57366601535549],[-58.543992060098724,-34.57279588832828],[-58.54342282922169,-34.57232039867741],[-58.54313276958715,-34.57208258743466],[-58.542885816078254,-34.571872330455854],[-58.542348965985376,-34.57141524934112],[-58.541586492185665,-34.57077520237037],[-58.54128586273716,-34.57051923366536],[-58.54083460817269,-34.57015330328159],[-58.54007247259063,-34.56949522332685],[-58.538978045081805,-34.57039248040328]]]]}},{"type":"Feature","properties":{"NOMPROV":"BUENOS AIRES","PROV":"06","NOMDEPTO":"GENERAL SAN MARTIN","DEPTO":"371","FRAC":"47","RADIO":"06","TIPO":"U","LINK":"063714706","IDRADIO_9":"063714706","hog_tot":388,"hog_nbi":13,"pob_tot":1061,"pct_nbi":3.350515463917526},"geometry":{"type":"MultiPolygon","coordinates":[[[[-58.5748365596519,-34.543658898239784],[-58.573998407110494,-34.54426202898986],[-58.57316101058087,-34.5448200941828],[-58.573914305099926,-34.54536069154662],[-58.57483467873505,-34.5460499305507],[-58.57573910887482,-34.546735514649804],[-58.576996485522805,-34.54770462531211],[-58.577610540642425,-34.548165488692774],[-58.578293896257534,-34.5475011852463],[-58.579067545855885,-34.54683516248151],[-58.57846078142187,-34.546405199428946],[-58.577191732678585,-34.545443999606896],[-58.576288551163245,-34.54474844474641],[-58.57537464851134,-34.544043745612214],[-58.5748365596519,-34.543658898239784]]]]}},{"type":"Feature","properties":{"NOMPROV":"BUENOS AIRES","PROV":"06","NOMDEPTO":"GENERAL SAN MARTIN","DEPTO":"371","FRAC":"48","RADIO":"01","TIPO":"U","LINK":"063714801","IDRADIO_9":"063714801","hog_tot":344,"hog_nbi":51,"pob_tot":1155,"pct_nbi":14.825581395348838},"geometry":{"type":"MultiPolygon","coordinates":[[[[-58.56133829042039,-34.54693471454767],[-58.56109070800167,-34.54688535383524],[-58.56070055656211,-34.54720373490861],[-58.5593042062964,-34.548343190225665],[-58.55922204828381,-34.54841023094291],[-58.55832929532064,-34.54912734055026],[-58.558420956532274,-34.549263706246265],[-58.559399136575585,-34.55010261206422],[-58.56039776933537,-34.55094363159429],[-58.56077305190472,-34.5506596252844],[-58.56140256209123,-34.55016229222284],[-58.562352569699,-34.549398325140295],[-58.56329228709386,-34.54859817620374],[-58.56389982927263,-34.54810958465169],[-58.562624574332176,-34.54751771441458],[-58.56133829042039,-34.54693471454767]]]]}},{"type":"Feature","properties":{"NOMPROV":"BUENOS AIRES","PROV":"06","NOMDEPTO":"GENERAL SAN MARTIN","DEPTO":"371","FRAC":"18","RADIO":"03","TIPO":"U","LINK":"063711803","IDRADIO_9":"063711803","hog_tot":426,"hog_nbi":33,"pob_tot":1053,"pct_nbi":7.746478873239436},"geometry":{"type":"MultiPolygon","coordinates":[[[[-58.56389982927263,-34.54810958465169],[-58.56329228709386,-34.54859817620374],[-58.56428005126197,-34.549439036519416],[-58.565283869354126,-34.55027459115627],[-58.565989129789784,-34.55087492939575],[-58.56671967565874,-34.55151704778362],[-58.56765482377381,-34.55077105929855],[-58.568199482356356,-34.55036652547238],[-58.568498075868106,-34.550156841031445],[-58.56942114974845,-34.549481363540835],[-58.56818097677073,-34.5491476629365],[-58.56729552837228,-34.54892464105396],[-58.566722145955985,-34.54869257428264],[-58.56571543209481,-34.548320211326626],[-58.564352101397056,-34.54778140508544],[-58.56389982927263,-34.54810958465169]]]]}},{"type":"Feature","properties":{"NOMPROV":"BUENOS AIRES","PROV":"06","NOMDEPTO":"GENERAL SAN MARTIN","DEPTO":"371","FRAC":"26","RADIO":"04","TIPO":"U","LINK":"063712604","IDRADIO_9":"063712604","hog_tot":327,"hog_nbi":8,"pob_tot":816,"pct_nbi":2.446483180428134},"geometry":{"type":"MultiPolygon","coordinates":[[[[-58.53958968729072,-34.59044794591851],[-58.539736011368625,-34.591104556273926],[-58.54018610954824,-34.59103858511992],[-58.540557703604634,-34.590979936769244],[-58.54085270546503,-34.590938398116776],[-58.54147587021275,-34.590828675785026],[-58.54213377052335,-34.59060219023661],[-58.54225426362137,-34.59056757630866],[-58.54292289926065,-34.59035022899719],[-58.54327599982308,-34.590102070068134],[-58.54349707872824,-34.589924442270544],[-58.54269625913564,-34.58925254396915],[-58.54227249072136,-34.588900319090584],[-58.54188879176836,-34.5885955728835],[-58.54113400023804,-34.58794030708078],[-58.54036829904705,-34.58729887064923],[-58.539277039160126,-34.58817947808682],[-58.53868902646073,-34.58866005915794],[-58.53824883516479,-34.58901442170955],[-58.538604790424,-34.58922599363686],[-58.5391444122359,-34.58952989673287],[-58.53928449084557,-34.589621707735844],[-58.5393558775121,-34.58990197663807],[-58.53958968729072,-34.59044794591851]]]]}},{"type":"Feature","properties":{"NOMPROV":"BUENOS AIRES","PROV":"06","NOMDEPTO":"GENERAL SAN MARTIN","DEPTO":"371","FRAC":"27","RADIO":"01","TIPO":"U","LINK":"063712701","IDRADIO_9":"063712701","hog_tot":268,"hog_nbi":2,"pob_tot":668,"pct_nbi":0.746268656716418},"geometry":{"type":"MultiPolygon","coordinates":[[[[-58.548738427885446,-34.58559737552135],[-58.54881360411084,-34.58566136350494],[-58.54773072852624,-34.58651376567418],[-58.54680257795331,-34.58724181295178],[-58.5476201914418,-34.587855445243434],[-58.54845992461521,-34.588451308482604],[-58.54922417585634,-34.58900120152959],[-58.54996473792529,-34.588406107102045],[-58.551047615593816,-34.58755368538898],[-58.5519425769188,-34.586852251767574],[-58.54926676777008,-34.58529720308149],[-58.549332770971965,-34.58526193413486],[-58.5492465419458,-34.58520682847051],[-58.548738427885446,-34.58559737552135]]]]}},{"type":"Feature","properties":{"NOMPROV":"BUENOS AIRES","PROV":"06","NOMDEPTO":"GENERAL SAN MARTIN","DEPTO":"371","FRAC":"12","RADIO":"14","TIPO":"U","LINK":"063711214","IDRADIO_9":"063711214","hog_tot":300,"hog_nbi":1,"pob_tot":546,"pct_nbi":0.333333333333333},"geometry":{"type":"MultiPolygon","coordinates":[[[[-58.550179593307305,-34.5484161123798],[-58.551059867671334,-34.54916566671211],[-58.552363471057426,-34.54811754449887],[-58.55297169562539,-34.54759296233413],[-58.5536231652668,-34.54708691539388],[-58.55274273240996,-34.54634639089665],[-58.5521021546601,-34.54685256237698],[-58.55148303915774,-34.54737701194497],[-58.550179593307305,-34.5484161123798]]]]}},{"type":"Feature","properties":{"NOMPROV":"BUENOS AIRES","PROV":"06","NOMDEPTO":"GENERAL SAN MARTIN","DEPTO":"371","FRAC":"10","RADIO":"07","TIPO":"U","LINK":"063711007","IDRADIO_9":"063711007","hog_tot":295,"hog_nbi":3,"pob_tot":704,"pct_nbi":1.016949152542373},"geometry":{"type":"MultiPolygon","coordinates":[[[[-58.54499006440723,-34.559707738721556],[-58.54512220452551,-34.55983905960931],[-58.546150128684395,-34.55899503182444],[-58.547221445621574,-34.558160524897765],[-58.54709336163519,-34.55805565941853],[-58.54694215831895,-34.557931865265424],[-58.54608361737542,-34.5571825403602],[-58.545192884446195,-34.556405786425216],[-58.54409915806719,-34.557276062292644],[-58.54306050022621,-34.5581109314651],[-58.543973328655625,-34.558869937427446],[-58.54486517298416,-34.55958362022088],[-58.54499006440723,-34.559707738721556]]]]}},{"type":"Feature","properties":{"NOMPROV":"BUENOS AIRES","PROV":"06","NOMDEPTO":"GENERAL SAN MARTIN","DEPTO":"371","FRAC":"12","RADIO":"07","TIPO":"U","LINK":"063711207","IDRADIO_9":"063711207","hog_tot":237,"hog_nbi":3,"pob_tot":600,"pct_nbi":1.265822784810127},"geometry":{"type":"MultiPolygon","coordinates":[[[[-58.5552547863067,-34.54029205774745],[-58.55416137738756,-34.54116243392562],[-58.55286895513454,-34.54220169725745],[-58.55354071908377,-34.54276062294516],[-58.554167500543585,-34.54226308314963],[-58.55508795477688,-34.54301214986556],[-58.555717749856306,-34.54249682074327],[-58.55635858327653,-34.54197260616525],[-58.55699925312765,-34.54145739872398],[-58.55701029910939,-34.54144851579019],[-58.55611243308246,-34.54069906893998],[-58.555911626383754,-34.540854084778886],[-58.5552547863067,-34.54029205774745]]]]}},{"type":"Feature","properties":{"NOMPROV":"BUENOS AIRES","PROV":"06","NOMDEPTO":"GENERAL SAN MARTIN","DEPTO":"371","FRAC":"26","RADIO":"06","TIPO":"U","LINK":"063712606","IDRADIO_9":"063712606","hog_tot":334,"hog_nbi":11,"pob_tot":893,"pct_nbi":3.293413173652695},"geometry":{"type":"MultiPolygon","coordinates":[[[[-58.539736011368625,-34.591104556273926],[-58.539511047864075,-34.591152782091484],[-58.538069949769714,-34.591357333034644],[-58.53743919874994,-34.59144280273675],[-58.53781409499807,-34.59167633082572],[-58.53864574006449,-34.59225586864963],[-58.53969964376093,-34.59294246518436],[-58.53974854808922,-34.59299826382572],[-58.54012363880866,-34.59336328811434],[-58.54058464809054,-34.593801445255316],[-58.541469022858394,-34.59309095120807],[-58.54188909665058,-34.59275346328451],[-58.54227631748175,-34.59242459563472],[-58.54234264410337,-34.59237130769991],[-58.5422783641252,-34.59230744596328],[-58.54146342660777,-34.591540583406314],[-58.54085270546503,-34.590938398116776],[-58.540557703604634,-34.590979936769244],[-58.54018610954824,-34.59103858511992],[-58.539736011368625,-34.591104556273926]]]]}},{"type":"Feature","properties":{"NOMPROV":"BUENOS AIRES","PROV":"06","NOMDEPTO":"GENERAL SAN MARTIN","DEPTO":"371","FRAC":"33","RADIO":"01","TIPO":"U","LINK":"063713301","IDRADIO_9":"063713301","hog_tot":218,"hog_nbi":18,"pob_tot":720,"pct_nbi":8.256880733944955},"geometry":{"type":"MultiPolygon","coordinates":[[[[-58.58034868348678,-34.56260299563936],[-58.579789844791264,-34.56267919150661],[-58.579132053713245,-34.562778692844255],[-58.578272905219684,-34.56296203683291],[-58.576350471165505,-34.56336958946612],[-58.57671623582981,-34.56456994694147],[-58.57685263249619,-34.564685958127484],[-58.57698618125103,-34.56479954738797],[-58.57716098110092,-34.56494822195133],[-58.57734599978476,-34.565105587200236],[-58.577614384895845,-34.565333855732696],[-58.577764712023445,-34.56546171333697],[-58.57798481408316,-34.565648915458446],[-58.57814533818316,-34.565785443396024],[-58.578216155866635,-34.565845675321725],[-58.57914738040778,-34.56510134190162],[-58.57945455361129,-34.564855811684396],[-58.5795738713443,-34.56476133559199],[-58.581285217372695,-34.56340625169795],[-58.58244626999204,-34.56256679118446],[-58.58115188118096,-34.562563416006704],[-58.58034868348678,-34.56260299563936]]]]}},{"type":"Feature","properties":{"NOMPROV":"BUENOS AIRES","PROV":"06","NOMDEPTO":"GENERAL SAN MARTIN","DEPTO":"371","FRAC":"34","RADIO":"05","TIPO":"U","LINK":"063713405","IDRADIO_9":"063713405","hog_tot":190,"hog_nbi":17,"pob_tot":555,"pct_nbi":8.947368421052632},"geometry":{"type":"MultiPolygon","coordinates":[[[[-58.56771923710423,-34.56071070757219],[-58.56791932840611,-34.560890119603684],[-58.56851660636054,-34.56041112723912],[-58.568798486301226,-34.56018506764644],[-58.569032449043924,-34.55999743523606],[-58.56912784839968,-34.55992092682063],[-58.569279742285566,-34.559798776487675],[-58.56959031829184,-34.559538389105214],[-58.56889654741994,-34.5589752603036],[-58.56840770535575,-34.559358994078316],[-58.567850175245184,-34.55980914152124],[-58.56725219977746,-34.560291934284216],[-58.56742441210969,-34.5604463508908],[-58.56749264097365,-34.56050752839795],[-58.56761272145489,-34.560615200151645],[-58.56771923710423,-34.56071070757219]]]]}},{"type":"Feature","properties":{"NOMPROV":"BUENOS AIRES","PROV":"06","NOMDEPTO":"GENERAL SAN MARTIN","DEPTO":"371","FRAC":"35","RADIO":"13","TIPO":"U","LINK":"063713513","IDRADIO_9":"063713513","hog_tot":328,"hog_nbi":13,"pob_tot":957,"pct_nbi":3.963414634146341},"geometry":{"type":"MultiPolygon","coordinates":[[[[-58.57952695180347,-34.56186671744071],[-58.58034868348678,-34.56260299563936],[-58.58115188118096,-34.562563416006704],[-58.58244626999204,-34.56256679118446],[-58.582990560944566,-34.56256846926529],[-58.58274022811058,-34.56233284976503],[-58.58180942140275,-34.561505406037995],[-58.58097294135388,-34.5607658663314],[-58.57998564035387,-34.559880076623784],[-58.58005191593239,-34.559826767565944],[-58.579515983798004,-34.5593374979718],[-58.57871099955748,-34.558594341830144],[-58.57870041340294,-34.55857619158214],[-58.57798318154962,-34.55910864673859],[-58.577398189930726,-34.55955250390624],[-58.57686773852845,-34.55995196807797],[-58.57789227058707,-34.5605641495318],[-58.57860626629772,-34.56101985327277],[-58.57952695180347,-34.56186671744071]]]]}},{"type":"Feature","properties":{"NOMPROV":"BUENOS AIRES","PROV":"06","NOMDEPTO":"GENERAL SAN MARTIN","DEPTO":"371","FRAC":"24","RADIO":"08","TIPO":"U","LINK":"063712408","IDRADIO_9":"063712408","hog_tot":228,"hog_nbi":5,"pob_tot":560,"pct_nbi":2.192982456140351},"geometry":{"type":"MultiPolygon","coordinates":[[[[-58.51679490905635,-34.585379666267286],[-58.5187109950944,-34.589426172969816],[-58.51924385560151,-34.58923912310706],[-58.52050769199676,-34.59008569419689],[-58.52142496359655,-34.59064141633832],[-58.52268615233569,-34.591431842079096],[-58.52334311191476,-34.59065521538129],[-58.52315932211109,-34.59053671123115],[-58.52365406918526,-34.589968861592],[-58.524140395874795,-34.58946243052705],[-58.52460469113874,-34.588949345026194],[-58.5251047465135,-34.588405575737966],[-58.52596619015674,-34.5873362894941],[-58.5258258223801,-34.58724654470636],[-58.524496433864684,-34.58644232219728],[-58.52315918923921,-34.585641982379144],[-58.52183286646298,-34.58484175955014],[-58.52050970699778,-34.58404496344237],[-58.519074675241875,-34.58315368198513],[-58.51630194310341,-34.58149248122618],[-58.51594646225033,-34.58126352360817],[-58.51533181259219,-34.5809178705641],[-58.51475580612621,-34.5809951198559],[-58.514966307373925,-34.581444411448],[-58.51509028367544,-34.58171238781382],[-58.51679490905635,-34.585379666267286]]]]}},{"type":"Feature","properties":{"NOMPROV":"BUENOS AIRES","PROV":"06","NOMDEPTO":"GENERAL SAN MARTIN","DEPTO":"371","FRAC":"41","RADIO":"05","TIPO":"U","LINK":"063714105","IDRADIO_9":"063714105","hog_tot":288,"hog_nbi":6,"pob_tot":723,"pct_nbi":2.083333333333333},"geometry":{"type":"MultiPolygon","coordinates":[[[[-58.51181274126873,-34.56864163155542],[-58.51277156425058,-34.5692106556074],[-58.513394571317804,-34.568405151159666],[-58.51405780242619,-34.567665626079965],[-58.51477813482972,-34.56683498164705],[-58.51545252792762,-34.56605932883208],[-58.51600383341389,-34.56540886144601],[-58.515116041907206,-34.56488867730162],[-58.51424316827046,-34.5643758115136],[-58.51312098593158,-34.56584282957368],[-58.51137451317731,-34.567508123496495],[-58.510829207487255,-34.56800928152316],[-58.51181274126873,-34.56864163155542]]]]}},{"type":"Feature","properties":{"NOMPROV":"BUENOS AIRES","PROV":"06","NOMDEPTO":"GENERAL SAN MARTIN","DEPTO":"371","FRAC":"41","RADIO":"01","TIPO":"U","LINK":"063714101","IDRADIO_9":"063714101","hog_tot":387,"hog_nbi":15,"pob_tot":954,"pct_nbi":3.875968992248062},"geometry":{"type":"MultiPolygon","coordinates":[[[[-58.51797863659454,-34.568670101810696],[-58.51873336908458,-34.56912091960285],[-58.51949707630739,-34.56956030272924],[-58.52019154676239,-34.56996321172102],[-58.52091919008844,-34.57038778686314],[-58.52167803483736,-34.570815085478735],[-58.522411497175064,-34.57123858305778],[-58.52296519448419,-34.57049771174564],[-58.523549144889785,-34.569863228301216],[-58.52285703524174,-34.5694593275433],[-58.52210673511252,-34.56902387444414],[-58.52140119839348,-34.56860345446901],[-58.5206897111577,-34.5681712039862],[-58.520252906732566,-34.56791804039767],[-58.519945551428336,-34.56773855231299],[-58.5195413526188,-34.5674902892166],[-58.51919098410513,-34.567278730615634],[-58.51861268907757,-34.56793870309039],[-58.51797863659454,-34.568670101810696]]]]}},{"type":"Feature","properties":{"NOMPROV":"BUENOS AIRES","PROV":"06","NOMDEPTO":"GENERAL SAN MARTIN","DEPTO":"371","FRAC":"42","RADIO":"02","TIPO":"U","LINK":"063714202","IDRADIO_9":"063714202","hog_tot":389,"hog_nbi":7,"pob_tot":1006,"pct_nbi":1.799485861182519},"geometry":{"type":"MultiPolygon","coordinates":[[[[-58.523549144889785,-34.569863228301216],[-58.52296519448419,-34.57049771174564],[-58.522411497175064,-34.57123858305778],[-58.52153315078926,-34.57222843039047],[-58.52226630555322,-34.57266995196748],[-58.52325806382947,-34.57327683980395],[-58.52407759540448,-34.57376446281992],[-58.524967619441185,-34.57272967136666],[-58.52556326157594,-34.572024430335844],[-58.52615748997947,-34.571374013847446],[-58.525321025953616,-34.57087658559043],[-58.5242814370078,-34.57028662484195],[-58.523549144889785,-34.569863228301216]]]]}},{"type":"Feature","properties":{"NOMPROV":"BUENOS AIRES","PROV":"06","NOMDEPTO":"GENERAL SAN MARTIN","DEPTO":"371","FRAC":"21","RADIO":"08","TIPO":"U","LINK":"063712108","IDRADIO_9":"063712108","hog_tot":228,"hog_nbi":2,"pob_tot":567,"pct_nbi":0.87719298245614},"geometry":{"type":"MultiPolygon","coordinates":[[[[-58.539596952501604,-34.56553264884018],[-58.54038067889698,-34.5662000023688],[-58.54078865104339,-34.5665473909209],[-58.541389879867495,-34.56705932868525],[-58.5414006161826,-34.567068470421745],[-58.54210937440696,-34.56766281058157],[-58.5422167381528,-34.56775422638976],[-58.542259684146394,-34.567790793053526],[-58.542967825735566,-34.568421174670064],[-58.5440181386919,-34.56755039464335],[-58.5432667367912,-34.56690147584449],[-58.54320247496718,-34.56683761571447],[-58.54315937183438,-34.56681006093344],[-58.542450612925435,-34.56621572678606],[-58.54184954170138,-34.56569478263081],[-58.54145214668306,-34.565365551739404],[-58.54039970639465,-34.56448768204262],[-58.54021026812062,-34.564728779068304],[-58.539596952501604,-34.56553264884018]]]]}},{"type":"Feature","properties":{"NOMPROV":"BUENOS AIRES","PROV":"06","NOMDEPTO":"GENERAL SAN MARTIN","DEPTO":"371","FRAC":"03","RADIO":"09","TIPO":"U","LINK":"063710309","IDRADIO_9":"063710309","hog_tot":227,"hog_nbi":13,"pob_tot":680,"pct_nbi":5.726872246696036},"geometry":{"type":"MultiPolygon","coordinates":[[[[-58.56738001487688,-34.529396313086444],[-58.56805224684823,-34.52995518612791],[-58.568691440008706,-34.530499382752836],[-58.56764067423336,-34.53136297078506],[-58.568563861848695,-34.532111342733764],[-58.569397169966024,-34.53282324973973],[-58.57072547931763,-34.531812178010256],[-58.57145063028512,-34.531203958729876],[-58.57207165647365,-34.53066068834409],[-58.57121845300279,-34.529923110572334],[-58.570352087522224,-34.52917430875525],[-58.56967326035831,-34.528601990373105],[-58.56902143250478,-34.52807905969667],[-58.56836598130724,-34.52861710697194],[-58.56738001487688,-34.529396313086444]]]]}},{"type":"Feature","properties":{"NOMPROV":"BUENOS AIRES","PROV":"06","NOMDEPTO":"GENERAL SAN MARTIN","DEPTO":"371","FRAC":"39","RADIO":"09","TIPO":"U","LINK":"063713909","IDRADIO_9":"063713909","hog_tot":402,"hog_nbi":8,"pob_tot":1054,"pct_nbi":1.990049751243781},"geometry":{"type":"MultiPolygon","coordinates":[[[[-58.56764067423336,-34.53136297078506],[-58.567140238464134,-34.5317833963725],[-58.56638392633723,-34.53238910277804],[-58.5658184895365,-34.53282665946653],[-58.56509366359058,-34.53341381880632],[-58.56431601269651,-34.53403934588584],[-58.56381829232742,-34.53446152427332],[-58.5646893941759,-34.53521360205322],[-58.565572432077914,-34.535965405646024],[-58.56687063008354,-34.53492660659552],[-58.56813575268198,-34.53386527350975],[-58.569397169966024,-34.53282324973973],[-58.568563861848695,-34.532111342733764],[-58.56764067423336,-34.53136297078506]]]]}},{"type":"Feature","properties":{"NOMPROV":"BUENOS AIRES","PROV":"06","NOMDEPTO":"GENERAL SAN MARTIN","DEPTO":"371","FRAC":"21","RADIO":"09","TIPO":"U","LINK":"063712109","IDRADIO_9":"063712109","hog_tot":250,"hog_nbi":4,"pob_tot":581,"pct_nbi":1.6},"geometry":{"type":"MultiPolygon","coordinates":[[[[-58.538721276157034,-34.56825323003736],[-58.53927955867102,-34.56872861016758],[-58.540318546605604,-34.56788476733784],[-58.541389879867495,-34.56705932868525],[-58.54078865104339,-34.5665473909209],[-58.54038067889698,-34.5662000023688],[-58.539596952501604,-34.56553264884018],[-58.53933341270005,-34.56528421550621],[-58.53920016145744,-34.56515860319802],[-58.538626258050485,-34.56589959321688],[-58.538353217268906,-34.56624784635138],[-58.53756131314529,-34.56729292883625],[-58.53768321927508,-34.56738685909808],[-58.537787083363355,-34.567466888009434],[-58.538237994619244,-34.56785085218058],[-58.538721276157034,-34.56825323003736]]]]}},{"type":"Feature","properties":{"NOMPROV":"BUENOS AIRES","PROV":"06","NOMDEPTO":"GENERAL SAN MARTIN","DEPTO":"371","FRAC":"22","RADIO":"04","TIPO":"U","LINK":"063712204","IDRADIO_9":"063712204","hog_tot":275,"hog_nbi":2,"pob_tot":537,"pct_nbi":0.727272727272727},"geometry":{"type":"MultiPolygon","coordinates":[[[[-58.54288720604716,-34.57366601535549],[-58.543660295998315,-34.57432420792442],[-58.544422661560844,-34.57497325525537],[-58.544964512008015,-34.57452003323898],[-58.54550635656942,-34.5740668086354],[-58.544754414813454,-34.57344493255585],[-58.543992060098724,-34.57279588832828],[-58.54288720604716,-34.57366601535549]]]]}},{"type":"Feature","properties":{"NOMPROV":"BUENOS AIRES","PROV":"06","NOMDEPTO":"GENERAL SAN MARTIN","DEPTO":"371","FRAC":"51","RADIO":"09","TIPO":"U","LINK":"063715109","IDRADIO_9":"063715109","hog_tot":454,"hog_nbi":12,"pob_tot":1169,"pct_nbi":2.643171806167401},"geometry":{"type":"MultiPolygon","coordinates":[[[[-58.54269625913564,-34.58925254396915],[-58.54349707872824,-34.589924442270544],[-58.54479116144478,-34.588840249989545],[-58.54546453386113,-34.588324956356736],[-58.54449985277961,-34.58773754128549],[-58.54366846071992,-34.58717474700088],[-58.54404742097783,-34.586847544647455],[-58.54325756768381,-34.58621385261684],[-58.542498167527896,-34.58555333490099],[-58.54148766613554,-34.586412259783685],[-58.54036829904705,-34.58729887064923],[-58.54113400023804,-34.58794030708078],[-58.54188879176836,-34.5885955728835],[-58.54227249072136,-34.588900319090584],[-58.54269625913564,-34.58925254396915]]]]}},{"type":"Feature","properties":{"NOMPROV":"BUENOS AIRES","PROV":"06","NOMDEPTO":"GENERAL SAN MARTIN","DEPTO":"371","FRAC":"47","RADIO":"09","TIPO":"U","LINK":"063714709","IDRADIO_9":"063714709","hog_tot":419,"hog_nbi":19,"pob_tot":1206,"pct_nbi":4.534606205250596},"geometry":{"type":"MultiPolygon","coordinates":[[[[-58.579067545855885,-34.54683516248151],[-58.578293896257534,-34.5475011852463],[-58.577610540642425,-34.548165488692774],[-58.576996485522805,-34.54770462531211],[-58.5757657189309,-34.54858209259196],[-58.57487106582304,-34.54930174375246],[-58.57382145501817,-34.550163793841456],[-58.57442200932345,-34.550720630810105],[-58.5755929650377,-34.54976985653889],[-58.576250442437285,-34.55018313281141],[-58.577194639532216,-34.55103239479296],[-58.576511001773305,-34.55161071808733],[-58.57729527072805,-34.552160253349456],[-58.57793197399436,-34.5516607491525],[-58.57878652234362,-34.550951790153505],[-58.578841747463485,-34.550907365550806],[-58.57918609938532,-34.550633991349784],[-58.57996863113667,-34.54998307614258],[-58.58100028651951,-34.54913488054244],[-58.582466650406005,-34.547944841846366],[-58.58196809816687,-34.54667424791502],[-58.58182260977853,-34.546277197293215],[-58.58157082611228,-34.54566548686468],[-58.580571403321166,-34.546003747808996],[-58.580438511114316,-34.54604964528276],[-58.5796057644242,-34.546344143029934],[-58.579067545855885,-34.54683516248151]]]]}},{"type":"Feature","properties":{"NOMPROV":"BUENOS AIRES","PROV":"06","NOMDEPTO":"GENERAL SAN MARTIN","DEPTO":"371","FRAC":"36","RADIO":"06","TIPO":"U","LINK":"063713606","IDRADIO_9":"063713606","hog_tot":184,"hog_nbi":12,"pob_tot":643,"pct_nbi":6.521739130434782},"geometry":{"type":"MultiPolygon","coordinates":[[[[-58.59255918980713,-34.55217303010907],[-58.59300731371636,-34.55256662720781],[-58.593034570448076,-34.552574096289014],[-58.59307863782307,-34.55256106226189],[-58.59319312446092,-34.552661245578314],[-58.59364437935247,-34.5522959217104],[-58.59443474870112,-34.553016737673865],[-58.59452466985984,-34.552946576081055],[-58.594722646667734,-34.552792102905],[-58.59496309751771,-34.552604487002924],[-58.5951020241898,-34.552496087575186],[-58.5952359255933,-34.55239160782367],[-58.59537791266399,-34.55228081864798],[-58.595581774464186,-34.552121749038186],[-58.59574118762162,-34.55199736199485],[-58.594953228845135,-34.55130630781084],[-58.594350742620605,-34.550787182058585],[-58.593767781150504,-34.5502809477051],[-58.5951065177224,-34.549284776736904],[-58.59456404029576,-34.548766957331914],[-58.5931565845833,-34.54972377790186],[-58.591808018986185,-34.55073274173139],[-58.5914226182232,-34.5510350904731],[-58.59133864064257,-34.5511009702544],[-58.59196508224599,-34.55165120507815],[-58.59255918980713,-34.55217303010907]]]]}},{"type":"Feature","properties":{"NOMPROV":"BUENOS AIRES","PROV":"06","NOMDEPTO":"GENERAL SAN MARTIN","DEPTO":"371","FRAC":"17","RADIO":"06","TIPO":"U","LINK":"063711706","IDRADIO_9":"063711706","hog_tot":256,"hog_nbi":8,"pob_tot":649,"pct_nbi":3.125},"geometry":{"type":"MultiPolygon","coordinates":[[[[-58.57052750551964,-34.539570479839945],[-58.5695227720966,-34.54036091262761],[-58.57143307044712,-34.54037071520075],[-58.57197363609239,-34.5403565286833],[-58.572657789351794,-34.540352222562476],[-58.573832318615366,-34.54037004981489],[-58.57421408326127,-34.540220684881426],[-58.57323166827489,-34.53940381257095],[-58.57256715929531,-34.53884434835147],[-58.572029510909076,-34.53836222023456],[-58.57115718159613,-34.53905506776309],[-58.57052750551964,-34.539570479839945]]]]}},{"type":"Feature","properties":{"NOMPROV":"BUENOS AIRES","PROV":"06","NOMDEPTO":"GENERAL SAN MARTIN","DEPTO":"371","FRAC":"20","RADIO":"08","TIPO":"U","LINK":"063712008","IDRADIO_9":"063712008","hog_tot":251,"hog_nbi":3,"pob_tot":647,"pct_nbi":1.195219123505976},"geometry":{"type":"MultiPolygon","coordinates":[[[[-58.5490916757308,-34.56150872591099],[-58.54931714255437,-34.56170068819638],[-58.549326940131664,-34.56176389876797],[-58.549410798299206,-34.561954176875076],[-58.549733619330006,-34.56281428948085],[-58.550139369825025,-34.56391874753977],[-58.550551143033346,-34.56386995861365],[-58.55123647948216,-34.563374644721684],[-58.55194496991729,-34.562927061843986],[-58.5524434000755,-34.56256362905941],[-58.55309507647559,-34.56208691991444],[-58.55279840623367,-34.56131562973677],[-58.55236113099592,-34.56002989418193],[-58.55187695023175,-34.56039686164493],[-58.551158276194414,-34.56090222250338],[-58.5508191595386,-34.561154184131006],[-58.550496299344736,-34.560930528669715],[-58.55017404778365,-34.56066531137284],[-58.5490916757308,-34.56150872591099]]]]}},{"type":"Feature","properties":{"NOMPROV":"BUENOS AIRES","PROV":"06","NOMDEPTO":"GENERAL SAN MARTIN","DEPTO":"371","FRAC":"51","RADIO":"05","TIPO":"U","LINK":"063715105","IDRADIO_9":"063715105","hog_tot":314,"hog_nbi":31,"pob_tot":820,"pct_nbi":9.872611464968154},"geometry":{"type":"MultiPolygon","coordinates":[[[[-58.53725924741643,-34.58465317304883],[-58.53802394160463,-34.58533343996596],[-58.53878682966553,-34.58598759848413],[-58.53956639877041,-34.586644254902374],[-58.54036829904705,-34.58729887064923],[-58.54148766613554,-34.586412259783685],[-58.542498167527896,-34.58555333490099],[-58.541743253865434,-34.58488303975325],[-58.54097120812609,-34.584221791941204],[-58.540263430199126,-34.58363492875268],[-58.5394130428458,-34.582899264907255],[-58.53833011228774,-34.58375158250033],[-58.53725924741643,-34.58465317304883]]]]}},{"type":"Feature","properties":{"NOMPROV":"BUENOS AIRES","PROV":"06","NOMDEPTO":"GENERAL SAN MARTIN","DEPTO":"371","FRAC":"13","RADIO":"05","TIPO":"U","LINK":"063711305","IDRADIO_9":"063711305","hog_tot":239,"hog_nbi":9,"pob_tot":622,"pct_nbi":3.765690376569038},"geometry":{"type":"MultiPolygon","coordinates":[[[[-58.5720743324768,-34.53509985970548],[-58.57129054246053,-34.535712621858266],[-58.57220404339153,-34.53636854608002],[-58.57313232029373,-34.53694049599987],[-58.57243420991704,-34.53751874779029],[-58.5717365931657,-34.53806746931464],[-58.57187874654568,-34.53821051263283],[-58.572029510909076,-34.53836222023456],[-58.57317791967544,-34.53744725669076],[-58.5744148051437,-34.53645219236853],[-58.57502219346663,-34.535963539813515],[-58.575640771434514,-34.5354569884974],[-58.5767680842905,-34.534508697347405],[-58.57696568885185,-34.53434284235228],[-58.57687146868912,-34.53415736450438],[-58.57675307462434,-34.533940217922314],[-58.57669232201922,-34.53382879215334],[-58.57623986840506,-34.53417504381839],[-58.575897380462266,-34.53445948257191],[-58.57538303116254,-34.53492218479815],[-58.57455846491975,-34.53569222911352],[-58.57384980876091,-34.53509356951895],[-58.572955323069145,-34.53436648366122],[-58.57199291943224,-34.53365406338775],[-58.57119416166994,-34.53434144252953],[-58.5720743324768,-34.53509985970548]]]]}},{"type":"Feature","properties":{"NOMPROV":"BUENOS AIRES","PROV":"06","NOMDEPTO":"GENERAL SAN MARTIN","DEPTO":"371","FRAC":"21","RADIO":"04","TIPO":"U","LINK":"063712104","IDRADIO_9":"063712104","hog_tot":378,"hog_nbi":5,"pob_tot":897,"pct_nbi":1.322751322751323},"geometry":{"type":"MultiPolygon","coordinates":[[[[-58.5425593995465,-34.56185453204923],[-58.542250150060646,-34.56209420183001],[-58.54199583500417,-34.56230748580365],[-58.541498095198,-34.56273418312151],[-58.541558419163394,-34.56302333382576],[-58.54177144285796,-34.56392722058159],[-58.54180223490021,-34.564035749653115],[-58.54192363429586,-34.56394706563245],[-58.542256449933646,-34.56423045654885],[-58.54293235365422,-34.5648334129771],[-58.543544634678724,-34.56533645877297],[-58.544583380358056,-34.56450158858312],[-58.54561121201276,-34.56366657911502],[-58.545009980202785,-34.56315466183708],[-58.544011208440146,-34.562322530714134],[-58.54301229941841,-34.561499402469614],[-58.5425593995465,-34.56185453204923]]]]}},{"type":"Feature","properties":{"NOMPROV":"BUENOS AIRES","PROV":"06","NOMDEPTO":"GENERAL SAN MARTIN","DEPTO":"371","FRAC":"07","RADIO":"07","TIPO":"U","LINK":"063710707","IDRADIO_9":"063710707","hog_tot":338,"hog_nbi":9,"pob_tot":929,"pct_nbi":2.662721893491125},"geometry":{"type":"MultiPolygon","coordinates":[[[[-58.53264914003678,-34.555399368363105],[-58.532961022520325,-34.55565625474435],[-58.53362640599101,-34.55620429214478],[-58.53387583556249,-34.5564051934725],[-58.53461474008154,-34.55700032859202],[-58.535049857562555,-34.55735968189958],[-58.53532352265928,-34.55758569417403],[-58.536395714943154,-34.556706226673974],[-58.5372579362851,-34.555995487829406],[-58.53787673118753,-34.55549815056481],[-58.537404259745784,-34.55510491257762],[-58.537114116878335,-34.55487610076265],[-58.53616903477598,-34.55409862987212],[-58.535380006041905,-34.55338344671914],[-58.53493881968486,-34.55369155517455],[-58.53377547563672,-34.55453860129172],[-58.5330573699319,-34.5551068325437],[-58.53264914003678,-34.555399368363105]]]]}},{"type":"Feature","properties":{"NOMPROV":"BUENOS AIRES","PROV":"06","NOMDEPTO":"GENERAL SAN MARTIN","DEPTO":"371","FRAC":"40","RADIO":"05","TIPO":"U","LINK":"063714005","IDRADIO_9":"063714005","hog_tot":242,"hog_nbi":29,"pob_tot":644,"pct_nbi":11.983471074380166},"geometry":{"type":"MultiPolygon","coordinates":[[[[-58.52653502278154,-34.555533025922315],[-58.52740870615962,-34.55603029376974],[-58.52796092847589,-34.55564928163917],[-58.52826892986529,-34.55543676974836],[-58.528720754340014,-34.555085603808095],[-58.52894019294618,-34.55484825608017],[-58.527897454300195,-34.554260547851854],[-58.5267450492171,-34.55360595181291],[-58.52681116069682,-34.55351931224605],[-58.52665455004469,-34.553437710995],[-58.52615212792271,-34.553175923367895],[-58.52582609061094,-34.553006040315914],[-58.52562822352281,-34.55322669054809],[-58.52547486897937,-34.55339770129435],[-58.52481079708569,-34.55416603742864],[-58.52458975251074,-34.55442178434505],[-58.52555500518342,-34.554971197860525],[-58.52653502278154,-34.555533025922315]]]]}},{"type":"Feature","properties":{"NOMPROV":"BUENOS AIRES","PROV":"06","NOMDEPTO":"GENERAL SAN MARTIN","DEPTO":"371","FRAC":"06","RADIO":"08","TIPO":"U","LINK":"063710608","IDRADIO_9":"063710608","hog_tot":271,"hog_nbi":21,"pob_tot":843,"pct_nbi":7.749077490774908},"geometry":{"type":"MultiPolygon","coordinates":[[[[-58.53995183228228,-34.54647350448402],[-58.53927771787042,-34.5470242737493],[-58.538382778615244,-34.54774365015326],[-58.537380254590026,-34.548589262067786],[-58.53659890281921,-34.54924616951243],[-58.5358982334735,-34.54982574591558],[-58.5361751220237,-34.55002284912673],[-58.53666999636528,-34.55038013883767],[-58.53727840297238,-34.549875572945176],[-58.537609698950064,-34.54959115864314],[-58.53768641178524,-34.54956503723437],[-58.53806735960164,-34.54923048148997],[-58.53909839403744,-34.54838743242671],[-58.540002296483536,-34.547647220698124],[-58.540623583539315,-34.54717664775201],[-58.540539979212426,-34.54710246447004],[-58.53995183228228,-34.54647350448402]]]]}},{"type":"Feature","properties":{"NOMPROV":"BUENOS AIRES","PROV":"06","NOMDEPTO":"GENERAL SAN MARTIN","DEPTO":"371","FRAC":"40","RADIO":"04","TIPO":"U","LINK":"063714004","IDRADIO_9":"063714004","hog_tot":311,"hog_nbi":31,"pob_tot":1029,"pct_nbi":9.967845659163988},"geometry":{"type":"MultiPolygon","coordinates":[[[[-58.52348039569563,-34.55406870379636],[-58.52373939283766,-34.55420839408852],[-58.523936825523464,-34.55430482852397],[-58.52447177332682,-34.55456611704828],[-58.52458975251074,-34.55442178434505],[-58.52481079708569,-34.55416603742864],[-58.52547486897937,-34.55339770129435],[-58.52562822352281,-34.55322669054809],[-58.52582609061094,-34.553006040315914],[-58.5251984612094,-34.552706497343465],[-58.52494894672619,-34.55257880802837],[-58.52471389166542,-34.552458518118705],[-58.52440792833516,-34.5528579246985],[-58.52407663198662,-34.553290395450034],[-58.52380437299085,-34.55364579696021],[-58.52348039569563,-34.55406870379636]]]]}},{"type":"Feature","properties":{"NOMPROV":"BUENOS AIRES","PROV":"06","NOMDEPTO":"GENERAL SAN MARTIN","DEPTO":"371","FRAC":"12","RADIO":"03","TIPO":"U","LINK":"063711203","IDRADIO_9":"063711203","hog_tot":369,"hog_nbi":3,"pob_tot":830,"pct_nbi":0.813008130081301},"geometry":{"type":"MultiPolygon","coordinates":[[[[-58.545515565950915,-34.546630052541744],[-58.546310060413845,-34.54729749646913],[-58.547613848078136,-34.54624041474014],[-58.54890639902747,-34.545201210946516],[-58.54809247251498,-34.544561696262406],[-58.547312164911865,-34.543857269193396],[-58.5460245553024,-34.544923560075645],[-58.54473197515107,-34.54596273261436],[-58.545515565950915,-34.546630052541744]]]]}},{"type":"Feature","properties":{"NOMPROV":"BUENOS AIRES","PROV":"06","NOMDEPTO":"GENERAL SAN MARTIN","DEPTO":"371","FRAC":"10","RADIO":"08","TIPO":"U","LINK":"063711008","IDRADIO_9":"063711008","hog_tot":435,"hog_nbi":6,"pob_tot":1077,"pct_nbi":1.379310344827586},"geometry":{"type":"MultiPolygon","coordinates":[[[[-58.54048042331839,-34.55862091332979],[-58.53958536507404,-34.559340294331555],[-58.54004713506535,-34.55972438263912],[-58.54053053745507,-34.56011774042564],[-58.54054127280901,-34.560126882222896],[-58.541451607194894,-34.56087286969856],[-58.5423799373935,-34.56161908975469],[-58.54244606259843,-34.56170584145082],[-58.5425593995465,-34.56185453204923],[-58.54301229941841,-34.561499402469614],[-58.54408620738331,-34.56064079554576],[-58.54512220452551,-34.55983905960931],[-58.54499006440723,-34.559707738721556],[-58.54486517298416,-34.55958362022088],[-58.543973328655625,-34.558869937427446],[-58.54306050022621,-34.5581109314651],[-58.54211595457526,-34.557297458439386],[-58.5415966185115,-34.55771488551528],[-58.541077093184875,-34.55814409940402],[-58.54048042331839,-34.55862091332979]]]]}},{"type":"Feature","properties":{"NOMPROV":"BUENOS AIRES","PROV":"06","NOMDEPTO":"GENERAL SAN MARTIN","DEPTO":"371","FRAC":"11","RADIO":"01","TIPO":"U","LINK":"063711101","IDRADIO_9":"063711101","hog_tot":339,"hog_nbi":4,"pob_tot":777,"pct_nbi":1.179941002949852},"geometry":{"type":"MultiPolygon","coordinates":[[[[-58.55708841244844,-34.54575787566897],[-58.55577416897777,-34.546796909772674],[-58.55662227276518,-34.547519003583695],[-58.55663285274003,-34.54753715562413],[-58.55793636115878,-34.546488971217045],[-58.55879506156605,-34.54722920229325],[-58.55880579737306,-34.54723834251119],[-58.55962274685647,-34.547873040004966],[-58.5605794743147,-34.54709119453273],[-58.560882007017014,-34.54684374377477],[-58.56008733829968,-34.54619888880989],[-58.55920685442,-34.545458410525505],[-58.55835890441532,-34.544727322766406],[-58.55708841244844,-34.54575787566897]]]]}},{"type":"Feature","properties":{"NOMPROV":"BUENOS AIRES","PROV":"06","NOMDEPTO":"GENERAL SAN MARTIN","DEPTO":"371","FRAC":"31","RADIO":"08","TIPO":"U","LINK":"063713108","IDRADIO_9":"063713108","hog_tot":438,"hog_nbi":18,"pob_tot":1217,"pct_nbi":4.10958904109589},"geometry":{"type":"MultiPolygon","coordinates":[[[[-58.56401251381072,-34.58781511741595],[-58.565213226788444,-34.588828948293504],[-58.56633391933635,-34.58794569485319],[-58.56737531843647,-34.587124885816884],[-58.56618192102444,-34.58612157783103],[-58.56533495270123,-34.58538847175495],[-58.56432002629136,-34.584510812044954],[-58.56328074908394,-34.585372881131995],[-58.56218619375813,-34.58627935676631],[-58.56315305112535,-34.58709294038553],[-58.56401251381072,-34.58781511741595]]]]}},{"type":"Feature","properties":{"NOMPROV":"BUENOS AIRES","PROV":"06","NOMDEPTO":"GENERAL SAN MARTIN","DEPTO":"371","FRAC":"42","RADIO":"07","TIPO":"U","LINK":"063714207","IDRADIO_9":"063714207","hog_tot":357,"hog_nbi":8,"pob_tot":897,"pct_nbi":2.240896358543417},"geometry":{"type":"MultiPolygon","coordinates":[[[[-58.526939623336716,-34.569039976579674],[-58.52608314155591,-34.570030121048916],[-58.525321025953616,-34.57087658559043],[-58.52615748997947,-34.571374013847446],[-58.52673941540074,-34.57174157519451],[-58.527332557040445,-34.572091242358226],[-58.52822772826431,-34.57261580406691],[-58.52912259228891,-34.57315838241497],[-58.52950945075329,-34.57284757621295],[-58.52873585385308,-34.572225342062886],[-58.52979709556513,-34.57136383278986],[-58.52901293315147,-34.570723446323186],[-58.5284971625772,-34.57031162636047],[-58.5280033439396,-34.56989105562125],[-58.526939623336716,-34.569039976579674]]]]}},{"type":"Feature","properties":{"NOMPROV":"BUENOS AIRES","PROV":"06","NOMDEPTO":"GENERAL SAN MARTIN","DEPTO":"371","FRAC":"10","RADIO":"03","TIPO":"U","LINK":"063711003","IDRADIO_9":"063711003","hog_tot":318,"hog_nbi":4,"pob_tot":868,"pct_nbi":1.257861635220126},"geometry":{"type":"MultiPolygon","coordinates":[[[[-58.53787673118753,-34.55549815056481],[-58.5372579362851,-34.555995487829406],[-58.537816446262646,-34.55645285109684],[-58.53914849574236,-34.55753238290471],[-58.53983616147437,-34.55808141622521],[-58.54048042331839,-34.55862091332979],[-58.541077093184875,-34.55814409940402],[-58.5415966185115,-34.55771488551528],[-58.54211595457526,-34.557297458439386],[-58.54140775347914,-34.55667608577564],[-58.541343343382124,-34.55662123545889],[-58.540828224099876,-34.55617342111419],[-58.540699406614,-34.556063719879766],[-58.540366469434154,-34.55578933595154],[-58.54000164628034,-34.555469503456166],[-58.539797688216126,-34.555295808453806],[-58.53957226064831,-34.555103830276636],[-58.53905684507264,-34.5546740319378],[-58.53846126615196,-34.5550905333356],[-58.53843916665218,-34.55510829561547],[-58.53787673118753,-34.55549815056481]]]]}},{"type":"Feature","properties":{"NOMPROV":"BUENOS AIRES","PROV":"06","NOMDEPTO":"GENERAL SAN MARTIN","DEPTO":"371","FRAC":"35","RADIO":"14","TIPO":"U","LINK":"063713514","IDRADIO_9":"063713514","hog_tot":210,"hog_nbi":15,"pob_tot":606,"pct_nbi":7.142857142857142},"geometry":{"type":"MultiPolygon","coordinates":[[[[-58.57686773852845,-34.55995196807797],[-58.57627176008707,-34.56044071750647],[-58.57537022796247,-34.561145270910146],[-58.57491623377218,-34.561479351461834],[-58.57528966553996,-34.56264529729239],[-58.575618988457045,-34.5635367624071],[-58.57579973703921,-34.5634951075191],[-58.576350471165505,-34.56336958946612],[-58.578272905219684,-34.56296203683291],[-58.579132053713245,-34.562778692844255],[-58.579789844791264,-34.56267919150661],[-58.58034868348678,-34.56260299563936],[-58.57952695180347,-34.56186671744071],[-58.57860626629772,-34.56101985327277],[-58.57789227058707,-34.5605641495318],[-58.57686773852845,-34.55995196807797]]]]}},{"type":"Feature","properties":{"NOMPROV":"BUENOS AIRES","PROV":"06","NOMDEPTO":"GENERAL SAN MARTIN","DEPTO":"371","FRAC":"48","RADIO":"06","TIPO":"U","LINK":"063714806","IDRADIO_9":"063714806","hog_tot":236,"hog_nbi":2,"pob_tot":617,"pct_nbi":0.847457627118644},"geometry":{"type":"MultiPolygon","coordinates":[[[[-58.564547341531345,-34.554502387185615],[-58.5653053047773,-34.55516166903229],[-58.56634095599126,-34.55440263611085],[-58.56554623018993,-34.55373531673406],[-58.566539964298414,-34.55296281872874],[-58.565728271663374,-34.55227627114787],[-58.56497318880142,-34.55166800515404],[-58.56401926207639,-34.552418387272816],[-58.56304198603932,-34.553222554119095],[-58.56374146353404,-34.55380700584897],[-58.564547341531345,-34.554502387185615]]]]}},{"type":"Feature","properties":{"NOMPROV":"BUENOS AIRES","PROV":"06","NOMDEPTO":"GENERAL SAN MARTIN","DEPTO":"371","FRAC":"19","RADIO":"04","TIPO":"U","LINK":"063711904","IDRADIO_9":"063711904","hog_tot":355,"hog_nbi":6,"pob_tot":871,"pct_nbi":1.690140845070422},"geometry":{"type":"MultiPolygon","coordinates":[[[[-58.550993297221616,-34.5552038845761],[-58.55018193402231,-34.55581617739819],[-58.54867976919462,-34.55699711333695],[-58.54967852713023,-34.55782920742329],[-58.55070233157598,-34.558651435419485],[-58.55168176905118,-34.559465224665665],[-58.55240548571607,-34.55889812305984],[-58.55318617471218,-34.558307053094666],[-58.55464803361902,-34.55711299592543],[-58.55367086168067,-34.55629021202033],[-58.55270491342227,-34.55544952568931],[-58.55225368626663,-34.55508363744597],[-58.551717200315856,-34.554608574536125],[-58.55167222603073,-34.55468916207611],[-58.550993297221616,-34.5552038845761]]]]}},{"type":"Feature","properties":{"NOMPROV":"BUENOS AIRES","PROV":"06","NOMDEPTO":"GENERAL SAN MARTIN","DEPTO":"371","FRAC":"20","RADIO":"06","TIPO":"U","LINK":"063712006","IDRADIO_9":"063712006","hog_tot":445,"hog_nbi":27,"pob_tot":1069,"pct_nbi":6.067415730337078},"geometry":{"type":"MultiPolygon","coordinates":[[[[-58.55058923350468,-34.56501991988523],[-58.55088321224384,-34.56570475303721],[-58.55107134753475,-34.566424123183715],[-58.55136214917838,-34.56705679359951],[-58.55171863123683,-34.567723136379456],[-58.55219385542052,-34.56859406326075],[-58.552700834392425,-34.569519445520875],[-58.55321845680219,-34.57038842317228],[-58.55366413490569,-34.571181562357005],[-58.55422457456067,-34.57074020597215],[-58.55526970828724,-34.56991683528929],[-58.55604864093279,-34.569317119564055],[-58.55687507188249,-34.568661352245904],[-58.557961868913885,-34.5678013751424],[-58.5582612176879,-34.567553106466555],[-58.559135330369024,-34.566774997909164],[-58.559978598239574,-34.56612187079737],[-58.560318566772246,-34.565823717908756],[-58.559598672972236,-34.56520670235702],[-58.558838285168434,-34.56458500694371],[-58.557707653393955,-34.56366516312513],[-58.55637967393837,-34.564401882387685],[-58.555788921993795,-34.56342359054518],[-58.5554761445617,-34.56263759178223],[-58.5550483835754,-34.56288603555483],[-58.55411682779749,-34.56339076084197],[-58.55321732327304,-34.563910893183625],[-58.552932140504325,-34.564061882166726],[-58.55245608218686,-34.564308038635396],[-58.552031371779364,-34.56454033578541],[-58.551709384290376,-34.564655900416405],[-58.550938703335056,-34.564923735355784],[-58.55058923350468,-34.56501991988523]]]]}},{"type":"Feature","properties":{"NOMPROV":"BUENOS AIRES","PROV":"06","NOMDEPTO":"GENERAL SAN MARTIN","DEPTO":"371","FRAC":"50","RADIO":"07","TIPO":"U","LINK":"063715007","IDRADIO_9":"063715007","hog_tot":240,"hog_nbi":5,"pob_tot":475,"pct_nbi":2.083333333333333},"geometry":{"type":"MultiPolygon","coordinates":[[[[-58.54047759240136,-34.57686401692892],[-58.54123120975885,-34.57749556359025],[-58.542301424235156,-34.576666317957645],[-58.54153846262402,-34.57602042765438],[-58.54075447883504,-34.57536209065646],[-58.53970434681699,-34.57621481511113],[-58.54047759240136,-34.57686401692892]]]]}},{"type":"Feature","properties":{"NOMPROV":"BUENOS AIRES","PROV":"06","NOMDEPTO":"GENERAL SAN MARTIN","DEPTO":"371","FRAC":"30","RADIO":"03","TIPO":"U","LINK":"063713003","IDRADIO_9":"063713003","hog_tot":429,"hog_nbi":11,"pob_tot":1161,"pct_nbi":2.564102564102564},"geometry":{"type":"MultiPolygon","coordinates":[[[[-58.56235319383352,-34.57341917161178],[-58.56155775976715,-34.574049751696],[-58.560795619360135,-34.57464466613322],[-58.560773519135196,-34.57466243239216],[-58.559977906988216,-34.57530201308255],[-58.55956888941749,-34.57563969594996],[-58.55916018065927,-34.5759593541488],[-58.55840890079569,-34.57655438126986],[-58.55762461360382,-34.5771670394168],[-58.5566412427996,-34.577948593953586],[-58.5575221899511,-34.578680083313365],[-58.55827380963998,-34.57932891854997],[-58.5590579707727,-34.579987146034824],[-58.55977739391022,-34.580608551690794],[-58.560506755506594,-34.58002227264847],[-58.56142443350692,-34.57925794040761],[-58.562208713919006,-34.57864525693139],[-58.56300387806756,-34.578032696364396],[-58.56381311834436,-34.57736687427077],[-58.56462817245208,-34.57673134605568],[-58.56545471837898,-34.57605572653997],[-58.566252725748924,-34.57541194842676],[-58.56544722274553,-34.57472647443357],[-58.56468469110708,-34.574077554424115],[-58.56465231674805,-34.5740591476608],[-58.56393306702197,-34.57342875899017],[-58.56317055898439,-34.57277982997161],[-58.56235319383352,-34.57341917161178]]]]}},{"type":"Feature","properties":{"NOMPROV":"BUENOS AIRES","PROV":"06","NOMDEPTO":"GENERAL SAN MARTIN","DEPTO":"371","FRAC":"33","RADIO":"09","TIPO":"U","LINK":"063713309","IDRADIO_9":"063713309","hog_tot":390,"hog_nbi":6,"pob_tot":1077,"pct_nbi":1.538461538461539},"geometry":{"type":"MultiPolygon","coordinates":[[[[-58.565087808156285,-34.565867824331],[-58.56338578904633,-34.56623864254069],[-58.56309733212107,-34.566292348083195],[-58.56216507530007,-34.56650221962997],[-58.56257946437414,-34.5668629384911],[-58.563531952804986,-34.567617459977086],[-58.564401447426405,-34.568368717569825],[-58.56378301732956,-34.568848167520336],[-58.56428465619816,-34.56945797036943],[-58.56443454041575,-34.56961296133607],[-58.565185558486334,-34.569026906361145],[-58.565914624406616,-34.568449601191816],[-58.56600316897243,-34.568369520419836],[-58.5670965145376,-34.567517070993276],[-58.56787486790681,-34.56688169696283],[-58.5671302909391,-34.566183477435466],[-58.56645172860995,-34.56556639739584],[-58.566093180640756,-34.56564639031497],[-58.565840202504944,-34.565701655804766],[-58.565087808156285,-34.565867824331]]]]}},{"type":"Feature","properties":{"NOMPROV":"BUENOS AIRES","PROV":"06","NOMDEPTO":"GENERAL SAN MARTIN","DEPTO":"371","FRAC":"09","RADIO":"05","TIPO":"U","LINK":"063710905","IDRADIO_9":"063710905","hog_tot":243,"hog_nbi":2,"pob_tot":582,"pct_nbi":0.823045267489712},"geometry":{"type":"MultiPolygon","coordinates":[[[[-58.53065049613309,-34.56683136101143],[-58.53142390081354,-34.56746259415252],[-58.53245205583345,-34.566618688673316],[-58.533004806931025,-34.566165650423294],[-58.532275767144256,-34.56548989451298],[-58.53152495133307,-34.564813871436726],[-58.53093809495936,-34.56534761332601],[-58.5299203589274,-34.566218671944966],[-58.53065049613309,-34.56683136101143]]]]}},{"type":"Feature","properties":{"NOMPROV":"BUENOS AIRES","PROV":"06","NOMDEPTO":"GENERAL SAN MARTIN","DEPTO":"371","FRAC":"33","RADIO":"07","TIPO":"U","LINK":"063713307","IDRADIO_9":"063713307","hog_tot":368,"hog_nbi":17,"pob_tot":1033,"pct_nbi":4.619565217391304},"geometry":{"type":"MultiPolygon","coordinates":[[[[-58.5655237588295,-34.570905677560155],[-58.56477257079349,-34.57150074571421],[-58.56396612377741,-34.57214022701214],[-58.56317055898439,-34.57277982997161],[-58.56393306702197,-34.57342875899017],[-58.56465231674805,-34.5740591476608],[-58.56468469110708,-34.574077554424115],[-58.56544722274553,-34.57472647443357],[-58.566252725748924,-34.57541194842676],[-58.56708113261784,-34.57476369690629],[-58.5678766878325,-34.57412406837593],[-58.56802048210944,-34.5739995673206],[-58.56736966686503,-34.57318973332594],[-58.566761822343516,-34.572416454396176],[-58.56634544689434,-34.571915824654525],[-58.56615337000188,-34.571679218277204],[-58.5658758425937,-34.57134246038783],[-58.5655237588295,-34.570905677560155]]]]}},{"type":"Feature","properties":{"NOMPROV":"BUENOS AIRES","PROV":"06","NOMDEPTO":"GENERAL SAN MARTIN","DEPTO":"371","FRAC":"06","RADIO":"04","TIPO":"U","LINK":"063710604","IDRADIO_9":"063710604","hog_tot":445,"hog_nbi":26,"pob_tot":1311,"pct_nbi":5.842696629213484},"geometry":{"type":"MultiPolygon","coordinates":[[[[-58.53049064426577,-34.546384960484424],[-58.530961965436525,-34.5467807210773],[-58.531480313749455,-34.54722227413022],[-58.531828875690024,-34.546944671149774],[-58.53272952396865,-34.54759380861065],[-58.53343476798535,-34.54811796078816],[-58.533871622434106,-34.54843766990287],[-58.53418411782949,-34.54865056497765],[-58.53515086743482,-34.54797931041604],[-58.53598170716961,-34.5473259286496],[-58.53531743902998,-34.546715582273386],[-58.534682307294254,-34.54612509167586],[-58.53384849822245,-34.54540888102296],[-58.533009567754824,-34.546038756869365],[-58.532888185968105,-34.54612743179441],[-58.53242642527983,-34.545716420126666],[-58.53193738218063,-34.54528659661165],[-58.53049064426577,-34.546384960484424]]]]}},{"type":"Feature","properties":{"NOMPROV":"BUENOS AIRES","PROV":"06","NOMDEPTO":"GENERAL SAN MARTIN","DEPTO":"371","FRAC":"41","RADIO":"06","TIPO":"U","LINK":"063714106","IDRADIO_9":"063714106","hog_tot":339,"hog_nbi":10,"pob_tot":898,"pct_nbi":2.949852507374631},"geometry":{"type":"MultiPolygon","coordinates":[[[[-58.50957963662363,-34.569697684115084],[-58.51145023849755,-34.57398566038123],[-58.51420389498634,-34.579835088952045],[-58.51475580612621,-34.5809951198559],[-58.51533181259219,-34.5809178705641],[-58.51594646225033,-34.58126352360817],[-58.51630194310341,-34.58149248122618],[-58.519074675241875,-34.58315368198513],[-58.520214555496096,-34.58268597927805],[-58.52126931454838,-34.58220303093496],[-58.522312847061585,-34.58173796407921],[-58.52290614729293,-34.58146573338897],[-58.52508160282307,-34.58046452324543],[-58.52674031871502,-34.57971842422777],[-58.52810277112799,-34.579085903166266],[-58.528565927689776,-34.57877602092187],[-58.52806991527236,-34.57847710377236],[-58.52762790502354,-34.57820587729465],[-58.527131819927966,-34.577911462213216],[-58.52657476575148,-34.577579561419356],[-58.52645243201743,-34.57750667209156],[-58.52581631223886,-34.57712042772672],[-58.52490118002534,-34.57657424341584],[-58.52447920045601,-34.576320103782784],[-58.524004768137964,-34.576034952288865],[-58.52312064285493,-34.57550148001067],[-58.522753891096265,-34.57528973305754],[-58.52195614216507,-34.57480236498457],[-58.520953481514724,-34.574195334453755],[-58.52023105565619,-34.57376294848196],[-58.52089877008154,-34.57297786652085],[-58.52153315078926,-34.57222843039047],[-58.522411497175064,-34.57123858305778],[-58.52167803483736,-34.570815085478735],[-58.52091919008844,-34.57038778686314],[-58.52019154676239,-34.56996321172102],[-58.519386892697824,-34.57093058073748],[-58.518764390471034,-34.57167208111153],[-58.5181074016759,-34.572466295038495],[-58.51738516581802,-34.572024881416255],[-58.5166413105258,-34.57157418653106],[-58.515897462238506,-34.571123488173036],[-58.51514288934726,-34.57066364148871],[-58.51439905742044,-34.57021293434734],[-58.513666128604896,-34.569762355532596],[-58.51277156425058,-34.5692106556074],[-58.51181274126873,-34.56864163155542],[-58.510829207487255,-34.56800928152316],[-58.50996071529814,-34.56913923636149],[-58.50957963662363,-34.569697684115084]]]]}},{"type":"Feature","properties":{"NOMPROV":"BUENOS AIRES","PROV":"06","NOMDEPTO":"GENERAL SAN MARTIN","DEPTO":"371","FRAC":"45","RADIO":"06","TIPO":"U","LINK":"063714506","IDRADIO_9":"063714506","hog_tot":366,"hog_nbi":35,"pob_tot":1242,"pct_nbi":9.562841530054644},"geometry":{"type":"MultiPolygon","coordinates":[[[[-58.59462875759848,-34.53984979586287],[-58.595189787459006,-34.54035645603159],[-58.59653071042232,-34.53936337073229],[-58.597871601613235,-34.53837027067173],[-58.59879914634721,-34.53767909583617],[-58.59784898272526,-34.536042289827094],[-58.597605591230945,-34.53559622711873],[-58.597523154479674,-34.53566732828902],[-58.59705600236257,-34.53610091161523],[-58.59617888267982,-34.53684920957206],[-58.59526500555482,-34.537587911276816],[-58.59490771840818,-34.53787670615193],[-58.59435134307653,-34.538326419031755],[-58.593596617435814,-34.5389364435568],[-58.59395818386474,-34.53924487250437],[-58.59462875759848,-34.53984979586287]]]]}},{"type":"Feature","properties":{"NOMPROV":"BUENOS AIRES","PROV":"06","NOMDEPTO":"GENERAL SAN MARTIN","DEPTO":"371","FRAC":"17","RADIO":"01","TIPO":"U","LINK":"063711701","IDRADIO_9":"063711701","hog_tot":288,"hog_nbi":12,"pob_tot":787,"pct_nbi":4.166666666666666},"geometry":{"type":"MultiPolygon","coordinates":[[[[-58.57492034130425,-34.53690760956404],[-58.5756167759849,-34.53744433013512],[-58.57662395889688,-34.53722987953013],[-58.577888559949095,-34.53693005764057],[-58.57768452052918,-34.53632808170448],[-58.57745047107221,-34.535641279243364],[-58.57696568885185,-34.53434284235228],[-58.5767680842905,-34.534508697347405],[-58.575640771434514,-34.5354569884974],[-58.57502219346663,-34.535963539813515],[-58.5744148051437,-34.53645219236853],[-58.57492034130425,-34.53690760956404]]]]}},{"type":"Feature","properties":{"NOMPROV":"BUENOS AIRES","PROV":"06","NOMDEPTO":"GENERAL SAN MARTIN","DEPTO":"371","FRAC":"43","RADIO":"02","TIPO":"U","LINK":"063714302","IDRADIO_9":"063714302","hog_tot":429,"hog_nbi":37,"pob_tot":1236,"pct_nbi":8.624708624708624},"geometry":{"type":"MultiPolygon","coordinates":[[[[-58.53264914003678,-34.555399368363105],[-58.53185832399077,-34.55598436921824],[-58.53073050830145,-34.55674826160093],[-58.529699666165996,-34.5574435708297],[-58.52905941931815,-34.55787541122387],[-58.528754104890716,-34.55808755532485],[-58.52844000258485,-34.558305803838785],[-58.52784838591722,-34.558716871115706],[-58.52611949712559,-34.55991495121842],[-58.526833257311104,-34.560563136351064],[-58.5270622262957,-34.560769655996275],[-58.52767329347,-34.56130641613745],[-58.5282839919243,-34.561856631271404],[-58.52888890825056,-34.562396904028745],[-58.52949697309292,-34.562956756471344],[-58.530124258266085,-34.56355424038517],[-58.53054120674629,-34.56392938601596],[-58.531167534453836,-34.563453054086786],[-58.53217243091553,-34.562689990708314],[-58.532718839589066,-34.56228645070171],[-58.53302779975627,-34.56206482883643],[-58.533049269259784,-34.56208311371542],[-58.533280067015895,-34.56227967593794],[-58.533559488053974,-34.56249935457762],[-58.53397301818236,-34.562837818856075],[-58.534021404566765,-34.56287445371096],[-58.53479006580003,-34.563465048363184],[-58.5350324748334,-34.563621185414284],[-58.535657645236824,-34.564007250337646],[-58.53591592463805,-34.56419061723932],[-58.53651947356584,-34.56456740503835],[-58.53696120764216,-34.56485211700567],[-58.53740357488019,-34.56510078038764],[-58.537672122813625,-34.565320320386974],[-58.53829779147166,-34.565679337704324],[-58.538626258050485,-34.56589959321688],[-58.53920016145744,-34.56515860319802],[-58.53920035541621,-34.565158353143474],[-58.539136099178414,-34.56509449007875],[-58.540339437955616,-34.563572099897144],[-58.53980423033477,-34.56310473239699],[-58.539083608509905,-34.56248898529732],[-58.53829945346559,-34.561848658816274],[-58.537622818734846,-34.56129073560199],[-58.53754426857031,-34.56135222690076],[-58.53671736540168,-34.560734572504465],[-58.537303757906734,-34.560223329522564],[-58.53658500401663,-34.559626229226225],[-58.53592501709584,-34.559087352485804],[-58.53526086037636,-34.55852617165175],[-58.534992664690755,-34.55830601329951],[-58.53472393188005,-34.55808009645126],[-58.534443422007286,-34.55784704770733],[-58.53401211092975,-34.557488710528084],[-58.5332911738248,-34.55688973796085],[-58.53236210038668,-34.55615243915332],[-58.532961022520325,-34.55565625474435],[-58.53264914003678,-34.555399368363105]]]]}},{"type":"Feature","properties":{"NOMPROV":"BUENOS AIRES","PROV":"06","NOMDEPTO":"GENERAL SAN MARTIN","DEPTO":"371","FRAC":"09","RADIO":"09","TIPO":"U","LINK":"063710909","IDRADIO_9":"063710909","hog_tot":357,"hog_nbi":33,"pob_tot":918,"pct_nbi":9.243697478991598},"geometry":{"type":"MultiPolygon","coordinates":[[[[-58.53084773837242,-34.57048415947056],[-58.53159891475211,-34.57114216426015],[-58.530548746820855,-34.57199480945845],[-58.530559482528126,-34.572003952127666],[-58.53132203858807,-34.57263505542294],[-58.53006028775713,-34.57366668749458],[-58.53032942453483,-34.573838008141706],[-58.530815970360585,-34.57414771912056],[-58.53091666695451,-34.574207194877246],[-58.532099407780215,-34.57327232252771],[-58.53244410140082,-34.5729998610167],[-58.533155183451754,-34.57243751770746],[-58.534201072704334,-34.57161037761201],[-58.53421828956604,-34.57159384739205],[-58.53468319561072,-34.57114746980214],[-58.53513998706102,-34.57062651420536],[-58.53508585909334,-34.57057992674426],[-58.53506327478282,-34.570561873995786],[-58.534483849582045,-34.57005016732108],[-58.533422671921166,-34.57091171919148],[-58.5326602720033,-34.57027161732825],[-58.53188667403194,-34.56964940291048],[-58.53084773837242,-34.57048415947056]]]]}},{"type":"Feature","properties":{"NOMPROV":"BUENOS AIRES","PROV":"06","NOMDEPTO":"GENERAL SAN MARTIN","DEPTO":"371","FRAC":"11","RADIO":"02","TIPO":"U","LINK":"063711102","IDRADIO_9":"063711102","hog_tot":245,"hog_nbi":3,"pob_tot":510,"pct_nbi":1.224489795918367},"geometry":{"type":"MultiPolygon","coordinates":[[[[-58.55663285274003,-34.54753715562413],[-58.55751348880633,-34.54826864055747],[-58.557997834986786,-34.54866808116344],[-58.55815180174098,-34.54883914577403],[-58.55832929532064,-34.54912734055026],[-58.55922204828381,-34.54841023094291],[-58.5593042062964,-34.548343190225665],[-58.56070055656211,-34.54720373490861],[-58.56109070800167,-34.54688535383524],[-58.560882007017014,-34.54684374377477],[-58.5605794743147,-34.54709119453273],[-58.55962274685647,-34.547873040004966],[-58.55880579737306,-34.54723834251119],[-58.55879506156605,-34.54722920229325],[-58.55793636115878,-34.546488971217045],[-58.55663285274003,-34.54753715562413]]]]}},{"type":"Feature","properties":{"NOMPROV":"BUENOS AIRES","PROV":"06","NOMDEPTO":"GENERAL SAN MARTIN","DEPTO":"371","FRAC":"44","RADIO":"02","TIPO":"U","LINK":"063714402","IDRADIO_9":"063714402","hog_tot":368,"hog_nbi":8,"pob_tot":998,"pct_nbi":2.173913043478261},"geometry":{"type":"MultiPolygon","coordinates":[[[[-58.55760391453767,-34.53555556064362],[-58.55633091286726,-34.536636305061805],[-58.55504978912237,-34.53765769921496],[-58.55582845433521,-34.538328278290535],[-58.5566962389762,-34.53908377923035],[-58.55737475481464,-34.53965159711795],[-58.55867113685775,-34.53863101700291],[-58.559423122129054,-34.53801123213862],[-58.559974977213905,-34.537556385361626],[-58.561232295432276,-34.536526958823515],[-58.56060833268071,-34.535991942846415],[-58.55969922589864,-34.53521590072955],[-58.558873722360474,-34.5345278334066],[-58.55760391453767,-34.53555556064362]]]]}},{"type":"Feature","properties":{"NOMPROV":"BUENOS AIRES","PROV":"06","NOMDEPTO":"GENERAL SAN MARTIN","DEPTO":"371","FRAC":"43","RADIO":"08","TIPO":"U","LINK":"063714308","IDRADIO_9":"063714308","hog_tot":402,"hog_nbi":2,"pob_tot":994,"pct_nbi":0.497512437810945},"geometry":{"type":"MultiPolygon","coordinates":[[[[-58.53479006580003,-34.563465048363184],[-58.53444218692101,-34.563731273544555],[-58.53391156289395,-34.56416655774352],[-58.53285045653941,-34.56502810719161],[-58.532275767144256,-34.56548989451298],[-58.533004806931025,-34.566165650423294],[-58.533755646809084,-34.566841664862324],[-58.53448486840965,-34.567508401772535],[-58.53513708036696,-34.56697542732147],[-58.536109936457144,-34.56617589375597],[-58.53624255428894,-34.56606932325157],[-58.537160131810495,-34.565314185076666],[-58.53622061657756,-34.56483422394832],[-58.53651947356584,-34.56456740503835],[-58.53591592463805,-34.56419061723932],[-58.535657645236824,-34.564007250337646],[-58.5350324748334,-34.563621185414284],[-58.53479006580003,-34.563465048363184]]]]}},{"type":"Feature","properties":{"NOMPROV":"BUENOS AIRES","PROV":"06","NOMDEPTO":"GENERAL SAN MARTIN","DEPTO":"371","FRAC":"28","RADIO":"07","TIPO":"U","LINK":"063712807","IDRADIO_9":"063712807","hog_tot":412,"hog_nbi":16,"pob_tot":1056,"pct_nbi":3.883495145631068},"geometry":{"type":"MultiPolygon","coordinates":[[[[-58.56013121764453,-34.59171962496339],[-58.56021086235048,-34.591765625630416],[-58.56227083896453,-34.591452237205665],[-58.56251941384756,-34.59119819872988],[-58.56300753384219,-34.59069934091506],[-58.561812586271174,-34.58961892932233],[-58.560899264702456,-34.58886004716656],[-58.55998627072472,-34.58808313621594],[-58.55891343733997,-34.58898983751865],[-58.55806022750559,-34.5897999770047],[-58.55758419190009,-34.590226993586974],[-58.557605829726505,-34.590236262802236],[-58.55865207709287,-34.59087055084428],[-58.55897587014656,-34.59105464382908],[-58.55967732430867,-34.591459515954625],[-58.55990398218764,-34.5915883792895],[-58.56013121764453,-34.59171962496339]]]]}},{"type":"Feature","properties":{"NOMPROV":"BUENOS AIRES","PROV":"06","NOMDEPTO":"GENERAL SAN MARTIN","DEPTO":"371","FRAC":"33","RADIO":"08","TIPO":"U","LINK":"063713308","IDRADIO_9":"063713308","hog_tot":301,"hog_nbi":8,"pob_tot":817,"pct_nbi":2.6578073089701},"geometry":{"type":"MultiPolygon","coordinates":[[[[-58.56787486790681,-34.56688169696283],[-58.5670965145376,-34.567517070993276],[-58.56600316897243,-34.568369520419836],[-58.565914624406616,-34.568449601191816],[-58.565185558486334,-34.569026906361145],[-58.56443454041575,-34.56961296133607],[-58.56487206213628,-34.57014989996628],[-58.565150200959344,-34.57045061435789],[-58.5655237588295,-34.570905677560155],[-58.5658758425937,-34.57134246038783],[-58.56690309061159,-34.57053430419429],[-58.56772070318418,-34.569876906932706],[-58.56864814379983,-34.56917578241826],[-58.5694912083655,-34.56850588118062],[-58.56865469736083,-34.567673691449784],[-58.56787486790681,-34.56688169696283]]]]}},{"type":"Feature","properties":{"NOMPROV":"BUENOS AIRES","PROV":"06","NOMDEPTO":"GENERAL SAN MARTIN","DEPTO":"371","FRAC":"01","RADIO":"06","TIPO":"U","LINK":"063710106","IDRADIO_9":"063710106","hog_tot":198,"hog_nbi":26,"pob_tot":697,"pct_nbi":13.131313131313133},"geometry":{"type":"MultiPolygon","coordinates":[[[[-58.583540796974255,-34.50953213948035],[-58.58425432345593,-34.51013363085125],[-58.584371260739395,-34.51010993839448],[-58.58461194655878,-34.509919958099225],[-58.58472478410667,-34.50983089195115],[-58.58483935334258,-34.50978467823779],[-58.58494328885135,-34.509718552832155],[-58.58508604265908,-34.50953360765571],[-58.58520731111643,-34.50940138979419],[-58.58522417622709,-34.509362230992174],[-58.5852414719423,-34.50932207486591],[-58.58532108920329,-34.509234112398225],[-58.585369596236376,-34.50918052066424],[-58.58602082748773,-34.50866269165499],[-58.58527753084082,-34.508057374716124],[-58.58457622847822,-34.50864242417922],[-58.583540796974255,-34.50953213948035]]]]}},{"type":"Feature","properties":{"NOMPROV":"BUENOS AIRES","PROV":"06","NOMDEPTO":"GENERAL SAN MARTIN","DEPTO":"371","FRAC":"24","RADIO":"03","TIPO":"U","LINK":"063712403","IDRADIO_9":"063712403","hog_tot":426,"hog_nbi":18,"pob_tot":1115,"pct_nbi":4.225352112676056},"geometry":{"type":"MultiPolygon","coordinates":[[[[-58.53411869457481,-34.58204435370488],[-58.533031628809105,-34.582909019799956],[-58.5319673143313,-34.58376927876802],[-58.530929350449945,-34.58460792653136],[-58.53166646490919,-34.585259630983444],[-58.53241170464488,-34.58590718348962],[-58.53321319499736,-34.586556432558524],[-58.533696239890126,-34.58697685423079],[-58.53433787554637,-34.58643474725922],[-58.5347254114332,-34.5860878802762],[-58.53501956715213,-34.58585559672758],[-58.535722559178794,-34.58520063558575],[-58.53596553750768,-34.58497609361501],[-58.53678856251259,-34.58427246969122],[-58.53641834675182,-34.58394725554571],[-58.53603283080259,-34.5836248942507],[-58.535609189814764,-34.5833034010041],[-58.53485347521438,-34.582674987393965],[-58.53411869457481,-34.58204435370488]]]]}},{"type":"Feature","properties":{"NOMPROV":"BUENOS AIRES","PROV":"06","NOMDEPTO":"GENERAL SAN MARTIN","DEPTO":"371","FRAC":"15","RADIO":"01","TIPO":"U","LINK":"063711501","IDRADIO_9":"063711501","hog_tot":5,"hog_nbi":2,"pob_tot":14,"pct_nbi":40},"geometry":{"type":"MultiPolygon","coordinates":[[[[-58.5996194671851,-34.5390921700032],[-58.5997321000897,-34.539286184979474],[-58.600025090539965,-34.53901908693594],[-58.60028612222321,-34.53878112133331],[-58.600421058009836,-34.53853522905998],[-58.60050200819103,-34.53816499693749],[-58.60045345970608,-34.53771595587946],[-58.6004949711867,-34.537468992559646],[-58.60064858825324,-34.537223313170976],[-58.60123505507889,-34.53679701383271],[-58.6016889139951,-34.536477447615546],[-58.602197014022856,-34.53626675522137],[-58.603245926324476,-34.5361241083982],[-58.60390220491473,-34.53599242929231],[-58.60422190434619,-34.53587236414939],[-58.604418084329936,-34.535722674899375],[-58.60637834111624,-34.53424852854202],[-58.60617079157221,-34.53404476585721],[-58.605471394148964,-34.533412051907945],[-58.60507653274855,-34.532215786158815],[-58.604713038592,-34.52980737952316],[-58.60457541210552,-34.5292919793746],[-58.60430599819987,-34.52799214243691],[-58.60412178180693,-34.52662816820161],[-58.603366613560624,-34.524114101197895],[-58.60298754160425,-34.52316475062473],[-58.60242525574841,-34.52225507392487],[-58.60174394079641,-34.52146725472117],[-58.60125742567861,-34.520689821207355],[-58.60154886582873,-34.51827115246961],[-58.60254838650712,-34.513774708390876],[-58.60224698047185,-34.514002987979936],[-58.59930354612905,-34.51623219042561],[-58.59603298466574,-34.51889764306371],[-58.5958923241649,-34.51959026206585],[-58.59561927144057,-34.5198911078395],[-58.59506461290168,-34.520410541267694],[-58.593927437840144,-34.52133405642329],[-58.593374694872665,-34.52173848175843],[-58.59302589091672,-34.521820729876445],[-58.59247977277557,-34.52183086866416],[-58.59195218906017,-34.521919268939584],[-58.591872587051256,-34.52193067537696],[-58.59153109167281,-34.5220917639595],[-58.59231953151391,-34.52427655417891],[-58.59292281243309,-34.526202286944084],[-58.59359343657989,-34.5282941683442],[-58.594317463954106,-34.5298528085108],[-58.594696159545315,-34.53056142870859],[-58.5952430744942,-34.53152313130697],[-58.59549298442673,-34.53195766781793],[-58.59616803084369,-34.53308715360123],[-58.59714650697247,-34.534827148806976],[-58.597605591230945,-34.53559622711873],[-58.59784898272526,-34.536042289827094],[-58.59879914634721,-34.53767909583617],[-58.5996194671851,-34.5390921700032]]]]}},{"type":"Feature","properties":{"NOMPROV":"BUENOS AIRES","PROV":"06","NOMDEPTO":"GENERAL SAN MARTIN","DEPTO":"371","FRAC":"45","RADIO":"09","TIPO":"U","LINK":"063714509","IDRADIO_9":"063714509","hog_tot":335,"hog_nbi":24,"pob_tot":1088,"pct_nbi":7.164179104477612},"geometry":{"type":"MultiPolygon","coordinates":[[[[-58.58847478693146,-34.540419246274894],[-58.58929135947584,-34.54108666992653],[-58.59007527207201,-34.54175371196144],[-58.589688752058166,-34.542083886871495],[-58.590051148947914,-34.54241061176334],[-58.590564707914574,-34.54286979045293],[-58.59111584843055,-34.54339795492166],[-58.592521099442585,-34.54236439014114],[-58.593298857196174,-34.54177921837391],[-58.593861704828825,-34.541355731913086],[-58.59330044466348,-34.540852500843215],[-58.59265929536173,-34.54031432211214],[-58.59230758262063,-34.5400067384815],[-58.591621364842716,-34.54050065075467],[-58.59094292876541,-34.54104539503077],[-58.5901419348909,-34.540384427461746],[-58.58934759998014,-34.539690225758044],[-58.58847478693146,-34.540419246274894]]]]}},{"type":"Feature","properties":{"NOMPROV":"BUENOS AIRES","PROV":"06","NOMDEPTO":"GENERAL SAN MARTIN","DEPTO":"371","FRAC":"17","RADIO":"02","TIPO":"U","LINK":"063711702","IDRADIO_9":"063711702","hog_tot":415,"hog_nbi":11,"pob_tot":1140,"pct_nbi":2.650602409638554},"geometry":{"type":"MultiPolygon","coordinates":[[[[-58.573832318615366,-34.54037004981489],[-58.57415333115918,-34.54087629063671],[-58.57452762994247,-34.540728888141544],[-58.574819369885894,-34.54061129384113],[-58.575448042597685,-34.54037611033217],[-58.576423291134425,-34.53993787855507],[-58.576124041624794,-34.538739445646414],[-58.5756167759849,-34.53744433013512],[-58.57492034130425,-34.53690760956404],[-58.5744148051437,-34.53645219236853],[-58.57317791967544,-34.53744725669076],[-58.572029510909076,-34.53836222023456],[-58.57256715929531,-34.53884434835147],[-58.57323166827489,-34.53940381257095],[-58.57421408326127,-34.540220684881426],[-58.573832318615366,-34.54037004981489]]]]}},{"type":"Feature","properties":{"NOMPROV":"BUENOS AIRES","PROV":"06","NOMDEPTO":"GENERAL SAN MARTIN","DEPTO":"371","FRAC":"42","RADIO":"01","TIPO":"U","LINK":"063714201","IDRADIO_9":"063714201","hog_tot":443,"hog_nbi":18,"pob_tot":1110,"pct_nbi":4.063205417607224},"geometry":{"type":"MultiPolygon","coordinates":[[[[-58.52383811895003,-34.56701000134969],[-58.52299147476052,-34.56801881349384],[-58.52210673511252,-34.56902387444414],[-58.52285703524174,-34.5694593275433],[-58.523549144889785,-34.569863228301216],[-58.5242814370078,-34.57028662484195],[-58.525321025953616,-34.57087658559043],[-58.52608314155591,-34.570030121048916],[-58.526939623336716,-34.569039976579674],[-58.52602636960742,-34.56830787908227],[-58.52531501900153,-34.56786664351974],[-58.52459230473391,-34.5674523067177],[-58.52383811895003,-34.56701000134969]]]]}},{"type":"Feature","properties":{"NOMPROV":"BUENOS AIRES","PROV":"06","NOMDEPTO":"GENERAL SAN MARTIN","DEPTO":"371","FRAC":"50","RADIO":"03","TIPO":"U","LINK":"063715003","IDRADIO_9":"063715003","hog_tot":328,"hog_nbi":7,"pob_tot":595,"pct_nbi":2.134146341463415},"geometry":{"type":"MultiPolygon","coordinates":[[[[-58.53840291927325,-34.57336902877705],[-58.53734157947788,-34.57423962575452],[-58.53659001366722,-34.57359967872522],[-58.535540179384945,-34.57443434403377],[-58.536313691593485,-34.57506554725727],[-58.53706510900035,-34.57571450852544],[-58.5381151028755,-34.5748708187645],[-58.539176286549704,-34.57400922668542],[-58.53840291927325,-34.57336902877705]]]]}},{"type":"Feature","properties":{"NOMPROV":"BUENOS AIRES","PROV":"06","NOMDEPTO":"GENERAL SAN MARTIN","DEPTO":"371","FRAC":"29","RADIO":"07","TIPO":"U","LINK":"063712907","IDRADIO_9":"063712907","hog_tot":357,"hog_nbi":30,"pob_tot":982,"pct_nbi":8.403361344537815},"geometry":{"type":"MultiPolygon","coordinates":[[[[-58.54642645468075,-34.58363865961953],[-58.54719667060776,-34.58427977789738],[-58.54796503767777,-34.58494822420863],[-58.548738427885446,-34.58559737552135],[-58.5492465419458,-34.58520682847051],[-58.549810227559014,-34.58475384577211],[-58.550285330452304,-34.584380928711205],[-58.55086005725898,-34.58391905871231],[-58.55005429174445,-34.58325150914585],[-58.54929365969346,-34.582586175546375],[-58.54863719680465,-34.582017852889294],[-58.54858350185972,-34.581972147148434],[-58.54747853857902,-34.58278476251804],[-58.54642645468075,-34.58363865961953]]]]}},{"type":"Feature","properties":{"NOMPROV":"BUENOS AIRES","PROV":"06","NOMDEPTO":"GENERAL SAN MARTIN","DEPTO":"371","FRAC":"09","RADIO":"02","TIPO":"U","LINK":"063710902","IDRADIO_9":"063710902","hog_tot":417,"hog_nbi":6,"pob_tot":1173,"pct_nbi":1.43884892086331},"geometry":{"type":"MultiPolygon","coordinates":[[[[-58.526505435461125,-34.56391047268585],[-58.52561535717541,-34.564906943602814],[-58.52472025723304,-34.56590742455203],[-58.52383811895003,-34.56701000134969],[-58.52459230473391,-34.5674523067177],[-58.52531501900153,-34.56786664351974],[-58.52602636960742,-34.56830787908227],[-58.526928313809236,-34.56724827611013],[-58.527828489213974,-34.56621148373119],[-58.528707013072946,-34.56520356450711],[-58.52798446370036,-34.56478023539454],[-58.527240471453176,-34.564349679572665],[-58.526505435461125,-34.56391047268585]]]]}},{"type":"Feature","properties":{"NOMPROV":"BUENOS AIRES","PROV":"06","NOMDEPTO":"GENERAL SAN MARTIN","DEPTO":"371","FRAC":"01","RADIO":"02","TIPO":"U","LINK":"063710102","IDRADIO_9":"063710102","hog_tot":324,"hog_nbi":21,"pob_tot":1009,"pct_nbi":6.481481481481482},"geometry":{"type":"MultiPolygon","coordinates":[[[[-58.581349797738355,-34.50648466019909],[-58.581104190897385,-34.506698038448235],[-58.58086866567795,-34.506902657649604],[-58.58345715449037,-34.50674968023572],[-58.584781635361416,-34.50665687089841],[-58.58510852007489,-34.50664263059974],[-58.58532079781541,-34.50664508929634],[-58.585576870140954,-34.506656752849864],[-58.58598585783488,-34.506296001079306],[-58.58638110464778,-34.5060614853336],[-58.58673740604029,-34.50577465716656],[-58.585614969259375,-34.50485840519286],[-58.58612020480389,-34.504348381012065],[-58.58494770186019,-34.503454436221126],[-58.584441586112604,-34.5038743817395],[-58.583730243323096,-34.50447684305088],[-58.58317020728131,-34.50494694126369],[-58.58241306032046,-34.50558248298972],[-58.581662934693014,-34.506212609367736],[-58.581349797738355,-34.50648466019909]]]]}},{"type":"Feature","properties":{"NOMPROV":"BUENOS AIRES","PROV":"06","NOMDEPTO":"GENERAL SAN MARTIN","DEPTO":"371","FRAC":"06","RADIO":"06","TIPO":"U","LINK":"063710606","IDRADIO_9":"063710606","hog_tot":336,"hog_nbi":22,"pob_tot":941,"pct_nbi":6.547619047619048},"geometry":{"type":"MultiPolygon","coordinates":[[[[-58.53396394928898,-34.54372646157778],[-58.53442589327606,-34.54416294712235],[-58.534930330739854,-34.544592632791584],[-58.53576322059759,-34.54532838521849],[-58.53642773759191,-34.54592409974187],[-58.537032104497996,-34.54649263094733],[-58.537983420343444,-34.545810610671346],[-58.53875378418944,-34.545215315802416],[-58.538154681629585,-34.5445888273974],[-58.537784125953046,-34.54417962986542],[-58.53739499077525,-34.54380204417056],[-58.53682773256009,-34.54320388610257],[-58.53680683426139,-34.54318200155089],[-58.53590056635872,-34.54388139597134],[-58.53538632744661,-34.543435371560854],[-58.53493618904133,-34.54301535281715],[-58.53492561438488,-34.54299719901683],[-58.5344583294764,-34.542593486329494],[-58.53417168923184,-34.54280465817489],[-58.533476006296496,-34.54331576406933],[-58.53396394928898,-34.54372646157778]]]]}},{"type":"Feature","properties":{"NOMPROV":"BUENOS AIRES","PROV":"06","NOMDEPTO":"GENERAL SAN MARTIN","DEPTO":"371","FRAC":"16","RADIO":"01","TIPO":"U","LINK":"063711601","IDRADIO_9":"063711601","hog_tot":302,"hog_nbi":52,"pob_tot":1018,"pct_nbi":17.218543046357617},"geometry":{"type":"MultiPolygon","coordinates":[[[[-58.58402593100898,-34.52865475546846],[-58.584069559746304,-34.52881647125641],[-58.58419332527863,-34.52969247124449],[-58.58437388039692,-34.53033810516647],[-58.584559008772395,-34.53074546661394],[-58.585028256063474,-34.53036902112707],[-58.58535134788234,-34.530109824243226],[-58.58540631017764,-34.53006573126544],[-58.58543896514565,-34.53003953312424],[-58.5855913848216,-34.529906200117345],[-58.58565481466777,-34.52985071283526],[-58.58607909750489,-34.529479558763605],[-58.5862133894581,-34.52936771965549],[-58.58634768105201,-34.5292558803888],[-58.586420725594046,-34.52919504809725],[-58.586706242763185,-34.528957264031874],[-58.58594438668942,-34.52834516045736],[-58.58537928747435,-34.52789112989049],[-58.58526628316341,-34.5278263509798],[-58.585085342856594,-34.527719706499894],[-58.584668856026106,-34.52810780295959],[-58.584501549747266,-34.52825738679368],[-58.58409997613066,-34.52859722431784],[-58.58402593100898,-34.52865475546846]]]]}},{"type":"Feature","properties":{"NOMPROV":"BUENOS AIRES","PROV":"06","NOMDEPTO":"GENERAL SAN MARTIN","DEPTO":"371","FRAC":"19","RADIO":"08","TIPO":"U","LINK":"063711908","IDRADIO_9":"063711908","hog_tot":440,"hog_nbi":11,"pob_tot":1132,"pct_nbi":2.5},"geometry":{"type":"MultiPolygon","coordinates":[[[[-58.55616054405253,-34.555959148186965],[-58.55671838214934,-34.556461484761506],[-58.557481159889115,-34.5570834159172],[-58.55780326641627,-34.557357625030264],[-58.55843535038234,-34.557978006132934],[-58.559140716458664,-34.55872408286287],[-58.559833635849174,-34.55947007273753],[-58.560532255053594,-34.56021104688401],[-58.561316202616595,-34.5596073755308],[-58.562057695478686,-34.55899014821241],[-58.56134978077672,-34.55824338105812],[-58.56069880807132,-34.557499962809956],[-58.560003531078316,-34.55675266009781],[-58.55999294926648,-34.55673450832869],[-58.55941516891311,-34.556123789493924],[-58.558549213128956,-34.55516715449268],[-58.558284535478684,-34.55535331161371],[-58.557662275094536,-34.554796140105665],[-58.55616054405253,-34.555959148186965]]]]}},{"type":"Feature","properties":{"NOMPROV":"BUENOS AIRES","PROV":"06","NOMDEPTO":"GENERAL SAN MARTIN","DEPTO":"371","FRAC":"14","RADIO":"13","TIPO":"U","LINK":"063711413","IDRADIO_9":"063711413","hog_tot":290,"hog_nbi":4,"pob_tot":788,"pct_nbi":1.379310344827586},"geometry":{"type":"MultiPolygon","coordinates":[[[[-58.57468621697726,-34.53000169708784],[-58.57495317637702,-34.53054476543522],[-58.57498735481271,-34.530588518459545],[-58.57522056429653,-34.53106287704123],[-58.575415108875674,-34.53143811573599],[-58.57572400496115,-34.53207519689145],[-58.575911747067856,-34.53243020932114],[-58.577081173401126,-34.53185260811349],[-58.57800865160434,-34.53140542242684],[-58.57921294481551,-34.53091970181019],[-58.57854530881971,-34.5304657692246],[-58.57815521327332,-34.530128923039676],[-58.57812813131001,-34.53015466852019],[-58.57809398642696,-34.53016830319367],[-58.57804551668804,-34.53016974429353],[-58.57800195858736,-34.53016723154969],[-58.577965836043546,-34.5301547832358],[-58.57792012776355,-34.53013620854868],[-58.577859957290485,-34.53011345709711],[-58.57731437054797,-34.53041202051085],[-58.576986786498196,-34.529965429125376],[-58.57651576164073,-34.529398492701176],[-58.57571171289144,-34.52873373885516],[-58.57543869196524,-34.52851896421213],[-58.574141196081456,-34.52900870639571],[-58.57468621697726,-34.53000169708784]]]]}},{"type":"Feature","properties":{"NOMPROV":"BUENOS AIRES","PROV":"06","NOMDEPTO":"GENERAL SAN MARTIN","DEPTO":"371","FRAC":"41","RADIO":"02","TIPO":"U","LINK":"063714102","IDRADIO_9":"063714102","hog_tot":358,"hog_nbi":5,"pob_tot":884,"pct_nbi":1.396648044692737},"geometry":{"type":"MultiPolygon","coordinates":[[[[-58.51797863659454,-34.568670101810696],[-58.517188698397696,-34.56958888431668],[-58.51654356656366,-34.570329153827515],[-58.515897462238506,-34.571123488173036],[-58.5166413105258,-34.57157418653106],[-58.51738516581802,-34.572024881416255],[-58.5181074016759,-34.572466295038495],[-58.518764390471034,-34.57167208111153],[-58.519386892697824,-34.57093058073748],[-58.52019154676239,-34.56996321172102],[-58.51949707630739,-34.56956030272924],[-58.51873336908458,-34.56912091960285],[-58.51797863659454,-34.568670101810696]]]]}},{"type":"Feature","properties":{"NOMPROV":"BUENOS AIRES","PROV":"06","NOMDEPTO":"GENERAL SAN MARTIN","DEPTO":"371","FRAC":"16","RADIO":"02","TIPO":"U","LINK":"063711602","IDRADIO_9":"063711602","hog_tot":353,"hog_nbi":56,"pob_tot":1254,"pct_nbi":15.864022662889518},"geometry":{"type":"MultiPolygon","coordinates":[[[[-58.5825807980286,-34.53079650051069],[-58.58322648607831,-34.53180562486811],[-58.5838485503761,-34.531310713809376],[-58.58389275165185,-34.53127554723468],[-58.58393832407079,-34.531239289681594],[-58.58418403953053,-34.53104379690812],[-58.58443014134583,-34.53084799532813],[-58.58446643971472,-34.530819115803126],[-58.584559008772395,-34.53074546661394],[-58.58437388039692,-34.53033810516647],[-58.58419332527863,-34.52969247124449],[-58.584069559746304,-34.52881647125641],[-58.58284316500531,-34.5297681040602],[-58.58290244189869,-34.52982695003424],[-58.58306948211042,-34.53002598565902],[-58.58328631469352,-34.5302720788678],[-58.58313406354643,-34.53045711975162],[-58.5825807980286,-34.53079650051069]]]]}},{"type":"Feature","properties":{"NOMPROV":"BUENOS AIRES","PROV":"06","NOMDEPTO":"GENERAL SAN MARTIN","DEPTO":"371","FRAC":"17","RADIO":"08","TIPO":"U","LINK":"063711708","IDRADIO_9":"063711708","hog_tot":158,"hog_nbi":3,"pob_tot":384,"pct_nbi":1.89873417721519},"geometry":{"type":"MultiPolygon","coordinates":[[[[-58.56671151036611,-34.54423077961176],[-58.56768836897778,-34.54507148373902],[-58.56860497147432,-34.54434312884278],[-58.5686160166533,-34.54433424484157],[-58.56955484608174,-34.54357910260265],[-58.56854485016242,-34.54276506429146],[-58.56755665501545,-34.54195127445799],[-58.566629180018225,-34.54267949432542],[-58.5676170664712,-34.543511314948226],[-58.56671151036611,-34.54423077961176]]]]}},{"type":"Feature","properties":{"NOMPROV":"BUENOS AIRES","PROV":"06","NOMDEPTO":"GENERAL SAN MARTIN","DEPTO":"371","FRAC":"47","RADIO":"03","TIPO":"U","LINK":"063714703","IDRADIO_9":"063714703","hog_tot":385,"hog_nbi":4,"pob_tot":925,"pct_nbi":1.038961038961039},"geometry":{"type":"MultiPolygon","coordinates":[[[[-58.56955484608174,-34.54357910260265],[-58.5686160166533,-34.54433424484157],[-58.56860497147432,-34.54434312884278],[-58.56768836897778,-34.54507148373902],[-58.566793688223875,-34.54579107531465],[-58.56782502006522,-34.54663241787489],[-58.56910332467845,-34.547683957206594],[-58.57001886437753,-34.54701867421365],[-58.57010707332206,-34.546956612911934],[-58.57097795519926,-34.546353893874205],[-58.571948382711895,-34.54566219693067],[-58.572036588790226,-34.54560013505133],[-58.57152105808517,-34.54517046955944],[-58.5705755984861,-34.5444022712481],[-58.56955484608174,-34.54357910260265]]]]}},{"type":"Feature","properties":{"NOMPROV":"BUENOS AIRES","PROV":"06","NOMDEPTO":"GENERAL SAN MARTIN","DEPTO":"371","FRAC":"49","RADIO":"05","TIPO":"U","LINK":"063714905","IDRADIO_9":"063714905","hog_tot":343,"hog_nbi":4,"pob_tot":875,"pct_nbi":1.166180758017493},"geometry":{"type":"MultiPolygon","coordinates":[[[[-58.543992060098724,-34.57279588832828],[-58.544754414813454,-34.57344493255585],[-58.54550635656942,-34.5740668086354],[-58.54625799681649,-34.57470670342506],[-58.54734135537138,-34.57381826299838],[-58.54838001626147,-34.57299237487853],[-58.547617637634104,-34.57234335176397],[-58.54686585043582,-34.571712477846575],[-58.54614644464465,-34.57110001109208],[-58.54510809951859,-34.57190785736049],[-58.543992060098724,-34.57279588832828]]]]}},{"type":"Feature","properties":{"NOMPROV":"BUENOS AIRES","PROV":"06","NOMDEPTO":"GENERAL SAN MARTIN","DEPTO":"371","FRAC":"27","RADIO":"02","TIPO":"U","LINK":"063712702","IDRADIO_9":"063712702","hog_tot":420,"hog_nbi":15,"pob_tot":1152,"pct_nbi":3.571428571428571},"geometry":{"type":"MultiPolygon","coordinates":[[[[-58.54922417585634,-34.58900120152959],[-58.549848347579065,-34.589459291000686],[-58.55058024012478,-34.58999076429329],[-58.5512044267519,-34.59044884712611],[-58.55170327086473,-34.590812853309274],[-58.55195781874817,-34.59099859440502],[-58.552157870286514,-34.59077563410813],[-58.55224488867566,-34.59078568008143],[-58.553709125115596,-34.59056869671238],[-58.55431921832871,-34.590472334941076],[-58.554650145823125,-34.590420064997986],[-58.555195459113186,-34.59033393139122],[-58.556659835964595,-34.5901079015141],[-58.55655944256003,-34.589610976793196],[-58.55579326329506,-34.58916926725685],[-58.55526478906892,-34.588847541311],[-58.55480107406807,-34.58856263473203],[-58.55448819664182,-34.58837866015566],[-58.554240074137006,-34.58823150574989],[-58.55319342537322,-34.58762421595964],[-58.5519425769188,-34.586852251767574],[-58.551047615593816,-34.58755368538898],[-58.54996473792529,-34.588406107102045],[-58.54922417585634,-34.58900120152959]]]]}},{"type":"Feature","properties":{"NOMPROV":"BUENOS AIRES","PROV":"06","NOMDEPTO":"GENERAL SAN MARTIN","DEPTO":"371","FRAC":"50","RADIO":"04","TIPO":"U","LINK":"063715004","IDRADIO_9":"063715004","hog_tot":192,"hog_nbi":0,"pob_tot":377,"pct_nbi":0},"geometry":{"type":"MultiPolygon","coordinates":[[[[-58.539176286549704,-34.57400922668542],[-58.5381151028755,-34.5748708187645],[-58.53890995553845,-34.57552930256972],[-58.5399490342727,-34.57468546603374],[-58.539176286549704,-34.57400922668542]]]]}},{"type":"Feature","properties":{"NOMPROV":"BUENOS AIRES","PROV":"06","NOMDEPTO":"GENERAL SAN MARTIN","DEPTO":"371","FRAC":"50","RADIO":"06","TIPO":"U","LINK":"063715006","IDRADIO_9":"063715006","hog_tot":167,"hog_nbi":2,"pob_tot":311,"pct_nbi":1.197604790419162},"geometry":{"type":"MultiPolygon","coordinates":[[[[-58.53866540381074,-34.57704963729275],[-58.53943848982079,-34.57770785711071],[-58.54047759240136,-34.57686401692892],[-58.53970434681699,-34.57621481511113],[-58.54075447883504,-34.57536209065646],[-58.5399490342727,-34.57468546603374],[-58.53890995553845,-34.57552930256972],[-58.537859959825255,-34.57637299906354],[-58.53866540381074,-34.57704963729275]]]]}},{"type":"Feature","properties":{"NOMPROV":"BUENOS AIRES","PROV":"06","NOMDEPTO":"GENERAL SAN MARTIN","DEPTO":"371","FRAC":"34","RADIO":"04","TIPO":"U","LINK":"063713404","IDRADIO_9":"063713404","hog_tot":242,"hog_nbi":9,"pob_tot":653,"pct_nbi":3.71900826446281},"geometry":{"type":"MultiPolygon","coordinates":[[[[-58.56959031829184,-34.559538389105214],[-58.570295725190974,-34.56012975164971],[-58.570993828779514,-34.55957330407727],[-58.57138903590815,-34.559265997027744],[-58.5722287482127,-34.558581785603344],[-58.57268732727044,-34.55817778234738],[-58.57201786159562,-34.55760034799819],[-58.57299142895323,-34.556805269642716],[-58.572269705388926,-34.55622653261444],[-58.57132689554018,-34.55702253942795],[-58.57036315987304,-34.55779139190228],[-58.56962454059053,-34.55840155494471],[-58.56889654741994,-34.5589752603036],[-58.56959031829184,-34.559538389105214]]]]}},{"type":"Feature","properties":{"NOMPROV":"BUENOS AIRES","PROV":"06","NOMDEPTO":"GENERAL SAN MARTIN","DEPTO":"371","FRAC":"02","RADIO":"03","TIPO":"U","LINK":"063710203","IDRADIO_9":"063710203","hog_tot":465,"hog_nbi":43,"pob_tot":1393,"pct_nbi":9.247311827956988},"geometry":{"type":"MultiPolygon","coordinates":[[[[-58.5807087332167,-34.516139467583585],[-58.58129625389281,-34.51661176803686],[-58.58152057506902,-34.51643103695405],[-58.58232351180868,-34.515784119688306],[-58.58303323409226,-34.515212291801554],[-58.583312900218125,-34.51497372119394],[-58.58378981262311,-34.51460269620291],[-58.58432807758248,-34.514168993443334],[-58.583776632138694,-34.513699562982616],[-58.583296443105525,-34.51329078323014],[-58.583525774346455,-34.513107520318634],[-58.58430102531541,-34.51248799013451],[-58.5835298239811,-34.511959695400904],[-58.58281667599603,-34.51253153579013],[-58.58210196976024,-34.51310459851848],[-58.581236740193695,-34.513673952538],[-58.580581539190405,-34.514323711232976],[-58.57981887767833,-34.5149351989492],[-58.58051797042468,-34.515511014083295],[-58.580221579578044,-34.515747844205286],[-58.5807087332167,-34.516139467583585]]]]}},{"type":"Feature","properties":{"NOMPROV":"BUENOS AIRES","PROV":"06","NOMDEPTO":"GENERAL SAN MARTIN","DEPTO":"371","FRAC":"06","RADIO":"05","TIPO":"U","LINK":"063710605","IDRADIO_9":"063710605","hog_tot":266,"hog_nbi":13,"pob_tot":714,"pct_nbi":4.887218045112782},"geometry":{"type":"MultiPolygon","coordinates":[[[[-58.53193738218063,-34.54528659661165],[-58.53242642527983,-34.545716420126666],[-58.532888185968105,-34.54612743179441],[-58.533009567754824,-34.546038756869365],[-58.53384849822245,-34.54540888102296],[-58.534682307294254,-34.54612509167586],[-58.53531743902998,-34.546715582273386],[-58.53598170716961,-34.5473259286496],[-58.537032104497996,-34.54649263094733],[-58.53642773759191,-34.54592409974187],[-58.53576322059759,-34.54532838521849],[-58.534930330739854,-34.544592632791584],[-58.53442589327606,-34.54416294712235],[-58.53396394928898,-34.54372646157778],[-58.53193738218063,-34.54528659661165]]]]}},{"type":"Feature","properties":{"NOMPROV":"BUENOS AIRES","PROV":"06","NOMDEPTO":"GENERAL SAN MARTIN","DEPTO":"371","FRAC":"41","RADIO":"03","TIPO":"U","LINK":"063714103","IDRADIO_9":"063714103","hog_tot":370,"hog_nbi":9,"pob_tot":886,"pct_nbi":2.432432432432432},"geometry":{"type":"MultiPolygon","coordinates":[[[[-58.51764268098197,-34.56636522619242],[-58.517094027297055,-34.5670407174214],[-58.5164635240257,-34.56777586491848],[-58.515712093375186,-34.568678611447744],[-58.51506695607916,-34.569418873102464],[-58.51439905742044,-34.57021293434734],[-58.51514288934726,-34.57066364148871],[-58.515897462238506,-34.571123488173036],[-58.51654356656366,-34.570329153827515],[-58.517188698397696,-34.56958888431668],[-58.51797863659454,-34.568670101810696],[-58.51861268907757,-34.56793870309039],[-58.51919098410513,-34.567278730615634],[-58.51840681154201,-34.566823861047084],[-58.51764268098197,-34.56636522619242]]]]}},{"type":"Feature","properties":{"NOMPROV":"BUENOS AIRES","PROV":"06","NOMDEPTO":"GENERAL SAN MARTIN","DEPTO":"371","FRAC":"43","RADIO":"04","TIPO":"U","LINK":"063714304","IDRADIO_9":"063714304","hog_tot":346,"hog_nbi":9,"pob_tot":903,"pct_nbi":2.601156069364162},"geometry":{"type":"MultiPolygon","coordinates":[[[[-58.53532352265928,-34.55758569417403],[-58.53559165101379,-34.5578122892908],[-58.535871139549606,-34.558042934626556],[-58.53651553257786,-34.55857344047005],[-58.53654965270334,-34.55858975735763],[-58.53720302991124,-34.559131498942655],[-58.53784712436157,-34.55968002117646],[-58.538930211186745,-34.558800663088526],[-58.53958536507404,-34.559340294331555],[-58.54048042331839,-34.55862091332979],[-58.53983616147437,-34.55808141622521],[-58.53914849574236,-34.55753238290471],[-58.537816446262646,-34.55645285109684],[-58.5372579362851,-34.555995487829406],[-58.536395714943154,-34.556706226673974],[-58.53532352265928,-34.55758569417403]]]]}},{"type":"Feature","properties":{"NOMPROV":"BUENOS AIRES","PROV":"06","NOMDEPTO":"GENERAL SAN MARTIN","DEPTO":"371","FRAC":"29","RADIO":"08","TIPO":"U","LINK":"063712908","IDRADIO_9":"063712908","hog_tot":403,"hog_nbi":14,"pob_tot":1103,"pct_nbi":3.473945409429281},"geometry":{"type":"MultiPolygon","coordinates":[[[[-58.551101761781595,-34.578784289207064],[-58.54998553295433,-34.57968138488505],[-58.548935591911146,-34.580525177644695],[-58.54786383957432,-34.581368700517956],[-58.54858350185972,-34.581972147148434],[-58.54863719680465,-34.582017852889294],[-58.54929365969346,-34.582586175546375],[-58.55005429174445,-34.58325150914585],[-58.55086005725898,-34.58391905871231],[-58.55193181399086,-34.58307550901987],[-58.55303076499894,-34.5822065900346],[-58.55217677193473,-34.58151909725519],[-58.551446348591874,-34.58090653033274],[-58.55254125695958,-34.579982128291554],[-58.55185332994522,-34.57943316184597],[-58.551101761781595,-34.578784289207064]]]]}},{"type":"Feature","properties":{"NOMPROV":"BUENOS AIRES","PROV":"06","NOMDEPTO":"GENERAL SAN MARTIN","DEPTO":"371","FRAC":"51","RADIO":"06","TIPO":"U","LINK":"063715106","IDRADIO_9":"063715106","hog_tot":375,"hog_nbi":9,"pob_tot":997,"pct_nbi":2.4},"geometry":{"type":"MultiPolygon","coordinates":[[[[-58.54257485428067,-34.580323186366066],[-58.54148046402273,-34.58121144991248],[-58.54043603132166,-34.58204606079384],[-58.5394130428458,-34.582899264907255],[-58.540263430199126,-34.58363492875268],[-58.54097120812609,-34.584221791941204],[-58.541743253865434,-34.58488303975325],[-58.542273659231675,-34.58446574827277],[-58.542767499637584,-34.58404574183774],[-58.543838086847344,-34.58319916334295],[-58.54490027467149,-34.58235247399053],[-58.544144315564,-34.58170392589512],[-58.54336900621622,-34.58102669950295],[-58.54257485428067,-34.580323186366066]]]]}},{"type":"Feature","properties":{"NOMPROV":"BUENOS AIRES","PROV":"06","NOMDEPTO":"GENERAL SAN MARTIN","DEPTO":"371","FRAC":"26","RADIO":"02","TIPO":"U","LINK":"063712602","IDRADIO_9":"063712602","hog_tot":265,"hog_nbi":9,"pob_tot":673,"pct_nbi":3.39622641509434},"geometry":{"type":"MultiPolygon","coordinates":[[[[-58.53224537691122,-34.58829338791295],[-58.531538179649395,-34.58911532781463],[-58.5314499502593,-34.589212193627205],[-58.531365275926134,-34.58931010895762],[-58.530632237652306,-34.59015776554714],[-58.53086942457699,-34.59030483579918],[-58.531106613450945,-34.59045190471986],[-58.53227371346672,-34.59117902817487],[-58.53349383637715,-34.591944800927216],[-58.534310787779994,-34.59101516073191],[-58.53515028202965,-34.59006618391977],[-58.53571344837836,-34.58942888767081],[-58.536005937153114,-34.589111500086226],[-58.53627763669141,-34.58881081024123],[-58.53508287256319,-34.58807511389351],[-58.533523353686085,-34.587117472875086],[-58.532860593447445,-34.58769404903937],[-58.53258982002116,-34.58791896950904],[-58.53224537691122,-34.58829338791295]]]]}},{"type":"Feature","properties":{"NOMPROV":"BUENOS AIRES","PROV":"06","NOMDEPTO":"GENERAL SAN MARTIN","DEPTO":"371","FRAC":"15","RADIO":"09","TIPO":"U","LINK":"063711509","IDRADIO_9":"063711509","hog_tot":297,"hog_nbi":37,"pob_tot":874,"pct_nbi":12.457912457912458},"geometry":{"type":"MultiPolygon","coordinates":[[[[-58.59155979336281,-34.53119156445046],[-58.591235806988024,-34.53145837684021],[-58.59089539190619,-34.53168996850071],[-58.59055510825993,-34.531921468757886],[-58.590486093866204,-34.53196841959186],[-58.58987958484945,-34.5324822494259],[-58.59051784196995,-34.533024513788874],[-58.59096719758444,-34.533413705759436],[-58.591646597331554,-34.532843386068635],[-58.591659937742406,-34.532832303646195],[-58.59195969791852,-34.53258327493427],[-58.592223668349895,-34.5323639777494],[-58.59226504225555,-34.53232960566055],[-58.59228628591757,-34.53231195687346],[-58.592329253714745,-34.53227626011829],[-58.592577254397234,-34.53206918157634],[-58.59289152388558,-34.531806766738484],[-58.593378654696004,-34.53140000833916],[-58.59390635809969,-34.53185220271775],[-58.59469923706486,-34.53253161308746],[-58.59495128417646,-34.53232389931432],[-58.59507741789452,-34.53215325937943],[-58.59513273789462,-34.532050049816775],[-58.59514433850953,-34.53194163847753],[-58.59511075721978,-34.53177395066823],[-58.59503960310857,-34.53162374768822],[-58.59493409068707,-34.531405828898066],[-58.594749926443804,-34.53105329425505],[-58.59458015920325,-34.53068375241478],[-58.594401188595356,-34.5302422483471],[-58.594317463954106,-34.5298528085108],[-58.594018456947815,-34.52956805401954],[-58.59378485425382,-34.529163850847475],[-58.593410184476575,-34.52945444114239],[-58.592391708674654,-34.53050644585057],[-58.59190060945822,-34.53091088950529],[-58.59155979336281,-34.53119156445046]]]]}},{"type":"Feature","properties":{"NOMPROV":"BUENOS AIRES","PROV":"06","NOMDEPTO":"GENERAL SAN MARTIN","DEPTO":"371","FRAC":"19","RADIO":"01","TIPO":"U","LINK":"063711901","IDRADIO_9":"063711901","hog_tot":294,"hog_nbi":3,"pob_tot":617,"pct_nbi":1.020408163265306},"geometry":{"type":"MultiPolygon","coordinates":[[[[-58.55551674115748,-34.55160704875445],[-58.55643832969446,-34.552492255892794],[-58.5573599376878,-34.553377455535255],[-58.55827051752831,-34.55427153157412],[-58.559408560594015,-34.55334756792892],[-58.55843153852356,-34.55251580994055],[-58.55744379968166,-34.551674904166525],[-58.5564668167133,-34.5508431303064],[-58.55551674115748,-34.55160704875445]]]]}},{"type":"Feature","properties":{"NOMPROV":"BUENOS AIRES","PROV":"06","NOMDEPTO":"GENERAL SAN MARTIN","DEPTO":"371","FRAC":"19","RADIO":"07","TIPO":"U","LINK":"063711907","IDRADIO_9":"063711907","hog_tot":401,"hog_nbi":21,"pob_tot":1050,"pct_nbi":5.236907730673318},"geometry":{"type":"MultiPolygon","coordinates":[[[[-58.55464803361902,-34.55711299592543],[-58.55318617471218,-34.558307053094666],[-58.5536582916462,-34.55869392368021],[-58.553970861343984,-34.558916723357115],[-58.55453407406578,-34.55927373556611],[-58.55462632557629,-34.55933214725288],[-58.555780650900616,-34.56004843477442],[-58.55671970301276,-34.560603407735286],[-58.55781705092585,-34.5597904017165],[-58.559140716458664,-34.55872408286287],[-58.55843535038234,-34.557978006132934],[-58.55780326641627,-34.557357625030264],[-58.557481159889115,-34.5570834159172],[-58.55671838214934,-34.556461484761506],[-58.55616054405253,-34.555959148186965],[-58.55464803361902,-34.55711299592543]]]]}},{"type":"Feature","properties":{"NOMPROV":"BUENOS AIRES","PROV":"06","NOMDEPTO":"GENERAL SAN MARTIN","DEPTO":"371","FRAC":"20","RADIO":"03","TIPO":"U","LINK":"063712003","IDRADIO_9":"063712003","hog_tot":349,"hog_nbi":7,"pob_tot":952,"pct_nbi":2.005730659025788},"geometry":{"type":"MultiPolygon","coordinates":[[[[-58.56043599492596,-34.562003587257],[-58.5605220518444,-34.56206769642038],[-58.56123075386573,-34.56267093996559],[-58.56195020427585,-34.563283319570424],[-58.56268024739138,-34.563913846677565],[-58.56326565605831,-34.56345203979337],[-58.56354186359791,-34.56322995412183],[-58.56386226140021,-34.56297233479234],[-58.56435927222565,-34.56258159003176],[-58.56495586508024,-34.56210187930668],[-58.564174916718095,-34.56126345795275],[-58.56341061842721,-34.560452032813295],[-58.5630838798453,-34.560123774104916],[-58.56228883704313,-34.560700449833845],[-58.56149492376727,-34.56124992905823],[-58.56043599492596,-34.562003587257]]]]}},{"type":"Feature","properties":{"NOMPROV":"BUENOS AIRES","PROV":"06","NOMDEPTO":"GENERAL SAN MARTIN","DEPTO":"371","FRAC":"21","RADIO":"05","TIPO":"U","LINK":"063712105","IDRADIO_9":"063712105","hog_tot":423,"hog_nbi":11,"pob_tot":1099,"pct_nbi":2.60047281323877},"geometry":{"type":"MultiPolygon","coordinates":[[[[-58.54561121201276,-34.56366657911502],[-58.544583380358056,-34.56450158858312],[-58.543544634678724,-34.56533645877297],[-58.54426381565486,-34.56595795125493],[-58.54509084498661,-34.566643818372036],[-58.545831523477965,-34.567283584918236],[-58.54670105645292,-34.56803304267365],[-58.5477614368939,-34.56720741683964],[-58.54887804109448,-34.566359450293],[-58.547905463385234,-34.565557300765846],[-58.54716913070423,-34.56495914310944],[-58.546325193490084,-34.564246354669464],[-58.54561121201276,-34.56366657911502]]]]}},{"type":"Feature","properties":{"NOMPROV":"BUENOS AIRES","PROV":"06","NOMDEPTO":"GENERAL SAN MARTIN","DEPTO":"371","FRAC":"14","RADIO":"05","TIPO":"U","LINK":"063711405","IDRADIO_9":"063711405","hog_tot":233,"hog_nbi":33,"pob_tot":746,"pct_nbi":14.163090128755366},"geometry":{"type":"MultiPolygon","coordinates":[[[[-58.57786248155191,-34.52447562047543],[-58.57863846643227,-34.52513533938741],[-58.57944278729231,-34.52448817820824],[-58.58050962634649,-34.523638898724855],[-58.58093755250251,-34.52335231900942],[-58.580833374499186,-34.52333620271197],[-58.58061964163953,-34.52308486110276],[-58.580101671199756,-34.52264908756406],[-58.57937561624677,-34.523257832551835],[-58.57868474113838,-34.52382970066662],[-58.57786248155191,-34.52447562047543]]]]}},{"type":"Feature","properties":{"NOMPROV":"BUENOS AIRES","PROV":"06","NOMDEPTO":"GENERAL SAN MARTIN","DEPTO":"371","FRAC":"14","RADIO":"07","TIPO":"U","LINK":"063711407","IDRADIO_9":"063711407","hog_tot":327,"hog_nbi":84,"pob_tot":1142,"pct_nbi":25.688073394495415},"geometry":{"type":"MultiPolygon","coordinates":[[[[-58.581793239823874,-34.519764704122416],[-58.58213149298858,-34.520163529710516],[-58.582591529581045,-34.52069375498733],[-58.58288569243514,-34.521025178141876],[-58.58340712460391,-34.52161265931571],[-58.58405990442754,-34.52115495719648],[-58.584806452368426,-34.520627183280766],[-58.58524262360573,-34.52013251994151],[-58.585317642041765,-34.520045062421254],[-58.58535703278717,-34.51996295814102],[-58.585547843247724,-34.5200190791916],[-58.585602431962464,-34.51991061223422],[-58.58561752708611,-34.51988061958396],[-58.58547628201115,-34.51983822982516],[-58.58442169489061,-34.519521724799816],[-58.584355377868,-34.51950048812583],[-58.58385046947124,-34.51933879280452],[-58.58375945736246,-34.51931559383399],[-58.58352303711237,-34.51925533110439],[-58.58323760469397,-34.519182574429635],[-58.58294060009796,-34.51906295025129],[-58.58287229381994,-34.51903543879899],[-58.58270191359778,-34.518989334914814],[-58.582540543812755,-34.519134527251595],[-58.582335360423606,-34.51930755299874],[-58.58204571749561,-34.519551799058966],[-58.581793239823874,-34.519764704122416]]]]}},{"type":"Feature","properties":{"NOMPROV":"BUENOS AIRES","PROV":"06","NOMDEPTO":"GENERAL SAN MARTIN","DEPTO":"371","FRAC":"04","RADIO":"08","TIPO":"U","LINK":"063710408","IDRADIO_9":"063710408","hog_tot":279,"hog_nbi":5,"pob_tot":741,"pct_nbi":1.792114695340502},"geometry":{"type":"MultiPolygon","coordinates":[[[[-58.54911610688039,-34.53688428303688],[-58.549813938850576,-34.53746943519337],[-58.550447223109074,-34.53800874882661],[-58.551134028666546,-34.53860277615354],[-58.55179953094198,-34.53916950656413],[-58.55308087294939,-34.538139136709844],[-58.552404790724744,-34.53755426078705],[-58.55171782921275,-34.5369692521463],[-58.55108454415891,-34.53642994410645],[-58.55039908258689,-34.53586043655841],[-58.54911610688039,-34.53688428303688]]]]}},{"type":"Feature","properties":{"NOMPROV":"BUENOS AIRES","PROV":"06","NOMDEPTO":"GENERAL SAN MARTIN","DEPTO":"371","FRAC":"01","RADIO":"01","TIPO":"U","LINK":"063710101","IDRADIO_9":"063710101","hog_tot":363,"hog_nbi":36,"pob_tot":1223,"pct_nbi":9.917355371900827},"geometry":{"type":"MultiPolygon","coordinates":[[[[-58.585614969259375,-34.50485840519286],[-58.58673740604029,-34.50577465716656],[-58.58638110464778,-34.5060614853336],[-58.58598585783488,-34.506296001079306],[-58.58973200063432,-34.5060355047345],[-58.59115026354598,-34.50593685212803],[-58.59192716883905,-34.50588280441743],[-58.591943497794944,-34.50588299264607],[-58.60049606960742,-34.50528914995329],[-58.60092904333016,-34.50525907034509],[-58.60122895980539,-34.50523674602127],[-58.60134067448981,-34.50543502822847],[-58.60079389027844,-34.50279921091995],[-58.60039056042594,-34.502143274817726],[-58.60010888210982,-34.50168170284383],[-58.599789987457754,-34.5011553176895],[-58.59959183401645,-34.50080369436278],[-58.5993144940503,-34.50031154839803],[-58.598395698009604,-34.49855369887556],[-58.59839823805955,-34.49775151725529],[-58.598501277675105,-34.496934151362396],[-58.5987832599968,-34.496068933969596],[-58.599299752823704,-34.49527410141851],[-58.600306521006075,-34.49431217020048],[-58.60078780434869,-34.493524485332934],[-58.60094224822672,-34.492751083213115],[-58.60084725555063,-34.49192074273287],[-58.6006995001344,-34.490990648013884],[-58.60016398774141,-34.490161799192116],[-58.59599324987064,-34.493818130459815],[-58.59487492342421,-34.49479844631994],[-58.5931165113557,-34.496308645574636],[-58.59075698351984,-34.498326054240074],[-58.590083549495034,-34.498946497792986],[-58.589359613549625,-34.49961185578692],[-58.58860300222675,-34.50027634682134],[-58.58788250055934,-34.500909109722166],[-58.587149193918734,-34.50155310332281],[-58.58641447796623,-34.502198319873756],[-58.58504632894455,-34.50337260059314],[-58.58494770186019,-34.503454436221126],[-58.58612020480389,-34.504348381012065],[-58.585614969259375,-34.50485840519286]]]]}},{"type":"Feature","properties":{"NOMPROV":"BUENOS AIRES","PROV":"06","NOMDEPTO":"GENERAL SAN MARTIN","DEPTO":"371","FRAC":"03","RADIO":"08","TIPO":"U","LINK":"063710308","IDRADIO_9":"063710308","hog_tot":461,"hog_nbi":20,"pob_tot":1269,"pct_nbi":4.338394793926247},"geometry":{"type":"MultiPolygon","coordinates":[[[[-58.57155343379624,-34.52437769989708],[-58.57020174701824,-34.525496593669736],[-58.569085148237974,-34.526368926168594],[-58.5686576255521,-34.526706257585126],[-58.56797687196999,-34.527243339415826],[-58.566855627157246,-34.52819747408293],[-58.56641389978635,-34.52855282888371],[-58.56738001487688,-34.529396313086444],[-58.56836598130724,-34.52861710697194],[-58.56902143250478,-34.52807905969667],[-58.56967326035831,-34.528601990373105],[-58.570352087522224,-34.52917430875525],[-58.57121845300279,-34.529923110572334],[-58.57207165647365,-34.53066068834409],[-58.572751448412596,-34.53016020729946],[-58.573360158024585,-34.52962311810056],[-58.574141196081456,-34.52900870639571],[-58.57361077263072,-34.52796942987759],[-58.573071422841835,-34.52695332419374],[-58.57264885316867,-34.52622844905141],[-58.5725625340988,-34.526077672192315],[-58.57219055561735,-34.5254582538376],[-58.57203405033022,-34.52523463246106],[-58.57155343379624,-34.52437769989708]]]]}},{"type":"Feature","properties":{"NOMPROV":"BUENOS AIRES","PROV":"06","NOMDEPTO":"GENERAL SAN MARTIN","DEPTO":"371","FRAC":"02","RADIO":"02","TIPO":"U","LINK":"063710202","IDRADIO_9":"063710202","hog_tot":369,"hog_nbi":25,"pob_tot":1112,"pct_nbi":6.775067750677506},"geometry":{"type":"MultiPolygon","coordinates":[[[[-58.57869443410742,-34.51870790472116],[-58.57797406425449,-34.519288236225925],[-58.57721245020538,-34.51990178084361],[-58.577007813246745,-34.5199296830523],[-58.577147727662066,-34.52002252938004],[-58.578423565642595,-34.519673200060396],[-58.579419154610505,-34.51940059118284],[-58.57948247926992,-34.51938325198226],[-58.5812306600936,-34.51890454696394],[-58.58151611599223,-34.518886725984466],[-58.581734105870446,-34.51887311709407],[-58.58241650636159,-34.51891210410527],[-58.58270191359778,-34.518989334914814],[-58.58287229381994,-34.51903543879899],[-58.58294060009796,-34.51906295025129],[-58.58323760469397,-34.519182574429635],[-58.58352303711237,-34.51925533110439],[-58.58357172328561,-34.51914230695964],[-58.58358849437293,-34.51910340517509],[-58.58341959018711,-34.51906547396729],[-58.58325643148624,-34.518878728700095],[-58.58333984207519,-34.51873231383547],[-58.58379907801733,-34.51837064493749],[-58.58394056310981,-34.51825921854904],[-58.58462835784169,-34.51771630167387],[-58.58384637623809,-34.51706077098775],[-58.58305717872843,-34.516399175680434],[-58.58232351180868,-34.515784119688306],[-58.58152057506902,-34.51643103695405],[-58.58129625389281,-34.51661176803686],[-58.58087553082441,-34.51695073191028],[-58.58017153890766,-34.51751790555294],[-58.57943437237076,-34.518111796442774],[-58.57869443410742,-34.51870790472116]]]]}},{"type":"Feature","properties":{"NOMPROV":"BUENOS AIRES","PROV":"06","NOMDEPTO":"GENERAL SAN MARTIN","DEPTO":"371","FRAC":"28","RADIO":"02","TIPO":"U","LINK":"063712802","IDRADIO_9":"063712802","hog_tot":352,"hog_nbi":16,"pob_tot":983,"pct_nbi":4.545454545454546},"geometry":{"type":"MultiPolygon","coordinates":[[[[-58.5519425769188,-34.586852251767574],[-58.55319342537322,-34.58762421595964],[-58.554240074137006,-34.58823150574989],[-58.55448819664182,-34.58837866015566],[-58.55480107406807,-34.58856263473203],[-58.55526478906892,-34.588847541311],[-58.555907551074604,-34.588233226210306],[-58.556792830611734,-34.587459534662834],[-58.555823849844906,-34.586772064184075],[-58.55482521541384,-34.58600488708719],[-58.553823243185576,-34.58531384203127],[-58.55287989754558,-34.58607538915508],[-58.5519425769188,-34.586852251767574]]]]}},{"type":"Feature","properties":{"NOMPROV":"BUENOS AIRES","PROV":"06","NOMDEPTO":"GENERAL SAN MARTIN","DEPTO":"371","FRAC":"05","RADIO":"09","TIPO":"U","LINK":"063710509","IDRADIO_9":"063710509","hog_tot":423,"hog_nbi":10,"pob_tot":1179,"pct_nbi":2.364066193853428},"geometry":{"type":"MultiPolygon","coordinates":[[[[-58.54267548671013,-34.542080447117385],[-58.542233584246176,-34.54243570920092],[-58.542222536608875,-34.542444590753256],[-58.542189393682875,-34.54247123540378],[-58.54138259594626,-34.54313760696886],[-58.54025602312377,-34.544025486424566],[-58.53875378418944,-34.545215315802416],[-58.539342069772324,-34.54583526965102],[-58.53995183228228,-34.54647350448402],[-58.54028328383024,-34.54620706527323],[-58.5416197992811,-34.54515043861879],[-58.54273564114698,-34.54425340518352],[-58.544006436903864,-34.54321399460914],[-58.54336242483806,-34.54266550564722],[-58.54267548671013,-34.542080447117385]]]]}},{"type":"Feature","properties":{"NOMPROV":"BUENOS AIRES","PROV":"06","NOMDEPTO":"GENERAL SAN MARTIN","DEPTO":"371","FRAC":"03","RADIO":"02","TIPO":"U","LINK":"063710302","IDRADIO_9":"063710302","hog_tot":274,"hog_nbi":9,"pob_tot":877,"pct_nbi":3.284671532846716},"geometry":{"type":"MultiPolygon","coordinates":[[[[-58.56642430766545,-34.523362398070134],[-58.567095535221625,-34.5239449311981],[-58.567873299283,-34.52331466667224],[-58.56858208382395,-34.52277356601773],[-58.56787940736793,-34.522184669146185],[-58.56715126198135,-34.521550835400866],[-58.56636124978012,-34.5209589294719],[-58.56549053056517,-34.5202660916102],[-58.56544367050229,-34.5202272679386],[-58.564720529150456,-34.520847626178146],[-58.56562958484779,-34.52157618065382],[-58.56494433485901,-34.52216302203666],[-58.56565274191896,-34.52276623609729],[-58.56642430766545,-34.523362398070134]]]]}},{"type":"Feature","properties":{"NOMPROV":"BUENOS AIRES","PROV":"06","NOMDEPTO":"GENERAL SAN MARTIN","DEPTO":"371","FRAC":"01","RADIO":"11","TIPO":"U","LINK":"063710111","IDRADIO_9":"063710111","hog_tot":11,"hog_nbi":6,"pob_tot":39,"pct_nbi":54.54545454545453},"geometry":{"type":"MultiPolygon","coordinates":[[[[-58.589257155981684,-34.522202389976684],[-58.58942641251474,-34.5222971468562],[-58.591015505828295,-34.52220353998554],[-58.59115378636146,-34.5221741169285],[-58.591458181061405,-34.52212615706404],[-58.59153109167281,-34.5220917639595],[-58.591872587051256,-34.52193067537696],[-58.59195218906017,-34.521919268939584],[-58.59247977277557,-34.52183086866416],[-58.59302589091672,-34.521820729876445],[-58.593374694872665,-34.52173848175843],[-58.593927437840144,-34.52133405642329],[-58.59506461290168,-34.520410541267694],[-58.59561927144057,-34.5198911078395],[-58.5958923241649,-34.51959026206585],[-58.59603298466574,-34.51889764306371],[-58.59930354612905,-34.51623219042561],[-58.60224698047185,-34.514002987979936],[-58.60254838650712,-34.513774708390876],[-58.60287194242829,-34.51222885310875],[-58.60224964566768,-34.509275169337464],[-58.60207263206136,-34.508337170141004],[-58.60164863093256,-34.50681555047645],[-58.601429386765155,-34.50583271799042],[-58.60134067448981,-34.50543502822847],[-58.60122895980539,-34.50523674602127],[-58.60092904333016,-34.50525907034509],[-58.60049606960742,-34.50528914995329],[-58.591943497794944,-34.50588299264607],[-58.591136103696776,-34.50771940495545],[-58.59009467343558,-34.51008799875942],[-58.588396486014176,-34.51394997629992],[-58.58796591928619,-34.51492909779118],[-58.587336303189815,-34.51636081728281],[-58.58670666476651,-34.51779253357401],[-58.58661565977526,-34.51799228002322],[-58.58583276773033,-34.519710607086935],[-58.58573909503751,-34.51991619871746],[-58.586580504916206,-34.52018096639206],[-58.58742192029921,-34.520445728388005],[-58.58777393698098,-34.520596533896565],[-58.5881149838647,-34.52108557785066],[-58.58840863861172,-34.52150524105685],[-58.58872811758624,-34.52185881624229],[-58.5890879009103,-34.522107633784245],[-58.589257155981684,-34.522202389976684]]]]}},{"type":"Feature","properties":{"NOMPROV":"BUENOS AIRES","PROV":"06","NOMDEPTO":"GENERAL SAN MARTIN","DEPTO":"371","FRAC":"44","RADIO":"01","TIPO":"U","LINK":"063714401","IDRADIO_9":"063714401","hog_tot":432,"hog_nbi":7,"pob_tot":1129,"pct_nbi":1.62037037037037},"geometry":{"type":"MultiPolygon","coordinates":[[[[-58.56060833268071,-34.535991942846415],[-58.561232295432276,-34.536526958823515],[-58.562534097299455,-34.535501731685905],[-58.56289593797343,-34.53520341763052],[-58.5635920998151,-34.534650740363595],[-58.56381829232742,-34.53446152427332],[-58.56431601269651,-34.53403934588584],[-58.56509366359058,-34.53341381880632],[-58.564466321332034,-34.532883465986544],[-58.563786022527644,-34.532326429089984],[-58.56280263546081,-34.53145779120827],[-58.56246088916078,-34.53169713310955],[-58.56201865980183,-34.53207950592744],[-58.56173207221732,-34.53229463331126],[-58.56168764411193,-34.5323279845488],[-58.561378248943264,-34.53258573046999],[-58.56069366349001,-34.533073751729596],[-58.56057259569458,-34.53317267461892],[-58.56018730090614,-34.533487493872194],[-58.55995300859102,-34.53366600688301],[-58.55950074839289,-34.53401059346967],[-58.558873722360474,-34.5345278334066],[-58.55969922589864,-34.53521590072955],[-58.56060833268071,-34.535991942846415]]]]}},{"type":"Feature","properties":{"NOMPROV":"BUENOS AIRES","PROV":"06","NOMDEPTO":"GENERAL SAN MARTIN","DEPTO":"371","FRAC":"44","RADIO":"08","TIPO":"U","LINK":"063714408","IDRADIO_9":"063714408","hog_tot":424,"hog_nbi":3,"pob_tot":1139,"pct_nbi":0.707547169811321},"geometry":{"type":"MultiPolygon","coordinates":[[[[-58.55964056634417,-34.5436788617658],[-58.55835890441532,-34.544727322766406],[-58.55920685442,-34.545458410525505],[-58.56008733829968,-34.54619888880989],[-58.560882007017014,-34.54684374377477],[-58.56109070800167,-34.54688535383524],[-58.56133829042039,-34.54693471454767],[-58.56162968415895,-34.54670346306266],[-58.56217764489768,-34.54626859231769],[-58.56306116859558,-34.54556693089399],[-58.563713104821204,-34.54502928717898],[-58.56395587911317,-34.544847367405175],[-58.56483968234354,-34.54412766795505],[-58.564771493689456,-34.54391865197039],[-58.56471581849221,-34.543747995761414],[-58.56394250466268,-34.54308958273465],[-58.563072909049886,-34.54234925914627],[-58.56221421929258,-34.54160905881096],[-58.560921730743416,-34.54265742041158],[-58.55964056634417,-34.5436788617658]]]]}},{"type":"Feature","properties":{"NOMPROV":"BUENOS AIRES","PROV":"06","NOMDEPTO":"GENERAL SAN MARTIN","DEPTO":"371","FRAC":"06","RADIO":"11","TIPO":"U","LINK":"063710611","IDRADIO_9":"063710611","hog_tot":386,"hog_nbi":55,"pob_tot":1246,"pct_nbi":14.248704663212436},"geometry":{"type":"MultiPolygon","coordinates":[[[[-58.540623583539315,-34.54717664775201],[-58.540002296483536,-34.547647220698124],[-58.53909839403744,-34.54838743242671],[-58.53970100331406,-34.54886544721945],[-58.540383132226495,-34.54944956170621],[-58.54118953007217,-34.55010819441383],[-58.54223440804027,-34.54925889357196],[-58.54242223328901,-34.54910790846974],[-58.54225111518739,-34.54892559617789],[-58.54172859294753,-34.54837510073254],[-58.54115037182467,-34.54772923134672],[-58.540623583539315,-34.54717664775201]]]]}},{"type":"Feature","properties":{"NOMPROV":"BUENOS AIRES","PROV":"06","NOMDEPTO":"GENERAL SAN MARTIN","DEPTO":"371","FRAC":"45","RADIO":"01","TIPO":"U","LINK":"063714501","IDRADIO_9":"063714501","hog_tot":310,"hog_nbi":23,"pob_tot":1006,"pct_nbi":7.419354838709678},"geometry":{"type":"MultiPolygon","coordinates":[[[[-58.59495128417646,-34.53232389931432],[-58.59469923706486,-34.53253161308746],[-58.59390635809969,-34.53185220271775],[-58.593074100430506,-34.53250928188639],[-58.593407760490614,-34.53288728280411],[-58.59245904761444,-34.53361417968633],[-58.592873014266814,-34.5339588895876],[-58.59336784363166,-34.53437995232301],[-58.59354740317536,-34.53453274252814],[-58.59390681845716,-34.53483857254235],[-58.59468478674102,-34.535553748362624],[-58.595654389712635,-34.53486107830658],[-58.596168318359574,-34.534312299568114],[-58.59573710889425,-34.53342093240436],[-58.59616803084369,-34.53308715360123],[-58.59549298442673,-34.53195766781793],[-58.5952430744942,-34.53152313130697],[-58.594696159545315,-34.53056142870859],[-58.594317463954106,-34.5298528085108],[-58.594401188595356,-34.5302422483471],[-58.59458015920325,-34.53068375241478],[-58.594749926443804,-34.53105329425505],[-58.59493409068707,-34.531405828898066],[-58.59503960310857,-34.53162374768822],[-58.59511075721978,-34.53177395066823],[-58.59514433850953,-34.53194163847753],[-58.59513273789462,-34.532050049816775],[-58.59507741789452,-34.53215325937943],[-58.59495128417646,-34.53232389931432]]]]}},{"type":"Feature","properties":{"NOMPROV":"BUENOS AIRES","PROV":"06","NOMDEPTO":"GENERAL SAN MARTIN","DEPTO":"371","FRAC":"12","RADIO":"05","TIPO":"U","LINK":"063711205","IDRADIO_9":"063711205","hog_tot":446,"hog_nbi":7,"pob_tot":933,"pct_nbi":1.569506726457399},"geometry":{"type":"MultiPolygon","coordinates":[[[[-58.54712650775552,-34.547956184023306],[-58.54801764057932,-34.548705888256414],[-58.549287974252245,-34.547693458308565],[-58.550613670215846,-34.54662759013076],[-58.549711643907415,-34.54587777519794],[-58.54890639902747,-34.545201210946516],[-58.547613848078136,-34.54624041474014],[-58.546310060413845,-34.54729749646913],[-58.54712650775552,-34.547956184023306]]]]}},{"type":"Feature","properties":{"NOMPROV":"BUENOS AIRES","PROV":"06","NOMDEPTO":"GENERAL SAN MARTIN","DEPTO":"371","FRAC":"12","RADIO":"02","TIPO":"U","LINK":"063711202","IDRADIO_9":"063711202","hog_tot":309,"hog_nbi":3,"pob_tot":732,"pct_nbi":0.970873786407767},"geometry":{"type":"MultiPolygon","coordinates":[[[[-58.54809247251498,-34.544561696262406],[-58.54890639902747,-34.545201210946516],[-58.550230808633536,-34.54420743945063],[-58.5515279550539,-34.54320237638239],[-58.55063726729672,-34.54246387139744],[-58.54990179366121,-34.541823979521936],[-58.54858969381853,-34.5428559783214],[-58.547312164911865,-34.543857269193396],[-58.54809247251498,-34.544561696262406]]]]}},{"type":"Feature","properties":{"NOMPROV":"BUENOS AIRES","PROV":"06","NOMDEPTO":"GENERAL SAN MARTIN","DEPTO":"371","FRAC":"08","RADIO":"06","TIPO":"U","LINK":"063710806","IDRADIO_9":"063710806","hog_tot":347,"hog_nbi":18,"pob_tot":878,"pct_nbi":5.187319884726226},"geometry":{"type":"MultiPolygon","coordinates":[[[[-58.51964735190375,-34.562877356423606],[-58.51956162268933,-34.56296581790613],[-58.51866712286758,-34.56395016067636],[-58.518088801844,-34.56459558962979],[-58.517782171369795,-34.56493032383488],[-58.516906725148836,-34.5659355113723],[-58.51764268098197,-34.56636522619242],[-58.51840681154201,-34.566823861047084],[-58.51919098410513,-34.567278730615634],[-58.52004047369219,-34.56626912078354],[-58.520930731720036,-34.56528251142539],[-58.521881779114366,-34.56422877122252],[-58.52113796638199,-34.56377810525192],[-58.52042651822902,-34.56335897477193],[-58.51964735190375,-34.562877356423606]]]]}},{"type":"Feature","properties":{"NOMPROV":"BUENOS AIRES","PROV":"06","NOMDEPTO":"GENERAL SAN MARTIN","DEPTO":"371","FRAC":"09","RADIO":"01","TIPO":"U","LINK":"063710901","IDRADIO_9":"063710901","hog_tot":405,"hog_nbi":7,"pob_tot":1091,"pct_nbi":1.728395061728395},"geometry":{"type":"MultiPolygon","coordinates":[[[[-58.52508392227215,-34.56305971523199],[-58.5257955486022,-34.563482928409144],[-58.526505435461125,-34.56391047268585],[-58.527240471453176,-34.564349679572665],[-58.52798446370036,-34.56478023539454],[-58.528707013072946,-34.56520356450711],[-58.52956373008345,-34.56419537489868],[-58.530124258266085,-34.56355424038517],[-58.52949697309292,-34.562956756471344],[-58.52888890825056,-34.562396904028745],[-58.5282839919243,-34.561856631271404],[-58.52767329347,-34.56130641613745],[-58.5270622262957,-34.560769655996275],[-58.525935792647054,-34.56205405681712],[-58.52508392227215,-34.56305971523199]]]]}},{"type":"Feature","properties":{"NOMPROV":"BUENOS AIRES","PROV":"06","NOMDEPTO":"GENERAL SAN MARTIN","DEPTO":"371","FRAC":"43","RADIO":"05","TIPO":"U","LINK":"063714305","IDRADIO_9":"063714305","hog_tot":194,"hog_nbi":7,"pob_tot":491,"pct_nbi":3.608247422680412},"geometry":{"type":"MultiPolygon","coordinates":[[[[-58.53671736540168,-34.560734572504465],[-58.53754426857031,-34.56135222690076],[-58.537622818734846,-34.56129073560199],[-58.53829945346559,-34.561848658816274],[-58.539372144458525,-34.56094213171353],[-58.53942582111203,-34.560987841191675],[-58.54053053745507,-34.56011774042564],[-58.54004713506535,-34.55972438263912],[-58.53958536507404,-34.559340294331555],[-58.538930211186745,-34.558800663088526],[-58.53784712436157,-34.55968002117646],[-58.53789006436368,-34.559716589271375],[-58.537303757906734,-34.560223329522564],[-58.53671736540168,-34.560734572504465]]]]}},{"type":"Feature","properties":{"NOMPROV":"BUENOS AIRES","PROV":"06","NOMDEPTO":"GENERAL SAN MARTIN","DEPTO":"371","FRAC":"13","RADIO":"07","TIPO":"U","LINK":"063711307","IDRADIO_9":"063711307","hog_tot":230,"hog_nbi":3,"pob_tot":614,"pct_nbi":1.304347826086957},"geometry":{"type":"MultiPolygon","coordinates":[[[[-58.56869220751709,-34.5407582510906],[-58.568854574011006,-34.540898397222634],[-58.56947859390181,-34.540396449038425],[-58.5695227720966,-34.54036091262761],[-58.57052750551964,-34.539570479839945],[-58.57115718159613,-34.53905506776309],[-58.572029510909076,-34.53836222023456],[-58.57187874654568,-34.53821051263283],[-58.5717365931657,-34.53806746931464],[-58.57093443370905,-34.53743003174431],[-58.5700646772919,-34.53669876983134],[-58.56918419943678,-34.53595836178755],[-58.56860991039785,-34.536420332339446],[-58.56951216651337,-34.537160999623254],[-58.568209257163915,-34.53819129214243],[-58.569078857678576,-34.538931579684316],[-58.56985232786303,-34.53958737916485],[-58.56855466059676,-34.540639525192574],[-58.56869220751709,-34.5407582510906]]]]}},{"type":"Feature","properties":{"NOMPROV":"BUENOS AIRES","PROV":"06","NOMDEPTO":"GENERAL SAN MARTIN","DEPTO":"371","FRAC":"44","RADIO":"04","TIPO":"U","LINK":"063714404","IDRADIO_9":"063714404","hog_tot":244,"hog_nbi":7,"pob_tot":627,"pct_nbi":2.868852459016393},"geometry":{"type":"MultiPolygon","coordinates":[[[[-58.55954854901976,-34.53934675128856],[-58.560469786399786,-34.540107674186274],[-58.56172451759818,-34.53907672026936],[-58.56304877899409,-34.53804954654739],[-58.56213969712218,-34.53729168836327],[-58.561232295432276,-34.536526958823515],[-58.559974977213905,-34.537556385361626],[-58.559423122129054,-34.53801123213862],[-58.55867113685775,-34.53863101700291],[-58.55954854901976,-34.53934675128856]]]]}},{"type":"Feature","properties":{"NOMPROV":"BUENOS AIRES","PROV":"06","NOMDEPTO":"GENERAL SAN MARTIN","DEPTO":"371","FRAC":"13","RADIO":"02","TIPO":"U","LINK":"063711302","IDRADIO_9":"063711302","hog_tot":377,"hog_nbi":10,"pob_tot":1075,"pct_nbi":2.652519893899204},"geometry":{"type":"MultiPolygon","coordinates":[[[[-58.569397169966024,-34.53282324973973],[-58.56813575268198,-34.53386527350975],[-58.56687063008354,-34.53492660659552],[-58.565572432077914,-34.535965405646024],[-58.566480836558725,-34.53671983979589],[-58.56735056089585,-34.5374511273683],[-58.56860991039785,-34.536420332339446],[-58.56918419943678,-34.53595836178755],[-58.56990205207813,-34.53538089520817],[-58.57039902085008,-34.53498110765459],[-58.57119416166994,-34.53434144252953],[-58.57074326972836,-34.53395759880663],[-58.57032458813474,-34.53360117113758],[-58.569397169966024,-34.53282324973973]]]]}},{"type":"Feature","properties":{"NOMPROV":"BUENOS AIRES","PROV":"06","NOMDEPTO":"GENERAL SAN MARTIN","DEPTO":"371","FRAC":"23","RADIO":"09","TIPO":"U","LINK":"063712309","IDRADIO_9":"063712309","hog_tot":315,"hog_nbi":1,"pob_tot":660,"pct_nbi":0.317460317460317},"geometry":{"type":"MultiPolygon","coordinates":[[[[-58.532522167468564,-34.58070998915377],[-58.53329790223252,-34.58138553984376],[-58.534442468550694,-34.58047816104817],[-58.53364776482173,-34.57981063685656],[-58.53467069952765,-34.57894288944385],[-58.53392510289712,-34.57829070806444],[-58.53316295146737,-34.57763258529721],[-58.53210134330882,-34.57851214481845],[-58.53100271959311,-34.57940614192452],[-58.531761055058446,-34.58005188193393],[-58.53201660253741,-34.58027951074202],[-58.532522167468564,-34.58070998915377]]]]}},{"type":"Feature","properties":{"NOMPROV":"BUENOS AIRES","PROV":"06","NOMDEPTO":"GENERAL SAN MARTIN","DEPTO":"371","FRAC":"51","RADIO":"04","TIPO":"U","LINK":"063715104","IDRADIO_9":"063715104","hog_tot":221,"hog_nbi":7,"pob_tot":513,"pct_nbi":3.167420814479638},"geometry":{"type":"MultiPolygon","coordinates":[[[[-58.53678856251259,-34.58427246969122],[-58.53725924741643,-34.58465317304883],[-58.53833011228774,-34.58375158250033],[-58.5394130428458,-34.582899264907255],[-58.54043603132166,-34.58204606079384],[-58.53963628395975,-34.58135163394425],[-58.53887374364958,-34.580711568360464],[-58.53777058488218,-34.581579345218366],[-58.53677437619442,-34.582396653661334],[-58.535609189814764,-34.5833034010041],[-58.53603283080259,-34.5836248942507],[-58.53641834675182,-34.58394725554571],[-58.53678856251259,-34.58427246969122]]]]}},{"type":"Feature","properties":{"NOMPROV":"BUENOS AIRES","PROV":"06","NOMDEPTO":"GENERAL SAN MARTIN","DEPTO":"371","FRAC":"39","RADIO":"05","TIPO":"U","LINK":"063713905","IDRADIO_9":"063713905","hog_tot":378,"hog_nbi":19,"pob_tot":1035,"pct_nbi":5.026455026455026},"geometry":{"type":"MultiPolygon","coordinates":[[[[-58.561741079536816,-34.53112080687033],[-58.56246088916078,-34.53169713310955],[-58.56280263546081,-34.53145779120827],[-58.56329987008605,-34.53101581271249],[-58.56356816532378,-34.53081271026424],[-58.564056183436755,-34.53042560434088],[-58.56338272442874,-34.52979002266364],[-58.56262279903294,-34.52924736920226],[-58.56194594304668,-34.52870760385593],[-58.56103546889777,-34.527946147576095],[-58.56021423318896,-34.527320015589275],[-58.55947431850688,-34.527953972402265],[-58.558678483051246,-34.52861349739392],[-58.55948342206209,-34.529265679367455],[-58.56036635736486,-34.52999594754156],[-58.56104305682178,-34.53054473320737],[-58.561741079536816,-34.53112080687033]]]]}},{"type":"Feature","properties":{"NOMPROV":"BUENOS AIRES","PROV":"06","NOMDEPTO":"GENERAL SAN MARTIN","DEPTO":"371","FRAC":"12","RADIO":"04","TIPO":"U","LINK":"063711204","IDRADIO_9":"063711204","hog_tot":216,"hog_nbi":4,"pob_tot":545,"pct_nbi":1.851851851851852},"geometry":{"type":"MultiPolygon","coordinates":[[[[-58.54312870463847,-34.548575535009576],[-58.54391261999642,-34.54922484208157],[-58.54521646803213,-34.54816778690861],[-58.546310060413845,-34.54729749646913],[-58.545515565950915,-34.546630052541744],[-58.54473197515107,-34.54596273261436],[-58.54362686459094,-34.54686892553197],[-58.5423560059099,-34.547908330013726],[-58.54312870463847,-34.548575535009576]]]]}},{"type":"Feature","properties":{"NOMPROV":"BUENOS AIRES","PROV":"06","NOMDEPTO":"GENERAL SAN MARTIN","DEPTO":"371","FRAC":"32","RADIO":"01","TIPO":"U","LINK":"063713201","IDRADIO_9":"063713201","hog_tot":364,"hog_nbi":7,"pob_tot":975,"pct_nbi":1.923076923076923},"geometry":{"type":"MultiPolygon","coordinates":[[[[-58.582990560944566,-34.56256846926529],[-58.58244626999204,-34.56256679118446],[-58.581285217372695,-34.56340625169795],[-58.5795738713443,-34.56476133559199],[-58.57945455361129,-34.564855811684396],[-58.57914738040778,-34.56510134190162],[-58.578216155866635,-34.565845675321725],[-58.577714314289615,-34.566256878544586],[-58.57727556889754,-34.56661637650344],[-58.57693389562529,-34.56690731966849],[-58.57805178017195,-34.567879548666646],[-58.57915776017068,-34.56883884340389],[-58.580274659801155,-34.569798254423716],[-58.580873796136984,-34.57031428759627],[-58.58136994942253,-34.57074839073879],[-58.58248674698323,-34.57171679417336],[-58.58359267469563,-34.572685061418944],[-58.58391508170371,-34.57295019283173],[-58.58460944113847,-34.57353548901842],[-58.58511990352375,-34.57312270218212],[-58.58611619834465,-34.5723087171604],[-58.586712589020266,-34.57183791115874],[-58.587689708496946,-34.57108307783891],[-58.589031196148994,-34.570044018547605],[-58.59032339849933,-34.5690178940033],[-58.59054545857408,-34.568861465085625],[-58.59027014922432,-34.56813425119526],[-58.58999217367336,-34.56741924438719],[-58.58971420267169,-34.566704237881986],[-58.58949276927505,-34.566087583215705],[-58.58936240196552,-34.56574415764608],[-58.58897120643386,-34.56476299985531],[-58.58870425019338,-34.56411326248013],[-58.58862861762286,-34.56392917866145],[-58.5882977556075,-34.56301193787505],[-58.588223697548216,-34.563022194954904],[-58.588103717914265,-34.56302982065848],[-58.58798404292667,-34.563019422769166],[-58.58786219753851,-34.56297583538319],[-58.5877472030749,-34.56292659455898],[-58.587649561300054,-34.562829644966726],[-58.58756892630805,-34.56270551449459],[-58.587526758213635,-34.56257911515347],[-58.58575398493065,-34.5625815584945],[-58.58441350815735,-34.56256951768379],[-58.582990560944566,-34.56256846926529]]]]}},{"type":"Feature","properties":{"NOMPROV":"BUENOS AIRES","PROV":"06","NOMDEPTO":"GENERAL SAN MARTIN","DEPTO":"371","FRAC":"11","RADIO":"10","TIPO":"U","LINK":"063711110","IDRADIO_9":"063711110","hog_tot":110,"hog_nbi":2,"pob_tot":325,"pct_nbi":1.818181818181818},"geometry":{"type":"MultiPolygon","coordinates":[[[[-58.544581795569655,-34.551459140837004],[-58.545307681935455,-34.55231505585055],[-58.54590430529752,-34.551835438383684],[-58.54647866824803,-34.551382593195925],[-58.54560899147182,-34.55065116037109],[-58.54542681481464,-34.55047773414931],[-58.54472859537388,-34.54991057932604],[-58.54391261999642,-34.54922484208157],[-58.54312870463847,-34.548575535009576],[-58.5423560059099,-34.547908330013726],[-58.54172859294753,-34.54837510073254],[-58.54225111518739,-34.54892559617789],[-58.54242223328901,-34.54910790846974],[-58.542764470641536,-34.54947253146037],[-58.54313922933154,-34.54984655507492],[-58.54384487425659,-34.550612102515935],[-58.544581795569655,-34.551459140837004]]]]}},{"type":"Feature","properties":{"NOMPROV":"BUENOS AIRES","PROV":"06","NOMDEPTO":"GENERAL SAN MARTIN","DEPTO":"371","FRAC":"03","RADIO":"07","TIPO":"U","LINK":"063710307","IDRADIO_9":"063710307","hog_tot":324,"hog_nbi":9,"pob_tot":940,"pct_nbi":2.777777777777778},"geometry":{"type":"MultiPolygon","coordinates":[[[[-58.570426399018764,-34.523139605483735],[-58.569692152271585,-34.523746588832516],[-58.56914382583835,-34.5232496763255],[-58.56858208382395,-34.52277356601773],[-58.567873299283,-34.52331466667224],[-58.567095535221625,-34.5239449311981],[-58.56638105624422,-34.52455706279267],[-58.565544454732006,-34.52527071790942],[-58.56579164253356,-34.52546290517022],[-58.56613002141034,-34.5257441274631],[-58.566424263920894,-34.52598130441997],[-58.5667001728604,-34.52620670385563],[-58.56684739907195,-34.52632388867189],[-58.56720242428228,-34.52662072373803],[-58.56728569964067,-34.52668345692434],[-58.567615193045526,-34.52695582601085],[-58.56797687196999,-34.527243339415826],[-58.5686576255521,-34.526706257585126],[-58.569085148237974,-34.526368926168594],[-58.57020174701824,-34.525496593669736],[-58.57155343379624,-34.52437769989708],[-58.57098913672169,-34.52302603769433],[-58.570882011770465,-34.522777892690456],[-58.570426399018764,-34.523139605483735]]]]}},{"type":"Feature","properties":{"NOMPROV":"BUENOS AIRES","PROV":"06","NOMDEPTO":"GENERAL SAN MARTIN","DEPTO":"371","FRAC":"04","RADIO":"05","TIPO":"U","LINK":"063710405","IDRADIO_9":"063710405","hog_tot":353,"hog_nbi":19,"pob_tot":957,"pct_nbi":5.38243626062323},"geometry":{"type":"MultiPolygon","coordinates":[[[[-58.554398553935656,-34.532566560187874],[-58.5529435483357,-34.533762552594204],[-58.55164979860161,-34.53479649074938],[-58.55039908258689,-34.53586043655841],[-58.55108454415891,-34.53642994410645],[-58.55171782921275,-34.5369692521463],[-58.553021228758354,-34.535921116792],[-58.55427942692244,-34.5348735602144],[-58.55569388799647,-34.53378952667366],[-58.55505080158144,-34.53318702853924],[-58.554398553935656,-34.532566560187874]]]]}},{"type":"Feature","properties":{"NOMPROV":"BUENOS AIRES","PROV":"06","NOMDEPTO":"GENERAL SAN MARTIN","DEPTO":"371","FRAC":"11","RADIO":"08","TIPO":"U","LINK":"063711108","IDRADIO_9":"063711108","hog_tot":241,"hog_nbi":2,"pob_tot":480,"pct_nbi":0.829875518672199},"geometry":{"type":"MultiPolygon","coordinates":[[[[-58.551059867671334,-34.54916566671211],[-58.549595361967874,-34.55006764740346],[-58.54975654547474,-34.55019574990599],[-58.55064772573405,-34.55094543676541],[-58.551918688187875,-34.54989693249864],[-58.551059867671334,-34.54916566671211]]]]}},{"type":"Feature","properties":{"NOMPROV":"BUENOS AIRES","PROV":"06","NOMDEPTO":"GENERAL SAN MARTIN","DEPTO":"371","FRAC":"11","RADIO":"03","TIPO":"U","LINK":"063711103","IDRADIO_9":"063711103","hog_tot":386,"hog_nbi":5,"pob_tot":747,"pct_nbi":1.295336787564767},"geometry":{"type":"MultiPolygon","coordinates":[[[[-58.55450345788123,-34.547836444571274],[-58.55537334328913,-34.5485588048479],[-58.55663285274003,-34.54753715562413],[-58.55662227276518,-34.547519003583695],[-58.55577416897777,-34.546796909772674],[-58.55490461047564,-34.5460565292721],[-58.5536231652668,-34.54708691539388],[-58.55450345788123,-34.547836444571274]]]]}},{"type":"Feature","properties":{"NOMPROV":"BUENOS AIRES","PROV":"06","NOMDEPTO":"GENERAL SAN MARTIN","DEPTO":"371","FRAC":"08","RADIO":"04","TIPO":"U","LINK":"063710804","IDRADIO_9":"063710804","hog_tot":352,"hog_nbi":7,"pob_tot":939,"pct_nbi":1.988636363636364},"geometry":{"type":"MultiPolygon","coordinates":[[[[-58.520417943809825,-34.561984728782065],[-58.51964735190375,-34.562877356423606],[-58.52042651822902,-34.56335897477193],[-58.52113796638199,-34.56377810525192],[-58.521881779114366,-34.56422877122252],[-58.52261486712634,-34.56467029041521],[-58.5233481212104,-34.56510279297987],[-58.52407080912945,-34.56551713662759],[-58.52472025723304,-34.56590742455203],[-58.52561535717541,-34.564906943602814],[-58.526505435461125,-34.56391047268585],[-58.5257955486022,-34.563482928409144],[-58.52508392227215,-34.56305971523199],[-58.52438809949096,-34.56266418173367],[-58.52363485921248,-34.56221781004784],[-58.5228814724885,-34.56178017592368],[-58.522226274885604,-34.561384712720006],[-58.52139614008728,-34.56088793627162],[-58.521295871795694,-34.56101290839608],[-58.52050700250383,-34.56187764746552],[-58.520417943809825,-34.561984728782065]]]]}},{"type":"Feature","properties":{"NOMPROV":"BUENOS AIRES","PROV":"06","NOMDEPTO":"GENERAL SAN MARTIN","DEPTO":"371","FRAC":"09","RADIO":"03","TIPO":"U","LINK":"063710903","IDRADIO_9":"063710903","hog_tot":361,"hog_nbi":7,"pob_tot":970,"pct_nbi":1.939058171745152},"geometry":{"type":"MultiPolygon","coordinates":[[[[-58.528707013072946,-34.56520356450711],[-58.527828489213974,-34.56621148373119],[-58.526928313809236,-34.56724827611013],[-58.52602636960742,-34.56830787908227],[-58.526939623336716,-34.569039976579674],[-58.5280033439396,-34.56989105562125],[-58.52906472112725,-34.56902054034223],[-58.52853854299187,-34.5685815549286],[-58.52958916255362,-34.56770189150373],[-58.53065049613309,-34.56683136101143],[-58.5299203589274,-34.566218671944966],[-58.5293942343289,-34.56577859572627],[-58.528707013072946,-34.56520356450711]]]]}},{"type":"Feature","properties":{"NOMPROV":"BUENOS AIRES","PROV":"06","NOMDEPTO":"GENERAL SAN MARTIN","DEPTO":"371","FRAC":"17","RADIO":"07","TIPO":"U","LINK":"063711707","IDRADIO_9":"063711707","hog_tot":388,"hog_nbi":18,"pob_tot":1052,"pct_nbi":4.63917525773196},"geometry":{"type":"MultiPolygon","coordinates":[[[[-58.568854574011006,-34.540898397222634],[-58.56852875475537,-34.541160475939904],[-58.56755665501545,-34.54195127445799],[-58.56854485016242,-34.54276506429146],[-58.56955484608174,-34.54357910260265],[-58.5705755984861,-34.5444022712481],[-58.57145934158605,-34.543682523185055],[-58.57243096566207,-34.54291872851885],[-58.57144334577303,-34.54206892146765],[-58.57044485546107,-34.54121898019642],[-58.5695227720966,-34.54036091262761],[-58.56947859390181,-34.540396449038425],[-58.568854574011006,-34.540898397222634]]]]}},{"type":"Feature","properties":{"NOMPROV":"BUENOS AIRES","PROV":"06","NOMDEPTO":"GENERAL SAN MARTIN","DEPTO":"371","FRAC":"47","RADIO":"02","TIPO":"U","LINK":"063714702","IDRADIO_9":"063714702","hog_tot":340,"hog_nbi":1,"pob_tot":836,"pct_nbi":0.294117647058824},"geometry":{"type":"MultiPolygon","coordinates":[[[[-58.57144334577303,-34.54206892146765],[-58.57243096566207,-34.54291872851885],[-58.57145934158605,-34.543682523185055],[-58.5705755984861,-34.5444022712481],[-58.57152105808517,-34.54517046955944],[-58.572036588790226,-34.54560013505133],[-58.57296266578531,-34.54495297850297],[-58.57316101058087,-34.5448200941828],[-58.573998407110494,-34.54426202898986],[-58.5748365596519,-34.543658898239784],[-58.57481508532269,-34.54364062054849],[-58.57425998586271,-34.542976155165114],[-58.57370919910592,-34.54205935945104],[-58.5732223719701,-34.54128601691341],[-58.57229291562855,-34.541689300746],[-58.57144334577303,-34.54206892146765]]]]}},{"type":"Feature","properties":{"NOMPROV":"BUENOS AIRES","PROV":"06","NOMDEPTO":"GENERAL SAN MARTIN","DEPTO":"371","FRAC":"35","RADIO":"03","TIPO":"U","LINK":"063713503","IDRADIO_9":"063713503","hog_tot":284,"hog_nbi":10,"pob_tot":792,"pct_nbi":3.52112676056338},"geometry":{"type":"MultiPolygon","coordinates":[[[[-58.57878797129365,-34.555350386154984],[-58.57810329230301,-34.55589223514314],[-58.57721149373877,-34.55515290009767],[-58.576526505999496,-34.55572062870364],[-58.57580833348238,-34.55628536392986],[-58.57669207945776,-34.5570285018243],[-58.5768078597886,-34.556942542579485],[-58.5778579919718,-34.557857461325554],[-58.578500438609744,-34.55738211690647],[-58.579170058880116,-34.556800371790615],[-58.579817487021984,-34.556279593326224],[-58.58050222364262,-34.55576692643458],[-58.579729459802785,-34.55508192633408],[-58.57942891908412,-34.55481703775881],[-58.57878797129365,-34.555350386154984]]]]}},{"type":"Feature","properties":{"NOMPROV":"BUENOS AIRES","PROV":"06","NOMDEPTO":"GENERAL SAN MARTIN","DEPTO":"371","FRAC":"37","RADIO":"12","TIPO":"U","LINK":"063713712","IDRADIO_9":"063713712","hog_tot":171,"hog_nbi":25,"pob_tot":567,"pct_nbi":14.619883040935672},"geometry":{"type":"MultiPolygon","coordinates":[[[[-58.60214026200816,-34.551131670925855],[-58.602023804624515,-34.55101956281711],[-58.60161165880973,-34.5513217397676],[-58.60153999900235,-34.551374279011945],[-58.60117050708058,-34.55164517933624],[-58.601015674505994,-34.551768608458104],[-58.60097443520574,-34.55177868168698],[-58.600847808620124,-34.551809611568544],[-58.601049630049644,-34.55199430796457],[-58.601160538004095,-34.55209580486005],[-58.601526959480445,-34.552431129606006],[-58.6017360881732,-34.55226223918639],[-58.60188229111079,-34.55214416711758],[-58.602226474356236,-34.55186620390858],[-58.60255967946469,-34.55216063123765],[-58.60289666408457,-34.55190722490961],[-58.60291854984563,-34.55189076698817],[-58.6031628429563,-34.55170706163314],[-58.60324104080655,-34.55164825701479],[-58.60343179639545,-34.55150480951084],[-58.603767052392314,-34.551769510582446],[-58.60382500701254,-34.55181526814118],[-58.60416067732583,-34.552080292869334],[-58.60468448679366,-34.55169883053026],[-58.60468604727052,-34.551697694633305],[-58.60407299684278,-34.551155376542205],[-58.60395254615843,-34.55104882198625],[-58.60395046819153,-34.55104950308191],[-58.60375693906214,-34.55111318685564],[-58.603657050901255,-34.55095318796774],[-58.6034805863397,-34.550772583290815],[-58.60341036113235,-34.55070932241839],[-58.603082926028414,-34.55041436130289],[-58.60214026200816,-34.551131670925855]]]]}},{"type":"Feature","properties":{"NOMPROV":"BUENOS AIRES","PROV":"06","NOMDEPTO":"GENERAL SAN MARTIN","DEPTO":"371","FRAC":"47","RADIO":"05","TIPO":"U","LINK":"063714705","IDRADIO_9":"063714705","hog_tot":345,"hog_nbi":2,"pob_tot":955,"pct_nbi":0.579710144927536},"geometry":{"type":"MultiPolygon","coordinates":[[[[-58.572036588790226,-34.54560013505133],[-58.571948382711895,-34.54566219693067],[-58.57097795519926,-34.546353893874205],[-58.571686142677784,-34.54698411095199],[-58.57258838471777,-34.547733769469055],[-58.573179559656516,-34.548200367767485],[-58.573469935696465,-34.54842008516783],[-58.57386876537893,-34.54866810847718],[-58.57487106582304,-34.54930174375246],[-58.5757657189309,-34.54858209259196],[-58.576996485522805,-34.54770462531211],[-58.57573910887482,-34.546735514649804],[-58.57483467873505,-34.5460499305507],[-58.573914305099926,-34.54536069154662],[-58.57316101058087,-34.5448200941828],[-58.57296266578531,-34.54495297850297],[-58.572036588790226,-34.54560013505133]]]]}},{"type":"Feature","properties":{"NOMPROV":"BUENOS AIRES","PROV":"06","NOMDEPTO":"GENERAL SAN MARTIN","DEPTO":"371","FRAC":"01","RADIO":"13","TIPO":"U","LINK":"063710113","IDRADIO_9":"063710113","hog_tot":181,"hog_nbi":22,"pob_tot":605,"pct_nbi":12.154696132596685},"geometry":{"type":"MultiPolygon","coordinates":[[[[-58.583776632138694,-34.513699562982616],[-58.58432807758248,-34.514168993443334],[-58.58450362269457,-34.514027550149486],[-58.585326472625006,-34.51336452761414],[-58.58638348258535,-34.51254339588585],[-58.58578651700397,-34.512019709545626],[-58.58532447554065,-34.511630718041005],[-58.58498183256261,-34.51194392374307],[-58.58430102531541,-34.51248799013451],[-58.583525774346455,-34.513107520318634],[-58.583296443105525,-34.51329078323014],[-58.583776632138694,-34.513699562982616]]]]}},{"type":"Feature","properties":{"NOMPROV":"BUENOS AIRES","PROV":"06","NOMDEPTO":"GENERAL SAN MARTIN","DEPTO":"371","FRAC":"01","RADIO":"14","TIPO":"U","LINK":"063710114","IDRADIO_9":"063710114","hog_tot":356,"hog_nbi":48,"pob_tot":1160,"pct_nbi":13.48314606741573},"geometry":{"type":"MultiPolygon","coordinates":[[[[-58.58720203029122,-34.509535412753515],[-58.58658420320481,-34.51038183579084],[-58.58630327183224,-34.510737988968216],[-58.5862579641227,-34.510792642930014],[-58.58574952264041,-34.51129641470332],[-58.58532447554065,-34.511630718041005],[-58.58578651700397,-34.512019709545626],[-58.58638348258535,-34.51254339588585],[-58.58739683432878,-34.51172763918213],[-58.58935514843177,-34.51022852216772],[-58.588771383797386,-34.5097741097446],[-58.58812438639665,-34.510264304579984],[-58.58720203029122,-34.509535412753515]]]]}},{"type":"Feature","properties":{"NOMPROV":"BUENOS AIRES","PROV":"06","NOMDEPTO":"GENERAL SAN MARTIN","DEPTO":"371","FRAC":"33","RADIO":"10","TIPO":"U","LINK":"063713310","IDRADIO_9":"063713310","hog_tot":254,"hog_nbi":7,"pob_tot":655,"pct_nbi":2.755905511811024},"geometry":{"type":"MultiPolygon","coordinates":[[[[-58.55948663956699,-34.567099495534485],[-58.56097125214119,-34.56824720052263],[-58.5618305072892,-34.56896938978546],[-58.562560442513,-34.56960892988248],[-58.56367624678997,-34.56872072263125],[-58.56378301732956,-34.568848167520336],[-58.564401447426405,-34.568368717569825],[-58.563531952804986,-34.567617459977086],[-58.56257946437414,-34.5668629384911],[-58.56216507530007,-34.56650221962997],[-58.560836561063475,-34.56678946345688],[-58.55948663956699,-34.567099495534485]]]]}},{"type":"Feature","properties":{"NOMPROV":"BUENOS AIRES","PROV":"06","NOMDEPTO":"GENERAL SAN MARTIN","DEPTO":"371","FRAC":"30","RADIO":"08","TIPO":"U","LINK":"063713008","IDRADIO_9":"063713008","hog_tot":283,"hog_nbi":7,"pob_tot":722,"pct_nbi":2.473498233215548},"geometry":{"type":"MultiPolygon","coordinates":[[[[-58.54780879927961,-34.57604462895084],[-58.54785779634626,-34.5760777612725],[-58.54797591632121,-34.57617831443779],[-58.54799739271081,-34.5761965968198],[-58.54864200100765,-34.57672704256928],[-58.54941516513916,-34.577385200208056],[-58.55028530366379,-34.578107599988776],[-58.551101761781595,-34.578784289207064],[-58.55221011914749,-34.57790372466854],[-58.552969803844924,-34.5772832101775],[-58.552417601969765,-34.57642937796408],[-58.551515246870615,-34.57567957142438],[-58.55075021155244,-34.575015760263476],[-58.54981619573655,-34.57423704871373],[-58.54879723509047,-34.57505225617855],[-58.54863407419261,-34.575198618268566],[-58.548425506176606,-34.57537842606558],[-58.54822819522567,-34.57555527760377],[-58.54808717011683,-34.575717350365245],[-58.54800334449897,-34.57581213148967],[-58.54794614445479,-34.57587942294581],[-58.54790777824385,-34.57593766907054],[-58.54786951941985,-34.57598973775707],[-58.54780879927961,-34.57604462895084]]]]}},{"type":"Feature","properties":{"NOMPROV":"BUENOS AIRES","PROV":"06","NOMDEPTO":"GENERAL SAN MARTIN","DEPTO":"371","FRAC":"34","RADIO":"06","TIPO":"U","LINK":"063713406","IDRADIO_9":"063713406","hog_tot":316,"hog_nbi":17,"pob_tot":926,"pct_nbi":5.379746835443038},"geometry":{"type":"MultiPolygon","coordinates":[[[[-58.570295725190974,-34.56012975164971],[-58.57092940437545,-34.56066776602154],[-58.570299430902445,-34.56115947404566],[-58.56922819776634,-34.56204779082112],[-58.56981826403277,-34.562582760569725],[-58.57018903042572,-34.562301394318375],[-58.57110526687233,-34.56303038880089],[-58.571828884714705,-34.5636570669723],[-58.57251036308382,-34.56422249907451],[-58.57362911204753,-34.56397476328211],[-58.574443135257944,-34.56379674977608],[-58.5738986655597,-34.562873689736],[-58.57343182709598,-34.56213814342123],[-58.57337890006457,-34.56204739092143],[-58.573164731444514,-34.56182856401444],[-58.57199232680307,-34.56082589799109],[-58.57223270114216,-34.5606187850623],[-58.57160700466291,-34.56011114254177],[-58.570993828779514,-34.55957330407727],[-58.570295725190974,-34.56012975164971]]]]}},{"type":"Feature","properties":{"NOMPROV":"BUENOS AIRES","PROV":"06","NOMDEPTO":"GENERAL SAN MARTIN","DEPTO":"371","FRAC":"47","RADIO":"04","TIPO":"U","LINK":"063714704","IDRADIO_9":"063714704","hog_tot":426,"hog_nbi":17,"pob_tot":1231,"pct_nbi":3.990610328638498},"geometry":{"type":"MultiPolygon","coordinates":[[[[-58.56910332467845,-34.547683957206594],[-58.569521452319414,-34.54807643753801],[-58.5704028266883,-34.54877178560402],[-58.57115444269145,-34.54941152869864],[-58.57200859684882,-34.55013461751287],[-58.57289378525755,-34.55090107115271],[-58.57382145501817,-34.550163793841456],[-58.57487106582304,-34.54930174375246],[-58.57386876537893,-34.54866810847718],[-58.573469935696465,-34.54842008516783],[-58.573179559656516,-34.548200367767485],[-58.57258838471777,-34.547733769469055],[-58.571686142677784,-34.54698411095199],[-58.57097795519926,-34.546353893874205],[-58.57010707332206,-34.546956612911934],[-58.57001886437753,-34.54701867421365],[-58.56910332467845,-34.547683957206594]]]]}},{"type":"Feature","properties":{"NOMPROV":"BUENOS AIRES","PROV":"06","NOMDEPTO":"GENERAL SAN MARTIN","DEPTO":"371","FRAC":"21","RADIO":"07","TIPO":"U","LINK":"063712107","IDRADIO_9":"063712107","hog_tot":354,"hog_nbi":7,"pob_tot":821,"pct_nbi":1.977401129943503},"geometry":{"type":"MultiPolygon","coordinates":[[[[-58.540339437955616,-34.563572099897144],[-58.539136099178414,-34.56509449007875],[-58.53920035541621,-34.565158353143474],[-58.53920016145744,-34.56515860319802],[-58.53933341270005,-34.56528421550621],[-58.539596952501604,-34.56553264884018],[-58.54021026812062,-34.564728779068304],[-58.54039970639465,-34.56448768204262],[-58.54145214668306,-34.565365551739404],[-58.54184954170138,-34.56569478263081],[-58.542450612925435,-34.56621572678606],[-58.54315937183438,-34.56681006093344],[-58.54320247496718,-34.56683761571447],[-58.5432667367912,-34.56690147584449],[-58.5440181386919,-34.56755039464335],[-58.54509084498661,-34.566643818372036],[-58.54426381565486,-34.56595795125493],[-58.543544634678724,-34.56533645877297],[-58.54293235365422,-34.5648334129771],[-58.542256449933646,-34.56423045654885],[-58.54192363429586,-34.56394706563245],[-58.54180223490021,-34.564035749653115],[-58.54177144285796,-34.56392722058159],[-58.541558419163394,-34.56302333382576],[-58.541498095198,-34.56273418312151],[-58.54140628093493,-34.56264282092969],[-58.54126594522197,-34.56250317699124],[-58.540339437955616,-34.563572099897144]]]]}},{"type":"Feature","properties":{"NOMPROV":"BUENOS AIRES","PROV":"06","NOMDEPTO":"GENERAL SAN MARTIN","DEPTO":"371","FRAC":"50","RADIO":"09","TIPO":"U","LINK":"063715009","IDRADIO_9":"063715009","hog_tot":331,"hog_nbi":14,"pob_tot":706,"pct_nbi":4.229607250755288},"geometry":{"type":"MultiPolygon","coordinates":[[[[-58.54226297936937,-34.580085112461326],[-58.54257485428067,-34.580323186366066],[-58.54361411579806,-34.579470308293175],[-58.542819032303406,-34.578820865210794],[-58.5422712441269,-34.578363653039986],[-58.542056645541074,-34.57817180768401],[-58.54123120975885,-34.57749556359025],[-58.54047759240136,-34.57686401692892],[-58.53943848982079,-34.57770785711071],[-58.540200851514385,-34.578356930424356],[-58.54097411923258,-34.57900612855942],[-58.54172576678752,-34.57964605101422],[-58.54226297936937,-34.580085112461326]]]]}},{"type":"Feature","properties":{"NOMPROV":"BUENOS AIRES","PROV":"06","NOMDEPTO":"GENERAL SAN MARTIN","DEPTO":"371","FRAC":"29","RADIO":"09","TIPO":"U","LINK":"063712909","IDRADIO_9":"063712909","hog_tot":364,"hog_nbi":1,"pob_tot":852,"pct_nbi":0.274725274725275},"geometry":{"type":"MultiPolygon","coordinates":[[[[-58.55254125695958,-34.579982128291554],[-58.551446348591874,-34.58090653033274],[-58.55217677193473,-34.58151909725519],[-58.55303076499894,-34.5822065900346],[-58.55415215735942,-34.58135323773508],[-58.55331435386242,-34.58063187028934],[-58.5530340780233,-34.580386588097625],[-58.55254125695958,-34.579982128291554]]]]}},{"type":"Feature","properties":{"NOMPROV":"BUENOS AIRES","PROV":"06","NOMDEPTO":"GENERAL SAN MARTIN","DEPTO":"371","FRAC":"54","RADIO":"10","TIPO":"U","LINK":"063715410","IDRADIO_9":"063715410","hog_tot":263,"hog_nbi":12,"pob_tot":799,"pct_nbi":4.562737642585552},"geometry":{"type":"MultiPolygon","coordinates":[[[[-58.59619971304902,-34.55780524012291],[-58.596973546995976,-34.55843606886304],[-58.597870180214585,-34.55775121007459],[-58.59875112391286,-34.55700050622724],[-58.59966626864164,-34.556311159163464],[-58.59942336967029,-34.55608304246493],[-58.59880900193904,-34.55588084731043],[-58.598722315908766,-34.555852317731606],[-58.59782625962183,-34.55552292077179],[-58.597636255818905,-34.55546173830722],[-58.597280364448615,-34.55573554427308],[-58.596385964705085,-34.55644634321422],[-58.59546946036251,-34.55717490802356],[-58.59619971304902,-34.55780524012291]]]]}},{"type":"Feature","properties":{"NOMPROV":"BUENOS AIRES","PROV":"06","NOMDEPTO":"GENERAL SAN MARTIN","DEPTO":"371","FRAC":"54","RADIO":"07","TIPO":"U","LINK":"063715407","IDRADIO_9":"063715407","hog_tot":275,"hog_nbi":47,"pob_tot":917,"pct_nbi":17.09090909090909},"geometry":{"type":"MultiPolygon","coordinates":[[[[-58.59915346591718,-34.55446495954918],[-58.599501168347004,-34.55458577526303],[-58.59957892861381,-34.55439368052838],[-58.59972744549999,-34.55411426852125],[-58.59994421832466,-34.55378676689916],[-58.59998534842303,-34.55372462613334],[-58.6000685401689,-34.55360787162091],[-58.60030336233507,-34.553378240589254],[-58.600326517355384,-34.553351295136146],[-58.600342430988995,-34.55333631413573],[-58.600461494562765,-34.553241604900364],[-58.60049273939957,-34.5532167513617],[-58.6007520869678,-34.55301045269479],[-58.600540311293344,-34.55283119583577],[-58.600463088617076,-34.552765830438226],[-58.60038074647405,-34.55269613117912],[-58.60031363107559,-34.552639321841006],[-58.60022636187655,-34.55256545221145],[-58.60001614815299,-34.552387515725755],[-58.59994354312574,-34.55232605804841],[-58.59993422782018,-34.55231817343724],[-58.59970790656945,-34.55217194156639],[-58.59966979942584,-34.55214272063691],[-58.59941180112965,-34.55194488473565],[-58.59929694568292,-34.552029189168294],[-58.599125959199434,-34.55215469288448],[-58.599018495392436,-34.55223357099492],[-58.59890548445123,-34.55231652074864],[-58.59886315727101,-34.5523475886034],[-58.59870661622812,-34.55248673543754],[-58.59847924914182,-34.552671237135606],[-58.59821783841872,-34.552883363321136],[-58.59812991926436,-34.55295470620213],[-58.59777294318375,-34.55327241351099],[-58.59769243598647,-34.553344063835134],[-58.59765003182089,-34.55338180308077],[-58.59753477551432,-34.55348204250467],[-58.59762063611867,-34.55351992306397],[-58.59776396908007,-34.553583159911504],[-58.59803874014665,-34.553750736989336],[-58.59816797321001,-34.5538153419334],[-58.598226061657954,-34.553844380857626],[-58.59825739899322,-34.55386004657155],[-58.59853031282915,-34.55399647752574],[-58.598651031106435,-34.554056825368995],[-58.59855958779955,-34.55425860338102],[-58.5988504674569,-34.55435967611712],[-58.59896234618309,-34.55439855112593],[-58.59915346591718,-34.55446495954918]]]]}},{"type":"Feature","properties":{"NOMPROV":"BUENOS AIRES","PROV":"06","NOMDEPTO":"GENERAL SAN MARTIN","DEPTO":"371","FRAC":"54","RADIO":"06","TIPO":"U","LINK":"063715406","IDRADIO_9":"063715406","hog_tot":257,"hog_nbi":35,"pob_tot":833,"pct_nbi":13.618677042801556},"geometry":{"type":"MultiPolygon","coordinates":[[[[-58.598722315908766,-34.555852317731606],[-58.59880900193904,-34.55588084731043],[-58.59909556852014,-34.55538938756733],[-58.59910939124991,-34.55536581538863],[-58.59914037367257,-34.55530418041836],[-58.59922081508044,-34.55514415169335],[-58.59929665784953,-34.55499327204957],[-58.599501168347004,-34.55458577526303],[-58.59915346591718,-34.55446495954918],[-58.59896234618309,-34.55439855112593],[-58.5988504674569,-34.55435967611712],[-58.59855958779955,-34.55425860338102],[-58.598651031106435,-34.554056825368995],[-58.59853031282915,-34.55399647752574],[-58.59825739899322,-34.55386004657155],[-58.598226061657954,-34.553844380857626],[-58.59816797321001,-34.5538153419334],[-58.59803874014665,-34.553750736989336],[-58.59776396908007,-34.553583159911504],[-58.59762063611867,-34.55351992306397],[-58.59753477551432,-34.55348204250467],[-58.59747338507714,-34.55346620528715],[-58.59743605186107,-34.55345657354359],[-58.5972065598714,-34.553287938988525],[-58.59699875561436,-34.553505013079565],[-58.59677468737762,-34.55373907511416],[-58.59665477531331,-34.55387649413077],[-58.5966289548709,-34.5539019732726],[-58.59644549841925,-34.554082999062324],[-58.596121254381956,-34.55444128790515],[-58.595993902744254,-34.55457526043093],[-58.59599203177487,-34.55457722909774],[-58.59572527514532,-34.554857853193575],[-58.595970431884325,-34.55493399635776],[-58.59598402046682,-34.55493821684602],[-58.59627815219688,-34.55502956965208],[-58.59672944607218,-34.555169733137234],[-58.59710684516696,-34.555291262078285],[-58.59719015952019,-34.555318090150095],[-58.597345680433435,-34.55536816991708],[-58.597430189059715,-34.55539538290657],[-58.597636255818905,-34.55546173830722],[-58.59782625962183,-34.55552292077179],[-58.598722315908766,-34.555852317731606]]]]}},{"type":"Feature","properties":{"NOMPROV":"BUENOS AIRES","PROV":"06","NOMDEPTO":"GENERAL SAN MARTIN","DEPTO":"371","FRAC":"54","RADIO":"09","TIPO":"U","LINK":"063715409","IDRADIO_9":"063715409","hog_tot":225,"hog_nbi":35,"pob_tot":776,"pct_nbi":15.555555555555555},"geometry":{"type":"MultiPolygon","coordinates":[[[[-58.599501168347004,-34.55458577526303],[-58.59929665784953,-34.55499327204957],[-58.59922081508044,-34.55514415169335],[-58.59914037367257,-34.55530418041836],[-58.59910939124991,-34.55536581538863],[-58.59909556852014,-34.55538938756733],[-58.59880900193904,-34.55588084731043],[-58.59942336967029,-34.55608304246493],[-58.59951018945432,-34.556118245797855],[-58.59977065032968,-34.55622385634922],[-58.59978468492159,-34.55622957147022],[-58.60027659945633,-34.5564109425622],[-58.60071324617231,-34.55605672627387],[-58.60062958396391,-34.55597379460634],[-58.60111072714164,-34.55561917023046],[-58.601292989180536,-34.55548483360289],[-58.601797450877584,-34.55511301439733],[-58.60144361728004,-34.55480230458615],[-58.60098959036713,-34.55440361100195],[-58.60088998901658,-34.554317932489],[-58.600609661133234,-34.55407577779434],[-58.6000685401689,-34.55360787162091],[-58.59998534842303,-34.55372462613334],[-58.59994421832466,-34.55378676689916],[-58.59972744549999,-34.55411426852125],[-58.59957892861381,-34.55439368052838],[-58.599501168347004,-34.55458577526303]]]]}},{"type":"Feature","properties":{"NOMPROV":"BUENOS AIRES","PROV":"06","NOMDEPTO":"GENERAL SAN MARTIN","DEPTO":"371","FRAC":"18","RADIO":"01","TIPO":"U","LINK":"063711801","IDRADIO_9":"063711801","hog_tot":437,"hog_nbi":9,"pob_tot":1124,"pct_nbi":2.059496567505721},"geometry":{"type":"MultiPolygon","coordinates":[[[[-58.56483968234354,-34.54412766795505],[-58.56395587911317,-34.544847367405175],[-58.563713104821204,-34.54502928717898],[-58.56306116859558,-34.54556693089399],[-58.56217764489768,-34.54626859231769],[-58.56162968415895,-34.54670346306266],[-58.56133829042039,-34.54693471454767],[-58.562624574332176,-34.54751771441458],[-58.56389982927263,-34.54810958465169],[-58.564352101397056,-34.54778140508544],[-58.56501516956165,-34.54723036628871],[-58.56591003673858,-34.54650177611501],[-58.566793688223875,-34.54579107531465],[-58.56581682963516,-34.544950364125185],[-58.56483968234354,-34.54412766795505]]]]}},{"type":"Feature","properties":{"NOMPROV":"BUENOS AIRES","PROV":"06","NOMDEPTO":"GENERAL SAN MARTIN","DEPTO":"371","FRAC":"31","RADIO":"02","TIPO":"U","LINK":"063713102","IDRADIO_9":"063713102","hog_tot":423,"hog_nbi":12,"pob_tot":1153,"pct_nbi":2.836879432624114},"geometry":{"type":"MultiPolygon","coordinates":[[[[-58.56142443350692,-34.57925794040761],[-58.56228364627397,-34.579989139734074],[-58.56312123910912,-34.58071106601201],[-58.56396958599341,-34.58144212574065],[-58.564882392779865,-34.58222801933573],[-58.56492535620905,-34.582264578371024],[-58.56543033312326,-34.58268513342294],[-58.56597827946784,-34.583142245164986],[-58.56675228815293,-34.58249335839238],[-58.567504029332866,-34.58187124631997],[-58.56748254713043,-34.58185296724554],[-58.56644098326393,-34.58094840638636],[-58.56553875966285,-34.580180675588295],[-58.56495861409539,-34.579696142967464],[-58.56469025611856,-34.57945863822306],[-58.5644004199243,-34.5792028524378],[-58.563852507559126,-34.5787457341804],[-58.56300387806756,-34.578032696364396],[-58.562208713919006,-34.57864525693139],[-58.56142443350692,-34.57925794040761]]]]}},{"type":"Feature","properties":{"NOMPROV":"BUENOS AIRES","PROV":"06","NOMDEPTO":"GENERAL SAN MARTIN","DEPTO":"371","FRAC":"54","RADIO":"02","TIPO":"U","LINK":"063715402","IDRADIO_9":"063715402","hog_tot":213,"hog_nbi":27,"pob_tot":713,"pct_nbi":12.676056338028168},"geometry":{"type":"MultiPolygon","coordinates":[[[[-58.59747338507714,-34.55346620528715],[-58.59753477551432,-34.55348204250467],[-58.59765003182089,-34.55338180308077],[-58.59769243598647,-34.553344063835134],[-58.59777294318375,-34.55327241351099],[-58.59812991926436,-34.55295470620213],[-58.59821783841872,-34.552883363321136],[-58.59847924914182,-34.552671237135606],[-58.59870661622812,-34.55248673543754],[-58.59850164101041,-34.55229987633734],[-58.598495631089904,-34.5522943974198],[-58.59848073451744,-34.55228081697],[-58.598366942099354,-34.55217708165494],[-58.59830364016332,-34.552119374001805],[-58.59829631047317,-34.55211269193765],[-58.598157108773314,-34.55198579194183],[-58.59796584212573,-34.55181722640048],[-58.59762324741883,-34.55151528957922],[-58.597418404872776,-34.55132970202577],[-58.597345597001606,-34.55126355796984],[-58.597336757312796,-34.55125552720123],[-58.59719614656958,-34.55112778610283],[-58.59704241843791,-34.55098812783621],[-58.59671515448349,-34.551241956781006],[-58.596558004241594,-34.55136384377084],[-58.5964122787856,-34.5514768691118],[-58.596261412622624,-34.55159388043052],[-58.5961197858355,-34.551703725695205],[-58.5960298767646,-34.55177345780403],[-58.59594513216828,-34.551839185044116],[-58.59574118762162,-34.55199736199485],[-58.59591236468633,-34.55214472182334],[-58.59607151381641,-34.55228172535689],[-58.59635917878553,-34.55252936114663],[-58.59663643925301,-34.5527793355513],[-58.59692933864521,-34.55304340777208],[-58.5970729044541,-34.55317004472896],[-58.5972065598714,-34.553287938988525],[-58.59743605186107,-34.55345657354359],[-58.59747338507714,-34.55346620528715]]]]}},{"type":"Feature","properties":{"NOMPROV":"BUENOS AIRES","PROV":"06","NOMDEPTO":"GENERAL SAN MARTIN","DEPTO":"371","FRAC":"54","RADIO":"03","TIPO":"U","LINK":"063715403","IDRADIO_9":"063715403","hog_tot":269,"hog_nbi":40,"pob_tot":829,"pct_nbi":14.869888475836431},"geometry":{"type":"MultiPolygon","coordinates":[[[[-58.59579538334606,-34.55390025185084],[-58.59644549841925,-34.554082999062324],[-58.5966289548709,-34.5539019732726],[-58.59665477531331,-34.55387649413077],[-58.59677468737762,-34.55373907511416],[-58.59699875561436,-34.553505013079565],[-58.5972065598714,-34.553287938988525],[-58.5970729044541,-34.55317004472896],[-58.59692933864521,-34.55304340777208],[-58.59663643925301,-34.5527793355513],[-58.59635917878553,-34.55252936114663],[-58.59607151381641,-34.55228172535689],[-58.59591236468633,-34.55214472182334],[-58.59574118762162,-34.55199736199485],[-58.595581774464186,-34.552121749038186],[-58.59537791266399,-34.55228081864798],[-58.5952359255933,-34.55239160782367],[-58.5951020241898,-34.552496087575186],[-58.59496309751771,-34.552604487002924],[-58.594722646667734,-34.552792102905],[-58.59452466985984,-34.552946576081055],[-58.59443474870112,-34.553016737673865],[-58.59434218720271,-34.55309515492567],[-58.59454984010659,-34.55324866744218],[-58.59474541034635,-34.553364575816964],[-58.5948163851461,-34.55340663960351],[-58.5949286183901,-34.55347315691583],[-58.59508844872895,-34.55359723064488],[-58.59529907924159,-34.55376073792153],[-58.59554633543985,-34.55383024326706],[-58.595622520206774,-34.55385165886531],[-58.59579538334606,-34.55390025185084]]]]}},{"type":"Feature","properties":{"NOMPROV":"BUENOS AIRES","PROV":"06","NOMDEPTO":"GENERAL SAN MARTIN","DEPTO":"371","FRAC":"42","RADIO":"05","TIPO":"U","LINK":"063714205","IDRADIO_9":"063714205","hog_tot":246,"hog_nbi":15,"pob_tot":586,"pct_nbi":6.097560975609756},"geometry":{"type":"MultiPolygon","coordinates":[[[[-58.52407759540448,-34.57376446281992],[-58.52473515244197,-34.57416900193669],[-58.52548583279391,-34.57485407799142],[-58.5262589522455,-34.57550336602431],[-58.5270213467874,-34.576143507308856],[-58.527611978558696,-34.576637357336864],[-58.527752336669415,-34.57675105929018],[-58.52786964469352,-34.57683661721508],[-58.529026684098596,-34.575938767001986],[-58.52890392107779,-34.57582463234009],[-58.52878855773986,-34.57572767616718],[-58.52867583014311,-34.575631677341114],[-58.528160190734134,-34.575210843160875],[-58.52795621132559,-34.57503712921126],[-58.527397795429245,-34.57457070979359],[-58.52663509271063,-34.57394859393587],[-58.52586198529805,-34.573299307531144],[-58.52577610265412,-34.57322616293167],[-58.525582389872476,-34.573088622696865],[-58.524967619441185,-34.57272967136666],[-58.52407759540448,-34.57376446281992]]]]}},{"type":"Feature","properties":{"NOMPROV":"BUENOS AIRES","PROV":"06","NOMDEPTO":"GENERAL SAN MARTIN","DEPTO":"371","FRAC":"42","RADIO":"03","TIPO":"U","LINK":"063714203","IDRADIO_9":"063714203","hog_tot":361,"hog_nbi":9,"pob_tot":986,"pct_nbi":2.493074792243767},"geometry":{"type":"MultiPolygon","coordinates":[[[[-58.52153315078926,-34.57222843039047],[-58.52089877008154,-34.57297786652085],[-58.52023105565619,-34.57376294848196],[-58.520953481514724,-34.574195334453755],[-58.52195614216507,-34.57480236498457],[-58.522753891096265,-34.57528973305754],[-58.52312064285493,-34.57550148001067],[-58.523628970041194,-34.57510202906338],[-58.52392758547633,-34.57485326632348],[-58.52473515244197,-34.57416900193669],[-58.52407759540448,-34.57376446281992],[-58.52325806382947,-34.57327683980395],[-58.52226630555322,-34.57266995196748],[-58.52153315078926,-34.57222843039047]]]]}},{"type":"Feature","properties":{"NOMPROV":"BUENOS AIRES","PROV":"06","NOMDEPTO":"GENERAL SAN MARTIN","DEPTO":"371","FRAC":"09","RADIO":"06","TIPO":"U","LINK":"063710906","IDRADIO_9":"063710906","hog_tot":302,"hog_nbi":7,"pob_tot":775,"pct_nbi":2.317880794701987},"geometry":{"type":"MultiPolygon","coordinates":[[[[-58.532937114942776,-34.56877872176118],[-58.533710554939844,-34.569409941111644],[-58.534760501082054,-34.5685662782356],[-58.535224838483124,-34.56818427592651],[-58.53448486840965,-34.567508401772535],[-58.533755646809084,-34.566841664862324],[-58.533004806931025,-34.566165650423294],[-58.53245205583345,-34.566618688673316],[-58.53142390081354,-34.56746259415252],[-58.532175055566654,-34.56812059513469],[-58.532937114942776,-34.56877872176118]]]]}},{"type":"Feature","properties":{"NOMPROV":"BUENOS AIRES","PROV":"06","NOMDEPTO":"GENERAL SAN MARTIN","DEPTO":"371","FRAC":"49","RADIO":"02","TIPO":"U","LINK":"063714902","IDRADIO_9":"063714902","hog_tot":247,"hog_nbi":7,"pob_tot":621,"pct_nbi":2.834008097165992},"geometry":{"type":"MultiPolygon","coordinates":[[[[-58.54771967274218,-34.56898256308986],[-58.54824501729316,-34.569475537796016],[-58.549305558340635,-34.56864088723418],[-58.55036576647167,-34.56782424998794],[-58.549840419095624,-34.567331284229525],[-58.54934903837498,-34.56685243302125],[-58.54887804109448,-34.566359450293],[-58.5477614368939,-34.56720741683964],[-58.54670105645292,-34.56803304267365],[-58.54719402084367,-34.568507609375715],[-58.54765493574951,-34.568945739006985],[-58.54771967274218,-34.56898256308986]]]]}},{"type":"Feature","properties":{"NOMPROV":"BUENOS AIRES","PROV":"06","NOMDEPTO":"GENERAL SAN MARTIN","DEPTO":"371","FRAC":"15","RADIO":"05","TIPO":"U","LINK":"063711505","IDRADIO_9":"063711505","hog_tot":413,"hog_nbi":61,"pob_tot":1379,"pct_nbi":14.769975786924938},"geometry":{"type":"MultiPolygon","coordinates":[[[[-58.58574522358548,-34.53489609686121],[-58.58608853991484,-34.53556970278732],[-58.587098624727055,-34.53476836958833],[-58.587635861596645,-34.534337058782185],[-58.5878450935447,-34.534165768030824],[-58.58835721425382,-34.53374650748011],[-58.58755202997536,-34.53311183499041],[-58.587458865094725,-34.53303833438733],[-58.586695485282995,-34.53243607220992],[-58.58661386320387,-34.53247692144792],[-58.58646421430882,-34.5325518141791],[-58.58577257966897,-34.53289694804721],[-58.58504885865662,-34.53320985946555],[-58.58551718553116,-34.53395082615293],[-58.586037127553716,-34.53477344030017],[-58.58574522358548,-34.53489609686121]]]]}},{"type":"Feature","properties":{"NOMPROV":"BUENOS AIRES","PROV":"06","NOMDEPTO":"GENERAL SAN MARTIN","DEPTO":"371","FRAC":"15","RADIO":"10","TIPO":"U","LINK":"063711510","IDRADIO_9":"063711510","hog_tot":287,"hog_nbi":39,"pob_tot":955,"pct_nbi":13.588850174216027},"geometry":{"type":"MultiPolygon","coordinates":[[[[-58.590198531790435,-34.53403680804103],[-58.590593574377145,-34.5344028296003],[-58.59066172913492,-34.534357887859976],[-58.59073980208933,-34.534306405852],[-58.59157373076371,-34.534985191429755],[-58.59192371679327,-34.53469762714336],[-58.59232211646517,-34.534370279833084],[-58.5919280785577,-34.534028105368485],[-58.59245904761444,-34.53361417968633],[-58.593407760490614,-34.53288728280411],[-58.593074100430506,-34.53250928188639],[-58.59390635809969,-34.53185220271775],[-58.593378654696004,-34.53140000833916],[-58.59289152388558,-34.531806766738484],[-58.592577254397234,-34.53206918157634],[-58.592329253714745,-34.53227626011829],[-58.59228628591757,-34.53231195687346],[-58.59226504225555,-34.53232960566055],[-58.592223668349895,-34.5323639777494],[-58.59195969791852,-34.53258327493427],[-58.591659937742406,-34.532832303646195],[-58.591646597331554,-34.532843386068635],[-58.59096719758444,-34.533413705759436],[-58.59094572103904,-34.53343111546443],[-58.59065869155218,-34.533663791023535],[-58.590198531790435,-34.53403680804103]]]]}},{"type":"Feature","properties":{"NOMPROV":"BUENOS AIRES","PROV":"06","NOMDEPTO":"GENERAL SAN MARTIN","DEPTO":"371","FRAC":"50","RADIO":"01","TIPO":"U","LINK":"063715001","IDRADIO_9":"063715001","hog_tot":238,"hog_nbi":6,"pob_tot":518,"pct_nbi":2.521008403361344},"geometry":{"type":"MultiPolygon","coordinates":[[[[-58.53478862720277,-34.57379438534565],[-58.535540179384945,-34.57443434403377],[-58.53659001366722,-34.57359967872522],[-58.535827724052766,-34.572950584184284],[-58.53688890436541,-34.572089011703426],[-58.53675975152058,-34.57199732912588],[-58.536008368944906,-34.57134836650249],[-58.53513998706102,-34.57062651420536],[-58.53468319561072,-34.57114746980214],[-58.53421828956604,-34.57159384739205],[-58.534201072704334,-34.57161037761201],[-58.533155183451754,-34.57243751770746],[-58.53341407177102,-34.572642186935624],[-58.53389703979623,-34.57306260582158],[-58.534659632324534,-34.573693689051154],[-58.53478862720277,-34.57379438534565]]]]}},{"type":"Feature","properties":{"NOMPROV":"BUENOS AIRES","PROV":"06","NOMDEPTO":"GENERAL SAN MARTIN","DEPTO":"371","FRAC":"23","RADIO":"02","TIPO":"U","LINK":"063712302","IDRADIO_9":"063712302","hog_tot":250,"hog_nbi":16,"pob_tot":571,"pct_nbi":6.4},"geometry":{"type":"MultiPolygon","coordinates":[[[[-58.53286850046973,-34.57392454397297],[-58.53181815058159,-34.57478621065883],[-58.53175373344241,-34.57473135524312],[-58.53165679093991,-34.57466709505209],[-58.53121584967146,-34.574380950174174],[-58.53113682865146,-34.57432717964803],[-58.530118403795605,-34.57508572462549],[-58.53075903470284,-34.57562300254499],[-58.53149800141762,-34.5762605538563],[-58.53162699620942,-34.57636125345631],[-58.53269931630864,-34.57549083967424],[-58.533738455370724,-34.57464705760609],[-58.53362051450807,-34.57453747963041],[-58.53286850046973,-34.57392454397297]]]]}},{"type":"Feature","properties":{"NOMPROV":"BUENOS AIRES","PROV":"06","NOMDEPTO":"GENERAL SAN MARTIN","DEPTO":"371","FRAC":"23","RADIO":"04","TIPO":"U","LINK":"063712304","IDRADIO_9":"063712304","hog_tot":211,"hog_nbi":4,"pob_tot":501,"pct_nbi":1.895734597156398},"geometry":{"type":"MultiPolygon","coordinates":[[[[-58.53020575331926,-34.57875254102646],[-58.53100271959311,-34.57940614192452],[-58.53210134330882,-34.57851214481845],[-58.53316295146737,-34.57763258529721],[-58.53240033572202,-34.57700149248076],[-58.53162699620942,-34.57636125345631],[-58.53056570626401,-34.57722277591188],[-58.529437913892885,-34.578146582012636],[-58.53020575331926,-34.57875254102646]]]]}},{"type":"Feature","properties":{"NOMPROV":"BUENOS AIRES","PROV":"06","NOMDEPTO":"GENERAL SAN MARTIN","DEPTO":"371","FRAC":"23","RADIO":"11","TIPO":"U","LINK":"063712311","IDRADIO_9":"063712311","hog_tot":241,"hog_nbi":0,"pob_tot":481,"pct_nbi":0},"geometry":{"type":"MultiPolygon","coordinates":[[[[-58.53485347521438,-34.582674987393965],[-58.535609189814764,-34.5833034010041],[-58.53677437619442,-34.582396653661334],[-58.535999858472536,-34.5817767555736],[-58.53522628839389,-34.58114554951592],[-58.534442468550694,-34.58047816104817],[-58.53329790223252,-34.58138553984376],[-58.53411869457481,-34.58204435370488],[-58.53485347521438,-34.582674987393965]]]]}},{"type":"Feature","properties":{"NOMPROV":"BUENOS AIRES","PROV":"06","NOMDEPTO":"GENERAL SAN MARTIN","DEPTO":"371","FRAC":"27","RADIO":"09","TIPO":"U","LINK":"063712709","IDRADIO_9":"063712709","hog_tot":318,"hog_nbi":32,"pob_tot":875,"pct_nbi":10.062893081761008},"geometry":{"type":"MultiPolygon","coordinates":[[[[-58.55224488867566,-34.59078568008143],[-58.55248874834088,-34.59180708604831],[-58.55265867737853,-34.592692414233504],[-58.554133998694965,-34.592466545237265],[-58.55459901647264,-34.59239646494363],[-58.55488255420732,-34.59235373259423],[-58.555113909177344,-34.59231886504799],[-58.55563110784178,-34.592240916206165],[-58.55556752841625,-34.591963038017944],[-58.555428455962165,-34.591355204276034],[-58.555195459113186,-34.59033393139122],[-58.554650145823125,-34.590420064997986],[-58.55431921832871,-34.590472334941076],[-58.553709125115596,-34.59056869671238],[-58.55224488867566,-34.59078568008143]]]]}},{"type":"Feature","properties":{"NOMPROV":"BUENOS AIRES","PROV":"06","NOMDEPTO":"GENERAL SAN MARTIN","DEPTO":"371","FRAC":"32","RADIO":"03","TIPO":"U","LINK":"063713203","IDRADIO_9":"063713203","hog_tot":294,"hog_nbi":13,"pob_tot":924,"pct_nbi":4.421768707482993},"geometry":{"type":"MultiPolygon","coordinates":[[[[-58.57832904543985,-34.56951421547345],[-58.57750093023349,-34.57015353475636],[-58.57639495292552,-34.56919422614365],[-58.57555547127338,-34.569860440833494],[-58.57667264875909,-34.57080186062413],[-58.57778908401707,-34.57178832908857],[-58.578606779530894,-34.57112184551287],[-58.57944624953166,-34.57045561056526],[-58.580274659801155,-34.569798254423716],[-58.57915776017068,-34.56883884340389],[-58.57832904543985,-34.56951421547345]]]]}},{"type":"Feature","properties":{"NOMPROV":"BUENOS AIRES","PROV":"06","NOMDEPTO":"GENERAL SAN MARTIN","DEPTO":"371","FRAC":"32","RADIO":"07","TIPO":"U","LINK":"063713207","IDRADIO_9":"063713207","hog_tot":298,"hog_nbi":11,"pob_tot":934,"pct_nbi":3.691275167785235},"geometry":{"type":"MultiPolygon","coordinates":[[[[-58.57806666019422,-34.57340497138892],[-58.5791836061267,-34.57436439289427],[-58.580012058293235,-34.57370703994961],[-58.580829754834966,-34.57304054259421],[-58.5797129598834,-34.572072124234744],[-58.578606779530894,-34.57112184551287],[-58.57778908401707,-34.57178832908857],[-58.576971529042666,-34.57244579421067],[-58.57806666019422,-34.57340497138892]]]]}},{"type":"Feature","properties":{"NOMPROV":"BUENOS AIRES","PROV":"06","NOMDEPTO":"GENERAL SAN MARTIN","DEPTO":"371","FRAC":"33","RADIO":"11","TIPO":"U","LINK":"063713311","IDRADIO_9":"063713311","hog_tot":212,"hog_nbi":18,"pob_tot":682,"pct_nbi":8.49056603773585},"geometry":{"type":"MultiPolygon","coordinates":[[[[-58.57559192973343,-34.565748825996714],[-58.57618202452486,-34.56628002526779],[-58.57693389562529,-34.56690731966849],[-58.57727556889754,-34.56661637650344],[-58.577714314289615,-34.566256878544586],[-58.578216155866635,-34.565845675321725],[-58.57814533818316,-34.565785443396024],[-58.57798481408316,-34.565648915458446],[-58.577764712023445,-34.56546171333697],[-58.577614384895845,-34.565333855732696],[-58.57734599978476,-34.565105587200236],[-58.57716098110092,-34.56494822195133],[-58.57698618125103,-34.56479954738797],[-58.576462978444646,-34.56519371338153],[-58.57636648088355,-34.56514117318241],[-58.57589783055643,-34.565523007965375],[-58.57559192973343,-34.565748825996714]]]]}},{"type":"Feature","properties":{"NOMPROV":"BUENOS AIRES","PROV":"06","NOMDEPTO":"GENERAL SAN MARTIN","DEPTO":"371","FRAC":"33","RADIO":"12","TIPO":"U","LINK":"063713312","IDRADIO_9":"063713312","hog_tot":276,"hog_nbi":7,"pob_tot":793,"pct_nbi":2.536231884057971},"geometry":{"type":"MultiPolygon","coordinates":[[[[-58.571676978869895,-34.568140057211295],[-58.57224136189878,-34.56867646624839],[-58.572940521112784,-34.56793706683704],[-58.57396842913372,-34.56708379052158],[-58.57339967592621,-34.5665723903093],[-58.57290982622378,-34.56614628342227],[-58.572408583060835,-34.565715730197766],[-58.571775396112834,-34.56517983551251],[-58.57101952680586,-34.56454040932688],[-58.56955032359221,-34.56487513050381],[-58.56859491301775,-34.56508639551385],[-58.569294342285,-34.56579424603318],[-58.57009862486439,-34.56652820726667],[-58.57089143586928,-34.56733622966077],[-58.571676978869895,-34.568140057211295]]]]}},{"type":"Feature","properties":{"NOMPROV":"BUENOS AIRES","PROV":"06","NOMDEPTO":"GENERAL SAN MARTIN","DEPTO":"371","FRAC":"33","RADIO":"13","TIPO":"U","LINK":"063713313","IDRADIO_9":"063713313","hog_tot":201,"hog_nbi":3,"pob_tot":562,"pct_nbi":1.492537313432836},"geometry":{"type":"MultiPolygon","coordinates":[[[[-58.56736966686503,-34.57318973332594],[-58.56802048210944,-34.5739995673206],[-58.56870506824245,-34.57347580595547],[-58.56954448587367,-34.572818652682805],[-58.57035120570657,-34.572161111266475],[-58.56970710799764,-34.57159473067346],[-58.569052277996484,-34.57101920744824],[-58.568300491183635,-34.5703794491926],[-58.56772070318418,-34.569876906932706],[-58.56690309061159,-34.57053430419429],[-58.5658758425937,-34.57134246038783],[-58.56615337000188,-34.571679218277204],[-58.56634544689434,-34.571915824654525],[-58.566761822343516,-34.572416454396176],[-58.56736966686503,-34.57318973332594]]]]}},{"type":"Feature","properties":{"NOMPROV":"BUENOS AIRES","PROV":"06","NOMDEPTO":"GENERAL SAN MARTIN","DEPTO":"371","FRAC":"34","RADIO":"11","TIPO":"U","LINK":"063713411","IDRADIO_9":"063713411","hog_tot":224,"hog_nbi":24,"pob_tot":735,"pct_nbi":10.714285714285714},"geometry":{"type":"MultiPolygon","coordinates":[[[[-58.568198169822786,-34.561138971024114],[-58.56858008582573,-34.56147980804323],[-58.568793148514075,-34.5613144061824],[-58.569173979082926,-34.56101876371397],[-58.56950800886332,-34.56075945017585],[-58.569671654093355,-34.56063240758199],[-58.569810281520226,-34.56052094706716],[-58.569983373630116,-34.56038177442371],[-58.570295725190974,-34.56012975164971],[-58.56959031829184,-34.559538389105214],[-58.569279742285566,-34.559798776487675],[-58.56912784839968,-34.55992092682063],[-58.569032449043924,-34.55999743523606],[-58.568798486301226,-34.56018506764644],[-58.56851660636054,-34.56041112723912],[-58.56791932840611,-34.560890119603684],[-58.568198169822786,-34.561138971024114]]]]}},{"type":"Feature","properties":{"NOMPROV":"BUENOS AIRES","PROV":"06","NOMDEPTO":"GENERAL SAN MARTIN","DEPTO":"371","FRAC":"45","RADIO":"02","TIPO":"U","LINK":"063714502","IDRADIO_9":"063714502","hog_tot":301,"hog_nbi":34,"pob_tot":1100,"pct_nbi":11.295681063122924},"geometry":{"type":"MultiPolygon","coordinates":[[[[-58.592067424323766,-34.53626318542125],[-58.59289081161427,-34.53699708012692],[-58.59379341247754,-34.536277718588906],[-58.59468478674102,-34.535553748362624],[-58.59390681845716,-34.53483857254235],[-58.59354740317536,-34.53453274252814],[-58.59336784363166,-34.53437995232301],[-58.592873014266814,-34.5339588895876],[-58.59245904761444,-34.53361417968633],[-58.5919280785577,-34.534028105368485],[-58.59232211646517,-34.534370279833084],[-58.59192371679327,-34.53469762714336],[-58.59157373076371,-34.534985191429755],[-58.5913852997886,-34.535140013878525],[-58.59118504244851,-34.535304552275605],[-58.59108416132664,-34.535387439555016],[-58.592067424323766,-34.53626318542125]]]]}},{"type":"Feature","properties":{"NOMPROV":"BUENOS AIRES","PROV":"06","NOMDEPTO":"GENERAL SAN MARTIN","DEPTO":"371","FRAC":"46","RADIO":"03","TIPO":"U","LINK":"063714603","IDRADIO_9":"063714603","hog_tot":240,"hog_nbi":5,"pob_tot":683,"pct_nbi":2.083333333333333},"geometry":{"type":"MultiPolygon","coordinates":[[[[-58.582170186249044,-34.541916414123776],[-58.58257362118599,-34.542770419985224],[-58.58362577914411,-34.542454221159815],[-58.583636555602546,-34.54247799855958],[-58.58393275729045,-34.543130344882094],[-58.584024842955756,-34.54333316255801],[-58.58428301626215,-34.5435254395864],[-58.58462536217512,-34.54324999058201],[-58.585050404973096,-34.54314751398526],[-58.58524927487208,-34.54309068268316],[-58.58580633450315,-34.54265816342847],[-58.586230363111206,-34.54229006033381],[-58.58615656380068,-34.54215386855638],[-58.585926498196926,-34.541729295412956],[-58.587129554524736,-34.54138615868647],[-58.58672373107453,-34.540421609339774],[-58.58632439734181,-34.53965503662342],[-58.58516920300076,-34.54002604131756],[-58.583998521800595,-34.54038544058294],[-58.58283772367676,-34.54075053967728],[-58.58180821333396,-34.54108109855561],[-58.582170186249044,-34.541916414123776]]]]}},{"type":"Feature","properties":{"NOMPROV":"BUENOS AIRES","PROV":"06","NOMDEPTO":"GENERAL SAN MARTIN","DEPTO":"371","FRAC":"46","RADIO":"05","TIPO":"U","LINK":"063714605","IDRADIO_9":"063714605","hog_tot":206,"hog_nbi":7,"pob_tot":623,"pct_nbi":3.398058252427184},"geometry":{"type":"MultiPolygon","coordinates":[[[[-58.58196809816687,-34.54667424791502],[-58.582466650406005,-34.547944841846366],[-58.58337091521577,-34.54721039466246],[-58.58394520145799,-34.546748355272186],[-58.58436486786343,-34.546410709512735],[-58.58456365655385,-34.54625077108779],[-58.584928100496356,-34.54595755064333],[-58.58517106062612,-34.54576206908661],[-58.58427961511834,-34.54501262829709],[-58.58394703230719,-34.54471132598517],[-58.583378058275144,-34.54421799619545],[-58.58316360027944,-34.54401721017545],[-58.58297382860282,-34.543645454346155],[-58.58257362118599,-34.542770419985224],[-58.58154510917363,-34.54310608043201],[-58.58059874679355,-34.54339748439284],[-58.58098175905793,-34.54424863844278],[-58.581275423037845,-34.54488357879084],[-58.58157082611228,-34.54566548686468],[-58.58182260977853,-34.546277197293215],[-58.58196809816687,-34.54667424791502]]]]}},{"type":"Feature","properties":{"NOMPROV":"BUENOS AIRES","PROV":"06","NOMDEPTO":"GENERAL SAN MARTIN","DEPTO":"371","FRAC":"17","RADIO":"05","TIPO":"U","LINK":"063711705","IDRADIO_9":"063711705","hog_tot":195,"hog_nbi":4,"pob_tot":486,"pct_nbi":2.051282051282051},"geometry":{"type":"MultiPolygon","coordinates":[[[[-58.57044485546107,-34.54121898019642],[-58.57144334577303,-34.54206892146765],[-58.57229291562855,-34.541689300746],[-58.5732223719701,-34.54128601691341],[-58.57415333115918,-34.54087629063671],[-58.573832318615366,-34.54037004981489],[-58.572657789351794,-34.540352222562476],[-58.57197363609239,-34.5403565286833],[-58.57143307044712,-34.54037071520075],[-58.5695227720966,-34.54036091262761],[-58.57044485546107,-34.54121898019642]]]]}},{"type":"Feature","properties":{"NOMPROV":"BUENOS AIRES","PROV":"06","NOMDEPTO":"GENERAL SAN MARTIN","DEPTO":"371","FRAC":"17","RADIO":"09","TIPO":"U","LINK":"063711709","IDRADIO_9":"063711709","hog_tot":245,"hog_nbi":13,"pob_tot":623,"pct_nbi":5.306122448979592},"geometry":{"type":"MultiPolygon","coordinates":[[[[-58.56581682963516,-34.544950364125185],[-58.566793688223875,-34.54579107531465],[-58.56768836897778,-34.54507148373902],[-58.56671151036611,-34.54423077961176],[-58.5676170664712,-34.543511314948226],[-58.566629180018225,-34.54267949432542],[-58.566308716017566,-34.54294613557919],[-58.565756143623084,-34.54340834638068],[-58.56483968234354,-34.54412766795505],[-58.56581682963516,-34.544950364125185]]]]}},{"type":"Feature","properties":{"NOMPROV":"BUENOS AIRES","PROV":"06","NOMDEPTO":"GENERAL SAN MARTIN","DEPTO":"371","FRAC":"39","RADIO":"02","TIPO":"U","LINK":"063713902","IDRADIO_9":"063713902","hog_tot":284,"hog_nbi":9,"pob_tot":761,"pct_nbi":3.169014084507042},"geometry":{"type":"MultiPolygon","coordinates":[[[[-58.556375842798886,-34.52934374584283],[-58.55710239490165,-34.52994583168833],[-58.55795334885995,-34.52925253407529],[-58.558678483051246,-34.52861349739392],[-58.55947431850688,-34.527953972402265],[-58.55868500985142,-34.52731509134714],[-58.55788973247941,-34.52671193554709],[-58.55714531032767,-34.52735333856339],[-58.55693293867624,-34.52753631800187],[-58.5564100415713,-34.52798684104221],[-58.55578181914876,-34.52850572017105],[-58.55558945851833,-34.52866439457139],[-58.556375842798886,-34.52934374584283]]]]}},{"type":"Feature","properties":{"NOMPROV":"BUENOS AIRES","PROV":"06","NOMDEPTO":"GENERAL SAN MARTIN","DEPTO":"371","FRAC":"47","RADIO":"07","TIPO":"U","LINK":"063714707","IDRADIO_9":"063714707","hog_tot":238,"hog_nbi":12,"pob_tot":699,"pct_nbi":5.04201680672269},"geometry":{"type":"MultiPolygon","coordinates":[[[[-58.57846078142187,-34.546405199428946],[-58.579067545855885,-34.54683516248151],[-58.5796057644242,-34.546344143029934],[-58.579035701085225,-34.54590713670392],[-58.578046291560526,-34.54515651084061],[-58.578878451040055,-34.544904808413456],[-58.57856659675289,-34.544666827553854],[-58.578524105664236,-34.54460323825041],[-58.57830367344593,-34.54411394279884],[-58.57791542950538,-34.54324412577385],[-58.57688617695493,-34.54355661832276],[-58.57537464851134,-34.544043745612214],[-58.576288551163245,-34.54474844474641],[-58.577191732678585,-34.545443999606896],[-58.57846078142187,-34.546405199428946]]]]}},{"type":"Feature","properties":{"NOMPROV":"BUENOS AIRES","PROV":"06","NOMDEPTO":"GENERAL SAN MARTIN","DEPTO":"371","FRAC":"48","RADIO":"03","TIPO":"U","LINK":"063714803","IDRADIO_9":"063714803","hog_tot":413,"hog_nbi":87,"pob_tot":1273,"pct_nbi":21.06537530266344},"geometry":{"type":"MultiPolygon","coordinates":[[[[-58.559408560594015,-34.55334756792892],[-58.56033176260154,-34.554142630528226],[-58.5607714823649,-34.55391346532901],[-58.560793576939,-34.5538956988749],[-58.56136803146543,-34.553433770452706],[-58.56139012578603,-34.55341600388293],[-58.562346386017815,-34.55263042047038],[-58.56136786246737,-34.55177078385486],[-58.56171258241932,-34.55148596384553],[-58.56077305190472,-34.5506596252844],[-58.56039776933537,-34.55094363159429],[-58.560010971392146,-34.55126355387512],[-58.55942563317177,-34.55172534772408],[-58.55843153852356,-34.55251580994055],[-58.559408560594015,-34.55334756792892]]]]}},{"type":"Feature","properties":{"NOMPROV":"BUENOS AIRES","PROV":"06","NOMDEPTO":"GENERAL SAN MARTIN","DEPTO":"371","FRAC":"48","RADIO":"08","TIPO":"U","LINK":"063714808","IDRADIO_9":"063714808","hog_tot":229,"hog_nbi":14,"pob_tot":623,"pct_nbi":6.11353711790393},"geometry":{"type":"MultiPolygon","coordinates":[[[[-58.56615633472961,-34.55583903438874],[-58.5668182782157,-34.55643693121536],[-58.56772933055872,-34.55557479763563],[-58.56810182162505,-34.555194506435235],[-58.56856600665787,-34.55469324762725],[-58.56808703852535,-34.55431378243632],[-58.567314547571314,-34.553629628521485],[-58.566539964298414,-34.55296281872874],[-58.56554623018993,-34.55373531673406],[-58.56634095599126,-34.55440263611085],[-58.5653053047773,-34.55516166903229],[-58.56615633472961,-34.55583903438874]]]]}},{"type":"Feature","properties":{"NOMPROV":"BUENOS AIRES","PROV":"06","NOMDEPTO":"GENERAL SAN MARTIN","DEPTO":"371","FRAC":"19","RADIO":"10","TIPO":"U","LINK":"063711910","IDRADIO_9":"063711910","hog_tot":312,"hog_nbi":4,"pob_tot":766,"pct_nbi":1.282051282051282},"geometry":{"type":"MultiPolygon","coordinates":[[[[-58.56069880807132,-34.557499962809956],[-58.56134978077672,-34.55824338105812],[-58.56207978569882,-34.55770666053653],[-58.563304247355916,-34.55677352628033],[-58.562507442672,-34.55607573071523],[-58.561727783210664,-34.55537601028752],[-58.56109377270484,-34.55480959680266],[-58.56107090200636,-34.554872421522234],[-58.55991153669401,-34.555769108472745],[-58.55941516891311,-34.556123789493924],[-58.55999294926648,-34.55673450832869],[-58.560003531078316,-34.55675266009781],[-58.56069880807132,-34.557499962809956]]]]}},{"type":"Feature","properties":{"NOMPROV":"BUENOS AIRES","PROV":"06","NOMDEPTO":"GENERAL SAN MARTIN","DEPTO":"371","FRAC":"20","RADIO":"09","TIPO":"U","LINK":"063712009","IDRADIO_9":"063712009","hog_tot":225,"hog_nbi":5,"pob_tot":560,"pct_nbi":2.222222222222222},"geometry":{"type":"MultiPolygon","coordinates":[[[[-58.55939217962094,-34.56112118545752],[-58.56043599492596,-34.562003587257],[-58.56149492376727,-34.56124992905823],[-58.56228883704313,-34.560700449833845],[-58.5630838798453,-34.560123774104916],[-58.56273159318137,-34.559761227531496],[-58.562057695478686,-34.55899014821241],[-58.561316202616595,-34.5596073755308],[-58.560532255053594,-34.56021104688401],[-58.55939217962094,-34.56112118545752]]]]}},{"type":"Feature","properties":{"NOMPROV":"BUENOS AIRES","PROV":"06","NOMDEPTO":"GENERAL SAN MARTIN","DEPTO":"371","FRAC":"21","RADIO":"10","TIPO":"U","LINK":"063712110","IDRADIO_9":"063712110","hog_tot":231,"hog_nbi":3,"pob_tot":613,"pct_nbi":1.298701298701299},"geometry":{"type":"MultiPolygon","coordinates":[[[[-58.54128586273716,-34.57051923366536],[-58.541586492185665,-34.57077520237037],[-58.542691791763744,-34.56987805145406],[-58.54372002419414,-34.56902503767219],[-58.542967825735566,-34.568421174670064],[-58.542259684146394,-34.567790793053526],[-58.5422167381528,-34.56775422638976],[-58.54210937440696,-34.56766281058157],[-58.5414006161826,-34.567068470421745],[-58.541389879867495,-34.56705932868525],[-58.540318546605604,-34.56788476733784],[-58.53927955867102,-34.56872861016758],[-58.540009471716836,-34.56935926834668],[-58.5399541352512,-34.569408180189455],[-58.54007247259063,-34.56949522332685],[-58.54083460817269,-34.57015330328159],[-58.54128586273716,-34.57051923366536]]]]}},{"type":"Feature","properties":{"NOMPROV":"BUENOS AIRES","PROV":"06","NOMDEPTO":"GENERAL SAN MARTIN","DEPTO":"371","FRAC":"49","RADIO":"03","TIPO":"U","LINK":"063714903","IDRADIO_9":"063714903","hog_tot":297,"hog_nbi":1,"pob_tot":747,"pct_nbi":0.336700336700337},"geometry":{"type":"MultiPolygon","coordinates":[[[[-58.54558794956567,-34.57063367273214],[-58.54614644464465,-34.57110001109208],[-58.547195819543234,-34.57028327348222],[-58.54824501729316,-34.569475537796016],[-58.54771967274218,-34.56898256308986],[-58.54765493574951,-34.568945739006985],[-58.54719402084367,-34.568507609375715],[-58.54670105645292,-34.56803304267365],[-58.54559645152616,-34.56889418562767],[-58.544514083175024,-34.569728542163766],[-58.54506182907212,-34.57018574467432],[-58.54558794956567,-34.57063367273214]]]]}},{"type":"Feature","properties":{"NOMPROV":"BUENOS AIRES","PROV":"06","NOMDEPTO":"GENERAL SAN MARTIN","DEPTO":"371","FRAC":"06","RADIO":"03","TIPO":"U","LINK":"063710603","IDRADIO_9":"063710603","hog_tot":443,"hog_nbi":15,"pob_tot":1322,"pct_nbi":3.386004514672686},"geometry":{"type":"MultiPolygon","coordinates":[[[[-58.527389743216055,-34.54418913500357],[-58.52803094634679,-34.54468215565538],[-58.52874159222604,-34.54521624227578],[-58.52882028082116,-34.54515910973332],[-58.52935170519124,-34.54462934254467],[-58.52990452082709,-34.54501755035418],[-58.53018604095503,-34.54523414753982],[-58.529653931294185,-34.54575953225159],[-58.52973458244339,-34.545819090029006],[-58.530149002597405,-34.5461149971433],[-58.53022810839009,-34.54616131508005],[-58.53049064426577,-34.546384960484424],[-58.53193738218063,-34.54528659661165],[-58.53396394928898,-34.54372646157778],[-58.533476006296496,-34.54331576406933],[-58.53214113742577,-34.54431576665319],[-58.5317598217437,-34.54400923191771],[-58.531593232990566,-34.5438810401318],[-58.531088763508514,-34.54438423027773],[-58.53077673493585,-34.54416415296373],[-58.53023885793595,-34.543779115072844],[-58.53026095603799,-34.54376135421397],[-58.530526924584834,-34.54350316678371],[-58.5298504873694,-34.54294520395615],[-58.529088046851484,-34.542323107217605],[-58.529032484818096,-34.54238553191175],[-58.527389743216055,-34.54418913500357]]]]}},{"type":"Feature","properties":{"NOMPROV":"BUENOS AIRES","PROV":"06","NOMDEPTO":"GENERAL SAN MARTIN","DEPTO":"371","FRAC":"06","RADIO":"01","TIPO":"U","LINK":"063710601","IDRADIO_9":"063710601","hog_tot":315,"hog_nbi":8,"pob_tot":775,"pct_nbi":2.53968253968254},"geometry":{"type":"MultiPolygon","coordinates":[[[[-58.52999502240981,-34.54138421831332],[-58.53079261745819,-34.54199715120316],[-58.53128127484379,-34.54236953364786],[-58.53149118308745,-34.54255934546],[-58.531971210197675,-34.54206853324218],[-58.532629140985755,-34.54152527817766],[-58.53313550234602,-34.54196619974825],[-58.53361861347384,-34.54236859413488],[-58.53417168923184,-34.54280465817489],[-58.5344583294764,-34.542593486329494],[-58.53492561438488,-34.54299719901683],[-58.53493618904133,-34.54301535281715],[-58.53538632744661,-34.543435371560854],[-58.53590056635872,-34.54388139597134],[-58.53680683426139,-34.54318200155089],[-58.53680347292018,-34.54317825673637],[-58.53670086009089,-34.543063947712135],[-58.53345758185362,-34.5396119054756],[-58.532210113188015,-34.53883642922885],[-58.5318005021538,-34.538580358866156],[-58.531698379716175,-34.53851480628961],[-58.529764401832445,-34.537310772919966],[-58.52886214445212,-34.53906653759024],[-58.528190757484126,-34.5403604889259],[-58.52977474226445,-34.541247720707645],[-58.52999502240981,-34.54138421831332]]]]}},{"type":"Feature","properties":{"NOMPROV":"BUENOS AIRES","PROV":"06","NOMDEPTO":"GENERAL SAN MARTIN","DEPTO":"371","FRAC":"06","RADIO":"13","TIPO":"U","LINK":"063710613","IDRADIO_9":"063710613","hog_tot":261,"hog_nbi":9,"pob_tot":763,"pct_nbi":3.448275862068965},"geometry":{"type":"MultiPolygon","coordinates":[[[[-58.529032484818096,-34.54238553191175],[-58.529088046851484,-34.542323107217605],[-58.5298504873694,-34.54294520395615],[-58.530526924584834,-34.54350316678371],[-58.5310036113161,-34.54303119164248],[-58.53149118308745,-34.54255934546],[-58.53128127484379,-34.54236953364786],[-58.53079261745819,-34.54199715120316],[-58.52999502240981,-34.54138421831332],[-58.52977474226445,-34.541247720707645],[-58.528190757484126,-34.5403604889259],[-58.52788143591254,-34.54096216214476],[-58.527725457418036,-34.54125722473883],[-58.52751007060821,-34.54167231740347],[-58.529032484818096,-34.54238553191175]]]]}},{"type":"Feature","properties":{"NOMPROV":"BUENOS AIRES","PROV":"06","NOMDEPTO":"GENERAL SAN MARTIN","DEPTO":"371","FRAC":"03","RADIO":"06","TIPO":"U","LINK":"063710306","IDRADIO_9":"063710306","hog_tot":221,"hog_nbi":12,"pob_tot":715,"pct_nbi":5.429864253393666},"geometry":{"type":"MultiPolygon","coordinates":[[[[-58.565297834519676,-34.52885519348054],[-58.56568504070571,-34.52913916114],[-58.56641389978635,-34.52855282888371],[-58.566855627157246,-34.52819747408293],[-58.56797687196999,-34.527243339415826],[-58.567615193045526,-34.52695582601085],[-58.56728569964067,-34.52668345692434],[-58.56720242428228,-34.52662072373803],[-58.56684739907195,-34.52632388867189],[-58.565705522553976,-34.52730966148928],[-58.56459995955824,-34.52827012810991],[-58.564943606577,-34.52855358604757],[-58.565297834519676,-34.52885519348054]]]]}},{"type":"Feature","properties":{"NOMPROV":"BUENOS AIRES","PROV":"06","NOMDEPTO":"GENERAL SAN MARTIN","DEPTO":"371","FRAC":"04","RADIO":"09","TIPO":"U","LINK":"063710409","IDRADIO_9":"063710409","hog_tot":233,"hog_nbi":9,"pob_tot":576,"pct_nbi":3.862660944206009},"geometry":{"type":"MultiPolygon","coordinates":[[[[-58.55505080158144,-34.53318702853924],[-58.55569388799647,-34.53378952667366],[-58.556831009307764,-34.532815024961096],[-58.55806867573617,-34.53187068151608],[-58.55870941097547,-34.53134645130373],[-58.557875135679375,-34.53062715477765],[-58.55710239490165,-34.52994583168833],[-58.556653029841776,-34.53080766572953],[-58.555507861457464,-34.53165501156149],[-58.554398553935656,-34.532566560187874],[-58.55505080158144,-34.53318702853924]]]]}},{"type":"Feature","properties":{"NOMPROV":"BUENOS AIRES","PROV":"06","NOMDEPTO":"GENERAL SAN MARTIN","DEPTO":"371","FRAC":"49","RADIO":"08","TIPO":"U","LINK":"063714908","IDRADIO_9":"063714908","hog_tot":421,"hog_nbi":16,"pob_tot":1036,"pct_nbi":3.800475059382423},"geometry":{"type":"MultiPolygon","coordinates":[[[[-58.552700834392425,-34.569519445520875],[-58.552502241974,-34.569661305374005],[-58.551452769035656,-34.57048710178317],[-58.55042475109245,-34.571331170487106],[-58.549396867824946,-34.57216621830984],[-58.54838001626147,-34.57299237487853],[-58.54734135537138,-34.57381826299838],[-58.54625799681649,-34.57470670342506],[-58.54699890950887,-34.57533745252306],[-58.54750359597405,-34.575767090479346],[-58.54751433406319,-34.57577623171036],[-58.54756802454412,-34.57582193785179],[-58.547739834493605,-34.575968196452095],[-58.54780879927961,-34.57604462895084],[-58.54786951941985,-34.57598973775707],[-58.54790777824385,-34.57593766907054],[-58.54794614445479,-34.57587942294581],[-58.54800334449897,-34.57581213148967],[-58.54808717011683,-34.575717350365245],[-58.54822819522567,-34.57555527760377],[-58.548425506176606,-34.57537842606558],[-58.54863407419261,-34.575198618268566],[-58.54879723509047,-34.57505225617855],[-58.54981619573655,-34.57423704871373],[-58.55049784615438,-34.57370066980559],[-58.55084629485853,-34.5734236519481],[-58.55188424043556,-34.572587867824055],[-58.55205475372963,-34.57244776712619],[-58.552813242529304,-34.57187029545275],[-58.55295182565678,-34.57176478424732],[-58.55366413490569,-34.571181562357005],[-58.55321845680219,-34.57038842317228],[-58.552700834392425,-34.569519445520875]]]]}},{"type":"Feature","properties":{"NOMPROV":"BUENOS AIRES","PROV":"06","NOMDEPTO":"GENERAL SAN MARTIN","DEPTO":"371","FRAC":"18","RADIO":"02","TIPO":"U","LINK":"063711802","IDRADIO_9":"063711802","hog_tot":406,"hog_nbi":12,"pob_tot":1104,"pct_nbi":2.955665024630542},"geometry":{"type":"MultiPolygon","coordinates":[[[[-58.566793688223875,-34.54579107531465],[-58.56591003673858,-34.54650177611501],[-58.56501516956165,-34.54723036628871],[-58.564352101397056,-34.54778140508544],[-58.56571543209481,-34.548320211326626],[-58.566722145955985,-34.54869257428264],[-58.56729552837228,-34.54892464105396],[-58.56818097677073,-34.5491476629365],[-58.56942114974845,-34.549481363540835],[-58.569486036234494,-34.549509164369596],[-58.5704028266883,-34.54877178560402],[-58.569521452319414,-34.54807643753801],[-58.56910332467845,-34.547683957206594],[-58.56782502006522,-34.54663241787489],[-58.566793688223875,-34.54579107531465]]]]}},{"type":"Feature","properties":{"NOMPROV":"BUENOS AIRES","PROV":"06","NOMDEPTO":"GENERAL SAN MARTIN","DEPTO":"371","FRAC":"05","RADIO":"11","TIPO":"U","LINK":"063710511","IDRADIO_9":"063710511","hog_tot":264,"hog_nbi":9,"pob_tot":628,"pct_nbi":3.409090909090909},"geometry":{"type":"MultiPolygon","coordinates":[[[[-58.54459728925646,-34.541605063771904],[-58.54526890442459,-34.542177053337056],[-58.546602387528154,-34.54113577819868],[-58.547883979166734,-34.540096453079215],[-58.547185706945676,-34.53950454809951],[-58.54649389220058,-34.53895528130622],[-58.545196078766736,-34.53998582059985],[-58.54394554554779,-34.541030025764975],[-58.54459728925646,-34.541605063771904]]]]}},{"type":"Feature","properties":{"NOMPROV":"BUENOS AIRES","PROV":"06","NOMDEPTO":"GENERAL SAN MARTIN","DEPTO":"371","FRAC":"05","RADIO":"12","TIPO":"U","LINK":"063710512","IDRADIO_9":"063710512","hog_tot":233,"hog_nbi":4,"pob_tot":579,"pct_nbi":1.716738197424893},"geometry":{"type":"MultiPolygon","coordinates":[[[[-58.54407735961827,-34.545396093993],[-58.54473197515107,-34.54596273261436],[-58.5460245553024,-34.544923560075645],[-58.547312164911865,-34.543857269193396],[-58.54660848530533,-34.54330458264986],[-58.54594856679031,-34.54274257691851],[-58.54470428432941,-34.54379917583272],[-58.54342290998223,-34.544820440446024],[-58.54407735961827,-34.545396093993]]]]}},{"type":"Feature","properties":{"NOMPROV":"BUENOS AIRES","PROV":"06","NOMDEPTO":"GENERAL SAN MARTIN","DEPTO":"371","FRAC":"07","RADIO":"04","TIPO":"U","LINK":"063710704","IDRADIO_9":"063710704","hog_tot":298,"hog_nbi":16,"pob_tot":793,"pct_nbi":5.369127516778524},"geometry":{"type":"MultiPolygon","coordinates":[[[[-58.530170343547034,-34.551135836836146],[-58.53072816893038,-34.55213351323939],[-58.532113466712794,-34.55161720892086],[-58.53342183865301,-34.551100241171525],[-58.53478187238448,-34.550575767115866],[-58.5361751220237,-34.55002284912673],[-58.5358982334735,-34.54982574591558],[-58.5350642403554,-34.54922204874052],[-58.53418411782949,-34.54865056497765],[-58.533871622434106,-34.54843766990287],[-58.53362500875946,-34.54853617584498],[-58.53316968193741,-34.54870865453988],[-58.53227831838422,-34.5490505199154],[-58.530899197319236,-34.54959170710618],[-58.52960742971232,-34.55009437695624],[-58.530170343547034,-34.551135836836146]]]]}},{"type":"Feature","properties":{"NOMPROV":"BUENOS AIRES","PROV":"06","NOMDEPTO":"GENERAL SAN MARTIN","DEPTO":"371","FRAC":"48","RADIO":"07","TIPO":"U","LINK":"063714807","IDRADIO_9":"063714807","hog_tot":399,"hog_nbi":26,"pob_tot":1036,"pct_nbi":6.516290726817042},"geometry":{"type":"MultiPolygon","coordinates":[[[[-58.562346386017815,-34.55263042047038],[-58.56139012578603,-34.55341600388293],[-58.56136803146543,-34.553433770452706],[-58.560793576939,-34.5538956988749],[-58.5607714823649,-34.55391346532901],[-58.56033176260154,-34.554142630528226],[-58.56109377270484,-34.55480959680266],[-58.561727783210664,-34.55537601028752],[-58.562507442672,-34.55607573071523],[-58.563304247355916,-34.55677352628033],[-58.56398007541209,-34.556219739134264],[-58.56449494523438,-34.5558133275367],[-58.5653053047773,-34.55516166903229],[-58.564547341531345,-34.554502387185615],[-58.56374146353404,-34.55380700584897],[-58.56304198603932,-34.553222554119095],[-58.562346386017815,-34.55263042047038]]]]}},{"type":"Feature","properties":{"NOMPROV":"BUENOS AIRES","PROV":"06","NOMDEPTO":"GENERAL SAN MARTIN","DEPTO":"371","FRAC":"18","RADIO":"07","TIPO":"U","LINK":"063711807","IDRADIO_9":"063711807","hog_tot":317,"hog_nbi":9,"pob_tot":889,"pct_nbi":2.839116719242902},"geometry":{"type":"MultiPolygon","coordinates":[[[[-58.56938069992815,-34.553753275286724],[-58.570569523960884,-34.55480924930289],[-58.571536191853504,-34.55397744963358],[-58.57239237852227,-34.554743961443094],[-58.57319920572796,-34.554068371063146],[-58.574116687737266,-34.55329989288623],[-58.57322539529885,-34.552572679018176],[-58.57202085959884,-34.551602347052345],[-58.57113719550736,-34.55233169305879],[-58.570341725024,-34.552980362521545],[-58.56938069992815,-34.553753275286724]]]]}},{"type":"Feature","properties":{"NOMPROV":"BUENOS AIRES","PROV":"06","NOMDEPTO":"GENERAL SAN MARTIN","DEPTO":"371","FRAC":"48","RADIO":"05","TIPO":"U","LINK":"063714805","IDRADIO_9":"063714805","hog_tot":241,"hog_nbi":6,"pob_tot":688,"pct_nbi":2.489626556016598},"geometry":{"type":"MultiPolygon","coordinates":[[[[-58.565989129789784,-34.55087492939575],[-58.56497318880142,-34.55166800515404],[-58.565728271663374,-34.55227627114787],[-58.566539964298414,-34.55296281872874],[-58.567314547571314,-34.553629628521485],[-58.56808703852535,-34.55431378243632],[-58.56856600665787,-34.55469324762725],[-58.56938069992815,-34.553753275286724],[-58.56911210217104,-34.553533804411835],[-58.56849450650503,-34.55300225548131],[-58.56762202277549,-34.55224907375961],[-58.56671967565874,-34.55151704778362],[-58.565989129789784,-34.55087492939575]]]]}},{"type":"Feature","properties":{"NOMPROV":"BUENOS AIRES","PROV":"06","NOMDEPTO":"GENERAL SAN MARTIN","DEPTO":"371","FRAC":"19","RADIO":"05","TIPO":"U","LINK":"063711905","IDRADIO_9":"063711905","hog_tot":351,"hog_nbi":5,"pob_tot":839,"pct_nbi":1.424501424501424},"geometry":{"type":"MultiPolygon","coordinates":[[[[-58.547221445621574,-34.558160524897765],[-58.546150128684395,-34.55899503182444],[-58.5471378343166,-34.55983602824447],[-58.5481039306661,-34.56066774543622],[-58.54871590106631,-34.56118878880199],[-58.5490916757308,-34.56150872591099],[-58.55017404778365,-34.56066531137284],[-58.55168176905118,-34.559465224665665],[-58.55070233157598,-34.558651435419485],[-58.54967852713023,-34.55782920742329],[-58.54867976919462,-34.55699711333695],[-58.547221445621574,-34.558160524897765]]]]}},{"type":"Feature","properties":{"NOMPROV":"BUENOS AIRES","PROV":"06","NOMDEPTO":"GENERAL SAN MARTIN","DEPTO":"371","FRAC":"23","RADIO":"08","TIPO":"U","LINK":"063712308","IDRADIO_9":"063712308","hog_tot":279,"hog_nbi":6,"pob_tot":541,"pct_nbi":2.150537634408602},"geometry":{"type":"MultiPolygon","coordinates":[[[[-58.53392510289712,-34.57829070806444],[-58.53467069952765,-34.57894288944385],[-58.535759432794244,-34.57808739754],[-58.53497563528452,-34.57742001278068],[-58.534224061526466,-34.57678005034602],[-58.53316295146737,-34.57763258529721],[-58.53392510289712,-34.57829070806444]]]]}},{"type":"Feature","properties":{"NOMPROV":"BUENOS AIRES","PROV":"06","NOMDEPTO":"GENERAL SAN MARTIN","DEPTO":"371","FRAC":"20","RADIO":"02","TIPO":"U","LINK":"063712002","IDRADIO_9":"063712002","hog_tot":438,"hog_nbi":26,"pob_tot":1177,"pct_nbi":5.93607305936073},"geometry":{"type":"MultiPolygon","coordinates":[[[[-58.56273159318137,-34.559761227531496],[-58.5630838798453,-34.560123774104916],[-58.56341061842721,-34.560452032813295],[-58.564174916718095,-34.56126345795275],[-58.56495586508024,-34.56210187930668],[-58.56509948852925,-34.56198639271103],[-58.56606049482037,-34.56122252966229],[-58.56725219977746,-34.560291934284216],[-58.567850175245184,-34.55980914152124],[-58.56840770535575,-34.559358994078316],[-58.567456169482305,-34.558702548510645],[-58.56652908363062,-34.55804260072643],[-58.565691653184274,-34.55745564058519],[-58.56484864516244,-34.55814006437098],[-58.563624787302366,-34.55907348149118],[-58.56273159318137,-34.559761227531496]]]]}},{"type":"Feature","properties":{"NOMPROV":"BUENOS AIRES","PROV":"06","NOMDEPTO":"GENERAL SAN MARTIN","DEPTO":"371","FRAC":"31","RADIO":"07","TIPO":"U","LINK":"063713107","IDRADIO_9":"063713107","hog_tot":311,"hog_nbi":4,"pob_tot":832,"pct_nbi":1.286173633440514},"geometry":{"type":"MultiPolygon","coordinates":[[[[-58.56618192102444,-34.58612157783103],[-58.56737531843647,-34.587124885816884],[-58.568113295454246,-34.58654321305091],[-58.56904962567719,-34.585796700432034],[-58.56983959478568,-34.58517051601507],[-58.56866080076596,-34.584165078554754],[-58.56781919221527,-34.58340753849645],[-58.56699806059891,-34.58404750867917],[-58.566061076549786,-34.58481685165265],[-58.56533495270123,-34.58538847175495],[-58.56618192102444,-34.58612157783103]]]]}},{"type":"Feature","properties":{"NOMPROV":"BUENOS AIRES","PROV":"06","NOMDEPTO":"GENERAL SAN MARTIN","DEPTO":"371","FRAC":"12","RADIO":"08","TIPO":"U","LINK":"063711208","IDRADIO_9":"063711208","hog_tot":288,"hog_nbi":2,"pob_tot":741,"pct_nbi":0.694444444444444},"geometry":{"type":"MultiPolygon","coordinates":[[[[-58.55619722630266,-34.545008235157304],[-58.55708841244844,-34.54575787566897],[-58.55835890441532,-34.544727322766406],[-58.55964056634417,-34.5436788617658],[-58.55876011337995,-34.54293837983658],[-58.55784174184903,-34.542166139942985],[-58.55701029910939,-34.54144851579019],[-58.55699925312765,-34.54145739872398],[-58.55635858327653,-34.54197260616525],[-58.555717749856306,-34.54249682074327],[-58.55508795477688,-34.54301214986556],[-58.55443621471344,-34.54353622923876],[-58.55530574464182,-34.54427661172298],[-58.55619722630266,-34.545008235157304]]]]}},{"type":"Feature","properties":{"NOMPROV":"BUENOS AIRES","PROV":"06","NOMDEPTO":"GENERAL SAN MARTIN","DEPTO":"371","FRAC":"12","RADIO":"06","TIPO":"U","LINK":"063711206","IDRADIO_9":"063711206","hog_tot":292,"hog_nbi":3,"pob_tot":698,"pct_nbi":1.027397260273972},"geometry":{"type":"MultiPolygon","coordinates":[[[[-58.549711643907415,-34.54587777519794],[-58.550613670215846,-34.54662759013076],[-58.551851268056296,-34.54561474368913],[-58.55314375799594,-34.544575493352006],[-58.553133023157876,-34.54456635265629],[-58.552230304728546,-34.543833714064654],[-58.5515279550539,-34.54320237638239],[-58.550230808633536,-34.54420743945063],[-58.54890639902747,-34.545201210946516],[-58.549711643907415,-34.54587777519794]]]]}},{"type":"Feature","properties":{"NOMPROV":"BUENOS AIRES","PROV":"06","NOMDEPTO":"GENERAL SAN MARTIN","DEPTO":"371","FRAC":"11","RADIO":"07","TIPO":"U","LINK":"063711107","IDRADIO_9":"063711107","hog_tot":409,"hog_nbi":3,"pob_tot":950,"pct_nbi":0.733496332518337},"geometry":{"type":"MultiPolygon","coordinates":[[[[-58.54975654547474,-34.55019574990599],[-58.54865174306656,-34.55108396447196],[-58.5473587820538,-34.55214118541179],[-58.54825027448521,-34.55287286544941],[-58.549130576516674,-34.553622433912295],[-58.5499998458852,-34.5543808776531],[-58.550762085824296,-34.555029884093926],[-58.55085473522784,-34.555099608878386],[-58.550993297221616,-34.5552038845761],[-58.55167222603073,-34.55468916207611],[-58.551717200315856,-34.554608574536125],[-58.553219591439294,-34.55340957537736],[-58.55339635803033,-34.553267454832735],[-58.55328102477,-34.55317393347854],[-58.55317074865166,-34.55308451269162],[-58.55238703517913,-34.55241723952417],[-58.551517294710074,-34.55168584644836],[-58.55064772573405,-34.55094543676541],[-58.54975654547474,-34.55019574990599]]]]}},{"type":"Feature","properties":{"NOMPROV":"BUENOS AIRES","PROV":"06","NOMDEPTO":"GENERAL SAN MARTIN","DEPTO":"371","FRAC":"32","RADIO":"06","TIPO":"U","LINK":"063713206","IDRADIO_9":"063713206","hog_tot":451,"hog_nbi":21,"pob_tot":1377,"pct_nbi":4.656319290465632},"geometry":{"type":"MultiPolygon","coordinates":[[[[-58.57615442327322,-34.573076219354114],[-58.57532579435467,-34.57374255724952],[-58.574508200867406,-34.57440000561236],[-58.57561422268763,-34.57535933169909],[-58.575624963894,-34.57536847053166],[-58.576720423516484,-34.57630963656677],[-58.57752697083864,-34.5756610582968],[-58.578344399443026,-34.57501260212613],[-58.5791836061267,-34.57436439289427],[-58.57806666019422,-34.57340497138892],[-58.576971529042666,-34.57244579421067],[-58.57615442327322,-34.573076219354114]]]]}},{"type":"Feature","properties":{"NOMPROV":"BUENOS AIRES","PROV":"06","NOMDEPTO":"GENERAL SAN MARTIN","DEPTO":"371","FRAC":"12","RADIO":"12","TIPO":"U","LINK":"063711212","IDRADIO_9":"063711212","hog_tot":245,"hog_nbi":2,"pob_tot":534,"pct_nbi":0.816326530612245},"geometry":{"type":"MultiPolygon","coordinates":[[[[-58.55286895513454,-34.54220169725745],[-58.5515279550539,-34.54320237638239],[-58.552230304728546,-34.543833714064654],[-58.553133023157876,-34.54456635265629],[-58.55314375799594,-34.544575493352006],[-58.55443621471344,-34.54353622923876],[-58.55508795477688,-34.54301214986556],[-58.554167500543585,-34.54226308314963],[-58.55354071908377,-34.54276062294516],[-58.55286895513454,-34.54220169725745]]]]}},{"type":"Feature","properties":{"NOMPROV":"BUENOS AIRES","PROV":"06","NOMDEPTO":"GENERAL SAN MARTIN","DEPTO":"371","FRAC":"09","RADIO":"08","TIPO":"U","LINK":"063710908","IDRADIO_9":"063710908","hog_tot":283,"hog_nbi":4,"pob_tot":800,"pct_nbi":1.413427561837456},"geometry":{"type":"MultiPolygon","coordinates":[[[[-58.53036225071111,-34.56835115430017],[-58.52931162953263,-34.56923082427713],[-58.52906472112725,-34.56902054034223],[-58.5280033439396,-34.56989105562125],[-58.5284971625772,-34.57031162636047],[-58.52901293315147,-34.570723446323186],[-58.52979709556513,-34.57136383278986],[-58.53084773837242,-34.57048415947056],[-58.53188667403194,-34.56964940291048],[-58.53112477289856,-34.568982258307024],[-58.53036225071111,-34.56835115430017]]]]}},{"type":"Feature","properties":{"NOMPROV":"BUENOS AIRES","PROV":"06","NOMDEPTO":"GENERAL SAN MARTIN","DEPTO":"371","FRAC":"43","RADIO":"06","TIPO":"U","LINK":"063714306","IDRADIO_9":"063714306","hog_tot":236,"hog_nbi":3,"pob_tot":579,"pct_nbi":1.271186440677966},"geometry":{"type":"MultiPolygon","coordinates":[[[[-58.54053053745507,-34.56011774042564],[-58.53942582111203,-34.560987841191675],[-58.539372144458525,-34.56094213171353],[-58.53829945346559,-34.561848658816274],[-58.539083608509905,-34.56248898529732],[-58.53980423033477,-34.56310473239699],[-58.540339437955616,-34.563572099897144],[-58.54126594522197,-34.56250317699124],[-58.54140628093493,-34.56264282092969],[-58.541498095198,-34.56273418312151],[-58.54199583500417,-34.56230748580365],[-58.542250150060646,-34.56209420183001],[-58.5425593995465,-34.56185453204923],[-58.54244606259843,-34.56170584145082],[-58.5423799373935,-34.56161908975469],[-58.541451607194894,-34.56087286969856],[-58.54054127280901,-34.560126882222896],[-58.54053053745507,-34.56011774042564]]]]}},{"type":"Feature","properties":{"NOMPROV":"BUENOS AIRES","PROV":"06","NOMDEPTO":"GENERAL SAN MARTIN","DEPTO":"371","FRAC":"11","RADIO":"11","TIPO":"U","LINK":"063711111","IDRADIO_9":"063711111","hog_tot":127,"hog_nbi":5,"pob_tot":237,"pct_nbi":3.937007874015748},"geometry":{"type":"MultiPolygon","coordinates":[[[[-58.55645181242806,-34.549504454869535],[-58.55688353673995,-34.54983079304233],[-58.55815180174098,-34.54883914577403],[-58.557997834986786,-34.54866808116344],[-58.55751348880633,-34.54826864055747],[-58.55663285274003,-34.54753715562413],[-58.55537334328913,-34.5485588048479],[-58.55621010125982,-34.5493078076787],[-58.55645181242806,-34.549504454869535]]]]}},{"type":"Feature","properties":{"NOMPROV":"BUENOS AIRES","PROV":"06","NOMDEPTO":"GENERAL SAN MARTIN","DEPTO":"371","FRAC":"11","RADIO":"12","TIPO":"U","LINK":"063711112","IDRADIO_9":"063711112","hog_tot":108,"hog_nbi":1,"pob_tot":215,"pct_nbi":0.925925925925926},"geometry":{"type":"MultiPolygon","coordinates":[[[[-58.551059867671334,-34.54916566671211],[-58.551918688187875,-34.54989693249864],[-58.55323318424596,-34.54884893122574],[-58.55450345788123,-34.547836444571274],[-58.5536231652668,-34.54708691539388],[-58.55297169562539,-34.54759296233413],[-58.552363471057426,-34.54811754449887],[-58.551059867671334,-34.54916566671211]]]]}},{"type":"Feature","properties":{"NOMPROV":"BUENOS AIRES","PROV":"06","NOMDEPTO":"GENERAL SAN MARTIN","DEPTO":"371","FRAC":"11","RADIO":"14","TIPO":"U","LINK":"063711114","IDRADIO_9":"063711114","hog_tot":98,"hog_nbi":0,"pob_tot":221,"pct_nbi":0},"geometry":{"type":"MultiPolygon","coordinates":[[[[-58.549595361967874,-34.55006764740346],[-58.54818628836449,-34.550285247130724],[-58.54808003558285,-34.55013075462896],[-58.547481316371716,-34.55010560540746],[-58.54740037673821,-34.550375046127094],[-58.54584069389375,-34.55048266491659],[-58.54542681481464,-34.55047773414931],[-58.54560899147182,-34.55065116037109],[-58.54647866824803,-34.551382593195925],[-58.54590430529752,-34.551835438383684],[-58.545307681935455,-34.55231505585055],[-58.54608788684361,-34.55318062704362],[-58.5468062020263,-34.55259429399632],[-58.5473587820538,-34.55214118541179],[-58.54865174306656,-34.55108396447196],[-58.54975654547474,-34.55019574990599],[-58.549595361967874,-34.55006764740346]]]]}},{"type":"Feature","properties":{"NOMPROV":"BUENOS AIRES","PROV":"06","NOMDEPTO":"GENERAL SAN MARTIN","DEPTO":"371","FRAC":"12","RADIO":"11","TIPO":"U","LINK":"063711211","IDRADIO_9":"063711211","hog_tot":236,"hog_nbi":2,"pob_tot":578,"pct_nbi":0.847457627118644},"geometry":{"type":"MultiPolygon","coordinates":[[[[-58.54542681481464,-34.55047773414931],[-58.54584069389375,-34.55048266491659],[-58.54689074537412,-34.54961185124328],[-58.54801764057932,-34.548705888256414],[-58.54712650775552,-34.547956184023306],[-58.546310060413845,-34.54729749646913],[-58.54521646803213,-34.54816778690861],[-58.54391261999642,-34.54922484208157],[-58.54472859537388,-34.54991057932604],[-58.54542681481464,-34.55047773414931]]]]}},{"type":"Feature","properties":{"NOMPROV":"BUENOS AIRES","PROV":"06","NOMDEPTO":"GENERAL SAN MARTIN","DEPTO":"371","FRAC":"44","RADIO":"03","TIPO":"U","LINK":"063714403","IDRADIO_9":"063714403","hog_tot":215,"hog_nbi":2,"pob_tot":546,"pct_nbi":0.930232558139535},"geometry":{"type":"MultiPolygon","coordinates":[[[[-58.55701029910939,-34.54144851579019],[-58.55784174184903,-34.542166139942985],[-58.559153360830386,-34.541157024011035],[-58.560469786399786,-34.540107674186274],[-58.55954854901976,-34.53934675128856],[-58.55867113685775,-34.53863101700291],[-58.55737475481464,-34.53965159711795],[-58.55667545633082,-34.540220435408465],[-58.55611243308246,-34.54069906893998],[-58.55701029910939,-34.54144851579019]]]]}},{"type":"Feature","properties":{"NOMPROV":"BUENOS AIRES","PROV":"06","NOMDEPTO":"GENERAL SAN MARTIN","DEPTO":"371","FRAC":"13","RADIO":"01","TIPO":"U","LINK":"063711301","IDRADIO_9":"063711301","hog_tot":188,"hog_nbi":3,"pob_tot":500,"pct_nbi":1.595744680851064},"geometry":{"type":"MultiPolygon","coordinates":[[[[-58.569397169966024,-34.53282324973973],[-58.57032458813474,-34.53360117113758],[-58.57158510847579,-34.53253071400124],[-58.5723312675034,-34.53190314081258],[-58.57295530180103,-34.53137926309881],[-58.573622419179785,-34.53087993520117],[-58.57399030455818,-34.5305965851609],[-58.574258021864225,-34.53035009793266],[-58.57468621697726,-34.53000169708784],[-58.574141196081456,-34.52900870639571],[-58.573360158024585,-34.52962311810056],[-58.572751448412596,-34.53016020729946],[-58.57207165647365,-34.53066068834409],[-58.57145063028512,-34.531203958729876],[-58.57072547931763,-34.531812178010256],[-58.569397169966024,-34.53282324973973]]]]}},{"type":"Feature","properties":{"NOMPROV":"BUENOS AIRES","PROV":"06","NOMDEPTO":"GENERAL SAN MARTIN","DEPTO":"371","FRAC":"15","RADIO":"02","TIPO":"U","LINK":"063711502","IDRADIO_9":"063711502","hog_tot":317,"hog_nbi":35,"pob_tot":987,"pct_nbi":11.041009463722396},"geometry":{"type":"MultiPolygon","coordinates":[[[[-58.586706242763185,-34.528957264031874],[-58.586420725594046,-34.52919504809725],[-58.58634768105201,-34.5292558803888],[-58.5862133894581,-34.52936771965549],[-58.58607909750489,-34.529479558763605],[-58.586651829375114,-34.529988824777334],[-58.58676943872121,-34.53009340004971],[-58.58703069149308,-34.53028927981676],[-58.587484650841,-34.53062964277637],[-58.588208227190236,-34.531280387004],[-58.589045379956296,-34.53193262151847],[-58.58968589665612,-34.5323991024414],[-58.58987958484945,-34.5324822494259],[-58.590486093866204,-34.53196841959186],[-58.59055510825993,-34.531921468757886],[-58.59089539190619,-34.53168996850071],[-58.591235806988024,-34.53145837684021],[-58.59155979336281,-34.53119156445046],[-58.59190060945822,-34.53091088950529],[-58.592391708674654,-34.53050644585057],[-58.593410184476575,-34.52945444114239],[-58.59378485425382,-34.529163850847475],[-58.594018456947815,-34.52956805401954],[-58.594317463954106,-34.5298528085108],[-58.59359343657989,-34.5282941683442],[-58.59292281243309,-34.526202286944084],[-58.59231953151391,-34.52427655417891],[-58.59153109167281,-34.5220917639595],[-58.591458181061405,-34.52212615706404],[-58.59115378636146,-34.5221741169285],[-58.591015505828295,-34.52220353998554],[-58.58942641251474,-34.5222971468562],[-58.589043221373046,-34.52368479646634],[-58.58882762017836,-34.524596543820266],[-58.58872479159389,-34.52472083050758],[-58.588621336284994,-34.52488689218523],[-58.58795655152888,-34.52545454856019],[-58.587599466895405,-34.52570156277919],[-58.58725452777441,-34.52598003580696],[-58.58715169619859,-34.526104321956765],[-58.58633389762702,-34.52677484600506],[-58.585085342856594,-34.527719706499894],[-58.58526628316341,-34.5278263509798],[-58.58537928747435,-34.52789112989049],[-58.58594438668942,-34.52834516045736],[-58.586706242763185,-34.528957264031874]]]]}},{"type":"Feature","properties":{"NOMPROV":"BUENOS AIRES","PROV":"06","NOMDEPTO":"GENERAL SAN MARTIN","DEPTO":"371","FRAC":"15","RADIO":"04","TIPO":"U","LINK":"063711504","IDRADIO_9":"063711504","hog_tot":288,"hog_nbi":38,"pob_tot":1025,"pct_nbi":13.194444444444445},"geometry":{"type":"MultiPolygon","coordinates":[[[[-58.585968814573356,-34.53190991894324],[-58.58661386320387,-34.53247692144792],[-58.586695485282995,-34.53243607220992],[-58.587458865094725,-34.53303833438733],[-58.58755202997536,-34.53311183499041],[-58.58835721425382,-34.53374650748011],[-58.58836079482619,-34.533743576208856],[-58.58840925073548,-34.533703905352446],[-58.58881637607542,-34.53337059620022],[-58.58912358164409,-34.53311908819142],[-58.58987958484945,-34.5324822494259],[-58.58968589665612,-34.5323991024414],[-58.589045379956296,-34.53193262151847],[-58.588208227190236,-34.531280387004],[-58.587484650841,-34.53062964277637],[-58.58669940750711,-34.53129286711524],[-58.58633411239656,-34.53160139316583],[-58.585968814573356,-34.53190991894324]]]]}},{"type":"Feature","properties":{"NOMPROV":"BUENOS AIRES","PROV":"06","NOMDEPTO":"GENERAL SAN MARTIN","DEPTO":"371","FRAC":"15","RADIO":"06","TIPO":"U","LINK":"063711506","IDRADIO_9":"063711506","hog_tot":236,"hog_nbi":24,"pob_tot":769,"pct_nbi":10.16949152542373},"geometry":{"type":"MultiPolygon","coordinates":[[[[-58.58418403953053,-34.53104379690812],[-58.58393832407079,-34.531239289681594],[-58.58389275165185,-34.53127554723468],[-58.5838485503761,-34.531310713809376],[-58.58456297501748,-34.532441098857035],[-58.58504885865662,-34.53320985946555],[-58.58577257966897,-34.53289694804721],[-58.58646421430882,-34.5325518141791],[-58.58661386320387,-34.53247692144792],[-58.585968814573356,-34.53190991894324],[-58.585046701584915,-34.53109935505624],[-58.58467386077294,-34.53121329089382],[-58.58443014134583,-34.53084799532813],[-58.58418403953053,-34.53104379690812]]]]}},{"type":"Feature","properties":{"NOMPROV":"BUENOS AIRES","PROV":"06","NOMDEPTO":"GENERAL SAN MARTIN","DEPTO":"371","FRAC":"16","RADIO":"08","TIPO":"U","LINK":"063711608","IDRADIO_9":"063711608","hog_tot":311,"hog_nbi":18,"pob_tot":904,"pct_nbi":5.787781350482316},"geometry":{"type":"MultiPolygon","coordinates":[[[[-58.58091295026614,-34.535881030170806],[-58.580171769276355,-34.53619617241933],[-58.57942942937748,-34.53650675648245],[-58.57993232612509,-34.53732003428213],[-58.58046345652059,-34.53820477662101],[-58.581020956590606,-34.5393670142023],[-58.58204786877941,-34.53904540984358],[-58.58324063577088,-34.53867826512386],[-58.58258815316773,-34.53727583999808],[-58.582147067258994,-34.53640775192221],[-58.581625966429655,-34.5355746427028],[-58.58091303913134,-34.535880992445456],[-58.58091295026614,-34.535881030170806]]]]}},{"type":"Feature","properties":{"NOMPROV":"BUENOS AIRES","PROV":"06","NOMDEPTO":"GENERAL SAN MARTIN","DEPTO":"371","FRAC":"16","RADIO":"07","TIPO":"U","LINK":"063711607","IDRADIO_9":"063711607","hog_tot":361,"hog_nbi":23,"pob_tot":1101,"pct_nbi":6.371191135734072},"geometry":{"type":"MultiPolygon","coordinates":[[[[-58.581625966429655,-34.5355746427028],[-58.582147067258994,-34.53640775192221],[-58.58258815316773,-34.53727583999808],[-58.58324063577088,-34.53867826512386],[-58.58443021684535,-34.53831140695444],[-58.58559152321209,-34.53795163934925],[-58.585292789929845,-34.53728176930218],[-58.58483560896287,-34.536351184535285],[-58.58465511891019,-34.53642346405262],[-58.58436346389692,-34.53547662123588],[-58.584086911012406,-34.534599901420194],[-58.58405707496339,-34.53455224430227],[-58.583019796818334,-34.534979213648754],[-58.582348490675,-34.535277746265955],[-58.582321523799926,-34.5352897384398],[-58.581625966429655,-34.5355746427028]]]]}},{"type":"Feature","properties":{"NOMPROV":"BUENOS AIRES","PROV":"06","NOMDEPTO":"GENERAL SAN MARTIN","DEPTO":"371","FRAC":"16","RADIO":"05","TIPO":"U","LINK":"063711605","IDRADIO_9":"063711605","hog_tot":233,"hog_nbi":13,"pob_tot":705,"pct_nbi":5.579399141630902},"geometry":{"type":"MultiPolygon","coordinates":[[[[-58.577888559949095,-34.53693005764057],[-58.577970044027026,-34.53715163604307],[-58.578670644697915,-34.53684136204803],[-58.57942942937748,-34.53650675648245],[-58.580171769276355,-34.53619617241933],[-58.58091295026614,-34.535881030170806],[-58.58091303913134,-34.535880992445456],[-58.581625966429655,-34.5355746427028],[-58.582321523799926,-34.5352897384398],[-58.582348490675,-34.535277746265955],[-58.5818848969286,-34.53452553876911],[-58.5812136235469,-34.53343633162757],[-58.58049277847274,-34.534020203038835],[-58.57999899752416,-34.53442019572758],[-58.57938284977805,-34.53492577850699],[-58.5783832246818,-34.535730008775225],[-58.57817100778749,-34.535900740738725],[-58.57786167373944,-34.53615889095921],[-58.57768452052918,-34.53632808170448],[-58.577888559949095,-34.53693005764057]]]]}},{"type":"Feature","properties":{"NOMPROV":"BUENOS AIRES","PROV":"06","NOMDEPTO":"GENERAL SAN MARTIN","DEPTO":"371","FRAC":"31","RADIO":"09","TIPO":"U","LINK":"063713109","IDRADIO_9":"063713109","hog_tot":243,"hog_nbi":15,"pob_tot":645,"pct_nbi":6.17283950617284},"geometry":{"type":"MultiPolygon","coordinates":[[[[-58.57022365568827,-34.582904606531464],[-58.56942237360397,-34.58354074107798],[-58.568600374910496,-34.58279160691429],[-58.56781919221527,-34.58340753849645],[-58.56866080076596,-34.584165078554754],[-58.56983959478568,-34.58517051601507],[-58.57061865486202,-34.584544197575795],[-58.571430778038724,-34.58389572831399],[-58.57224281153389,-34.583251759089976],[-58.57129229794017,-34.582520819864584],[-58.571019359304266,-34.58230517243865],[-58.57022365568827,-34.582904606531464]]]]}},{"type":"Feature","properties":{"NOMPROV":"BUENOS AIRES","PROV":"06","NOMDEPTO":"GENERAL SAN MARTIN","DEPTO":"371","FRAC":"27","RADIO":"03","TIPO":"U","LINK":"063712703","IDRADIO_9":"063712703","hog_tot":235,"hog_nbi":14,"pob_tot":674,"pct_nbi":5.95744680851064},"geometry":{"type":"MultiPolygon","coordinates":[[[[-58.55269041819303,-34.59290933699344],[-58.552709015620785,-34.592906581373846],[-58.55569209206087,-34.592452706131596],[-58.55716639304227,-34.592226291554304],[-58.56011107847117,-34.59178080474298],[-58.56021086235048,-34.591765625630416],[-58.56013121764453,-34.59171962496339],[-58.55990398218764,-34.5915883792895],[-58.55967732430867,-34.591459515954625],[-58.55897587014656,-34.59105464382908],[-58.55865207709287,-34.59087055084428],[-58.557605829726505,-34.590236262802236],[-58.55758419190009,-34.590226993586974],[-58.55655944256003,-34.589610976793196],[-58.556659835964595,-34.5901079015141],[-58.555195459113186,-34.59033393139122],[-58.555428455962165,-34.591355204276034],[-58.55556752841625,-34.591963038017944],[-58.55563110784178,-34.592240916206165],[-58.555113909177344,-34.59231886504799],[-58.55488255420732,-34.59235373259423],[-58.55459901647264,-34.59239646494363],[-58.554133998694965,-34.592466545237265],[-58.55265867737853,-34.592692414233504],[-58.55269041819303,-34.59290933699344]]]]}},{"type":"Feature","properties":{"NOMPROV":"BUENOS AIRES","PROV":"06","NOMDEPTO":"GENERAL SAN MARTIN","DEPTO":"371","FRAC":"37","RADIO":"01","TIPO":"U","LINK":"063713701","IDRADIO_9":"063713701","hog_tot":468,"hog_nbi":63,"pob_tot":1561,"pct_nbi":13.461538461538462},"geometry":{"type":"MultiPolygon","coordinates":[[[[-58.59834905048268,-34.549940239850216],[-58.598686958390566,-34.5502420424413],[-58.59891331216444,-34.550444208203956],[-58.59898728663139,-34.550510979450536],[-58.59904683586897,-34.55056473091414],[-58.599096704279,-34.55060974260349],[-58.59944853934694,-34.55092731708539],[-58.599482206697424,-34.550954515887184],[-58.599558675529,-34.55101629126699],[-58.60007552475021,-34.551488115298866],[-58.600525065431306,-34.551890574401234],[-58.60061890148915,-34.55186703503927],[-58.600847808620124,-34.551809611568544],[-58.60097443520574,-34.55177868168698],[-58.601015674505994,-34.551768608458104],[-58.60117050708058,-34.55164517933624],[-58.60153999900235,-34.551374279011945],[-58.60161165880973,-34.5513217397676],[-58.602023804624515,-34.55101956281711],[-58.60214026200816,-34.551131670925855],[-58.603082926028414,-34.55041436130289],[-58.60341036113235,-34.55070932241839],[-58.6034805863397,-34.550772583290815],[-58.603657050901255,-34.55095318796774],[-58.60375693906214,-34.55111318685564],[-58.60395046819153,-34.55104950308191],[-58.60395254615843,-34.55104882198625],[-58.60407299684278,-34.551155376542205],[-58.60468604727052,-34.551697694633305],[-58.60543541312139,-34.5523605871792],[-58.60543675722948,-34.552361776096674],[-58.60766887543496,-34.550681171490936],[-58.60814040718672,-34.55029397707434],[-58.60893225916052,-34.55061553922481],[-58.609275437241386,-34.55074872869039],[-58.6095616262444,-34.550847247396575],[-58.60998668891868,-34.55100178047731],[-58.61027299280554,-34.551093494514284],[-58.610747236216866,-34.55120855657097],[-58.61100193908859,-34.55127189518218],[-58.6114146754395,-34.55135956751125],[-58.61171532030249,-34.551403643370705],[-58.61205966377925,-34.55146083429352],[-58.612119079267856,-34.55146730370319],[-58.61235885313948,-34.551493410568426],[-58.612813725197455,-34.55154332797066],[-58.61333983261459,-34.5511459649172],[-58.6142109116992,-34.55045770879988],[-58.61664910660807,-34.54851859984878],[-58.61708924450809,-34.54818291708274],[-58.61732553364252,-34.54756526035398],[-58.6174160653109,-34.54732675024395],[-58.61659116640826,-34.546885843526624],[-58.61551172293596,-34.54593159439609],[-58.61380230111301,-34.54473170029951],[-58.61327228224149,-34.54410562135241],[-58.61247639691245,-34.542918541659226],[-58.61106596771167,-34.54029201944074],[-58.60978551421041,-34.53800250620821],[-58.60868984705993,-34.536302749077365],[-58.608100173933515,-34.53554361036941],[-58.60637834111624,-34.53424852854202],[-58.604418084329936,-34.535722674899375],[-58.60422190434619,-34.53587236414939],[-58.60390220491473,-34.53599242929231],[-58.603245926324476,-34.5361241083982],[-58.602197014022856,-34.53626675522137],[-58.6016889139951,-34.536477447615546],[-58.60123505507889,-34.53679701383271],[-58.60064858825324,-34.537223313170976],[-58.6004949711867,-34.537468992559646],[-58.60045345970608,-34.53771595587946],[-58.60050200819103,-34.53816499693749],[-58.600421058009836,-34.53853522905998],[-58.60028612222321,-34.53878112133331],[-58.600025090539965,-34.53901908693594],[-58.5997321000897,-34.539286184979474],[-58.59987546053325,-34.53953142649189],[-58.59987764613121,-34.539535165136975],[-58.60086037649889,-34.541216241794835],[-58.60150252397474,-34.54234904933245],[-58.60238977272014,-34.54387117481568],[-58.602445567885304,-34.5439691102373],[-58.603321382401695,-34.545479848309405],[-58.60359374245334,-34.545949642820254],[-58.60315892983753,-34.54627760649117],[-58.60078199951119,-34.548070361895896],[-58.60069764633413,-34.54813398157967],[-58.60064298152815,-34.54817521026593],[-58.6005264273939,-34.548263115451554],[-58.60042432340253,-34.54834243403742],[-58.600408254326865,-34.54835491744201],[-58.60031244576215,-34.54842934434841],[-58.60006373228018,-34.54862255319864],[-58.599983950787866,-34.548678065741],[-58.599658247964975,-34.54890468821041],[-58.59927057819243,-34.54921857269775],[-58.59834905048268,-34.549940239850216]]]]}},{"type":"Feature","properties":{"NOMPROV":"BUENOS AIRES","PROV":"06","NOMDEPTO":"GENERAL SAN MARTIN","DEPTO":"371","FRAC":"37","RADIO":"06","TIPO":"U","LINK":"063713706","IDRADIO_9":"063713706","hog_tot":229,"hog_nbi":48,"pob_tot":760,"pct_nbi":20.96069868995633},"geometry":{"type":"MultiPolygon","coordinates":[[[[-58.599078111110146,-34.54436071482733],[-58.599636589249094,-34.544849203027425],[-58.59996700291063,-34.54510357792962],[-58.60003482296495,-34.54528751078757],[-58.59951822830488,-34.545432738490895],[-58.59904860904362,-34.545539946720986],[-58.59888270041532,-34.54558796788629],[-58.59869288558588,-34.54564844334928],[-58.5986677331598,-34.54566324962005],[-58.59819913749119,-34.545939093357234],[-58.59817932531167,-34.54595523265159],[-58.59803319825989,-34.546074268491445],[-58.598007446438,-34.546095245617],[-58.59718150555653,-34.546685242809],[-58.597791720059384,-34.547231683325236],[-58.598016125358804,-34.54706726588078],[-58.598277760216384,-34.54687556966075],[-58.59835414888269,-34.54681960012884],[-58.598397440753246,-34.54678788006964],[-58.5984384429775,-34.54675783816856],[-58.5986234324372,-34.546643898044266],[-58.598664484339665,-34.54661770631654],[-58.598740177356305,-34.546569413491305],[-58.599089513448675,-34.546346532906206],[-58.59920407985849,-34.546270039017465],[-58.59925720972712,-34.54623456471452],[-58.59967179980894,-34.545957630568],[-58.60028227035755,-34.54554342119271],[-58.60057134348169,-34.54539456845684],[-58.6009544869508,-34.54520134856876],[-58.60114967183692,-34.54510291646234],[-58.60117574372607,-34.54502134788115],[-58.60118817488136,-34.544950208510365],[-58.60117730393038,-34.54483431310955],[-58.6011232979979,-34.544716221718765],[-58.60109163792704,-34.5446598650229],[-58.60099769024467,-34.544606477517775],[-58.60086300545531,-34.54455804654782],[-58.60079140276267,-34.54448743409355],[-58.60031042772236,-34.544606224829955],[-58.60017496764844,-34.54468796229676],[-58.600092532207206,-34.544757130725145],[-58.59970018346203,-34.54440533952203],[-58.599263385781825,-34.54397981742061],[-58.598961150588586,-34.54368538064869],[-58.59854439423845,-34.54387831307388],[-58.5986902838438,-34.54401125274178],[-58.598849165924804,-34.54415122048143],[-58.59887863681751,-34.54417899051027],[-58.599078111110146,-34.54436071482733]]]]}},{"type":"Feature","properties":{"NOMPROV":"BUENOS AIRES","PROV":"06","NOMDEPTO":"GENERAL SAN MARTIN","DEPTO":"371","FRAC":"45","RADIO":"07","TIPO":"U","LINK":"063714507","IDRADIO_9":"063714507","hog_tot":451,"hog_nbi":52,"pob_tot":1536,"pct_nbi":11.529933481152993},"geometry":{"type":"MultiPolygon","coordinates":[[[[-58.595189787459006,-34.54035645603159],[-58.595765608834284,-34.54087646429164],[-58.59444124878975,-34.541875347534784],[-58.59471701724866,-34.54212259773503],[-58.59501539357993,-34.54239011393752],[-58.59520399017752,-34.5426255400341],[-58.596599149167204,-34.54162409773048],[-58.59735332053131,-34.54106133630016],[-58.59936116828919,-34.539563000749],[-58.5997321000897,-34.539286184979474],[-58.5996194671851,-34.5390921700032],[-58.59879914634721,-34.53767909583617],[-58.597871601613235,-34.53837027067173],[-58.59653071042232,-34.53936337073229],[-58.595189787459006,-34.54035645603159]]]]}},{"type":"Feature","properties":{"NOMPROV":"BUENOS AIRES","PROV":"06","NOMDEPTO":"GENERAL SAN MARTIN","DEPTO":"371","FRAC":"37","RADIO":"08","TIPO":"U","LINK":"063713708","IDRADIO_9":"063713708","hog_tot":243,"hog_nbi":44,"pob_tot":770,"pct_nbi":18.106995884773664},"geometry":{"type":"MultiPolygon","coordinates":[[[[-58.59955378301597,-34.54881027912204],[-58.599658247964975,-34.54890468821041],[-58.599983950787866,-34.548678065741],[-58.60006373228018,-34.54862255319864],[-58.59987649130383,-34.54844396234823],[-58.59974302695872,-34.548307210540926],[-58.59970734510987,-34.548188730256776],[-58.59970043311299,-34.54816577822571],[-58.599700617087166,-34.548137176779555],[-58.599700971592505,-34.548082076590795],[-58.59974562597231,-34.54789406794958],[-58.59979080924685,-34.54779802415917],[-58.599830727843845,-34.547741435315814],[-58.59979434904901,-34.54770572377516],[-58.599785340324054,-34.547348849319356],[-58.59980509290361,-34.547270852780535],[-58.59982199564295,-34.54715657470838],[-58.59982706735105,-34.547060285365156],[-58.59980288341653,-34.54696056073195],[-58.599693962320906,-34.54686918689178],[-58.59963828206148,-34.54682247642904],[-58.599521763212884,-34.5467247283454],[-58.59936304716836,-34.54657580120384],[-58.59930296539671,-34.54652544279075],[-58.599089513448675,-34.546346532906206],[-58.598740177356305,-34.546569413491305],[-58.598664484339665,-34.54661770631654],[-58.5986234324372,-34.546643898044266],[-58.5984384429775,-34.54675783816856],[-58.598397440753246,-34.54678788006964],[-58.59835414888269,-34.54681960012884],[-58.598277760216384,-34.54687556966075],[-58.598016125358804,-34.54706726588078],[-58.597791720059384,-34.547231683325236],[-58.59816834939079,-34.54757700322506],[-58.59826953222368,-34.54766849416617],[-58.598360049518625,-34.547747311226246],[-58.598627683885105,-34.54798143030843],[-58.59895794600437,-34.548270332546885],[-58.59912168748835,-34.548419779368025],[-58.5992321104614,-34.54851957336522],[-58.59955378301597,-34.54881027912204]]]]}},{"type":"Feature","properties":{"NOMPROV":"BUENOS AIRES","PROV":"06","NOMDEPTO":"GENERAL SAN MARTIN","DEPTO":"371","FRAC":"46","RADIO":"09","TIPO":"U","LINK":"063714609","IDRADIO_9":"063714609","hog_tot":440,"hog_nbi":15,"pob_tot":1226,"pct_nbi":3.409090909090909},"geometry":{"type":"MultiPolygon","coordinates":[[[[-58.58668447571883,-34.54451770795113],[-58.58596650226866,-34.54510428596517],[-58.585745479436305,-34.54529100977806],[-58.58517106062612,-34.54576206908661],[-58.584928100496356,-34.54595755064333],[-58.58456365655385,-34.54625077108779],[-58.58436486786343,-34.546410709512735],[-58.58394520145799,-34.546748355272186],[-58.58337091521577,-34.54721039466246],[-58.582466650406005,-34.547944841846366],[-58.582916798521836,-34.54907841988452],[-58.58314701717877,-34.54971611822863],[-58.583516441283834,-34.55068371157969],[-58.583735416600774,-34.55117668268617],[-58.58378854126467,-34.55128576036376],[-58.58399710936936,-34.551704532732614],[-58.58433341264033,-34.5515473013499],[-58.584499307635156,-34.551431672646856],[-58.58467681788903,-34.551275486878794],[-58.584767141533185,-34.551104725688155],[-58.58480373483218,-34.55094123198604],[-58.58480852449246,-34.550919833549855],[-58.5848272108922,-34.5507844121401],[-58.584829201101606,-34.55066688278893],[-58.5848255749225,-34.55055832978261],[-58.58481702126793,-34.550418071408],[-58.58483555440992,-34.55029169146561],[-58.585712976618915,-34.549572406708215],[-58.58591245029699,-34.549756470464914],[-58.586595522036006,-34.54921005767261],[-58.58757697712702,-34.54841539811141],[-58.58842147169664,-34.54774841420864],[-58.5891103792942,-34.54722410129637],[-58.589799791338955,-34.546669374028035],[-58.589626715879746,-34.54652522511479],[-58.589775687974836,-34.54640882647185],[-58.59068015106953,-34.5457212983797],[-58.59017594277755,-34.545325147950294],[-58.58944868089576,-34.54470984608412],[-58.5884549176616,-34.545466582330505],[-58.58778582058003,-34.54487094369717],[-58.58690518861853,-34.544349006723195],[-58.58668447571883,-34.54451770795113]]]]}},{"type":"Feature","properties":{"NOMPROV":"BUENOS AIRES","PROV":"06","NOMDEPTO":"GENERAL SAN MARTIN","DEPTO":"371","FRAC":"32","RADIO":"10","TIPO":"U","LINK":"063713210","IDRADIO_9":"063713210","hog_tot":257,"hog_nbi":11,"pob_tot":742,"pct_nbi":4.280155642023346},"geometry":{"type":"MultiPolygon","coordinates":[[[[-58.58046826739719,-34.57681638329965],[-58.580951764468644,-34.57643632723589],[-58.5818027844096,-34.57576178737396],[-58.58210427599161,-34.57552202329475],[-58.58235931739915,-34.57531919689193],[-58.582945635990924,-34.574852909781676],[-58.58194657566029,-34.574008951219234],[-58.580829754834966,-34.57304054259421],[-58.580012058293235,-34.57370703994961],[-58.5791836061267,-34.57436439289427],[-58.578344399443026,-34.57501260212613],[-58.57948315958568,-34.57597227509148],[-58.58046826739719,-34.57681638329965]]]]}},{"type":"Feature","properties":{"NOMPROV":"BUENOS AIRES","PROV":"06","NOMDEPTO":"GENERAL SAN MARTIN","DEPTO":"371","FRAC":"52","RADIO":"08","TIPO":"U","LINK":"063715208","IDRADIO_9":"063715208","hog_tot":245,"hog_nbi":13,"pob_tot":756,"pct_nbi":5.306122448979592},"geometry":{"type":"MultiPolygon","coordinates":[[[[-58.57264241750832,-34.579541869502435],[-58.573756418186875,-34.58054769786656],[-58.574714376860996,-34.581340511220446],[-58.57480324945913,-34.58126964257379],[-58.57539411771765,-34.58080410620601],[-58.575508658235286,-34.580713865707835],[-58.575985702355716,-34.580338029901924],[-58.57632807210495,-34.58006829583016],[-58.575395573375694,-34.57923256005535],[-58.57427891690259,-34.578255080760165],[-58.57345037455994,-34.57891239207324],[-58.57264241750832,-34.579541869502435]]]]}},{"type":"Feature","properties":{"NOMPROV":"BUENOS AIRES","PROV":"06","NOMDEPTO":"GENERAL SAN MARTIN","DEPTO":"371","FRAC":"45","RADIO":"08","TIPO":"U","LINK":"063714508","IDRADIO_9":"063714508","hog_tot":302,"hog_nbi":31,"pob_tot":1012,"pct_nbi":10.264900662251655},"geometry":{"type":"MultiPolygon","coordinates":[[[[-58.592521099442585,-34.54236439014114],[-58.593099809240535,-34.54288732210465],[-58.59338359861302,-34.54314375604711],[-58.59368822556382,-34.54341852764086],[-58.593881289302765,-34.54356585841867],[-58.59520399017752,-34.5426255400341],[-58.59501539357993,-34.54239011393752],[-58.59471701724866,-34.54212259773503],[-58.59444124878975,-34.541875347534784],[-58.595765608834284,-34.54087646429164],[-58.595189787459006,-34.54035645603159],[-58.593861704828825,-34.541355731913086],[-58.593298857196174,-34.54177921837391],[-58.592521099442585,-34.54236439014114]]]]}},{"type":"Feature","properties":{"NOMPROV":"BUENOS AIRES","PROV":"06","NOMDEPTO":"GENERAL SAN MARTIN","DEPTO":"371","FRAC":"45","RADIO":"10","TIPO":"U","LINK":"063714510","IDRADIO_9":"063714510","hog_tot":239,"hog_nbi":21,"pob_tot":781,"pct_nbi":8.786610878661088},"geometry":{"type":"MultiPolygon","coordinates":[[[[-58.59111584843055,-34.54339795492166],[-58.590387205953625,-34.543990382682956],[-58.58944868089576,-34.54470984608412],[-58.59017594277755,-34.545325147950294],[-58.59068015106953,-34.5457212983797],[-58.59082752512507,-34.545829263607104],[-58.59112894481045,-34.54559735498495],[-58.59130284462424,-34.54545742112151],[-58.59172534188466,-34.5451074435523],[-58.59249260367612,-34.54459683180705],[-58.593881289302765,-34.54356585841867],[-58.59368822556382,-34.54341852764086],[-58.59338359861302,-34.54314375604711],[-58.593099809240535,-34.54288732210465],[-58.592521099442585,-34.54236439014114],[-58.59111584843055,-34.54339795492166]]]]}},{"type":"Feature","properties":{"NOMPROV":"BUENOS AIRES","PROV":"06","NOMDEPTO":"GENERAL SAN MARTIN","DEPTO":"371","FRAC":"45","RADIO":"03","TIPO":"U","LINK":"063714503","IDRADIO_9":"063714503","hog_tot":240,"hog_nbi":12,"pob_tot":797,"pct_nbi":5},"geometry":{"type":"MultiPolygon","coordinates":[[[[-58.5902224092327,-34.536095470120074],[-58.589219301259035,-34.53685287326677],[-58.58833844632397,-34.537579001873866],[-58.58922093714263,-34.538391604694574],[-58.59007137779507,-34.53910369708276],[-58.5909922822587,-34.53840225663189],[-58.59188217074373,-34.537691507128955],[-58.59289081161427,-34.53699708012692],[-58.592067424323766,-34.53626318542125],[-58.59108416132664,-34.535387439555016],[-58.590994190106656,-34.53546136248594],[-58.590813397839405,-34.53560990589513],[-58.59067209161265,-34.535726006263744],[-58.59064843230233,-34.53574544489381],[-58.590435421750236,-34.53592045816304],[-58.5902224092327,-34.536095470120074]]]]}},{"type":"Feature","properties":{"NOMPROV":"BUENOS AIRES","PROV":"06","NOMDEPTO":"GENERAL SAN MARTIN","DEPTO":"371","FRAC":"46","RADIO":"01","TIPO":"U","LINK":"063714601","IDRADIO_9":"063714601","hog_tot":273,"hog_nbi":10,"pob_tot":864,"pct_nbi":3.663003663003663},"geometry":{"type":"MultiPolygon","coordinates":[[[[-58.58604433243264,-34.538987646980196],[-58.58632439734181,-34.53965503662342],[-58.58672373107453,-34.540421609339774],[-58.587129554524736,-34.54138615868647],[-58.58729230391809,-34.54142409604371],[-58.587359170111164,-34.54133473533363],[-58.58815470386139,-34.54066792336281],[-58.58847478693146,-34.540419246274894],[-58.58934759998014,-34.539690225758044],[-58.59007137779507,-34.53910369708276],[-58.58922093714263,-34.538391604694574],[-58.58851443431573,-34.53896295461609],[-58.58753637607229,-34.53927137648982],[-58.58714212692406,-34.53843401333582],[-58.58677216368334,-34.537556334850166],[-58.58621257847793,-34.53699497729798],[-58.58538165787279,-34.536086479654934],[-58.58483560896287,-34.536351184535285],[-58.585292789929845,-34.53728176930218],[-58.58559152321209,-34.53795163934925],[-58.585959779222826,-34.53878651422307],[-58.58604433243264,-34.538987646980196]]]]}},{"type":"Feature","properties":{"NOMPROV":"BUENOS AIRES","PROV":"06","NOMDEPTO":"GENERAL SAN MARTIN","DEPTO":"371","FRAC":"15","RADIO":"08","TIPO":"U","LINK":"063711508","IDRADIO_9":"063711508","hog_tot":417,"hog_nbi":62,"pob_tot":1438,"pct_nbi":14.86810551558753},"geometry":{"type":"MultiPolygon","coordinates":[[[[-58.587635861596645,-34.534337058782185],[-58.587098624727055,-34.53476836958833],[-58.58608853991484,-34.53556970278732],[-58.58563729543503,-34.53592768242492],[-58.58538165787279,-34.536086479654934],[-58.58621257847793,-34.53699497729798],[-58.58677216368334,-34.537556334850166],[-58.58714212692406,-34.53843401333582],[-58.58753637607229,-34.53927137648982],[-58.58851443431573,-34.53896295461609],[-58.58922093714263,-34.538391604694574],[-58.58833844632397,-34.537579001873866],[-58.589219301259035,-34.53685287326677],[-58.5902224092327,-34.536095470120074],[-58.590435421750236,-34.53592045816304],[-58.59064843230233,-34.53574544489381],[-58.59067209161265,-34.535726006263744],[-58.590813397839405,-34.53560990589513],[-58.590994190106656,-34.53546136248594],[-58.59108416132664,-34.535387439555016],[-58.59118504244851,-34.535304552275605],[-58.5913852997886,-34.535140013878525],[-58.59157373076371,-34.534985191429755],[-58.59073980208933,-34.534306405852],[-58.59066172913492,-34.534357887859976],[-58.590593574377145,-34.5344028296003],[-58.590198531790435,-34.53403680804103],[-58.59065869155218,-34.533663791023535],[-58.59094572103904,-34.53343111546443],[-58.59096719758444,-34.533413705759436],[-58.59051784196995,-34.533024513788874],[-58.58987958484945,-34.5324822494259],[-58.58912358164409,-34.53311908819142],[-58.58881637607542,-34.53337059620022],[-58.58840925073548,-34.533703905352446],[-58.58836079482619,-34.533743576208856],[-58.58835721425382,-34.53374650748011],[-58.5878450935447,-34.534165768030824],[-58.587635861596645,-34.534337058782185]]]]}},{"type":"Feature","properties":{"NOMPROV":"BUENOS AIRES","PROV":"06","NOMDEPTO":"GENERAL SAN MARTIN","DEPTO":"371","FRAC":"16","RADIO":"06","TIPO":"U","LINK":"063711606","IDRADIO_9":"063711606","hog_tot":318,"hog_nbi":42,"pob_tot":1032,"pct_nbi":13.20754716981132},"geometry":{"type":"MultiPolygon","coordinates":[[[[-58.582348490675,-34.535277746265955],[-58.583019796818334,-34.534979213648754],[-58.58405707496339,-34.53455224430227],[-58.58400101408094,-34.53446088920469],[-58.58360059430688,-34.53382309025757],[-58.583116170860315,-34.53304928893949],[-58.582636718002966,-34.53228341133339],[-58.58230271422635,-34.53255399333047],[-58.581834569943766,-34.53293323940367],[-58.5812136235469,-34.53343633162757],[-58.5818848969286,-34.53452553876911],[-58.582348490675,-34.535277746265955]]]]}},{"type":"Feature","properties":{"NOMPROV":"BUENOS AIRES","PROV":"06","NOMDEPTO":"GENERAL SAN MARTIN","DEPTO":"371","FRAC":"15","RADIO":"07","TIPO":"U","LINK":"063711507","IDRADIO_9":"063711507","hog_tot":458,"hog_nbi":47,"pob_tot":1494,"pct_nbi":10.262008733624455},"geometry":{"type":"MultiPolygon","coordinates":[[[[-58.58436346389692,-34.53547662123588],[-58.58465511891019,-34.53642346405262],[-58.58483560896287,-34.536351184535285],[-58.58538165787279,-34.536086479654934],[-58.58563729543503,-34.53592768242492],[-58.58608853991484,-34.53556970278732],[-58.58574522358548,-34.53489609686121],[-58.586037127553716,-34.53477344030017],[-58.58551718553116,-34.53395082615293],[-58.58504885865662,-34.53320985946555],[-58.58456297501748,-34.532441098857035],[-58.5838485503761,-34.531310713809376],[-58.58322648607831,-34.53180562486811],[-58.582636718002966,-34.53228341133339],[-58.583116170860315,-34.53304928893949],[-58.58360059430688,-34.53382309025757],[-58.58400101408094,-34.53446088920469],[-58.58405707496339,-34.53455224430227],[-58.584086911012406,-34.534599901420194],[-58.58436346389692,-34.53547662123588]]]]}},{"type":"Feature","properties":{"NOMPROV":"BUENOS AIRES","PROV":"06","NOMDEPTO":"GENERAL SAN MARTIN","DEPTO":"371","FRAC":"37","RADIO":"02","TIPO":"U","LINK":"063713702","IDRADIO_9":"063713702","hog_tot":61,"hog_nbi":11,"pob_tot":216,"pct_nbi":18.0327868852459},"geometry":{"type":"MultiPolygon","coordinates":[[[[-58.59821263696107,-34.54355981285811],[-58.59848715367681,-34.54383230166528],[-58.59854439423845,-34.54387831307388],[-58.598961150588586,-34.54368538064869],[-58.599263385781825,-34.54397981742061],[-58.59970018346203,-34.54440533952203],[-58.600092532207206,-34.544757130725145],[-58.60017496764844,-34.54468796229676],[-58.60031042772236,-34.544606224829955],[-58.60079140276267,-34.54448743409355],[-58.60076474765959,-34.5444079536448],[-58.600761573249564,-34.54432206236391],[-58.60074027747128,-34.544216886229776],[-58.60071433859303,-34.54411356323995],[-58.60068824010999,-34.54401977834888],[-58.60068698821093,-34.543956804398825],[-58.600706834816016,-34.543873086030885],[-58.600735806967776,-34.54379519494516],[-58.600743920089435,-34.54376812381192],[-58.60075290195623,-34.54373815486524],[-58.60074438304812,-34.543696083860944],[-58.60072393091818,-34.543678672348804],[-58.60072330863913,-34.54367803877552],[-58.6007035271935,-34.54365745857387],[-58.60069488168009,-34.543623017882695],[-58.600698207975455,-34.54356200366672],[-58.60072702036006,-34.54349365068216],[-58.600778863734384,-34.543427445470655],[-58.60077961560414,-34.5434256081136],[-58.60080529634324,-34.543362904961185],[-58.60080644572985,-34.54329423492359],[-58.60081441503481,-34.543231366644285],[-58.6008503036303,-34.54315355478335],[-58.600888367866126,-34.54308339961074],[-58.600896183775106,-34.54301133755177],[-58.60092771008421,-34.54293694498706],[-58.60099107890823,-34.54286278839822],[-58.60103586812972,-34.542804156534466],[-58.60105489373235,-34.54278560202369],[-58.60150252397474,-34.54234904933245],[-58.60086037649889,-34.541216241794835],[-58.59987764613121,-34.539535165136975],[-58.59987546053325,-34.53953142649189],[-58.5997321000897,-34.539286184979474],[-58.59936116828919,-34.539563000749],[-58.59735332053131,-34.54106133630016],[-58.597439817949194,-34.541225485018735],[-58.59690242527689,-34.541609347176035],[-58.5967286901063,-34.541730779208685],[-58.59648832136247,-34.54191279838667],[-58.59669939817169,-34.54214655355361],[-58.59701646874078,-34.54246048051662],[-58.597084381438926,-34.54252771953715],[-58.597274053706954,-34.5427155083916],[-58.597461086866154,-34.54289794414389],[-58.597943961218334,-34.543327037481475],[-58.598003777260196,-34.54336922091981],[-58.598162444331074,-34.54351401021372],[-58.59821263696107,-34.54355981285811]]]]}},{"type":"Feature","properties":{"NOMPROV":"BUENOS AIRES","PROV":"06","NOMDEPTO":"GENERAL SAN MARTIN","DEPTO":"371","FRAC":"36","RADIO":"01","TIPO":"U","LINK":"063713601","IDRADIO_9":"063713601","hog_tot":125,"hog_nbi":7,"pob_tot":453,"pct_nbi":5.6},"geometry":{"type":"MultiPolygon","coordinates":[[[[-58.59417755016289,-34.5461790359338],[-58.59475033293572,-34.546725297421546],[-58.59608104329536,-34.54572599790497],[-58.59546149062167,-34.545158531062405],[-58.594839799141,-34.54458679384533],[-58.594492738409784,-34.54427868674685],[-58.59421164729611,-34.54402914209891],[-58.593946562990965,-34.54380381665155],[-58.59407167784065,-34.54371056669877],[-58.593881289302765,-34.54356585841867],[-58.59249260367612,-34.54459683180705],[-58.592659759472554,-34.5447633900224],[-58.59293503497647,-34.54502449501426],[-58.59354704027517,-34.545602878617366],[-58.59417755016289,-34.5461790359338]]]]}},{"type":"Feature","properties":{"NOMPROV":"BUENOS AIRES","PROV":"06","NOMDEPTO":"GENERAL SAN MARTIN","DEPTO":"371","FRAC":"37","RADIO":"15","TIPO":"U","LINK":"063713715","IDRADIO_9":"063713715","hog_tot":232,"hog_nbi":16,"pob_tot":779,"pct_nbi":6.896551724137932},"geometry":{"type":"MultiPolygon","coordinates":[[[[-58.60766887543496,-34.550681171490936],[-58.60543675722948,-34.552361776096674],[-58.60490665913163,-34.55275391659045],[-58.60498936562946,-34.552832303352645],[-58.60590936272599,-34.55210934902881],[-58.60688185056752,-34.55295028689234],[-58.60778870847667,-34.55387511933031],[-58.6086716503079,-34.554683467310994],[-58.60957175149942,-34.55397976216662],[-58.6105188924974,-34.55326554665188],[-58.611445072122535,-34.55254411399838],[-58.612269289208825,-34.5519426372574],[-58.61242100225884,-34.55183192227771],[-58.612813725197455,-34.55154332797066],[-58.61235885313948,-34.551493410568426],[-58.612119079267856,-34.55146730370319],[-58.61205966377925,-34.55146083429352],[-58.61171532030249,-34.551403643370705],[-58.6114146754395,-34.55135956751125],[-58.61100193908859,-34.55127189518218],[-58.610747236216866,-34.55120855657097],[-58.61027299280554,-34.551093494514284],[-58.60998668891868,-34.55100178047731],[-58.6095616262444,-34.550847247396575],[-58.609275437241386,-34.55074872869039],[-58.60893225916052,-34.55061553922481],[-58.60814040718672,-34.55029397707434],[-58.60766887543496,-34.550681171490936]]]]}},{"type":"Feature","properties":{"NOMPROV":"BUENOS AIRES","PROV":"06","NOMDEPTO":"GENERAL SAN MARTIN","DEPTO":"371","FRAC":"54","RADIO":"12","TIPO":"U","LINK":"063715412","IDRADIO_9":"063715412","hog_tot":340,"hog_nbi":34,"pob_tot":1036,"pct_nbi":10},"geometry":{"type":"MultiPolygon","coordinates":[[[[-58.601797450877584,-34.55511301439733],[-58.601292989180536,-34.55548483360289],[-58.60111072714164,-34.55561917023046],[-58.60062958396391,-34.55597379460634],[-58.60071324617231,-34.55605672627387],[-58.60027659945633,-34.5564109425622],[-58.60063950008761,-34.556552951638416],[-58.601703999582384,-34.55689386712428],[-58.60204783841557,-34.556646518087],[-58.60278827809255,-34.55610915147689],[-58.60358093861545,-34.5554996420015],[-58.60444918056761,-34.55637654940999],[-58.60538344770081,-34.557189430260216],[-58.60679589568302,-34.55611492333481],[-58.6068423904488,-34.55607750339051],[-58.60595049700424,-34.555238267946685],[-58.60506142214773,-34.554358969711906],[-58.604080340222964,-34.553499646131954],[-58.60399631903249,-34.55342054067386],[-58.60326187161746,-34.553981639823235],[-58.60297300372746,-34.55420393942417],[-58.602833388780354,-34.55431138186496],[-58.60252459990023,-34.55454901331873],[-58.60252163534396,-34.554551303970335],[-58.60247267510592,-34.55458899148381],[-58.601797450877584,-34.55511301439733]]]]}},{"type":"Feature","properties":{"NOMPROV":"BUENOS AIRES","PROV":"06","NOMDEPTO":"GENERAL SAN MARTIN","DEPTO":"371","FRAC":"54","RADIO":"08","TIPO":"U","LINK":"063715408","IDRADIO_9":"063715408","hog_tot":315,"hog_nbi":53,"pob_tot":1134,"pct_nbi":16.825396825396826},"geometry":{"type":"MultiPolygon","coordinates":[[[[-58.60144361728004,-34.55480230458615],[-58.601797450877584,-34.55511301439733],[-58.60247267510592,-34.55458899148381],[-58.60252163534396,-34.554551303970335],[-58.60252459990023,-34.55454901331873],[-58.602833388780354,-34.55431138186496],[-58.60297300372746,-34.55420393942417],[-58.60326187161746,-34.553981639823235],[-58.60285292142754,-34.55361985915512],[-58.60277711900271,-34.55355279978273],[-58.60271091317101,-34.553494229189965],[-58.60263495207468,-34.5534270300076],[-58.60235501674074,-34.553179379192485],[-58.60216024089553,-34.553003378023966],[-58.60207769134628,-34.55292878497101],[-58.60200338410898,-34.55286163949434],[-58.6017836644431,-34.552663095861774],[-58.60177926327281,-34.55265911915691],[-58.601526959480445,-34.552431129606006],[-58.601160538004095,-34.55209580486005],[-58.601049630049644,-34.55199430796457],[-58.600847808620124,-34.551809611568544],[-58.60061890148915,-34.55186703503927],[-58.600525065431306,-34.551890574401234],[-58.60050913574547,-34.551896059492506],[-58.59970790656945,-34.55217194156639],[-58.59993422782018,-34.55231817343724],[-58.59994354312574,-34.55232605804841],[-58.60001614815299,-34.552387515725755],[-58.60022636187655,-34.55256545221145],[-58.60031363107559,-34.552639321841006],[-58.60038074647405,-34.55269613117912],[-58.600463088617076,-34.552765830438226],[-58.600540311293344,-34.55283119583577],[-58.6007520869678,-34.55301045269479],[-58.60049273939957,-34.5532167513617],[-58.600461494562765,-34.553241604900364],[-58.600342430988995,-34.55333631413573],[-58.600326517355384,-34.553351295136146],[-58.60030336233507,-34.553378240589254],[-58.6000685401689,-34.55360787162091],[-58.600609661133234,-34.55407577779434],[-58.60088998901658,-34.554317932489],[-58.60098959036713,-34.55440361100195],[-58.60144361728004,-34.55480230458615]]]]}},{"type":"Feature","properties":{"NOMPROV":"BUENOS AIRES","PROV":"06","NOMDEPTO":"GENERAL SAN MARTIN","DEPTO":"371","FRAC":"16","RADIO":"03","TIPO":"U","LINK":"063711603","IDRADIO_9":"063711603","hog_tot":347,"hog_nbi":50,"pob_tot":1174,"pct_nbi":14.409221902017292},"geometry":{"type":"MultiPolygon","coordinates":[[[[-58.5813695863358,-34.5321859513782],[-58.581834569943766,-34.53293323940367],[-58.58230271422635,-34.53255399333047],[-58.582636718002966,-34.53228341133339],[-58.58322648607831,-34.53180562486811],[-58.5825807980286,-34.53079650051069],[-58.58313406354643,-34.53045711975162],[-58.58328631469352,-34.5302720788678],[-58.58306948211042,-34.53002598565902],[-58.58290244189869,-34.52982695003424],[-58.58284316500531,-34.5297681040602],[-58.584069559746304,-34.52881647125641],[-58.58402593100898,-34.52865475546846],[-58.58274801997706,-34.52967039271945],[-58.58250172451321,-34.52986333590388],[-58.582250900292465,-34.530065474780955],[-58.58151780571918,-34.53064138885431],[-58.58076491837369,-34.5312464136587],[-58.580849358839615,-34.53136953564452],[-58.58108742242903,-34.53174752567549],[-58.5813695863358,-34.5321859513782]]]]}},{"type":"Feature","properties":{"NOMPROV":"BUENOS AIRES","PROV":"06","NOMDEPTO":"GENERAL SAN MARTIN","DEPTO":"371","FRAC":"36","RADIO":"07","TIPO":"U","LINK":"063713607","IDRADIO_9":"063713607","hog_tot":117,"hog_nbi":8,"pob_tot":401,"pct_nbi":6.837606837606838},"geometry":{"type":"MultiPolygon","coordinates":[[[[-58.589830079693996,-34.55227787886678],[-58.59046245230401,-34.552782864433134],[-58.59108678499039,-34.55333462698225],[-58.59154932546499,-34.553716975619146],[-58.59171564664041,-34.55385363755283],[-58.59240387919001,-34.55330018636654],[-58.59287927207908,-34.55370932490254],[-58.593224262195314,-34.55400623143777],[-58.59361868041954,-34.553695457038295],[-58.59368607297975,-34.55364235601932],[-58.593803523954456,-34.553549812477755],[-58.59393108417029,-34.55344343683544],[-58.59434218720271,-34.55309515492567],[-58.59443474870112,-34.553016737673865],[-58.59364437935247,-34.5522959217104],[-58.59319312446092,-34.552661245578314],[-58.59307863782307,-34.55256106226189],[-58.593034570448076,-34.552574096289014],[-58.59300731371636,-34.55256662720781],[-58.59255918980713,-34.55217303010907],[-58.59196508224599,-34.55165120507815],[-58.59133864064257,-34.5511009702544],[-58.5905461191575,-34.55172269423262],[-58.589830079693996,-34.55227787886678]]]]}},{"type":"Feature","properties":{"NOMPROV":"BUENOS AIRES","PROV":"06","NOMDEPTO":"GENERAL SAN MARTIN","DEPTO":"371","FRAC":"36","RADIO":"09","TIPO":"U","LINK":"063713609","IDRADIO_9":"063713609","hog_tot":133,"hog_nbi":11,"pob_tot":419,"pct_nbi":8.270676691729324},"geometry":{"type":"MultiPolygon","coordinates":[[[[-58.586595522036006,-34.54921005767261],[-58.58591245029699,-34.549756470464914],[-58.585712976618915,-34.549572406708215],[-58.58483555440992,-34.55029169146561],[-58.58481702126793,-34.550418071408],[-58.5848255749225,-34.55055832978261],[-58.584829201101606,-34.55066688278893],[-58.5848272108922,-34.5507844121401],[-58.58480852449246,-34.550919833549855],[-58.58480373483218,-34.55094123198604],[-58.584767141533185,-34.551104725688155],[-58.58467681788903,-34.551275486878794],[-58.584499307635156,-34.551431672646856],[-58.58433341264033,-34.5515473013499],[-58.58399710936936,-34.551704532732614],[-58.58411669571591,-34.55188435754387],[-58.58434572454711,-34.55234360203383],[-58.584658060930806,-34.552254854124214],[-58.5848884699243,-34.55215837666019],[-58.58503143870215,-34.55207891319349],[-58.58519680138894,-34.55196365414742],[-58.58531844337565,-34.55185690172926],[-58.58542919205152,-34.55175002295697],[-58.58553985411949,-34.55160241732456],[-58.585608190838705,-34.551472679025046],[-58.58565389358174,-34.55134701936082],[-58.58571125055795,-34.55117642803056],[-58.585746366159135,-34.551032618641315],[-58.585748348719896,-34.55091546593922],[-58.58574987375884,-34.55082534847449],[-58.58572992022728,-34.55071695605572],[-58.585731597779194,-34.55061782684199],[-58.585754906324134,-34.550527961732165],[-58.585789259053634,-34.55042921104352],[-58.5858667211424,-34.55035800026351],[-58.58623163533454,-34.55003774118576],[-58.586854222055486,-34.55059230167654],[-58.588188857554556,-34.549609717551476],[-58.58880809059936,-34.550142908873696],[-58.59006143227771,-34.549196228462186],[-58.591447289899996,-34.548146584308185],[-58.59081338060524,-34.547579080033294],[-58.590225956892475,-34.54702835620978],[-58.589799791338955,-34.546669374028035],[-58.5891103792942,-34.54722410129637],[-58.58842147169664,-34.54774841420864],[-58.58757697712702,-34.54841539811141],[-58.586595522036006,-34.54921005767261]]]]}},{"type":"Feature","properties":{"NOMPROV":"BUENOS AIRES","PROV":"06","NOMDEPTO":"GENERAL SAN MARTIN","DEPTO":"371","FRAC":"53","RADIO":"02","TIPO":"U","LINK":"063715302","IDRADIO_9":"063715302","hog_tot":264,"hog_nbi":27,"pob_tot":777,"pct_nbi":10.227272727272728},"geometry":{"type":"MultiPolygon","coordinates":[[[[-58.586304270776864,-34.55753048020189],[-58.58686793389179,-34.55898990177187],[-58.58737365121654,-34.55852364513926],[-58.58810201734814,-34.55797323565637],[-58.589271861582404,-34.55708541216199],[-58.59012184560172,-34.55642823439745],[-58.589225071332194,-34.555666047516546],[-58.5885542207395,-34.555067108118756],[-58.58837163883674,-34.55491176718678],[-58.58746993856712,-34.55411716208843],[-58.58693926790115,-34.554516644587224],[-58.585857562873095,-34.55540545017865],[-58.58558398616655,-34.55559118835159],[-58.58589807900949,-34.5564225763612],[-58.58598182902466,-34.55665100955991],[-58.586304270776864,-34.55753048020189]]]]}},{"type":"Feature","properties":{"NOMPROV":"BUENOS AIRES","PROV":"06","NOMDEPTO":"GENERAL SAN MARTIN","DEPTO":"371","FRAC":"53","RADIO":"05","TIPO":"U","LINK":"063715305","IDRADIO_9":"063715305","hog_tot":327,"hog_nbi":24,"pob_tot":966,"pct_nbi":7.339449541284404},"geometry":{"type":"MultiPolygon","coordinates":[[[[-58.592255985542515,-34.559490094883714],[-58.59221915578746,-34.56020324986316],[-58.593513032989584,-34.560215454364574],[-58.594744813565136,-34.560218800082914],[-58.59596349250441,-34.56022198266259],[-58.597564029381864,-34.55895662412282],[-58.596973546995976,-34.55843606886304],[-58.59619971304902,-34.55780524012291],[-58.59546946036251,-34.55717490802356],[-58.5947626306823,-34.55774363724071],[-58.59313202981041,-34.55817552868192],[-58.59186284971147,-34.55849439410412],[-58.592255985542515,-34.559490094883714]]]]}},{"type":"Feature","properties":{"NOMPROV":"BUENOS AIRES","PROV":"06","NOMDEPTO":"GENERAL SAN MARTIN","DEPTO":"371","FRAC":"37","RADIO":"05","TIPO":"U","LINK":"063713705","IDRADIO_9":"063713705","hog_tot":427,"hog_nbi":49,"pob_tot":1403,"pct_nbi":11.475409836065573},"geometry":{"type":"MultiPolygon","coordinates":[[[[-58.596649187701196,-34.5461870563491],[-58.59718150555653,-34.546685242809],[-58.598007446438,-34.546095245617],[-58.59803319825989,-34.546074268491445],[-58.59817932531167,-34.54595523265159],[-58.59819913749119,-34.545939093357234],[-58.5986677331598,-34.54566324962005],[-58.59869288558588,-34.54564844334928],[-58.59888270041532,-34.54558796788629],[-58.59904860904362,-34.545539946720986],[-58.59951822830488,-34.545432738490895],[-58.60003482296495,-34.54528751078757],[-58.59996700291063,-34.54510357792962],[-58.599636589249094,-34.544849203027425],[-58.599078111110146,-34.54436071482733],[-58.59887863681751,-34.54417899051027],[-58.598849165924804,-34.54415122048143],[-58.5986902838438,-34.54401125274178],[-58.59854439423845,-34.54387831307388],[-58.59848715367681,-34.54383230166528],[-58.59821263696107,-34.54355981285811],[-58.598162444331074,-34.54351401021372],[-58.598003777260196,-34.54336922091981],[-58.597943961218334,-34.543327037481475],[-58.597569532053235,-34.54355466263943],[-58.59670694487496,-34.54421504382111],[-58.59724653839905,-34.54468622974075],[-58.59683733405768,-34.54500596427569],[-58.59689475919921,-34.5450632301679],[-58.596081419869314,-34.54572634204561],[-58.596649187701196,-34.5461870563491]]]]}},{"type":"Feature","properties":{"NOMPROV":"BUENOS AIRES","PROV":"06","NOMDEPTO":"GENERAL SAN MARTIN","DEPTO":"371","FRAC":"37","RADIO":"04","TIPO":"U","LINK":"063713704","IDRADIO_9":"063713704","hog_tot":247,"hog_nbi":29,"pob_tot":766,"pct_nbi":11.740890688259109},"geometry":{"type":"MultiPolygon","coordinates":[[[[-58.59608104329536,-34.54572599790497],[-58.596081419869314,-34.54572634204561],[-58.59689475919921,-34.5450632301679],[-58.59683733405768,-34.54500596427569],[-58.59724653839905,-34.54468622974075],[-58.59670694487496,-34.54421504382111],[-58.597569532053235,-34.54355466263943],[-58.597943961218334,-34.543327037481475],[-58.597461086866154,-34.54289794414389],[-58.597274053706954,-34.5427155083916],[-58.59606444745901,-34.543648402400486],[-58.594839799141,-34.54458679384533],[-58.59546149062167,-34.545158531062405],[-58.59608104329536,-34.54572599790497]]]]}},{"type":"Feature","properties":{"NOMPROV":"BUENOS AIRES","PROV":"06","NOMDEPTO":"GENERAL SAN MARTIN","DEPTO":"371","FRAC":"36","RADIO":"05","TIPO":"U","LINK":"063713605","IDRADIO_9":"063713605","hog_tot":138,"hog_nbi":18,"pob_tot":428,"pct_nbi":13.043478260869565},"geometry":{"type":"MultiPolygon","coordinates":[[[[-58.59396905239572,-34.54821696362406],[-58.59456404029576,-34.548766957331914],[-58.59590166104697,-34.54773666864024],[-58.59718150555653,-34.546685242809],[-58.596649187701196,-34.5461870563491],[-58.596081419869314,-34.54572634204561],[-58.59608104329536,-34.54572599790497],[-58.59475033293572,-34.546725297421546],[-58.59341522144846,-34.54772723521162],[-58.59396905239572,-34.54821696362406]]]]}},{"type":"Feature","properties":{"NOMPROV":"BUENOS AIRES","PROV":"06","NOMDEPTO":"GENERAL SAN MARTIN","DEPTO":"371","FRAC":"37","RADIO":"14","TIPO":"U","LINK":"063713714","IDRADIO_9":"063713714","hog_tot":252,"hog_nbi":14,"pob_tot":813,"pct_nbi":5.555555555555556},"geometry":{"type":"MultiPolygon","coordinates":[[[[-58.60590936272599,-34.55210934902881],[-58.60498936562946,-34.552832303352645],[-58.60490665913163,-34.55275391659045],[-58.60437191564446,-34.55314550133369],[-58.60430591057552,-34.553193835323725],[-58.60429549574408,-34.553201461580265],[-58.60421414127945,-34.55326103566761],[-58.60399631903249,-34.55342054067386],[-58.604080340222964,-34.553499646131954],[-58.60506142214773,-34.554358969711906],[-58.60595049700424,-34.555238267946685],[-58.6068423904488,-34.55607750339051],[-58.60690632398162,-34.55602604917107],[-58.60774481851074,-34.55539565518599],[-58.60785132846523,-34.55531382999758],[-58.6086716503079,-34.554683467310994],[-58.60778870847667,-34.55387511933031],[-58.60688185056752,-34.55295028689234],[-58.60590936272599,-34.55210934902881]]]]}},{"type":"Feature","properties":{"NOMPROV":"BUENOS AIRES","PROV":"06","NOMDEPTO":"GENERAL SAN MARTIN","DEPTO":"371","FRAC":"37","RADIO":"07","TIPO":"U","LINK":"063713707","IDRADIO_9":"063713707","hog_tot":274,"hog_nbi":58,"pob_tot":884,"pct_nbi":21.16788321167883},"geometry":{"type":"MultiPolygon","coordinates":[[[[-58.60079140276267,-34.54448743409355],[-58.60086300545531,-34.54455804654782],[-58.60099769024467,-34.544606477517775],[-58.60109163792704,-34.5446598650229],[-58.6011232979979,-34.544716221718765],[-58.60117730393038,-34.54483431310955],[-58.60118817488136,-34.544950208510365],[-58.60117574372607,-34.54502134788115],[-58.60114967183692,-34.54510291646234],[-58.6009544869508,-34.54520134856876],[-58.60057134348169,-34.54539456845684],[-58.60028227035755,-34.54554342119271],[-58.59967179980894,-34.545957630568],[-58.59925720972712,-34.54623456471452],[-58.59920407985849,-34.546270039017465],[-58.599089513448675,-34.546346532906206],[-58.59930296539671,-34.54652544279075],[-58.59936304716836,-34.54657580120384],[-58.599521763212884,-34.5467247283454],[-58.59963828206148,-34.54682247642904],[-58.599693962320906,-34.54686918689178],[-58.59980288341653,-34.54696056073195],[-58.59982706735105,-34.547060285365156],[-58.59982199564295,-34.54715657470838],[-58.59980509290361,-34.547270852780535],[-58.599785340324054,-34.547348849319356],[-58.59979434904901,-34.54770572377516],[-58.599830727843845,-34.547741435315814],[-58.59979080924685,-34.54779802415917],[-58.59974562597231,-34.54789406794958],[-58.599700971592505,-34.548082076590795],[-58.599700617087166,-34.548137176779555],[-58.59970043311299,-34.54816577822571],[-58.59970734510987,-34.548188730256776],[-58.59974302695872,-34.548307210540926],[-58.59987649130383,-34.54844396234823],[-58.60006373228018,-34.54862255319864],[-58.60031244576215,-34.54842934434841],[-58.600408254326865,-34.54835491744201],[-58.60042432340253,-34.54834243403742],[-58.6005264273939,-34.548263115451554],[-58.60064298152815,-34.54817521026593],[-58.60069764633413,-34.54813398157967],[-58.60078199951119,-34.548070361895896],[-58.60315892983753,-34.54627760649117],[-58.60359374245334,-34.545949642820254],[-58.603321382401695,-34.545479848309405],[-58.602445567885304,-34.5439691102373],[-58.60238977272014,-34.54387117481568],[-58.60150252397474,-34.54234904933245],[-58.60105489373235,-34.54278560202369],[-58.60103586812972,-34.542804156534466],[-58.60099107890823,-34.54286278839822],[-58.60092771008421,-34.54293694498706],[-58.600896183775106,-34.54301133755177],[-58.600888367866126,-34.54308339961074],[-58.6008503036303,-34.54315355478335],[-58.60081441503481,-34.543231366644285],[-58.60080644572985,-34.54329423492359],[-58.60080529634324,-34.543362904961185],[-58.60077961560414,-34.5434256081136],[-58.600778863734384,-34.543427445470655],[-58.60072702036006,-34.54349365068216],[-58.600698207975455,-34.54356200366672],[-58.60069488168009,-34.543623017882695],[-58.6007035271935,-34.54365745857387],[-58.60072330863913,-34.54367803877552],[-58.60072393091818,-34.543678672348804],[-58.60074438304812,-34.543696083860944],[-58.60075290195623,-34.54373815486524],[-58.600743920089435,-34.54376812381192],[-58.600735806967776,-34.54379519494516],[-58.600706834816016,-34.543873086030885],[-58.60068698821093,-34.543956804398825],[-58.60068824010999,-34.54401977834888],[-58.60071433859303,-34.54411356323995],[-58.60074027747128,-34.544216886229776],[-58.600761573249564,-34.54432206236391],[-58.60076474765959,-34.5444079536448],[-58.60079140276267,-34.54448743409355]]]]}},{"type":"Feature","properties":{"NOMPROV":"BUENOS AIRES","PROV":"06","NOMDEPTO":"GENERAL SAN MARTIN","DEPTO":"371","FRAC":"37","RADIO":"11","TIPO":"U","LINK":"063713711","IDRADIO_9":"063713711","hog_tot":211,"hog_nbi":28,"pob_tot":672,"pct_nbi":13.270142180094785},"geometry":{"type":"MultiPolygon","coordinates":[[[[-58.594953228845135,-34.55130630781084],[-58.59574118762162,-34.55199736199485],[-58.59594513216828,-34.551839185044116],[-58.5960298767646,-34.55177345780403],[-58.5961197858355,-34.551703725695205],[-58.596261412622624,-34.55159388043052],[-58.5964122787856,-34.5514768691118],[-58.596558004241594,-34.55136384377084],[-58.59671515448349,-34.551241956781006],[-58.59704241843791,-34.55098812783621],[-58.59628867112005,-34.55031368614598],[-58.595713569779846,-34.54979304404845],[-58.5951065177224,-34.549284776736904],[-58.593767781150504,-34.5502809477051],[-58.594350742620605,-34.550787182058585],[-58.594953228845135,-34.55130630781084]]]]}},{"type":"Feature","properties":{"NOMPROV":"BUENOS AIRES","PROV":"06","NOMDEPTO":"GENERAL SAN MARTIN","DEPTO":"371","FRAC":"36","RADIO":"02","TIPO":"U","LINK":"063713602","IDRADIO_9":"063713602","hog_tot":74,"hog_nbi":10,"pob_tot":310,"pct_nbi":13.513513513513514},"geometry":{"type":"MultiPolygon","coordinates":[[[[-58.59215679139194,-34.54657056250645],[-58.592762689711286,-34.54716060074997],[-58.59417755016289,-34.5461790359338],[-58.59354704027517,-34.545602878617366],[-58.59293503497647,-34.54502449501426],[-58.592659759472554,-34.5447633900224],[-58.59249260367612,-34.54459683180705],[-58.59172534188466,-34.5451074435523],[-58.59130284462424,-34.54545742112151],[-58.59112894481045,-34.54559735498495],[-58.591326931165405,-34.54579887370615],[-58.59156157811516,-34.54604536351307],[-58.59215679139194,-34.54657056250645]]]]}},{"type":"Feature","properties":{"NOMPROV":"BUENOS AIRES","PROV":"06","NOMDEPTO":"GENERAL SAN MARTIN","DEPTO":"371","FRAC":"36","RADIO":"03","TIPO":"U","LINK":"063713603","IDRADIO_9":"063713603","hog_tot":75,"hog_nbi":5,"pob_tot":259,"pct_nbi":6.666666666666668},"geometry":{"type":"MultiPolygon","coordinates":[[[[-58.59068015106953,-34.5457212983797],[-58.589775687974836,-34.54640882647185],[-58.589626715879746,-34.54652522511479],[-58.589799791338955,-34.546669374028035],[-58.590225956892475,-34.54702835620978],[-58.59081338060524,-34.547579080033294],[-58.591447289899996,-34.548146584308185],[-58.592762689711286,-34.54716060074997],[-58.59215679139194,-34.54657056250645],[-58.59156157811516,-34.54604536351307],[-58.591326931165405,-34.54579887370615],[-58.59112894481045,-34.54559735498495],[-58.59082752512507,-34.545829263607104],[-58.59068015106953,-34.5457212983797]]]]}},{"type":"Feature","properties":{"NOMPROV":"BUENOS AIRES","PROV":"06","NOMDEPTO":"GENERAL SAN MARTIN","DEPTO":"371","FRAC":"36","RADIO":"04","TIPO":"U","LINK":"063713604","IDRADIO_9":"063713604","hog_tot":133,"hog_nbi":8,"pob_tot":466,"pct_nbi":6.015037593984962},"geometry":{"type":"MultiPolygon","coordinates":[[[[-58.59261753956034,-34.54921817944188],[-58.5931565845833,-34.54972377790186],[-58.59456404029576,-34.548766957331914],[-58.59396905239572,-34.54821696362406],[-58.59341522144846,-34.54772723521162],[-58.59475033293572,-34.546725297421546],[-58.59417755016289,-34.5461790359338],[-58.592762689711286,-34.54716060074997],[-58.591447289899996,-34.548146584308185],[-58.592112237419805,-34.54870502416591],[-58.59261753956034,-34.54921817944188]]]]}},{"type":"Feature","properties":{"NOMPROV":"BUENOS AIRES","PROV":"06","NOMDEPTO":"GENERAL SAN MARTIN","DEPTO":"371","FRAC":"01","RADIO":"09","TIPO":"U","LINK":"063710109","IDRADIO_9":"063710109","hog_tot":237,"hog_nbi":24,"pob_tot":802,"pct_nbi":10.126582278481013},"geometry":{"type":"MultiPolygon","coordinates":[[[[-58.5835298239811,-34.511959695400904],[-58.58430102531541,-34.51248799013451],[-58.58498183256261,-34.51194392374307],[-58.58532447554065,-34.511630718041005],[-58.58574952264041,-34.51129641470332],[-58.585011754675065,-34.51072777864858],[-58.58466523201582,-34.510455958969786],[-58.58425432345593,-34.51013363085125],[-58.583540796974255,-34.50953213948035],[-58.58279884858459,-34.510134052619414],[-58.58208293376745,-34.5107291092077],[-58.58272413339029,-34.5113256902186],[-58.58352914377416,-34.51195916021899],[-58.5835298239811,-34.511959695400904]]]]}},{"type":"Feature","properties":{"NOMPROV":"BUENOS AIRES","PROV":"06","NOMDEPTO":"GENERAL SAN MARTIN","DEPTO":"371","FRAC":"54","RADIO":"13","TIPO":"U","LINK":"063715413","IDRADIO_9":"063715413","hog_tot":427,"hog_nbi":30,"pob_tot":1245,"pct_nbi":7.02576112412178},"geometry":{"type":"MultiPolygon","coordinates":[[[[-58.60107850242402,-34.559039265321445],[-58.60199583482367,-34.55977416841934],[-58.60221623848154,-34.55960487762928],[-58.60318732846563,-34.55886787311174],[-58.60381106049723,-34.55838741771224],[-58.60538344770081,-34.557189430260216],[-58.60444918056761,-34.55637654940999],[-58.60358093861545,-34.5554996420015],[-58.60278827809255,-34.55610915147689],[-58.60204783841557,-34.556646518087],[-58.601703999582384,-34.55689386712428],[-58.60090774645964,-34.55737251757378],[-58.60000297598837,-34.558072992907874],[-58.60052551970431,-34.55856142834901],[-58.60107850242402,-34.559039265321445]]]]}},{"type":"Feature","properties":{"NOMPROV":"BUENOS AIRES","PROV":"06","NOMDEPTO":"GENERAL SAN MARTIN","DEPTO":"371","FRAC":"54","RADIO":"14","TIPO":"U","LINK":"063715414","IDRADIO_9":"063715414","hog_tot":237,"hog_nbi":10,"pob_tot":683,"pct_nbi":4.219409282700422},"geometry":{"type":"MultiPolygon","coordinates":[[[[-58.60018225754011,-34.5612020404417],[-58.60054920656163,-34.560910761508474],[-58.60134392481173,-34.56029793837326],[-58.60148779689599,-34.56016438491617],[-58.60199583482367,-34.55977416841934],[-58.60107850242402,-34.559039265321445],[-58.60052551970431,-34.55856142834901],[-58.60000297598837,-34.558072992907874],[-58.5990897320814,-34.55880786326511],[-58.59819793982713,-34.559486687936285],[-58.5987324953388,-34.55998818704981],[-58.599275150727046,-34.56044975498901],[-58.60018225754011,-34.5612020404417]]]]}},{"type":"Feature","properties":{"NOMPROV":"BUENOS AIRES","PROV":"06","NOMDEPTO":"GENERAL SAN MARTIN","DEPTO":"371","FRAC":"02","RADIO":"01","TIPO":"U","LINK":"063710201","IDRADIO_9":"063710201","hog_tot":484,"hog_nbi":47,"pob_tot":1650,"pct_nbi":9.710743801652892},"geometry":{"type":"MultiPolygon","coordinates":[[[[-58.58561752708611,-34.51988061958396],[-58.58573909503751,-34.51991619871746],[-58.58583276773033,-34.519710607086935],[-58.58661565977526,-34.51799228002322],[-58.58670666476651,-34.51779253357401],[-58.587336303189815,-34.51636081728281],[-58.58796591928619,-34.51492909779118],[-58.588396486014176,-34.51394997629992],[-58.59009467343558,-34.51008799875942],[-58.59003068188824,-34.50938992205152],[-58.58935514843177,-34.51022852216772],[-58.58739683432878,-34.51172763918213],[-58.58638348258535,-34.51254339588585],[-58.585326472625006,-34.51336452761414],[-58.58450362269457,-34.514027550149486],[-58.58432807758248,-34.514168993443334],[-58.58378981262311,-34.51460269620291],[-58.583312900218125,-34.51497372119394],[-58.58303323409226,-34.515212291801554],[-58.58232351180868,-34.515784119688306],[-58.58305717872843,-34.516399175680434],[-58.58384637623809,-34.51706077098775],[-58.58462835784169,-34.51771630167387],[-58.58394056310981,-34.51825921854904],[-58.58379907801733,-34.51837064493749],[-58.58333984207519,-34.51873231383547],[-58.58325643148624,-34.518878728700095],[-58.58341959018711,-34.51906547396729],[-58.58358849437293,-34.51910340517509],[-58.58357172328561,-34.51914230695964],[-58.58352303711237,-34.51925533110439],[-58.58375945736246,-34.51931559383399],[-58.58385046947124,-34.51933879280452],[-58.584355377868,-34.51950048812583],[-58.58442169489061,-34.519521724799816],[-58.58547628201115,-34.51983822982516],[-58.58561752708611,-34.51988061958396]]]]}},{"type":"Feature","properties":{"NOMPROV":"BUENOS AIRES","PROV":"06","NOMDEPTO":"GENERAL SAN MARTIN","DEPTO":"371","FRAC":"14","RADIO":"08","TIPO":"U","LINK":"063711408","IDRADIO_9":"063711408","hog_tot":222,"hog_nbi":52,"pob_tot":792,"pct_nbi":23.423423423423426},"geometry":{"type":"MultiPolygon","coordinates":[[[[-58.58405990442754,-34.52115495719648],[-58.58340712460391,-34.52161265931571],[-58.58288569243514,-34.521025178141876],[-58.582591529581045,-34.52069375498733],[-58.58187231323954,-34.52124286475441],[-58.58250306557922,-34.5219250255972],[-58.58261372096146,-34.522135380092834],[-58.58294940560515,-34.522740820049016],[-58.58298693433658,-34.522918092310945],[-58.58299560205006,-34.523054968067775],[-58.58305505410583,-34.52321045565574],[-58.58305879687272,-34.523329741108014],[-58.58292530945822,-34.52338542825013],[-58.58301025746836,-34.52376296298828],[-58.58332010071784,-34.52367282947485],[-58.583592082397736,-34.52384579956082],[-58.58366113929194,-34.52388485939483],[-58.58442310293423,-34.522338256480744],[-58.58489969610256,-34.52135399992451],[-58.585547843247724,-34.5200190791916],[-58.58535703278717,-34.51996295814102],[-58.585317642041765,-34.520045062421254],[-58.58524262360573,-34.52013251994151],[-58.584806452368426,-34.520627183280766],[-58.58405990442754,-34.52115495719648]]]]}},{"type":"Feature","properties":{"NOMPROV":"BUENOS AIRES","PROV":"06","NOMDEPTO":"GENERAL SAN MARTIN","DEPTO":"371","FRAC":"14","RADIO":"11","TIPO":"U","LINK":"063711411","IDRADIO_9":"063711411","hog_tot":258,"hog_nbi":17,"pob_tot":805,"pct_nbi":6.589147286821706},"geometry":{"type":"MultiPolygon","coordinates":[[[[-58.58164541020971,-34.525299950580674],[-58.58098278286528,-34.525826204051434],[-58.58029989956615,-34.5252328879946],[-58.58018315133628,-34.52513145152464],[-58.579373528893974,-34.525763821406294],[-58.57853976673177,-34.52641830605121],[-58.577761622694766,-34.52707503965439],[-58.57851549207257,-34.527736753394116],[-58.57950906555898,-34.52830534985143],[-58.58016289010192,-34.527568055183835],[-58.580813730629835,-34.52681889813898],[-58.58157931933581,-34.527150552672026],[-58.582074141530995,-34.52641046741756],[-58.58231891872308,-34.52601680359239],[-58.58225171323143,-34.52541479209885],[-58.582306690027295,-34.525208201760925],[-58.582363084033425,-34.52511107750589],[-58.58234905286575,-34.525006765821956],[-58.58226158645882,-34.52480917132164],[-58.58164541020971,-34.525299950580674]]]]}},{"type":"Feature","properties":{"NOMPROV":"BUENOS AIRES","PROV":"06","NOMDEPTO":"GENERAL SAN MARTIN","DEPTO":"371","FRAC":"14","RADIO":"15","TIPO":"U","LINK":"063711415","IDRADIO_9":"063711415","hog_tot":290,"hog_nbi":49,"pob_tot":936,"pct_nbi":16.896551724137932},"geometry":{"type":"MultiPolygon","coordinates":[[[[-58.582074141530995,-34.52641046741756],[-58.58157931933581,-34.527150552672026],[-58.580813730629835,-34.52681889813898],[-58.58016289010192,-34.527568055183835],[-58.57950906555898,-34.52830534985143],[-58.58058144342947,-34.52872964360076],[-58.580164007386436,-34.5293853900186],[-58.579688214184856,-34.53008338395517],[-58.57921294481551,-34.53091970181019],[-58.57800865160434,-34.53140542242684],[-58.577081173401126,-34.53185260811349],[-58.575911747067856,-34.53243020932114],[-58.5762401635217,-34.533059498397805],[-58.57669232201922,-34.53382879215334],[-58.57675307462434,-34.533940217922314],[-58.57687146868912,-34.53415736450438],[-58.57696568885185,-34.53434284235228],[-58.5788070216838,-34.53284532914977],[-58.57989699557095,-34.53195521433082],[-58.580425311347064,-34.53152598491197],[-58.58076491837369,-34.5312464136587],[-58.58151780571918,-34.53064138885431],[-58.582250900292465,-34.530065474780955],[-58.58250172451321,-34.52986333590388],[-58.58274801997706,-34.52967039271945],[-58.582602416793144,-34.52952086357861],[-58.58261904424147,-34.52938989066382],[-58.582511493886685,-34.529313061031836],[-58.58226589230278,-34.52913761227923],[-58.58200848613371,-34.528953729904195],[-58.58184881090491,-34.52883966248441],[-58.58205450289834,-34.528466651629095],[-58.582386724730895,-34.527795315364564],[-58.58295649886091,-34.52659474386378],[-58.58347283530019,-34.525433475824414],[-58.58446574329194,-34.523200273094155],[-58.584544125370705,-34.52302397340882],[-58.58553530463697,-34.5204346824147],[-58.58570580219544,-34.51998926915062],[-58.58573909503751,-34.51991619871746],[-58.58561752708611,-34.51988061958396],[-58.585602431962464,-34.51991061223422],[-58.585547843247724,-34.5200190791916],[-58.58489969610256,-34.52135399992451],[-58.58442310293423,-34.522338256480744],[-58.58366113929194,-34.52388485939483],[-58.58331274590531,-34.52443824938119],[-58.58231891872308,-34.52601680359239],[-58.582074141530995,-34.52641046741756]]]]}},{"type":"Feature","properties":{"NOMPROV":"BUENOS AIRES","PROV":"06","NOMDEPTO":"GENERAL SAN MARTIN","DEPTO":"371","FRAC":"07","RADIO":"01","TIPO":"U","LINK":"063710701","IDRADIO_9":"063710701","hog_tot":315,"hog_nbi":20,"pob_tot":904,"pct_nbi":6.34920634920635},"geometry":{"type":"MultiPolygon","coordinates":[[[[-58.526644275029064,-34.54501118700812],[-58.52702482788824,-34.545669251429295],[-58.52747323242147,-34.54642312300599],[-58.52768616025476,-34.54678392381655],[-58.52777056121415,-34.546935459740304],[-58.52804986396893,-34.547433442646],[-58.52834754496432,-34.547926108611854],[-58.5286211704041,-34.54780665552516],[-58.528797490521576,-34.54769160583012],[-58.52939369598348,-34.547239104873434],[-58.53010771517823,-34.54671014242194],[-58.53049064426577,-34.546384960484424],[-58.53022810839009,-34.54616131508005],[-58.530149002597405,-34.5461149971433],[-58.52973458244339,-34.545819090029006],[-58.529653931294185,-34.54575953225159],[-58.53018604095503,-34.54523414753982],[-58.52990452082709,-34.54501755035418],[-58.52935170519124,-34.54462934254467],[-58.52882028082116,-34.54515910973332],[-58.52874159222604,-34.54521624227578],[-58.52803094634679,-34.54468215565538],[-58.527389743216055,-34.54418913500357],[-58.52695789339509,-34.54466989288183],[-58.526644275029064,-34.54501118700812]]]]}},{"type":"Feature","properties":{"NOMPROV":"BUENOS AIRES","PROV":"06","NOMDEPTO":"GENERAL SAN MARTIN","DEPTO":"371","FRAC":"07","RADIO":"03","TIPO":"U","LINK":"063710703","IDRADIO_9":"063710703","hog_tot":253,"hog_nbi":21,"pob_tot":715,"pct_nbi":8.300395256916996},"geometry":{"type":"MultiPolygon","coordinates":[[[[-58.53010771517823,-34.54671014242194],[-58.52939369598348,-34.547239104873434],[-58.528797490521576,-34.54769160583012],[-58.5286211704041,-34.54780665552516],[-58.52834754496432,-34.547926108611854],[-58.52861892985808,-34.54842399478093],[-58.528778282504284,-34.54869899805142],[-58.529016377289125,-34.54912445759183],[-58.52960742971232,-34.55009437695624],[-58.530899197319236,-34.54959170710618],[-58.53227831838422,-34.5490505199154],[-58.53316968193741,-34.54870865453988],[-58.53362500875946,-34.54853617584498],[-58.533871622434106,-34.54843766990287],[-58.53343476798535,-34.54811796078816],[-58.53272952396865,-34.54759380861065],[-58.531828875690024,-34.546944671149774],[-58.531480313749455,-34.54722227413022],[-58.530961965436525,-34.5467807210773],[-58.53049064426577,-34.546384960484424],[-58.53010771517823,-34.54671014242194]]]]}},{"type":"Feature","properties":{"NOMPROV":"BUENOS AIRES","PROV":"06","NOMDEPTO":"GENERAL SAN MARTIN","DEPTO":"371","FRAC":"37","RADIO":"10","TIPO":"U","LINK":"063713710","IDRADIO_9":"063713710","hog_tot":315,"hog_nbi":17,"pob_tot":977,"pct_nbi":5.396825396825398},"geometry":{"type":"MultiPolygon","coordinates":[[[[-58.59628867112005,-34.55031368614598],[-58.59704241843791,-34.55098812783621],[-58.59743230700107,-34.550675450682164],[-58.59758391106485,-34.550553869262856],[-58.5977564435239,-34.55041550238309],[-58.598138047160255,-34.55010946262436],[-58.59834905048268,-34.549940239850216],[-58.597650259857986,-34.54928914700801],[-58.59705255010429,-34.54877220835668],[-58.59649824066255,-34.54825135005571],[-58.59590166104697,-34.54773666864024],[-58.59456404029576,-34.548766957331914],[-58.5951065177224,-34.549284776736904],[-58.595713569779846,-34.54979304404845],[-58.59628867112005,-34.55031368614598]]]]}},{"type":"Feature","properties":{"NOMPROV":"BUENOS AIRES","PROV":"06","NOMDEPTO":"GENERAL SAN MARTIN","DEPTO":"371","FRAC":"53","RADIO":"07","TIPO":"U","LINK":"063715307","IDRADIO_9":"063715307","hog_tot":234,"hog_nbi":4,"pob_tot":578,"pct_nbi":1.70940170940171},"geometry":{"type":"MultiPolygon","coordinates":[[[[-58.59723328895322,-34.56263741179197],[-58.59596410120085,-34.562635781336155],[-58.594746099944196,-34.56261852340659],[-58.5945226920216,-34.562625673997154],[-58.593461245507015,-34.562616687445015],[-58.59219592108844,-34.56261830356329],[-58.592201757121394,-34.56295096743033],[-58.592231054498306,-34.56379857299175],[-58.59223364742599,-34.563866404279324],[-58.59260827712032,-34.56488182069089],[-58.593013456096976,-34.56586266976577],[-58.59331595484073,-34.56666766324706],[-58.59333795824608,-34.5666505829746],[-58.594607888691826,-34.56564668822572],[-58.59522627458231,-34.56515806513127],[-58.59584465323088,-34.56466943959014],[-58.596040010273214,-34.564515123125],[-58.596451979660515,-34.564189696301824],[-58.59686011244016,-34.563892437114504],[-58.59709742645531,-34.563710388019],[-58.59716362000128,-34.56366157450531],[-58.5979205635733,-34.563030314304456],[-58.598124890109915,-34.5628659112228],[-58.59814255062037,-34.56285429193245],[-58.59818548445151,-34.56282604633741],[-58.598242657039854,-34.56277491399016],[-58.598385843689364,-34.56264685653551],[-58.59723328895322,-34.56263741179197]]]]}},{"type":"Feature","properties":{"NOMPROV":"BUENOS AIRES","PROV":"06","NOMDEPTO":"GENERAL SAN MARTIN","DEPTO":"371","FRAC":"26","RADIO":"08","TIPO":"U","LINK":"063712608","IDRADIO_9":"063712608","hog_tot":295,"hog_nbi":9,"pob_tot":718,"pct_nbi":3.050847457627119},"geometry":{"type":"MultiPolygon","coordinates":[[[[-58.541469022858394,-34.59309095120807],[-58.54058464809054,-34.593801445255316],[-58.54012363880866,-34.59336328811434],[-58.53974854808922,-34.59299826382572],[-58.53969964376093,-34.59294246518436],[-58.539197858138145,-34.59332516703749],[-58.53867905845912,-34.5937097838094],[-58.53822882294893,-34.594204936123134],[-58.537869506700225,-34.59464551773912],[-58.53828043673236,-34.594906873402195],[-58.538527678803064,-34.5950597008704],[-58.54217300426882,-34.59449989093671],[-58.544308624445996,-34.59418302295578],[-58.544132591952156,-34.59402279334691],[-58.543823151957135,-34.593722967233646],[-58.54308304885731,-34.593038128076145],[-58.54234264410337,-34.59237130769991],[-58.54227631748175,-34.59242459563472],[-58.54188909665058,-34.59275346328451],[-58.541469022858394,-34.59309095120807]]]]}},{"type":"Feature","properties":{"NOMPROV":"BUENOS AIRES","PROV":"06","NOMDEPTO":"GENERAL SAN MARTIN","DEPTO":"371","FRAC":"34","RADIO":"10","TIPO":"U","LINK":"063713410","IDRADIO_9":"063713410","hog_tot":170,"hog_nbi":5,"pob_tot":426,"pct_nbi":2.941176470588235},"geometry":{"type":"MultiPolygon","coordinates":[[[[-58.564076555632326,-34.56508400219213],[-58.565087808156285,-34.565867824331],[-58.565840202504944,-34.565701655804766],[-58.566093180640756,-34.56564639031497],[-58.56645172860995,-34.56556639739584],[-58.567543335412594,-34.565322148750816],[-58.56859491301775,-34.56508639551385],[-58.567751464571835,-34.56427090414012],[-58.567118336207606,-34.56370463893224],[-58.56647370449311,-34.56317428927434],[-58.56573364268529,-34.56376048226292],[-58.565247832793695,-34.564133337279756],[-58.564662274972854,-34.56460416542039],[-58.564076555632326,-34.56508400219213]]]]}},{"type":"Feature","properties":{"NOMPROV":"BUENOS AIRES","PROV":"06","NOMDEPTO":"GENERAL SAN MARTIN","DEPTO":"371","FRAC":"37","RADIO":"09","TIPO":"U","LINK":"063713709","IDRADIO_9":"063713709","hog_tot":409,"hog_nbi":46,"pob_tot":1218,"pct_nbi":11.246943765281173},"geometry":{"type":"MultiPolygon","coordinates":[[[[-58.597650259857986,-34.54928914700801],[-58.59834905048268,-34.549940239850216],[-58.59927057819243,-34.54921857269775],[-58.599658247964975,-34.54890468821041],[-58.59955378301597,-34.54881027912204],[-58.5992321104614,-34.54851957336522],[-58.59912168748835,-34.548419779368025],[-58.59895794600437,-34.548270332546885],[-58.598627683885105,-34.54798143030843],[-58.598360049518625,-34.547747311226246],[-58.59826953222368,-34.54766849416617],[-58.59816834939079,-34.54757700322506],[-58.597791720059384,-34.547231683325236],[-58.59718150555653,-34.546685242809],[-58.59590166104697,-34.54773666864024],[-58.59649824066255,-34.54825135005571],[-58.59705255010429,-34.54877220835668],[-58.597650259857986,-34.54928914700801]]]]}},{"type":"Feature","properties":{"NOMPROV":"BUENOS AIRES","PROV":"06","NOMDEPTO":"GENERAL SAN MARTIN","DEPTO":"371","FRAC":"01","RADIO":"04","TIPO":"U","LINK":"063710104","IDRADIO_9":"063710104","hog_tot":337,"hog_nbi":21,"pob_tot":1028,"pct_nbi":6.231454005934718},"geometry":{"type":"MultiPolygon","coordinates":[[[[-58.58126518491925,-34.51012407561346],[-58.58208293376745,-34.5107291092077],[-58.58279884858459,-34.510134052619414],[-58.583540796974255,-34.50953213948035],[-58.58280463177944,-34.50894169788581],[-58.58174615548235,-34.508126926353505],[-58.58053497969348,-34.50719255327279],[-58.57963293150246,-34.50797620928623],[-58.57916743430624,-34.508380601584335],[-58.58024033485536,-34.50931535938704],[-58.58126518491925,-34.51012407561346]]]]}},{"type":"Feature","properties":{"NOMPROV":"BUENOS AIRES","PROV":"06","NOMDEPTO":"GENERAL SAN MARTIN","DEPTO":"371","FRAC":"11","RADIO":"06","TIPO":"U","LINK":"063711106","IDRADIO_9":"063711106","hog_tot":312,"hog_nbi":2,"pob_tot":607,"pct_nbi":0.641025641025641},"geometry":{"type":"MultiPolygon","coordinates":[[[[-58.55832929532064,-34.54912734055026],[-58.55815180174098,-34.54883914577403],[-58.55688353673995,-34.54983079304233],[-58.55645181242806,-34.549504454869535],[-58.55621010125982,-34.5493078076787],[-58.554961139256804,-34.5503476036313],[-58.55364695184372,-34.55137760087992],[-58.55363590416439,-34.55138648345347],[-58.55238703517913,-34.55241723952417],[-58.55317074865166,-34.55308451269162],[-58.55328102477,-34.55317393347854],[-58.55339635803033,-34.553267454832735],[-58.554684583576204,-34.55225761961951],[-58.55551674115748,-34.55160704875445],[-58.5564668167133,-34.5508431303064],[-58.55743897022165,-34.550061438082835],[-58.558420956532274,-34.549263706246265],[-58.55832929532064,-34.54912734055026]]]]}},{"type":"Feature","properties":{"NOMPROV":"BUENOS AIRES","PROV":"06","NOMDEPTO":"GENERAL SAN MARTIN","DEPTO":"371","FRAC":"04","RADIO":"04","TIPO":"U","LINK":"063710404","IDRADIO_9":"063710404","hog_tot":248,"hog_nbi":12,"pob_tot":689,"pct_nbi":4.838709677419356},"geometry":{"type":"MultiPolygon","coordinates":[[[[-58.55171782921275,-34.5369692521463],[-58.552404790724744,-34.53755426078705],[-58.55308087294939,-34.538139136709844],[-58.55376816646258,-34.53870611388707],[-58.55504978912237,-34.53765769921496],[-58.55633091286726,-34.536636305061805],[-58.555654663350985,-34.536060458383915],[-58.55437369649244,-34.537072833904205],[-58.553686567662226,-34.536496847680695],[-58.553021228758354,-34.535921116792],[-58.55171782921275,-34.5369692521463]]]]}},{"type":"Feature","properties":{"NOMPROV":"BUENOS AIRES","PROV":"06","NOMDEPTO":"GENERAL SAN MARTIN","DEPTO":"371","FRAC":"26","RADIO":"07","TIPO":"U","LINK":"063712607","IDRADIO_9":"063712607","hog_tot":289,"hog_nbi":8,"pob_tot":717,"pct_nbi":2.768166089965398},"geometry":{"type":"MultiPolygon","coordinates":[[[[-58.537279659776004,-34.59426500226341],[-58.537869506700225,-34.59464551773912],[-58.53822882294893,-34.594204936123134],[-58.53867905845912,-34.5937097838094],[-58.539197858138145,-34.59332516703749],[-58.53969964376093,-34.59294246518436],[-58.53864574006449,-34.59225586864963],[-58.53781409499807,-34.59167633082572],[-58.53743919874994,-34.59144280273675],[-58.536491572032496,-34.5915807203047],[-58.535405451193036,-34.59169464642422],[-58.53497786738989,-34.59173874411144],[-58.53349383637715,-34.591944800927216],[-58.53437193058332,-34.59243676230883],[-58.53524260434287,-34.59297576567253],[-58.536112450550704,-34.59353642387331],[-58.53701091182544,-34.59409485299514],[-58.537279659776004,-34.59426500226341]]]]}},{"type":"Feature","properties":{"NOMPROV":"BUENOS AIRES","PROV":"06","NOMDEPTO":"GENERAL SAN MARTIN","DEPTO":"371","FRAC":"05","RADIO":"02","TIPO":"U","LINK":"063710502","IDRADIO_9":"063710502","hog_tot":193,"hog_nbi":5,"pob_tot":506,"pct_nbi":2.590673575129534},"geometry":{"type":"MultiPolygon","coordinates":[[[[-58.547185706945676,-34.53950454809951],[-58.547883979166734,-34.540096453079215],[-58.54915464885403,-34.53905698502562],[-58.550447223109074,-34.53800874882661],[-58.549813938850576,-34.53746943519337],[-58.54911610688039,-34.53688428303688],[-58.54779201532679,-34.53790505668385],[-58.54649389220058,-34.53895528130622],[-58.547185706945676,-34.53950454809951]]]]}},{"type":"Feature","properties":{"NOMPROV":"BUENOS AIRES","PROV":"06","NOMDEPTO":"GENERAL SAN MARTIN","DEPTO":"371","FRAC":"19","RADIO":"02","TIPO":"U","LINK":"063711902","IDRADIO_9":"063711902","hog_tot":337,"hog_nbi":3,"pob_tot":654,"pct_nbi":0.890207715133531},"geometry":{"type":"MultiPolygon","coordinates":[[[[-58.554684583576204,-34.55225761961951],[-58.5556634632651,-34.55310440226851],[-58.55665320097148,-34.55392793457729],[-58.55764095741541,-34.554768847817215],[-58.55827051752831,-34.55427153157412],[-58.5573599376878,-34.553377455535255],[-58.55643832969446,-34.552492255892794],[-58.55551674115748,-34.55160704875445],[-58.554684583576204,-34.55225761961951]]]]}},{"type":"Feature","properties":{"NOMPROV":"BUENOS AIRES","PROV":"06","NOMDEPTO":"GENERAL SAN MARTIN","DEPTO":"371","FRAC":"21","RADIO":"03","TIPO":"U","LINK":"063712103","IDRADIO_9":"063712103","hog_tot":389,"hog_nbi":1,"pob_tot":992,"pct_nbi":0.25706940874036},"geometry":{"type":"MultiPolygon","coordinates":[[[[-58.54512220452551,-34.55983905960931],[-58.54408620738331,-34.56064079554576],[-58.54301229941841,-34.561499402469614],[-58.544011208440146,-34.562322530714134],[-58.545009980202785,-34.56315466183708],[-58.546091751847385,-34.56230820653029],[-58.54707616117233,-34.561502777855104],[-58.547109310363005,-34.56147613210914],[-58.5481039306661,-34.56066774543622],[-58.5471378343166,-34.55983602824447],[-58.546150128684395,-34.55899503182444],[-58.54512220452551,-34.55983905960931]]]]}},{"type":"Feature","properties":{"NOMPROV":"BUENOS AIRES","PROV":"06","NOMDEPTO":"GENERAL SAN MARTIN","DEPTO":"371","FRAC":"40","RADIO":"02","TIPO":"U","LINK":"063714002","IDRADIO_9":"063714002","hog_tot":356,"hog_nbi":21,"pob_tot":1192,"pct_nbi":5.898876404494382},"geometry":{"type":"MultiPolygon","coordinates":[[[[-58.52460284035484,-34.55044134326678],[-58.52429419567341,-34.55088837495683],[-58.523630808814545,-34.55190036692983],[-58.52403287522538,-34.55210355125456],[-58.52425430416497,-34.55221946665888],[-58.52449012892347,-34.552342917836874],[-58.524582895807896,-34.55239147943997],[-58.52471389166542,-34.552458518118705],[-58.52494894672619,-34.55257880802837],[-58.5251984612094,-34.552706497343465],[-58.52582609061094,-34.553006040315914],[-58.526210992769926,-34.552546526215274],[-58.52695310178767,-34.55162897070889],[-58.526313997609776,-34.551322492599574],[-58.52578101429455,-34.55104595007873],[-58.525686978740744,-34.55099715774339],[-58.52460355656962,-34.55044032799763],[-58.52460284035484,-34.55044134326678]]]]}},{"type":"Feature","properties":{"NOMPROV":"BUENOS AIRES","PROV":"06","NOMDEPTO":"GENERAL SAN MARTIN","DEPTO":"371","FRAC":"39","RADIO":"04","TIPO":"U","LINK":"063713904","IDRADIO_9":"063713904","hog_tot":236,"hog_nbi":7,"pob_tot":621,"pct_nbi":2.966101694915254},"geometry":{"type":"MultiPolygon","coordinates":[[[[-58.56005084431258,-34.532506989615925],[-58.56069366349001,-34.533073751729596],[-58.561378248943264,-34.53258573046999],[-58.56168764411193,-34.5323279845488],[-58.56173207221732,-34.53229463331126],[-58.56201865980183,-34.53207950592744],[-58.56246088916078,-34.53169713310955],[-58.561741079536816,-34.53112080687033],[-58.56104305682178,-34.53054473320737],[-58.56036635736486,-34.52999594754156],[-58.559626418170645,-34.53059949376665],[-58.55870941097547,-34.53134645130373],[-58.55933428293995,-34.53188880284004],[-58.56005084431258,-34.532506989615925]]]]}},{"type":"Feature","properties":{"NOMPROV":"BUENOS AIRES","PROV":"06","NOMDEPTO":"GENERAL SAN MARTIN","DEPTO":"371","FRAC":"44","RADIO":"07","TIPO":"U","LINK":"063714407","IDRADIO_9":"063714407","hog_tot":418,"hog_nbi":6,"pob_tot":1038,"pct_nbi":1.435406698564593},"geometry":{"type":"MultiPolygon","coordinates":[[[[-58.5647878995816,-34.53953018605289],[-58.5634956302613,-34.5405695651834],[-58.56221421929258,-34.54160905881096],[-58.563072909049886,-34.54234925914627],[-58.56394250466268,-34.54308958273465],[-58.56471581849221,-34.543747995761414],[-58.564771493689456,-34.54391865197039],[-58.56483968234354,-34.54412766795505],[-58.565756143623084,-34.54340834638068],[-58.566308716017566,-34.54294613557919],[-58.566629180018225,-34.54267949432542],[-58.56755665501545,-34.54195127445799],[-58.56852875475537,-34.541160475939904],[-58.568854574011006,-34.540898397222634],[-58.56869220751709,-34.5407582510906],[-58.56855466059676,-34.540639525192574],[-58.56776853668354,-34.539953190954506],[-58.566927940551146,-34.53923083801071],[-58.56606909107276,-34.538499675148536],[-58.5647878995816,-34.53953018605289]]]]}},{"type":"Feature","properties":{"NOMPROV":"BUENOS AIRES","PROV":"06","NOMDEPTO":"GENERAL SAN MARTIN","DEPTO":"371","FRAC":"45","RADIO":"04","TIPO":"U","LINK":"063714504","IDRADIO_9":"063714504","hog_tot":474,"hog_nbi":63,"pob_tot":1533,"pct_nbi":13.291139240506327},"geometry":{"type":"MultiPolygon","coordinates":[[[[-58.5909922822587,-34.53840225663189],[-58.59007137779507,-34.53910369708276],[-58.58934759998014,-34.539690225758044],[-58.5901419348909,-34.540384427461746],[-58.59094292876541,-34.54104539503077],[-58.591621364842716,-34.54050065075467],[-58.59230758262063,-34.5400067384815],[-58.59265929536173,-34.54031432211214],[-58.59330044466348,-34.540852500843215],[-58.593861704828825,-34.541355731913086],[-58.595189787459006,-34.54035645603159],[-58.59462875759848,-34.53984979586287],[-58.59395818386474,-34.53924487250437],[-58.593596617435814,-34.5389364435568],[-58.59347347657308,-34.53903597401735],[-58.5926639331519,-34.538385661230365],[-58.59188217074373,-34.537691507128955],[-58.5909922822587,-34.53840225663189]]]]}},{"type":"Feature","properties":{"NOMPROV":"BUENOS AIRES","PROV":"06","NOMDEPTO":"GENERAL SAN MARTIN","DEPTO":"371","FRAC":"52","RADIO":"05","TIPO":"U","LINK":"063715205","IDRADIO_9":"063715205","hog_tot":250,"hog_nbi":12,"pob_tot":706,"pct_nbi":4.8},"geometry":{"type":"MultiPolygon","coordinates":[[[[-58.571548620001714,-34.578601716144384],[-58.57264241750832,-34.579541869502435],[-58.57345037455994,-34.57891239207324],[-58.57427891690259,-34.578255080760165],[-58.573172411662455,-34.577322777416626],[-58.57205565257389,-34.57635429040711],[-58.571238163122565,-34.57700270277505],[-58.570464549359336,-34.57763359740414],[-58.571548620001714,-34.578601716144384]]]]}},{"type":"Feature","properties":{"NOMPROV":"BUENOS AIRES","PROV":"06","NOMDEPTO":"GENERAL SAN MARTIN","DEPTO":"371","FRAC":"34","RADIO":"12","TIPO":"U","LINK":"063713412","IDRADIO_9":"063713412","hog_tot":130,"hog_nbi":8,"pob_tot":425,"pct_nbi":6.153846153846154},"geometry":{"type":"MultiPolygon","coordinates":[[[[-58.568733125294564,-34.561613927688676],[-58.56922819776634,-34.56204779082112],[-58.570299430902445,-34.56115947404566],[-58.57092940437545,-34.56066776602154],[-58.570295725190974,-34.56012975164971],[-58.569983373630116,-34.56038177442371],[-58.569810281520226,-34.56052094706716],[-58.569671654093355,-34.56063240758199],[-58.56950800886332,-34.56075945017585],[-58.569173979082926,-34.56101876371397],[-58.568793148514075,-34.5613144061824],[-58.56858008582573,-34.56147980804323],[-58.568733125294564,-34.561613927688676]]]]}},{"type":"Feature","properties":{"NOMPROV":"BUENOS AIRES","PROV":"06","NOMDEPTO":"GENERAL SAN MARTIN","DEPTO":"371","FRAC":"01","RADIO":"12","TIPO":"U","LINK":"063710112","IDRADIO_9":"063710112","hog_tot":245,"hog_nbi":58,"pob_tot":832,"pct_nbi":23.6734693877551},"geometry":{"type":"MultiPolygon","coordinates":[[[[-58.58720203029122,-34.509535412753515],[-58.58780871473148,-34.50880494782478],[-58.58780973501777,-34.50880371935301],[-58.58812069201517,-34.508432858634144],[-58.58825386023785,-34.5082871006923],[-58.588279617481824,-34.508258907374874],[-58.58854477704838,-34.507982656282245],[-58.58849107936215,-34.50794802394306],[-58.58848197231865,-34.507942150014344],[-58.58812971003148,-34.50771836747091],[-58.58769721029332,-34.507436005395164],[-58.587751288228795,-34.507304271683736],[-58.58737999672543,-34.507028105436476],[-58.586899370995646,-34.50673753689161],[-58.58651708289317,-34.507081265780506],[-58.586325175352,-34.50725381451221],[-58.5861111214836,-34.50744627445245],[-58.585624528065644,-34.50780299480148],[-58.58527753084082,-34.508057374716124],[-58.58602082748773,-34.50866269165499],[-58.58686340483715,-34.5092864868063],[-58.58720203029122,-34.509535412753515]]]]}},{"type":"Feature","properties":{"NOMPROV":"BUENOS AIRES","PROV":"06","NOMDEPTO":"GENERAL SAN MARTIN","DEPTO":"371","FRAC":"01","RADIO":"05","TIPO":"U","LINK":"063710105","IDRADIO_9":"063710105","hog_tot":193,"hog_nbi":23,"pob_tot":574,"pct_nbi":11.917098445595855},"geometry":{"type":"MultiPolygon","coordinates":[[[[-58.58280463177944,-34.50894169788581],[-58.583540796974255,-34.50953213948035],[-58.58457622847822,-34.50864242417922],[-58.58527753084082,-34.508057374716124],[-58.58453359742251,-34.50749665682656],[-58.58418862653509,-34.50776662715519],[-58.5837573750773,-34.50810604436961],[-58.583296863338035,-34.50847149432906],[-58.58322430248675,-34.50854080802253],[-58.58280463177944,-34.50894169788581]]]]}},{"type":"Feature","properties":{"NOMPROV":"BUENOS AIRES","PROV":"06","NOMDEPTO":"GENERAL SAN MARTIN","DEPTO":"371","FRAC":"37","RADIO":"13","TIPO":"U","LINK":"063713713","IDRADIO_9":"063713713","hog_tot":220,"hog_nbi":26,"pob_tot":696,"pct_nbi":11.818181818181818},"geometry":{"type":"MultiPolygon","coordinates":[[[[-58.60289666408457,-34.55190722490961],[-58.60255967946469,-34.55216063123765],[-58.602226474356236,-34.55186620390858],[-58.60188229111079,-34.55214416711758],[-58.6017360881732,-34.55226223918639],[-58.601526959480445,-34.552431129606006],[-58.60177926327281,-34.55265911915691],[-58.6017836644431,-34.552663095861774],[-58.60200338410898,-34.55286163949434],[-58.60207769134628,-34.55292878497101],[-58.60216024089553,-34.553003378023966],[-58.60235501674074,-34.553179379192485],[-58.60263495207468,-34.5534270300076],[-58.60271091317101,-34.553494229189965],[-58.60277711900271,-34.55355279978273],[-58.60285292142754,-34.55361985915512],[-58.60326187161746,-34.553981639823235],[-58.60399631903249,-34.55342054067386],[-58.60421414127945,-34.55326103566761],[-58.60429549574408,-34.553201461580265],[-58.60430591057552,-34.553193835323725],[-58.60437191564446,-34.55314550133369],[-58.60490665913163,-34.55275391659045],[-58.60543675722948,-34.552361776096674],[-58.60543541312139,-34.5523605871792],[-58.60468604727052,-34.551697694633305],[-58.60468448679366,-34.55169883053026],[-58.60416067732583,-34.552080292869334],[-58.60382500701254,-34.55181526814118],[-58.603767052392314,-34.551769510582446],[-58.60343179639545,-34.55150480951084],[-58.60324104080655,-34.55164825701479],[-58.6031628429563,-34.55170706163314],[-58.60291854984563,-34.55189076698817],[-58.60289666408457,-34.55190722490961]]]]}},{"type":"Feature","properties":{"NOMPROV":"BUENOS AIRES","PROV":"06","NOMDEPTO":"GENERAL SAN MARTIN","DEPTO":"371","FRAC":"20","RADIO":"07","TIPO":"U","LINK":"063712007","IDRADIO_9":"063712007","hog_tot":439,"hog_nbi":10,"pob_tot":1110,"pct_nbi":2.277904328018223},"geometry":{"type":"MultiPolygon","coordinates":[[[[-58.555780650900616,-34.56004843477442],[-58.55507596837283,-34.560614968785075],[-58.55449398410704,-34.561032125030856],[-58.55377473433735,-34.56157137794795],[-58.55309507647559,-34.56208691991444],[-58.5524434000755,-34.56256362905941],[-58.55194496991729,-34.562927061843986],[-58.55123647948216,-34.563374644721684],[-58.550551143033346,-34.56386995861365],[-58.550139369825025,-34.56391874753977],[-58.55019164667374,-34.56404555673804],[-58.55058923350468,-34.56501991988523],[-58.550938703335056,-34.564923735355784],[-58.551709384290376,-34.564655900416405],[-58.552031371779364,-34.56454033578541],[-58.55245608218686,-34.564308038635396],[-58.552932140504325,-34.564061882166726],[-58.55321732327304,-34.563910893183625],[-58.55411682779749,-34.56339076084197],[-58.5550483835754,-34.56288603555483],[-58.5554761445617,-34.56263759178223],[-58.555788921993795,-34.56342359054518],[-58.55637967393837,-34.564401882387685],[-58.557707653393955,-34.56366516312513],[-58.55909102528545,-34.562916101760365],[-58.55926702685636,-34.562819031315605],[-58.559774329255966,-34.562464480818434],[-58.558566890646745,-34.5617201392317],[-58.55759631856272,-34.56114082657616],[-58.55671970301276,-34.560603407735286],[-58.555780650900616,-34.56004843477442]]]]}},{"type":"Feature","properties":{"NOMPROV":"BUENOS AIRES","PROV":"06","NOMDEPTO":"GENERAL SAN MARTIN","DEPTO":"371","FRAC":"22","RADIO":"01","TIPO":"U","LINK":"063712201","IDRADIO_9":"063712201","hog_tot":432,"hog_nbi":4,"pob_tot":976,"pct_nbi":0.925925925925926},"geometry":{"type":"MultiPolygon","coordinates":[[[[-58.536179064545706,-34.56907002425115],[-58.53623803347925,-34.56912481201463],[-58.536289155359285,-34.56916304353407],[-58.535945229881705,-34.56960122741756],[-58.53514463140474,-34.57062121778487],[-58.53513998706102,-34.57062651420536],[-58.536008368944906,-34.57134836650249],[-58.53675975152058,-34.57199732912588],[-58.53688890436541,-34.572089011703426],[-58.53754129614205,-34.57154701378295],[-58.53792795878465,-34.57124519135133],[-58.53802742672342,-34.57116526217881],[-58.538978045081805,-34.57039248040328],[-58.54007247259063,-34.56949522332685],[-58.5399541352512,-34.569408180189455],[-58.540009471716836,-34.56935926834668],[-58.53927955867102,-34.56872861016758],[-58.538721276157034,-34.56825323003736],[-58.538237994619244,-34.56785085218058],[-58.537787083363355,-34.567466888009434],[-58.53768321927508,-34.56738685909808],[-58.53756131314529,-34.56729292883625],[-58.53748316356079,-34.567400152555955],[-58.53666976538494,-34.56842694436861],[-58.536179064545706,-34.56907002425115]]]]}},{"type":"Feature","properties":{"NOMPROV":"BUENOS AIRES","PROV":"06","NOMDEPTO":"GENERAL SAN MARTIN","DEPTO":"371","FRAC":"34","RADIO":"07","TIPO":"U","LINK":"063713407","IDRADIO_9":"063713407","hog_tot":395,"hog_nbi":9,"pob_tot":1103,"pct_nbi":2.278481012658228},"geometry":{"type":"MultiPolygon","coordinates":[[[[-58.56509948852925,-34.56198639271103],[-58.565786128004376,-34.56260737779256],[-58.56647370449311,-34.56317428927434],[-58.567118336207606,-34.56370463893224],[-58.567751464571835,-34.56427090414012],[-58.56859491301775,-34.56508639551385],[-58.56955032359221,-34.56487513050381],[-58.57101952680586,-34.56454040932688],[-58.572239096568936,-34.564286221511374],[-58.57251036308382,-34.56422249907451],[-58.571828884714705,-34.5636570669723],[-58.57110526687233,-34.56303038880089],[-58.57018903042572,-34.562301394318375],[-58.56981826403277,-34.562582760569725],[-58.56922819776634,-34.56204779082112],[-58.568733125294564,-34.561613927688676],[-58.56858008582573,-34.56147980804323],[-58.568198169822786,-34.561138971024114],[-58.56791932840611,-34.560890119603684],[-58.56771923710423,-34.56071070757219],[-58.56761272145489,-34.560615200151645],[-58.56749264097365,-34.56050752839795],[-58.56742441210969,-34.5604463508908],[-58.56725219977746,-34.560291934284216],[-58.56606049482037,-34.56122252966229],[-58.56509948852925,-34.56198639271103]]]]}},{"type":"Feature","properties":{"NOMPROV":"BUENOS AIRES","PROV":"06","NOMDEPTO":"GENERAL SAN MARTIN","DEPTO":"371","FRAC":"19","RADIO":"09","TIPO":"U","LINK":"063711909","IDRADIO_9":"063711909","hog_tot":380,"hog_nbi":2,"pob_tot":794,"pct_nbi":0.526315789473684},"geometry":{"type":"MultiPolygon","coordinates":[[[[-58.557662275094536,-34.554796140105665],[-58.558284535478684,-34.55535331161371],[-58.558549213128956,-34.55516715449268],[-58.55941516891311,-34.556123789493924],[-58.55991153669401,-34.555769108472745],[-58.56107090200636,-34.554872421522234],[-58.56109377270484,-34.55480959680266],[-58.56033176260154,-34.554142630528226],[-58.559408560594015,-34.55334756792892],[-58.55827051752831,-34.55427153157412],[-58.55764095741541,-34.554768847817215],[-58.557662275094536,-34.554796140105665]]]]}},{"type":"Feature","properties":{"NOMPROV":"BUENOS AIRES","PROV":"06","NOMDEPTO":"GENERAL SAN MARTIN","DEPTO":"371","FRAC":"14","RADIO":"03","TIPO":"U","LINK":"063711403","IDRADIO_9":"063711403","hog_tot":207,"hog_nbi":11,"pob_tot":578,"pct_nbi":5.314009661835748},"geometry":{"type":"MultiPolygon","coordinates":[[[[-58.576980744568985,-34.52640049853536],[-58.577761622694766,-34.52707503965439],[-58.57853976673177,-34.52641830605121],[-58.579373528893974,-34.525763821406294],[-58.57863846643227,-34.52513533938741],[-58.57786248155191,-34.52447562047543],[-58.57703474601338,-34.52375538073851],[-58.576213018776485,-34.524424230431364],[-58.57544941331551,-34.525082711693166],[-58.57620247099056,-34.52574335646952],[-58.576980744568985,-34.52640049853536]]]]}},{"type":"Feature","properties":{"NOMPROV":"BUENOS AIRES","PROV":"06","NOMDEPTO":"GENERAL SAN MARTIN","DEPTO":"371","FRAC":"17","RADIO":"03","TIPO":"U","LINK":"063711703","IDRADIO_9":"063711703","hog_tot":213,"hog_nbi":12,"pob_tot":588,"pct_nbi":5.63380281690141},"geometry":{"type":"MultiPolygon","coordinates":[[[[-58.576124041624794,-34.538739445646414],[-58.576423291134425,-34.53993787855507],[-58.57741325429311,-34.53952337340415],[-58.578628965312866,-34.53896978044449],[-58.57832872066145,-34.538199788604125],[-58.57826052093706,-34.538007939400615],[-58.577970044027026,-34.53715163604307],[-58.577888559949095,-34.53693005764057],[-58.57662395889688,-34.53722987953013],[-58.5756167759849,-34.53744433013512],[-58.576124041624794,-34.538739445646414]]]]}},{"type":"Feature","properties":{"NOMPROV":"BUENOS AIRES","PROV":"06","NOMDEPTO":"GENERAL SAN MARTIN","DEPTO":"371","FRAC":"06","RADIO":"02","TIPO":"U","LINK":"063710602","IDRADIO_9":"063710602","hog_tot":296,"hog_nbi":16,"pob_tot":862,"pct_nbi":5.405405405405406},"geometry":{"type":"MultiPolygon","coordinates":[[[[-58.533476006296496,-34.54331576406933],[-58.53417168923184,-34.54280465817489],[-58.53361861347384,-34.54236859413488],[-58.53313550234602,-34.54196619974825],[-58.532629140985755,-34.54152527817766],[-58.531971210197675,-34.54206853324218],[-58.53149118308745,-34.54255934546],[-58.5310036113161,-34.54303119164248],[-58.530526924584834,-34.54350316678371],[-58.53026095603799,-34.54376135421397],[-58.53023885793595,-34.543779115072844],[-58.53077673493585,-34.54416415296373],[-58.531088763508514,-34.54438423027773],[-58.531593232990566,-34.5438810401318],[-58.5317598217437,-34.54400923191771],[-58.53214113742577,-34.54431576665319],[-58.533476006296496,-34.54331576406933]]]]}},{"type":"Feature","properties":{"NOMPROV":"BUENOS AIRES","PROV":"06","NOMDEPTO":"GENERAL SAN MARTIN","DEPTO":"371","FRAC":"06","RADIO":"12","TIPO":"U","LINK":"063710612","IDRADIO_9":"063710612","hog_tot":350,"hog_nbi":15,"pob_tot":1047,"pct_nbi":4.285714285714286},"geometry":{"type":"MultiPolygon","coordinates":[[[[-58.54118953007217,-34.55010819441383],[-58.54018198024519,-34.55098643642815],[-58.53898556855338,-34.55192897471615],[-58.53810393527154,-34.55132237435154],[-58.5375214304858,-34.55169511289941],[-58.53834501790946,-34.55239412770272],[-58.539189153156805,-34.553095648026556],[-58.54000899175315,-34.553802107943405],[-58.54075589362149,-34.55314635478867],[-58.541769472447854,-34.55231587257297],[-58.54238496124063,-34.55183913167314],[-58.54283841498996,-34.55147462599114],[-58.54384487425659,-34.550612102515935],[-58.54313922933154,-34.54984655507492],[-58.542764470641536,-34.54947253146037],[-58.54242223328901,-34.54910790846974],[-58.54223440804027,-34.54925889357196],[-58.54118953007217,-34.55010819441383]]]]}},{"type":"Feature","properties":{"NOMPROV":"BUENOS AIRES","PROV":"06","NOMDEPTO":"GENERAL SAN MARTIN","DEPTO":"371","FRAC":"12","RADIO":"13","TIPO":"U","LINK":"063711213","IDRADIO_9":"063711213","hog_tot":277,"hog_nbi":6,"pob_tot":725,"pct_nbi":2.166064981949458},"geometry":{"type":"MultiPolygon","coordinates":[[[[-58.55490461047564,-34.5460565292721],[-58.55577416897777,-34.546796909772674],[-58.55708841244844,-34.54575787566897],[-58.55619722630266,-34.545008235157304],[-58.55530574464182,-34.54427661172298],[-58.55443621471344,-34.54353622923876],[-58.55314375799594,-34.544575493352006],[-58.55404627005416,-34.54529824950787],[-58.55490461047564,-34.5460565292721]]]]}},{"type":"Feature","properties":{"NOMPROV":"BUENOS AIRES","PROV":"06","NOMDEPTO":"GENERAL SAN MARTIN","DEPTO":"371","FRAC":"52","RADIO":"02","TIPO":"U","LINK":"063715202","IDRADIO_9":"063715202","hog_tot":385,"hog_nbi":22,"pob_tot":1156,"pct_nbi":5.714285714285714},"geometry":{"type":"MultiPolygon","coordinates":[[[[-58.56802048210944,-34.5739995673206],[-58.5678766878325,-34.57412406837593],[-58.56708113261784,-34.57476369690629],[-58.56818691677422,-34.57573209990927],[-58.56931497888606,-34.5766737147939],[-58.57045380845185,-34.57762445812728],[-58.570464549359336,-34.57763359740414],[-58.571238163122565,-34.57700270277505],[-58.57205565257389,-34.57635429040711],[-58.57093861196891,-34.57540381698499],[-58.56982205876068,-34.57442629886167],[-58.56870506824245,-34.57347580595547],[-58.56802048210944,-34.5739995673206]]]]}},{"type":"Feature","properties":{"NOMPROV":"BUENOS AIRES","PROV":"06","NOMDEPTO":"GENERAL SAN MARTIN","DEPTO":"371","FRAC":"28","RADIO":"06","TIPO":"U","LINK":"063712806","IDRADIO_9":"063712806","hog_tot":215,"hog_nbi":18,"pob_tot":676,"pct_nbi":8.372093023255816},"geometry":{"type":"MultiPolygon","coordinates":[[[[-58.55526478906892,-34.588847541311],[-58.55579326329506,-34.58916926725685],[-58.55655944256003,-34.589610976793196],[-58.55758419190009,-34.590226993586974],[-58.55806022750559,-34.5897999770047],[-58.55891343733997,-34.58898983751865],[-58.557955472348404,-34.58829350035792],[-58.556792830611734,-34.587459534662834],[-58.555907551074604,-34.588233226210306],[-58.55526478906892,-34.588847541311]]]]}},{"type":"Feature","properties":{"NOMPROV":"BUENOS AIRES","PROV":"06","NOMDEPTO":"GENERAL SAN MARTIN","DEPTO":"371","FRAC":"52","RADIO":"07","TIPO":"U","LINK":"063715207","IDRADIO_9":"063715207","hog_tot":469,"hog_nbi":23,"pob_tot":1356,"pct_nbi":4.90405117270789},"geometry":{"type":"MultiPolygon","coordinates":[[[[-58.575395573375694,-34.57923256005535],[-58.57632807210495,-34.58006829583016],[-58.576334862170796,-34.580062946240034],[-58.57660452215243,-34.57985049447422],[-58.57716333081902,-34.57941023203683],[-58.577981394626406,-34.5787657002388],[-58.57878697823484,-34.57813452856533],[-58.57945843435429,-34.577608511369625],[-58.58008316817909,-34.57711908850615],[-58.58046826739719,-34.57681638329965],[-58.57948315958568,-34.57597227509148],[-58.578344399443026,-34.57501260212613],[-58.57752697083864,-34.5756610582968],[-58.576720423516484,-34.57630963656677],[-58.57591386368654,-34.57695820822793],[-58.57509624336859,-34.577615659545],[-58.57427891690259,-34.578255080760165],[-58.575395573375694,-34.57923256005535]]]]}},{"type":"Feature","properties":{"NOMPROV":"BUENOS AIRES","PROV":"06","NOMDEPTO":"GENERAL SAN MARTIN","DEPTO":"371","FRAC":"11","RADIO":"13","TIPO":"U","LINK":"063711113","IDRADIO_9":"063711113","hog_tot":129,"hog_nbi":1,"pob_tot":250,"pct_nbi":0.775193798449612},"geometry":{"type":"MultiPolygon","coordinates":[[[[-58.551918688187875,-34.54989693249864],[-58.55064772573405,-34.55094543676541],[-58.551517294710074,-34.55168584644836],[-58.55279899372671,-34.55064647489539],[-58.551918688187875,-34.54989693249864]]]]}},{"type":"Feature","properties":{"NOMPROV":"BUENOS AIRES","PROV":"06","NOMDEPTO":"GENERAL SAN MARTIN","DEPTO":"371","FRAC":"18","RADIO":"08","TIPO":"U","LINK":"063711808","IDRADIO_9":"063711808","hog_tot":255,"hog_nbi":10,"pob_tot":723,"pct_nbi":3.92156862745098},"geometry":{"type":"MultiPolygon","coordinates":[[[[-58.57319920572796,-34.554068371063146],[-58.57239237852227,-34.554743961443094],[-58.571536191853504,-34.55397744963358],[-58.570569523960884,-34.55480924930289],[-58.571413239062736,-34.55553637351319],[-58.572269705388926,-34.55622653261444],[-58.57322160528099,-34.55546093859621],[-58.57357317419638,-34.55517989924454],[-58.5740492343337,-34.55479010156389],[-58.574782281922225,-34.55420912132808],[-58.575121334297876,-34.55391743407442],[-58.574116687737266,-34.55329989288623],[-58.57319920572796,-34.554068371063146]]]]}},{"type":"Feature","properties":{"NOMPROV":"BUENOS AIRES","PROV":"06","NOMDEPTO":"GENERAL SAN MARTIN","DEPTO":"371","FRAC":"33","RADIO":"04","TIPO":"U","LINK":"063713304","IDRADIO_9":"063713304","hog_tot":323,"hog_nbi":20,"pob_tot":927,"pct_nbi":6.191950464396286},"geometry":{"type":"MultiPolygon","coordinates":[[[[-58.57559192973343,-34.565748825996714],[-58.574774444142164,-34.5664622628606],[-58.57396842913372,-34.56708379052158],[-58.572940521112784,-34.56793706683704],[-58.57224136189878,-34.56867646624839],[-58.572739660929074,-34.569164653933434],[-58.57277749325778,-34.56918803112349],[-58.57337786365696,-34.569762898083496],[-58.57362107625482,-34.56955843097872],[-58.57420646701648,-34.56909657150229],[-58.574438473883156,-34.56890999963246],[-58.57527779951937,-34.5682528041779],[-58.57609501789428,-34.56761337264998],[-58.57693389562529,-34.56690731966849],[-58.57618202452486,-34.56628002526779],[-58.57559192973343,-34.565748825996714]]]]}},{"type":"Feature","properties":{"NOMPROV":"BUENOS AIRES","PROV":"06","NOMDEPTO":"GENERAL SAN MARTIN","DEPTO":"371","FRAC":"18","RADIO":"04","TIPO":"U","LINK":"063711804","IDRADIO_9":"063711804","hog_tot":281,"hog_nbi":8,"pob_tot":739,"pct_nbi":2.846975088967971},"geometry":{"type":"MultiPolygon","coordinates":[[[[-58.56671967565874,-34.55151704778362],[-58.56762202277549,-34.55224907375961],[-58.56849450650503,-34.55300225548131],[-58.56911210217104,-34.553533804411835],[-58.56938069992815,-34.553753275286724],[-58.570341725024,-34.552980362521545],[-58.57113719550736,-34.55233169305879],[-58.57022496179319,-34.5515859602037],[-58.56933787873002,-34.5508340509315],[-58.568498075868106,-34.550156841031445],[-58.568199482356356,-34.55036652547238],[-58.56765482377381,-34.55077105929855],[-58.56671967565874,-34.55151704778362]]]]}},{"type":"Feature","properties":{"NOMPROV":"BUENOS AIRES","PROV":"06","NOMDEPTO":"GENERAL SAN MARTIN","DEPTO":"371","FRAC":"37","RADIO":"03","TIPO":"U","LINK":"063713703","IDRADIO_9":"063713703","hog_tot":215,"hog_nbi":43,"pob_tot":751,"pct_nbi":20},"geometry":{"type":"MultiPolygon","coordinates":[[[[-58.594492738409784,-34.54427868674685],[-58.594839799141,-34.54458679384533],[-58.59606444745901,-34.543648402400486],[-58.597274053706954,-34.5427155083916],[-58.597084381438926,-34.54252771953715],[-58.59701646874078,-34.54246048051662],[-58.59669939817169,-34.54214655355361],[-58.59648832136247,-34.54191279838667],[-58.5967286901063,-34.541730779208685],[-58.59690242527689,-34.541609347176035],[-58.597439817949194,-34.541225485018735],[-58.59735332053131,-34.54106133630016],[-58.596599149167204,-34.54162409773048],[-58.59520399017752,-34.5426255400341],[-58.593881289302765,-34.54356585841867],[-58.59407167784065,-34.54371056669877],[-58.593946562990965,-34.54380381665155],[-58.59421164729611,-34.54402914209891],[-58.594492738409784,-34.54427868674685]]]]}},{"type":"Feature","properties":{"NOMPROV":"BUENOS AIRES","PROV":"06","NOMDEPTO":"GENERAL SAN MARTIN","DEPTO":"371","FRAC":"54","RADIO":"04","TIPO":"U","LINK":"063715404","IDRADIO_9":"063715404","hog_tot":215,"hog_nbi":51,"pob_tot":680,"pct_nbi":23.72093023255814},"geometry":{"type":"MultiPolygon","coordinates":[[[[-58.59555315019837,-34.55480320969488],[-58.59572527514532,-34.554857853193575],[-58.59599203177487,-34.55457722909774],[-58.595993902744254,-34.55457526043093],[-58.596121254381956,-34.55444128790515],[-58.59644549841925,-34.554082999062324],[-58.59579538334606,-34.55390025185084],[-58.595622520206774,-34.55385165886531],[-58.59554633543985,-34.55383024326706],[-58.59529907924159,-34.55376073792153],[-58.59508844872895,-34.55359723064488],[-58.5949286183901,-34.55347315691583],[-58.5948163851461,-34.55340663960351],[-58.59474541034635,-34.553364575816964],[-58.59454984010659,-34.55324866744218],[-58.59434218720271,-34.55309515492567],[-58.59393108417029,-34.55344343683544],[-58.593803523954456,-34.553549812477755],[-58.59368607297975,-34.55364235601932],[-58.59361868041954,-34.553695457038295],[-58.593224262195314,-34.55400623143777],[-58.5931976989373,-34.5540271710839],[-58.59323322108756,-34.55405739085882],[-58.59329165732099,-34.55409622119595],[-58.59335750059862,-34.55412321377391],[-58.5937701131344,-34.55425603711025],[-58.59390121851462,-34.554298240665304],[-58.5942105488378,-34.5543978144339],[-58.594452132652286,-34.55447557976382],[-58.594532356315135,-34.554479763630226],[-58.59455602615016,-34.5544865276864],[-58.594671489157975,-34.554519523285585],[-58.59555315019837,-34.55480320969488]]]]}},{"type":"Feature","properties":{"NOMPROV":"BUENOS AIRES","PROV":"06","NOMDEPTO":"GENERAL SAN MARTIN","DEPTO":"371","FRAC":"30","RADIO":"07","TIPO":"U","LINK":"063713007","IDRADIO_9":"063713007","hog_tot":208,"hog_nbi":13,"pob_tot":576,"pct_nbi":6.25},"geometry":{"type":"MultiPolygon","coordinates":[[[[-58.54981619573655,-34.57423704871373],[-58.55075021155244,-34.575015760263476],[-58.551515246870615,-34.57567957142438],[-58.552417601969765,-34.57642937796408],[-58.552969803844924,-34.5772832101775],[-58.55382818688798,-34.57658831702917],[-58.55443426189232,-34.57608838849958],[-58.555434066100815,-34.575313597009355],[-58.55469259739091,-34.57467258756899],[-58.5535540898469,-34.57372981541962],[-58.55205475372963,-34.57244776712619],[-58.55188424043556,-34.572587867824055],[-58.55084629485853,-34.5734236519481],[-58.55049784615438,-34.57370066980559],[-58.54981619573655,-34.57423704871373]]]]}},{"type":"Feature","properties":{"NOMPROV":"BUENOS AIRES","PROV":"06","NOMDEPTO":"GENERAL SAN MARTIN","DEPTO":"371","FRAC":"14","RADIO":"04","TIPO":"U","LINK":"063711404","IDRADIO_9":"063711404","hog_tot":283,"hog_nbi":32,"pob_tot":961,"pct_nbi":11.307420494699649},"geometry":{"type":"MultiPolygon","coordinates":[[[[-58.57703474601338,-34.52375538073851],[-58.57786248155191,-34.52447562047543],[-58.57868474113838,-34.52382970066662],[-58.57937561624677,-34.523257832551835],[-58.580101671199756,-34.52264908756406],[-58.58029056790511,-34.522486025744605],[-58.57977325524327,-34.52192765354717],[-58.579590483187054,-34.521697924158595],[-58.57773407304434,-34.52300208241611],[-58.57688126977236,-34.52362332776305],[-58.57703474601338,-34.52375538073851]]]]}},{"type":"Feature","properties":{"NOMPROV":"BUENOS AIRES","PROV":"06","NOMDEPTO":"GENERAL SAN MARTIN","DEPTO":"371","FRAC":"04","RADIO":"10","TIPO":"U","LINK":"063710410","IDRADIO_9":"063710410","hog_tot":215,"hog_nbi":7,"pob_tot":599,"pct_nbi":3.255813953488372},"geometry":{"type":"MultiPolygon","coordinates":[[[[-58.55377538761765,-34.531991163226216],[-58.55225598491415,-34.53319697385949],[-58.55176813370004,-34.53276819908208],[-58.55127131422337,-34.53235041249659],[-58.55066654757181,-34.532896210584184],[-58.550029815707965,-34.53344289955184],[-58.55097038743964,-34.53421788603811],[-58.55164979860161,-34.53479649074938],[-58.5529435483357,-34.533762552594204],[-58.554398553935656,-34.532566560187874],[-58.55377538761765,-34.531991163226216]]]]}},{"type":"Feature","properties":{"NOMPROV":"BUENOS AIRES","PROV":"06","NOMDEPTO":"GENERAL SAN MARTIN","DEPTO":"371","FRAC":"54","RADIO":"01","TIPO":"U","LINK":"063715401","IDRADIO_9":"063715401","hog_tot":225,"hog_nbi":22,"pob_tot":733,"pct_nbi":9.777777777777779},"geometry":{"type":"MultiPolygon","coordinates":[[[[-58.59796584212573,-34.55181722640048],[-58.598157108773314,-34.55198579194183],[-58.59829631047317,-34.55211269193765],[-58.59830364016332,-34.552119374001805],[-58.598366942099354,-34.55217708165494],[-58.59848073451744,-34.55228081697],[-58.598495631089904,-34.5522943974198],[-58.59850164101041,-34.55229987633734],[-58.59870661622812,-34.55248673543754],[-58.59886315727101,-34.5523475886034],[-58.59890548445123,-34.55231652074864],[-58.599018495392436,-34.55223357099492],[-58.599125959199434,-34.55215469288448],[-58.59929694568292,-34.552029189168294],[-58.59941180112965,-34.55194488473565],[-58.59966979942584,-34.55214272063691],[-58.59970790656945,-34.55217194156639],[-58.60050913574547,-34.551896059492506],[-58.600525065431306,-34.551890574401234],[-58.60007552475021,-34.551488115298866],[-58.599558675529,-34.55101629126699],[-58.599482206697424,-34.550954515887184],[-58.59944853934694,-34.55092731708539],[-58.599096704279,-34.55060974260349],[-58.59904683586897,-34.55056473091414],[-58.59898728663139,-34.550510979450536],[-58.59891331216444,-34.550444208203956],[-58.598686958390566,-34.5502420424413],[-58.59834905048268,-34.549940239850216],[-58.598138047160255,-34.55010946262436],[-58.5977564435239,-34.55041550238309],[-58.59758391106485,-34.550553869262856],[-58.59743230700107,-34.550675450682164],[-58.59704241843791,-34.55098812783621],[-58.59719614656958,-34.55112778610283],[-58.597336757312796,-34.55125552720123],[-58.597345597001606,-34.55126355796984],[-58.597418404872776,-34.55132970202577],[-58.59762324741883,-34.55151528957922],[-58.59796584212573,-34.55181722640048]]]]}},{"type":"Feature","properties":{"NOMPROV":"BUENOS AIRES","PROV":"06","NOMDEPTO":"GENERAL SAN MARTIN","DEPTO":"371","FRAC":"18","RADIO":"05","TIPO":"U","LINK":"063711805","IDRADIO_9":"063711805","hog_tot":325,"hog_nbi":7,"pob_tot":923,"pct_nbi":2.153846153846154},"geometry":{"type":"MultiPolygon","coordinates":[[[[-58.56942114974845,-34.549481363540835],[-58.568498075868106,-34.550156841031445],[-58.56933787873002,-34.5508340509315],[-58.57022496179319,-34.5515859602037],[-58.57113719550736,-34.55233169305879],[-58.57202085959884,-34.551602347052345],[-58.57289378525755,-34.55090107115271],[-58.57200859684882,-34.55013461751287],[-58.57115444269145,-34.54941152869864],[-58.5704028266883,-34.54877178560402],[-58.569486036234494,-34.549509164369596],[-58.56942114974845,-34.549481363540835]]]]}},{"type":"Feature","properties":{"NOMPROV":"BUENOS AIRES","PROV":"06","NOMDEPTO":"GENERAL SAN MARTIN","DEPTO":"371","FRAC":"42","RADIO":"04","TIPO":"U","LINK":"063714204","IDRADIO_9":"063714204","hog_tot":293,"hog_nbi":14,"pob_tot":683,"pct_nbi":4.778156996587032},"geometry":{"type":"MultiPolygon","coordinates":[[[[-58.52312064285493,-34.57550148001067],[-58.524004768137964,-34.576034952288865],[-58.52447920045601,-34.576320103782784],[-58.52490118002534,-34.57657424341584],[-58.52581631223886,-34.57712042772672],[-58.52645243201743,-34.57750667209156],[-58.52657476575148,-34.577579561419356],[-58.527056373281496,-34.577283917093155],[-58.527752336669415,-34.57675105929018],[-58.527611978558696,-34.576637357336864],[-58.5270213467874,-34.576143507308856],[-58.5262589522455,-34.57550336602431],[-58.52548583279391,-34.57485407799142],[-58.52473515244197,-34.57416900193669],[-58.52392758547633,-34.57485326632348],[-58.523628970041194,-34.57510202906338],[-58.52312064285493,-34.57550148001067]]]]}},{"type":"Feature","properties":{"NOMPROV":"BUENOS AIRES","PROV":"06","NOMDEPTO":"GENERAL SAN MARTIN","DEPTO":"371","FRAC":"16","RADIO":"04","TIPO":"U","LINK":"063711604","IDRADIO_9":"063711604","hog_tot":468,"hog_nbi":72,"pob_tot":1633,"pct_nbi":15.384615384615387},"geometry":{"type":"MultiPolygon","coordinates":[[[[-58.57745047107221,-34.535641279243364],[-58.57768452052918,-34.53632808170448],[-58.57786167373944,-34.53615889095921],[-58.57817100778749,-34.535900740738725],[-58.5783832246818,-34.535730008775225],[-58.57938284977805,-34.53492577850699],[-58.57999899752416,-34.53442019572758],[-58.58049277847274,-34.534020203038835],[-58.5812136235469,-34.53343633162757],[-58.581834569943766,-34.53293323940367],[-58.5813695863358,-34.5321859513782],[-58.58108742242903,-34.53174752567549],[-58.580849358839615,-34.53136953564452],[-58.58076491837369,-34.5312464136587],[-58.580425311347064,-34.53152598491197],[-58.57989699557095,-34.53195521433082],[-58.5788070216838,-34.53284532914977],[-58.57696568885185,-34.53434284235228],[-58.57745047107221,-34.535641279243364]]]]}},{"type":"Feature","properties":{"NOMPROV":"BUENOS AIRES","PROV":"06","NOMDEPTO":"GENERAL SAN MARTIN","DEPTO":"371","FRAC":"35","RADIO":"12","TIPO":"U","LINK":"063713512","IDRADIO_9":"063713512","hog_tot":338,"hog_nbi":19,"pob_tot":1105,"pct_nbi":5.62130177514793},"geometry":{"type":"MultiPolygon","coordinates":[[[[-58.58274022811058,-34.56233284976503],[-58.582990560944566,-34.56256846926529],[-58.58441350815735,-34.56256951768379],[-58.58575398493065,-34.5625815584945],[-58.587526758213635,-34.56257911515347],[-58.58752614247302,-34.56239219418643],[-58.5875489191333,-34.56234562090847],[-58.58758488819012,-34.562290011921135],[-58.58763604895473,-34.5622336133625],[-58.58770008440291,-34.562175431255085],[-58.58779333766555,-34.562115655567766],[-58.58796781565123,-34.56204577883602],[-58.58770645288695,-34.56126074546979],[-58.58756414665921,-34.56082626238609],[-58.58756407311206,-34.56082603709883],[-58.58716286687647,-34.55971835033076],[-58.58686793389179,-34.55898990177187],[-58.58655896198282,-34.55921920450514],[-58.58605963974802,-34.559691009180696],[-58.58525445509703,-34.560331861133804],[-58.58501789717312,-34.56052013588542],[-58.584697737430346,-34.56077494741945],[-58.584468532437285,-34.56095736642273],[-58.58441163938312,-34.56100264661944],[-58.58407238217812,-34.56126772847527],[-58.583786728458094,-34.56149999393424],[-58.58344188581632,-34.561774439978294],[-58.58274022811058,-34.56233284976503]]]]}},{"type":"Feature","properties":{"NOMPROV":"BUENOS AIRES","PROV":"06","NOMDEPTO":"GENERAL SAN MARTIN","DEPTO":"371","FRAC":"31","RADIO":"05","TIPO":"U","LINK":"063713105","IDRADIO_9":"063713105","hog_tot":363,"hog_nbi":17,"pob_tot":984,"pct_nbi":4.683195592286502},"geometry":{"type":"MultiPolygon","coordinates":[[[[-58.56231164607928,-34.58279264339518],[-58.56241920773352,-34.58287503155202],[-58.563310532987764,-34.583642655901045],[-58.56432002629136,-34.584510812044954],[-58.56533495270123,-34.58538847175495],[-58.566061076549786,-34.58481685165265],[-58.56699806059891,-34.58404750867917],[-58.56781919221527,-34.58340753849645],[-58.56675228815293,-34.58249335839238],[-58.56597827946784,-34.583142245164986],[-58.56543033312326,-34.58268513342294],[-58.56492535620905,-34.582264578371024],[-58.564882392779865,-34.58222801933573],[-58.56396958599341,-34.58144212574065],[-58.56302980404101,-34.58222424345121],[-58.56231164607928,-34.58279264339518]]]]}},{"type":"Feature","properties":{"NOMPROV":"BUENOS AIRES","PROV":"06","NOMDEPTO":"GENERAL SAN MARTIN","DEPTO":"371","FRAC":"48","RADIO":"04","TIPO":"U","LINK":"063714804","IDRADIO_9":"063714804","hog_tot":406,"hog_nbi":34,"pob_tot":1062,"pct_nbi":8.374384236453203},"geometry":{"type":"MultiPolygon","coordinates":[[[[-58.56077305190472,-34.5506596252844],[-58.56171258241932,-34.55148596384553],[-58.56136786246737,-34.55177078385486],[-58.562346386017815,-34.55263042047038],[-58.56304198603932,-34.553222554119095],[-58.56401926207639,-34.552418387272816],[-58.56497318880142,-34.55166800515404],[-58.565989129789784,-34.55087492939575],[-58.565283869354126,-34.55027459115627],[-58.56428005126197,-34.549439036519416],[-58.56329228709386,-34.54859817620374],[-58.562352569699,-34.549398325140295],[-58.56140256209123,-34.55016229222284],[-58.56077305190472,-34.5506596252844]]]]}},{"type":"Feature","properties":{"NOMPROV":"BUENOS AIRES","PROV":"06","NOMDEPTO":"GENERAL SAN MARTIN","DEPTO":"371","FRAC":"46","RADIO":"06","TIPO":"U","LINK":"063714606","IDRADIO_9":"063714606","hog_tot":126,"hog_nbi":8,"pob_tot":357,"pct_nbi":6.34920634920635},"geometry":{"type":"MultiPolygon","coordinates":[[[[-58.58257362118599,-34.542770419985224],[-58.58297382860282,-34.543645454346155],[-58.58316360027944,-34.54401721017545],[-58.583378058275144,-34.54421799619545],[-58.58394703230719,-34.54471132598517],[-58.58427961511834,-34.54501262829709],[-58.58517106062612,-34.54576206908661],[-58.585745479436305,-34.54529100977806],[-58.58596650226866,-34.54510428596517],[-58.58668447571883,-34.54451770795113],[-58.58589028363659,-34.543814472175534],[-58.585050404973096,-34.54314751398526],[-58.58462536217512,-34.54324999058201],[-58.58428301626215,-34.5435254395864],[-58.584024842955756,-34.54333316255801],[-58.58393275729045,-34.543130344882094],[-58.583636555602546,-34.54247799855958],[-58.58362577914411,-34.542454221159815],[-58.58257362118599,-34.542770419985224]]]]}},{"type":"Feature","properties":{"NOMPROV":"BUENOS AIRES","PROV":"06","NOMDEPTO":"GENERAL SAN MARTIN","DEPTO":"371","FRAC":"30","RADIO":"02","TIPO":"U","LINK":"063713002","IDRADIO_9":"063713002","hog_tot":420,"hog_nbi":28,"pob_tot":1236,"pct_nbi":6.666666666666668},"geometry":{"type":"MultiPolygon","coordinates":[[[[-58.56378301732956,-34.568848167520336],[-58.56367624678997,-34.56872072263125],[-58.562560442513,-34.56960892988248],[-58.561754463510184,-34.57022136101333],[-58.56096995176918,-34.57085206753086],[-58.560958902192574,-34.570860950695],[-58.560189529278986,-34.57153252709879],[-58.56089599032113,-34.57215358751763],[-58.56159085375601,-34.572761221407866],[-58.56235319383352,-34.57341917161178],[-58.56317055898439,-34.57277982997161],[-58.56396612377741,-34.57214022701214],[-58.56477257079349,-34.57150074571421],[-58.5655237588295,-34.570905677560155],[-58.565150200959344,-34.57045061435789],[-58.56487206213628,-34.57014989996628],[-58.56443454041575,-34.56961296133607],[-58.56428465619816,-34.56945797036943],[-58.56378301732956,-34.568848167520336]]]]}},{"type":"Feature","properties":{"NOMPROV":"BUENOS AIRES","PROV":"06","NOMDEPTO":"GENERAL SAN MARTIN","DEPTO":"371","FRAC":"50","RADIO":"02","TIPO":"U","LINK":"063715002","IDRADIO_9":"063715002","hog_tot":285,"hog_nbi":2,"pob_tot":528,"pct_nbi":0.701754385964912},"geometry":{"type":"MultiPolygon","coordinates":[[[[-58.53659001366722,-34.57359967872522],[-58.53734157947788,-34.57423962575452],[-58.53840291927325,-34.57336902877705],[-58.537640143709794,-34.57274698070692],[-58.53688890436541,-34.572089011703426],[-58.535827724052766,-34.572950584184284],[-58.53659001366722,-34.57359967872522]]]]}}]}